Season,SeasonStartYear,RoundNumber,Date,HomeTeam,AwayTeam,Venue,Played
2018-19,2018,1,2018-08-10 20:00:00,Man United,Leicester,Old Trafford,True
2018-19,2018,1,2018-08-11 12:30:00,Newcastle,Tottenham,St. James' Park,True
2018-19,2018,1,2018-08-11 15:00:00,Bournemouth,Cardiff,Vitality Stadium,True
2018-19,2018,1,2018-08-11 15:00:00,Fulham,Crystal Palace,Craven Cottage,True
2018-19,2018,1,2018-08-11 15:00:00,Huddersfield,Chelsea,John Smith's Stadium,True
2018-19,2018,1,2018-08-11 15:00:00,Watford,Brighton,Vicarage Road,True
2018-19,2018,1,2018-08-11 17:30:00,Wolves,Everton,Molineux Stadium,True
2018-19,2018,1,2018-08-12 13:30:00,Liverpool,West Ham,Anfield,True
2018-19,2018,1,2018-08-12 13:30:00,Southampton,Burnley,St. Mary's Stadium,True
2018-19,2018,1,2018-08-12 16:00:00,Arsenal,Man City,Emirates Stadium,True
2018-19,2018,2,2018-08-18 12:30:00,Cardiff,Newcastle,Cardiff City Stadium,True
2018-19,2018,2,2018-08-18 15:00:00,Everton,Southampton,Goodison Park,True
2018-19,2018,2,2018-08-18 15:00:00,Leicester,Wolves,King Power Stadium,True
2018-19,2018,2,2018-08-18 15:00:00,Tottenham,Fulham,Wembley Stadium,True
2018-19,2018,2,2018-08-18 15:00:00,West Ham,Bournemouth,London Stadium,True
2018-19,2018,2,2018-08-18 17:30:00,Chelsea,Arsenal,Stamford Bridge,True
2018-19,2018,2,2018-08-19 13:30:00,Burnley,Watford,Turf Moor,True
2018-19,2018,2,2018-08-19 13:30:00,Man City,Huddersfield,Etihad Stadium,True
2018-19,2018,2,2018-08-19 16:00:00,Brighton,Man United,Amex Stadium,True
2018-19,2018,2,2018-08-20 20:00:00,Crystal Palace,Liverpool,Selhurst Park,True
2018-19,2018,3,2018-08-25 12:30:00,Wolves,Man City,Molineux Stadium,True
2018-19,2018,3,2018-08-25 15:00:00,Arsenal,West Ham,Emirates Stadium,True
2018-19,2018,3,2018-08-25 15:00:00,Bournemouth,Everton,Vitality Stadium,True
2018-19,2018,3,2018-08-25 15:00:00,Huddersfield,Cardiff,John Smith's Stadium,True
2018-19,2018,3,2018-08-25 15:00:00,Southampton,Leicester,St. Mary's Stadium,True
2018-19,2018,3,2018-08-25 17:30:00,Liverpool,Brighton,Anfield,True
2018-19,2018,3,2018-08-26 13:30:00,Watford,Crystal Palace,Vicarage Road,True
2018-19,2018,3,2018-08-26 16:00:00,Fulham,Burnley,Craven Cottage,True
2018-19,2018,3,2018-08-26 16:00:00,Newcastle,Chelsea,St. James' Park,True
2018-19,2018,3,2018-08-27 20:00:00,Man United,Tottenham,Old Trafford,True
2018-19,2018,4,2018-09-01 12:30:00,Leicester,Liverpool,King Power Stadium,True
2018-19,2018,4,2018-09-01 15:00:00,Brighton,Fulham,Amex Stadium,True
2018-19,2018,4,2018-09-01 15:00:00,Chelsea,Bournemouth,Stamford Bridge,True
2018-19,2018,4,2018-09-01 15:00:00,Crystal Palace,Southampton,Selhurst Park,True
2018-19,2018,4,2018-09-01 15:00:00,Everton,Huddersfield,Goodison Park,True
2018-19,2018,4,2018-09-01 15:00:00,West Ham,Wolves,London Stadium,True
2018-19,2018,4,2018-09-01 17:30:00,Man City,Newcastle,Etihad Stadium,True
2018-19,2018,4,2018-09-02 13:30:00,Cardiff,Arsenal,Cardiff City Stadium,True
2018-19,2018,4,2018-09-02 16:00:00,Burnley,Man United,Turf Moor,True
2018-19,2018,4,2018-09-02 16:00:00,Watford,Tottenham,Vicarage Road,True
2018-19,2018,5,2018-09-15 12:30:00,Tottenham,Liverpool,Wembley Stadium,True
2018-19,2018,5,2018-09-15 15:00:00,Bournemouth,Leicester,Vitality Stadium,True
2018-19,2018,5,2018-09-15 15:00:00,Chelsea,Cardiff,Stamford Bridge,True
2018-19,2018,5,2018-09-15 15:00:00,Huddersfield,Crystal Palace,John Smith's Stadium,True
2018-19,2018,5,2018-09-15 15:00:00,Man City,Fulham,Etihad Stadium,True
2018-19,2018,5,2018-09-15 15:00:00,Newcastle,Arsenal,St. James' Park,True
2018-19,2018,5,2018-09-15 17:30:00,Watford,Man United,Vicarage Road,True
2018-19,2018,5,2018-09-16 13:30:00,Wolves,Burnley,Molineux Stadium,True
2018-19,2018,5,2018-09-16 16:00:00,Everton,West Ham,Goodison Park,True
2018-19,2018,5,2018-09-17 20:00:00,Southampton,Brighton,St. Mary's Stadium,True
2018-19,2018,6,2018-09-22 12:30:00,Fulham,Watford,Craven Cottage,True
2018-19,2018,6,2018-09-22 15:00:00,Burnley,Bournemouth,Turf Moor,True
2018-19,2018,6,2018-09-22 15:00:00,Cardiff,Man City,Cardiff City Stadium,True
2018-19,2018,6,2018-09-22 15:00:00,Crystal Palace,Newcastle,Selhurst Park,True
2018-19,2018,6,2018-09-22 15:00:00,Leicester,Huddersfield,King Power Stadium,True
2018-19,2018,6,2018-09-22 15:00:00,Liverpool,Southampton,Anfield,True
2018-19,2018,6,2018-09-22 15:00:00,Man United,Wolves,Old Trafford,True
2018-19,2018,6,2018-09-22 17:30:00,Brighton,Tottenham,Amex Stadium,True
2018-19,2018,6,2018-09-23 13:30:00,West Ham,Chelsea,London Stadium,True
2018-19,2018,6,2018-09-23 16:00:00,Arsenal,Everton,Emirates Stadium,True
2018-19,2018,7,2018-09-29 12:30:00,West Ham,Man United,London Stadium,True
2018-19,2018,7,2018-09-29 15:00:00,Arsenal,Watford,Emirates Stadium,True
2018-19,2018,7,2018-09-29 15:00:00,Everton,Fulham,Goodison Park,True
2018-19,2018,7,2018-09-29 15:00:00,Huddersfield,Tottenham,John Smith's Stadium,True
2018-19,2018,7,2018-09-29 15:00:00,Man City,Brighton,Etihad Stadium,True
2018-19,2018,7,2018-09-29 15:00:00,Newcastle,Leicester,St. James' Park,True
2018-19,2018,7,2018-09-29 15:00:00,Wolves,Southampton,Molineux Stadium,True
2018-19,2018,7,2018-09-29 17:30:00,Chelsea,Liverpool,Stamford Bridge,True
2018-19,2018,7,2018-09-30 16:00:00,Cardiff,Burnley,Cardiff City Stadium,True
2018-19,2018,7,2018-10-01 20:00:00,Bournemouth,Crystal Palace,Vitality Stadium,True
2018-19,2018,8,2018-10-05 20:00:00,Brighton,West Ham,Amex Stadium,True
2018-19,2018,8,2018-10-06 15:00:00,Burnley,Huddersfield,Turf Moor,True
2018-19,2018,8,2018-10-06 15:00:00,Crystal Palace,Wolves,Selhurst Park,True
2018-19,2018,8,2018-10-06 15:00:00,Leicester,Everton,King Power Stadium,True
2018-19,2018,8,2018-10-06 15:00:00,Tottenham,Cardiff,Wembley Stadium,True
2018-19,2018,8,2018-10-06 15:00:00,Watford,Bournemouth,Vicarage Road,True
2018-19,2018,8,2018-10-06 17:30:00,Man United,Newcastle,Old Trafford,True
2018-19,2018,8,2018-10-07 12:00:00,Fulham,Arsenal,Craven Cottage,True
2018-19,2018,8,2018-10-07 14:15:00,Southampton,Chelsea,St. Mary's Stadium,True
2018-19,2018,8,2018-10-07 16:30:00,Liverpool,Man City,Anfield,True
2018-19,2018,9,2018-10-20 12:30:00,Chelsea,Man United,Stamford Bridge,True
2018-19,2018,9,2018-10-20 15:00:00,Bournemouth,Southampton,Vitality Stadium,True
2018-19,2018,9,2018-10-20 15:00:00,Cardiff,Fulham,Cardiff City Stadium,True
2018-19,2018,9,2018-10-20 15:00:00,Man City,Burnley,Etihad Stadium,True
2018-19,2018,9,2018-10-20 15:00:00,Newcastle,Brighton,St. James' Park,True
2018-19,2018,9,2018-10-20 15:00:00,West Ham,Tottenham,London Stadium,True
2018-19,2018,9,2018-10-20 15:00:00,Wolves,Watford,Molineux Stadium,True
2018-19,2018,9,2018-10-20 17:30:00,Huddersfield,Liverpool,John Smith's Stadium,True
2018-19,2018,9,2018-10-21 16:00:00,Everton,Crystal Palace,Goodison Park,True
2018-19,2018,9,2018-10-22 20:00:00,Arsenal,Leicester,Emirates Stadium,True
2018-19,2018,10,2018-10-27 15:00:00,Brighton,Wolves,Amex Stadium,True
2018-19,2018,10,2018-10-27 15:00:00,Fulham,Bournemouth,Craven Cottage,True
2018-19,2018,10,2018-10-27 15:00:00,Liverpool,Cardiff,Anfield,True
2018-19,2018,10,2018-10-27 15:00:00,Southampton,Newcastle,St. Mary's Stadium,True
2018-19,2018,10,2018-10-27 15:00:00,Watford,Huddersfield,Vicarage Road,True
2018-19,2018,10,2018-10-27 17:30:00,Leicester,West Ham,King Power Stadium,True
2018-19,2018,10,2018-10-28 13:30:00,Burnley,Chelsea,Turf Moor,True
2018-19,2018,10,2018-10-28 13:30:00,Crystal Palace,Arsenal,Selhurst Park,True
2018-19,2018,10,2018-10-28 16:00:00,Man United,Everton,Old Trafford,True
2018-19,2018,10,2018-10-29 20:00:00,Tottenham,Man City,Wembley Stadium,True
2018-19,2018,11,2018-11-03 12:30:00,Bournemouth,Man United,Vitality Stadium,True
2018-19,2018,11,2018-11-03 15:00:00,Cardiff,Leicester,Cardiff City Stadium,True
2018-19,2018,11,2018-11-03 15:00:00,Everton,Brighton,Goodison Park,True
2018-19,2018,11,2018-11-03 15:00:00,Newcastle,Watford,St. James' Park,True
2018-19,2018,11,2018-11-03 15:00:00,West Ham,Burnley,London Stadium,True
2018-19,2018,11,2018-11-03 17:30:00,Arsenal,Liverpool,Emirates Stadium,True
2018-19,2018,11,2018-11-03 19:45:00,Wolves,Tottenham,Molineux Stadium,True
2018-19,2018,11,2018-11-04 15:00:00,Man City,Southampton,Etihad Stadium,True
2018-19,2018,11,2018-11-04 16:00:00,Chelsea,Crystal Palace,Stamford Bridge,True
2018-19,2018,11,2018-11-05 20:00:00,Huddersfield,Fulham,John Smith's Stadium,True
2018-19,2018,12,2018-11-10 12:30:00,Cardiff,Brighton,Cardiff City Stadium,True
2018-19,2018,12,2018-11-10 15:00:00,Huddersfield,West Ham,John Smith's Stadium,True
2018-19,2018,12,2018-11-10 15:00:00,Leicester,Burnley,King Power Stadium,True
2018-19,2018,12,2018-11-10 15:00:00,Newcastle,Bournemouth,St. James' Park,True
2018-19,2018,12,2018-11-10 15:00:00,Southampton,Watford,St. Mary's Stadium,True
2018-19,2018,12,2018-11-10 17:30:00,Crystal Palace,Tottenham,Selhurst Park,True
2018-19,2018,12,2018-11-11 12:00:00,Liverpool,Fulham,Anfield,True
2018-19,2018,12,2018-11-11 14:15:00,Chelsea,Everton,Stamford Bridge,True
2018-19,2018,12,2018-11-11 16:30:00,Arsenal,Wolves,Emirates Stadium,True
2018-19,2018,12,2018-11-11 16:30:00,Man City,Man United,Etihad Stadium,True
2018-19,2018,13,2018-11-24 15:00:00,Brighton,Leicester,Amex Stadium,True
2018-19,2018,13,2018-11-24 15:00:00,Everton,Cardiff,Goodison Park,True
2018-19,2018,13,2018-11-24 15:00:00,Fulham,Southampton,Craven Cottage,True
2018-19,2018,13,2018-11-24 15:00:00,Man United,Crystal Palace,Old Trafford,True
2018-19,2018,13,2018-11-24 15:00:00,Watford,Liverpool,Vicarage Road,True
2018-19,2018,13,2018-11-24 15:00:00,West Ham,Man City,London Stadium,True
2018-19,2018,13,2018-11-24 17:30:00,Tottenham,Chelsea,Tottenham Hotspur Stadium,True
2018-19,2018,13,2018-11-25 13:30:00,Bournemouth,Arsenal,Vitality Stadium,True
2018-19,2018,13,2018-11-25 16:00:00,Wolves,Huddersfield,Molineux Stadium,True
2018-19,2018,13,2018-11-26 20:30:00,Burnley,Newcastle,Turf Moor,True
2018-19,2018,14,2018-11-30 20:00:00,Cardiff,Wolves,Cardiff City Stadium,True
2018-19,2018,14,2018-12-01 15:00:00,Crystal Palace,Burnley,Selhurst Park,True
2018-19,2018,14,2018-12-01 15:00:00,Huddersfield,Brighton,John Smith's Stadium,True
2018-19,2018,14,2018-12-01 15:00:00,Leicester,Watford,King Power Stadium,True
2018-19,2018,14,2018-12-01 15:00:00,Man City,Bournemouth,Etihad Stadium,True
2018-19,2018,14,2018-12-01 15:00:00,Newcastle,West Ham,St. James' Park,True
2018-19,2018,14,2018-12-01 17:30:00,Southampton,Man United,St. Mary's Stadium,True
2018-19,2018,14,2018-12-02 12:00:00,Chelsea,Fulham,Stamford Bridge,True
2018-19,2018,14,2018-12-02 14:05:00,Arsenal,Tottenham,Emirates Stadium,True
2018-19,2018,14,2018-12-02 16:15:00,Liverpool,Everton,Anfield,True
2018-19,2018,15,2018-12-04 19:45:00,Bournemouth,Huddersfield,Vitality Stadium,True
2018-19,2018,15,2018-12-04 19:45:00,Brighton,Crystal Palace,Amex Stadium,True
2018-19,2018,15,2018-12-04 19:45:00,West Ham,Cardiff,London Stadium,True
2018-19,2018,15,2018-12-04 20:00:00,Watford,Man City,Vicarage Road,True
2018-19,2018,15,2018-12-05 19:45:00,Burnley,Liverpool,Turf Moor,True
2018-19,2018,15,2018-12-05 19:45:00,Fulham,Leicester,Craven Cottage,True
2018-19,2018,15,2018-12-05 19:45:00,Wolves,Chelsea,Molineux Stadium,True
2018-19,2018,15,2018-12-05 19:45:00,Everton,Newcastle,Goodison Park,True
2018-19,2018,15,2018-12-05 20:00:00,Man United,Arsenal,Old Trafford,True
2018-19,2018,15,2018-12-05 20:00:00,Tottenham,Southampton,Tottenham Hotspur Stadium,True
2018-19,2018,16,2018-12-08 12:30:00,Bournemouth,Liverpool,Vitality Stadium,True
2018-19,2018,16,2018-12-08 15:00:00,Arsenal,Huddersfield,Emirates Stadium,True
2018-19,2018,16,2018-12-08 15:00:00,Burnley,Brighton,Turf Moor,True
2018-19,2018,16,2018-12-08 15:00:00,Cardiff,Southampton,Cardiff City Stadium,True
2018-19,2018,16,2018-12-08 15:00:00,Man United,Fulham,Old Trafford,True
2018-19,2018,16,2018-12-08 15:00:00,West Ham,Crystal Palace,London Stadium,True
2018-19,2018,16,2018-12-08 17:30:00,Chelsea,Man City,Stamford Bridge,True
2018-19,2018,16,2018-12-08 19:45:00,Leicester,Tottenham,King Power Stadium,True
2018-19,2018,16,2018-12-09 16:00:00,Newcastle,Wolves,St. James' Park,True
2018-19,2018,16,2018-12-10 20:00:00,Everton,Watford,Goodison Park,True
2018-19,2018,17,2018-12-15 12:30:00,Man City,Everton,Etihad Stadium,True
2018-19,2018,17,2018-12-15 15:00:00,Crystal Palace,Leicester,Selhurst Park,True
2018-19,2018,17,2018-12-15 15:00:00,Huddersfield,Newcastle,John Smith's Stadium,True
2018-19,2018,17,2018-12-15 15:00:00,Tottenham,Burnley,Tottenham Hotspur Stadium,True
2018-19,2018,17,2018-12-15 15:00:00,Watford,Cardiff,Vicarage Road,True
2018-19,2018,17,2018-12-15 15:00:00,Wolves,Bournemouth,Molineux Stadium,True
2018-19,2018,17,2018-12-15 17:30:00,Fulham,West Ham,Craven Cottage,True
2018-19,2018,17,2018-12-16 13:30:00,Brighton,Chelsea,Amex Stadium,True
2018-19,2018,17,2018-12-16 13:30:00,Southampton,Arsenal,St. Mary's Stadium,True
2018-19,2018,17,2018-12-16 16:00:00,Liverpool,Man United,Anfield,True
2018-19,2018,18,2018-12-21 20:00:00,Wolves,Liverpool,Molineux Stadium,True
2018-19,2018,18,2018-12-22 12:30:00,Arsenal,Burnley,Emirates Stadium,True
2018-19,2018,18,2018-12-22 15:00:00,Bournemouth,Brighton,Vitality Stadium,True
2018-19,2018,18,2018-12-22 15:00:00,Chelsea,Leicester,Stamford Bridge,True
2018-19,2018,18,2018-12-22 15:00:00,Huddersfield,Southampton,John Smith's Stadium,True
2018-19,2018,18,2018-12-22 15:00:00,Man City,Crystal Palace,Etihad Stadium,True
2018-19,2018,18,2018-12-22 15:00:00,Newcastle,Fulham,St. James' Park,True
2018-19,2018,18,2018-12-22 15:00:00,West Ham,Watford,London Stadium,True
2018-19,2018,18,2018-12-22 17:30:00,Cardiff,Man United,Cardiff City Stadium,True
2018-19,2018,18,2018-12-23 16:00:00,Everton,Tottenham,Goodison Park,True
2018-19,2018,19,2018-12-26 12:30:00,Fulham,Wolves,Craven Cottage,True
2018-19,2018,19,2018-12-26 15:00:00,Burnley,Everton,Turf Moor,True
2018-19,2018,19,2018-12-26 15:00:00,Crystal Palace,Cardiff,Selhurst Park,True
2018-19,2018,19,2018-12-26 15:00:00,Leicester,Man City,King Power Stadium,True
2018-19,2018,19,2018-12-26 15:00:00,Liverpool,Newcastle,Anfield,True
2018-19,2018,19,2018-12-26 15:00:00,Man United,Huddersfield,Old Trafford,True
2018-19,2018,19,2018-12-26 15:00:00,Tottenham,Bournemouth,Tottenham Hotspur Stadium,True
2018-19,2018,19,2018-12-26 17:15:00,Brighton,Arsenal,Amex Stadium,True
2018-19,2018,19,2018-12-26 19:30:00,Watford,Chelsea,Vicarage Road,True
2018-19,2018,19,2018-12-27 19:45:00,Southampton,West Ham,St. Mary's Stadium,True
2018-19,2018,20,2018-12-29 15:00:00,Brighton,Everton,Amex Stadium,True
2018-19,2018,20,2018-12-29 15:00:00,Fulham,Huddersfield,Craven Cottage,True
2018-19,2018,20,2018-12-29 15:00:00,Leicester,Cardiff,King Power Stadium,True
2018-19,2018,20,2018-12-29 15:00:00,Tottenham,Wolves,Tottenham Hotspur Stadium,True
2018-19,2018,20,2018-12-29 15:00:00,Watford,Newcastle,Vicarage Road,True
2018-19,2018,20,2018-12-29 17:30:00,Liverpool,Arsenal,Anfield,True
2018-19,2018,20,2018-12-30 12:00:00,Crystal Palace,Chelsea,Selhurst Park,True
2018-19,2018,20,2018-12-30 14:15:00,Burnley,West Ham,Turf Moor,True
2018-19,2018,20,2018-12-30 14:15:00,Southampton,Man City,St. Mary's Stadium,True
2018-19,2018,20,2018-12-30 16:30:00,Man United,Bournemouth,Old Trafford,True
2018-19,2018,21,2019-01-01 12:30:00,Everton,Leicester,Goodison Park,True
2018-19,2018,21,2019-01-01 15:00:00,Arsenal,Fulham,Emirates Stadium,True
2018-19,2018,21,2019-01-01 17:30:00,Cardiff,Tottenham,Cardiff City Stadium,True
2018-19,2018,21,2019-01-02 19:45:00,Bournemouth,Watford,Vitality Stadium,True
2018-19,2018,21,2019-01-02 19:45:00,Chelsea,Southampton,Stamford Bridge,True
2018-19,2018,21,2019-01-02 19:45:00,Huddersfield,Burnley,John Smith's Stadium,True
2018-19,2018,21,2019-01-02 19:45:00,West Ham,Brighton,London Stadium,True
2018-19,2018,21,2019-01-02 19:45:00,Wolves,Crystal Palace,Molineux Stadium,True
2018-19,2018,21,2019-01-02 20:00:00,Newcastle,Man United,St. James' Park,True
2018-19,2018,21,2019-01-03 20:00:00,Man City,Liverpool,Etihad Stadium,True
2018-19,2018,22,2019-01-12 12:30:00,West Ham,Arsenal,London Stadium,True
2018-19,2018,22,2019-01-12 15:00:00,Brighton,Liverpool,Amex Stadium,True
2018-19,2018,22,2019-01-12 15:00:00,Burnley,Fulham,Turf Moor,True
2018-19,2018,22,2019-01-12 15:00:00,Cardiff,Huddersfield,Cardiff City Stadium,True
2018-19,2018,22,2019-01-12 15:00:00,Crystal Palace,Watford,Selhurst Park,True
2018-19,2018,22,2019-01-12 15:00:00,Leicester,Southampton,King Power Stadium,True
2018-19,2018,22,2019-01-12 17:30:00,Chelsea,Newcastle,Stamford Bridge,True
2018-19,2018,22,2019-01-13 14:15:00,Everton,Bournemouth,Goodison Park,True
2018-19,2018,22,2019-01-13 16:03:00,Tottenham,Man United,Tottenham Hotspur Stadium,True
2018-19,2018,22,2019-01-14 20:00:00,Man City,Wolves,Etihad Stadium,True
2018-19,2018,23,2019-01-19 12:30:00,Wolves,Leicester,Molineux Stadium,True
2018-19,2018,23,2019-01-19 15:00:00,Bournemouth,West Ham,Vitality Stadium,True
2018-19,2018,23,2019-01-19 15:00:00,Liverpool,Crystal Palace,Anfield,True
2018-19,2018,23,2019-01-19 15:00:00,Man United,Brighton,Old Trafford,True
2018-19,2018,23,2019-01-19 15:00:00,Newcastle,Cardiff,St. James' Park,True
2018-19,2018,23,2019-01-19 15:00:00,Southampton,Everton,St. Mary's Stadium,True
2018-19,2018,23,2019-01-19 15:00:00,Watford,Burnley,Vicarage Road,True
2018-19,2018,23,2019-01-19 17:30:00,Arsenal,Chelsea,Emirates Stadium,True
2018-19,2018,23,2019-01-20 13:30:00,Huddersfield,Man City,John Smith's Stadium,True
2018-19,2018,23,2019-01-20 16:00:00,Fulham,Tottenham,Craven Cottage,True
2018-19,2018,24,2019-01-29 19:45:00,Arsenal,Cardiff,Emirates Stadium,True
2018-19,2018,24,2019-01-29 19:45:00,Fulham,Brighton,Craven Cottage,True
2018-19,2018,24,2019-01-29 19:45:00,Huddersfield,Everton,John Smith's Stadium,True
2018-19,2018,24,2019-01-29 19:45:00,Wolves,West Ham,Molineux Stadium,True
2018-19,2018,24,2019-01-29 20:00:00,Man United,Burnley,Old Trafford,True
2018-19,2018,24,2019-01-29 20:00:00,Newcastle,Man City,St. James' Park,True
2018-19,2018,24,2019-01-30 19:45:00,Bournemouth,Chelsea,Vitality Stadium,True
2018-19,2018,24,2019-01-30 19:45:00,Southampton,Crystal Palace,St. Mary's Stadium,True
2018-19,2018,24,2019-01-30 20:00:00,Liverpool,Leicester,Anfield,True
2018-19,2018,24,2019-01-30 20:00:00,Tottenham,Watford,Tottenham Hotspur Stadium,True
2018-19,2018,25,2019-02-02 12:30:00,Tottenham,Newcastle,Tottenham Hotspur Stadium,True
2018-19,2018,25,2019-02-02 15:00:00,Brighton,Watford,Amex Stadium,True
2018-19,2018,25,2019-02-02 15:00:00,Burnley,Southampton,Turf Moor,True
2018-19,2018,25,2019-02-02 15:00:00,Chelsea,Huddersfield,Stamford Bridge,True
2018-19,2018,25,2019-02-02 15:00:00,Crystal Palace,Fulham,Selhurst Park,True
2018-19,2018,25,2019-02-02 15:00:00,Everton,Wolves,Goodison Park,True
2018-19,2018,25,2019-02-02 17:30:00,Cardiff,Bournemouth,Cardiff City Stadium,True
2018-19,2018,25,2019-02-03 14:05:00,Leicester,Man United,King Power Stadium,True
2018-19,2018,25,2019-02-03 16:30:00,Man City,Arsenal,Etihad Stadium,True
2018-19,2018,25,2019-02-04 20:00:00,West Ham,Liverpool,London Stadium,True
2018-19,2018,26,2019-02-06 19:45:00,Everton,Man City,Goodison Park,True
2018-19,2018,26,2019-02-09 12:30:00,Fulham,Man United,Craven Cottage,True
2018-19,2018,26,2019-02-09 15:00:00,Crystal Palace,West Ham,Selhurst Park,True
2018-19,2018,26,2019-02-09 15:00:00,Huddersfield,Arsenal,John Smith's Stadium,True
2018-19,2018,26,2019-02-09 15:00:00,Liverpool,Bournemouth,Anfield,True
2018-19,2018,26,2019-02-09 15:00:00,Southampton,Cardiff,St. Mary's Stadium,True
2018-19,2018,26,2019-02-09 15:00:00,Watford,Everton,Vicarage Road,True
2018-19,2018,26,2019-02-09 17:30:00,Brighton,Burnley,Amex Stadium,True
2018-19,2018,26,2019-02-10 13:30:00,Tottenham,Leicester,Tottenham Hotspur Stadium,True
2018-19,2018,26,2019-02-10 16:00:00,Man City,Chelsea,Etihad Stadium,True
2018-19,2018,26,2019-02-11 20:00:00,Wolves,Newcastle,Molineux Stadium,True
2018-19,2018,27,2019-02-22 19:45:00,Cardiff,Watford,Cardiff City Stadium,True
2018-19,2018,27,2019-02-22 19:45:00,West Ham,Fulham,London Stadium,True
2018-19,2018,27,2019-02-23 12:30:00,Burnley,Tottenham,Turf Moor,True
2018-19,2018,27,2019-02-23 15:00:00,Bournemouth,Wolves,Vitality Stadium,True
2018-19,2018,27,2019-02-23 15:00:00,Newcastle,Huddersfield,St. James' Park,True
2018-19,2018,27,2019-02-23 17:30:00,Leicester,Crystal Palace,King Power Stadium,True
2018-19,2018,27,2019-02-24 14:05:00,Arsenal,Southampton,Emirates Stadium,True
2018-19,2018,27,2019-02-24 14:05:00,Man United,Liverpool,Old Trafford,True
2018-19,2018,28,2019-02-26 19:45:00,Cardiff,Everton,Cardiff City Stadium,True
2018-19,2018,28,2019-02-26 19:45:00,Huddersfield,Wolves,John Smith's Stadium,True
2018-19,2018,28,2019-02-26 19:45:00,Leicester,Brighton,King Power Stadium,True
2018-19,2018,28,2019-02-26 20:00:00,Newcastle,Burnley,St. James' Park,True
2018-19,2018,28,2019-02-27 19:45:00,Arsenal,Bournemouth,Emirates Stadium,True
2018-19,2018,28,2019-02-27 19:45:00,Southampton,Fulham,St. Mary's Stadium,True
2018-19,2018,28,2019-02-27 20:00:00,Crystal Palace,Man United,Selhurst Park,True
2018-19,2018,28,2019-02-27 20:00:00,Chelsea,Tottenham,Stamford Bridge,True
2018-19,2018,28,2019-02-27 20:00:00,Liverpool,Watford,Anfield,True
2018-19,2018,28,2019-02-27 20:00:00,Man City,West Ham,Etihad Stadium,True
2018-19,2018,29,2019-03-02 12:30:00,Tottenham,Arsenal,Tottenham Hotspur Stadium,True
2018-19,2018,29,2019-03-02 15:00:00,Bournemouth,Man City,Vitality Stadium,True
2018-19,2018,29,2019-03-02 15:00:00,Brighton,Huddersfield,Amex Stadium,True
2018-19,2018,29,2019-03-02 15:00:00,Burnley,Crystal Palace,Turf Moor,True
2018-19,2018,29,2019-03-02 15:00:00,Man United,Southampton,Old Trafford,True
2018-19,2018,29,2019-03-02 15:00:00,Wolves,Cardiff,Molineux Stadium,True
2018-19,2018,29,2019-03-02 17:30:00,West Ham,Newcastle,London Stadium,True
2018-19,2018,29,2019-03-03 12:00:00,Watford,Leicester,Vicarage Road,True
2018-19,2018,29,2019-03-03 14:05:00,Fulham,Chelsea,Craven Cottage,True
2018-19,2018,29,2019-03-03 16:15:00,Everton,Liverpool,Goodison Park,True
2018-19,2018,30,2019-03-09 12:30:00,Crystal Palace,Brighton,Selhurst Park,True
2018-19,2018,30,2019-03-09 15:00:00,Cardiff,West Ham,Cardiff City Stadium,True
2018-19,2018,30,2019-03-09 15:00:00,Huddersfield,Bournemouth,John Smith's Stadium,True
2018-19,2018,30,2019-03-09 15:00:00,Leicester,Fulham,King Power Stadium,True
2018-19,2018,30,2019-03-09 15:00:00,Newcastle,Everton,St. James' Park,True
2018-19,2018,30,2019-03-09 15:00:00,Southampton,Tottenham,St. Mary's Stadium,True
2018-19,2018,30,2019-03-09 17:30:00,Man City,Watford,Etihad Stadium,True
2018-19,2018,30,2019-03-10 12:00:00,Liverpool,Burnley,Anfield,True
2018-19,2018,30,2019-03-10 14:05:00,Chelsea,Wolves,Stamford Bridge,True
2018-19,2018,30,2019-03-10 16:30:00,Arsenal,Man United,Emirates Stadium,True
2018-19,2018,31,2019-03-16 15:00:00,Bournemouth,Newcastle,Vitality Stadium,True
2018-19,2018,31,2019-03-16 15:00:00,Burnley,Leicester,Turf Moor,True
2018-19,2018,31,2019-03-16 15:00:00,West Ham,Huddersfield,London Stadium,True
2018-19,2018,31,2019-03-17 14:15:00,Fulham,Liverpool,Craven Cottage,True
2018-19,2018,31,2019-03-17 16:30:00,Everton,Chelsea,Goodison Park,True
2018-19,2018,32,2019-03-30 12:30:00,Fulham,Man City,Craven Cottage,True
2018-19,2018,32,2019-03-30 15:00:00,Brighton,Southampton,Amex Stadium,True
2018-19,2018,32,2019-03-30 15:00:00,Burnley,Wolves,Turf Moor,True
2018-19,2018,32,2019-03-30 15:00:00,Crystal Palace,Huddersfield,Selhurst Park,True
2018-19,2018,32,2019-03-30 15:00:00,Leicester,Bournemouth,King Power Stadium,True
2018-19,2018,32,2019-03-30 15:00:00,Man United,Watford,Old Trafford,True
2018-19,2018,32,2019-03-30 17:30:00,West Ham,Everton,London Stadium,True
2018-19,2018,32,2019-03-31 14:05:00,Cardiff,Chelsea,Cardiff City Stadium,True
2018-19,2018,32,2019-03-31 16:30:00,Liverpool,Tottenham,Anfield,True
2018-19,2018,32,2019-04-01 20:00:00,Arsenal,Newcastle,Emirates Stadium,True
2018-19,2018,32,2019-04-02 19:45:00,Watford,Fulham,Vicarage Road,True
2018-19,2018,32,2019-04-02 19:45:00,Wolves,Man United,Molineux Stadium,True
2018-19,2018,32,2019-04-03 19:45:00,Chelsea,Brighton,Stamford Bridge,True
2018-19,2018,32,2019-04-03 19:45:00,Tottenham,Crystal Palace,Tottenham Hotspur Stadium,True
2018-19,2018,32,2019-04-03 19:45:00,Man City,Cardiff,Etihad Stadium,True
2018-19,2018,33,2019-04-05 20:00:00,Southampton,Liverpool,St. Mary's Stadium,True
2018-19,2018,33,2019-04-06 15:00:00,Bournemouth,Burnley,Vitality Stadium,True
2018-19,2018,33,2019-04-06 15:00:00,Huddersfield,Leicester,John Smith's Stadium,True
2018-19,2018,33,2019-04-06 15:00:00,Newcastle,Crystal Palace,St. James' Park,True
2018-19,2018,33,2019-04-07 14:05:00,Everton,Arsenal,Goodison Park,True
2018-19,2018,33,2019-04-08 20:00:00,Chelsea,West Ham,Stamford Bridge,True
2018-19,2018,34,2019-04-12 20:00:00,Leicester,Newcastle,King Power Stadium,True
2018-19,2018,34,2019-04-13 12:30:00,Tottenham,Huddersfield,Tottenham Hotspur Stadium,True
2018-19,2018,34,2019-04-13 15:00:00,Brighton,Bournemouth,Amex Stadium,True
2018-19,2018,34,2019-04-13 15:00:00,Burnley,Cardiff,Turf Moor,True
2018-19,2018,34,2019-04-13 15:00:00,Fulham,Everton,Craven Cottage,True
2018-19,2018,34,2019-04-13 15:00:00,Southampton,Wolves,St. Mary's Stadium,True
2018-19,2018,34,2019-04-13 17:30:00,Man United,West Ham,Old Trafford,True
2018-19,2018,34,2019-04-14 14:05:00,Crystal Palace,Man City,Selhurst Park,True
2018-19,2018,34,2019-04-14 16:30:00,Liverpool,Chelsea,Anfield,True
2018-19,2018,34,2019-04-15 20:00:00,Watford,Arsenal,Vicarage Road,True
2018-19,2018,34,2019-04-16 19:45:00,Brighton,Cardiff,Amex Stadium,True
2018-19,2018,35,2019-04-20 12:30:00,Man City,Tottenham,Etihad Stadium,True
2018-19,2018,35,2019-04-20 15:00:00,Bournemouth,Fulham,Vitality Stadium,True
2018-19,2018,35,2019-04-20 15:00:00,Huddersfield,Watford,John Smith's Stadium,True
2018-19,2018,35,2019-04-20 15:00:00,West Ham,Leicester,London Stadium,True
2018-19,2018,35,2019-04-20 15:00:00,Wolves,Brighton,Molineux Stadium,True
2018-19,2018,35,2019-04-20 17:30:00,Newcastle,Southampton,St. James' Park,True
2018-19,2018,35,2019-04-21 13:30:00,Everton,Man United,Goodison Park,True
2018-19,2018,35,2019-04-21 16:00:00,Arsenal,Crystal Palace,Emirates Stadium,True
2018-19,2018,35,2019-04-21 16:00:00,Cardiff,Liverpool,Cardiff City Stadium,True
2018-19,2018,35,2019-04-22 20:00:00,Chelsea,Burnley,Stamford Bridge,True
2018-19,2018,35,2019-04-23 19:45:00,Watford,Southampton,Vicarage Road,True
2018-19,2018,35,2019-04-23 19:45:00,Tottenham,Brighton,Tottenham Hotspur Stadium,True
2018-19,2018,35,2019-04-24 19:45:00,Wolves,Arsenal,Molineux Stadium,True
2018-19,2018,35,2019-04-24 20:00:00,Man United,Man City,Old Trafford,True
2018-19,2018,36,2019-04-26 20:00:00,Liverpool,Huddersfield,Anfield,True
2018-19,2018,36,2019-04-27 12:30:00,Tottenham,West Ham,Tottenham Hotspur Stadium,True
2018-19,2018,36,2019-04-27 15:00:00,Crystal Palace,Everton,Selhurst Park,True
2018-19,2018,36,2019-04-27 15:00:00,Fulham,Cardiff,Craven Cottage,True
2018-19,2018,36,2019-04-27 15:00:00,Southampton,Bournemouth,St. Mary's Stadium,True
2018-19,2018,36,2019-04-27 15:00:00,Watford,Wolves,Vicarage Road,True
2018-19,2018,36,2019-04-27 17:30:00,Brighton,Newcastle,Amex Stadium,True
2018-19,2018,36,2019-04-28 12:00:00,Leicester,Arsenal,King Power Stadium,True
2018-19,2018,36,2019-04-28 14:05:00,Burnley,Man City,Turf Moor,True
2018-19,2018,36,2019-04-28 16:30:00,Man United,Chelsea,Old Trafford,True
2018-19,2018,37,2019-05-03 20:00:00,Everton,Burnley,Goodison Park,True
2018-19,2018,37,2019-05-04 12:30:00,Bournemouth,Tottenham,Vitality Stadium,True
2018-19,2018,37,2019-05-04 15:00:00,West Ham,Southampton,London Stadium,True
2018-19,2018,37,2019-05-04 15:00:00,Wolves,Fulham,Molineux Stadium,True
2018-19,2018,37,2019-05-04 17:30:00,Cardiff,Crystal Palace,Cardiff City Stadium,True
2018-19,2018,37,2019-05-04 19:45:00,Newcastle,Liverpool,St. James' Park,True
2018-19,2018,37,2019-05-05 14:00:00,Chelsea,Watford,Stamford Bridge,True
2018-19,2018,37,2019-05-05 14:00:00,Huddersfield,Man United,John Smith's Stadium,True
2018-19,2018,37,2019-05-05 16:30:00,Arsenal,Brighton,Emirates Stadium,True
2018-19,2018,37,2019-05-06 20:00:00,Man City,Leicester,Etihad Stadium,True
2018-19,2018,38,2019-05-12 15:00:00,Brighton,Man City,Amex Stadium,True
2018-19,2018,38,2019-05-12 15:00:00,Burnley,Arsenal,Turf Moor,True
2018-19,2018,38,2019-05-12 15:00:00,Crystal Palace,Bournemouth,Selhurst Park,True
2018-19,2018,38,2019-05-12 15:00:00,Fulham,Newcastle,Craven Cottage,True
2018-19,2018,38,2019-05-12 15:00:00,Leicester,Chelsea,King Power Stadium,True
2018-19,2018,38,2019-05-12 15:00:00,Liverpool,Wolves,Anfield,True
2018-19,2018,38,2019-05-12 15:00:00,Man United,Cardiff,Old Trafford,True
2018-19,2018,38,2019-05-12 15:00:00,Southampton,Huddersfield,St. Mary's Stadium,True
2018-19,2018,38,2019-05-12 15:00:00,Tottenham,Everton,Tottenham Hotspur Stadium,True
2018-19,2018,38,2019-05-12 15:00:00,Watford,West Ham,Vicarage Road,True
2019-20,2019,1,2019-08-09 20:00:00,Liverpool,Norwich,Anfield,True
2019-20,2019,1,2019-08-10 12:30:00,West Ham,Man City,London Stadium,True
2019-20,2019,1,2019-08-10 15:00:00,Bournemouth,Sheffield United,Vitality Stadium,True
2019-20,2019,1,2019-08-10 15:00:00,Burnley,Southampton,Turf Moor,True
2019-20,2019,1,2019-08-10 15:00:00,Crystal Palace,Everton,Selhurst Park,True
2019-20,2019,1,2019-08-10 15:00:00,Watford,Brighton,Vicarage Road,True
2019-20,2019,1,2019-08-10 17:30:00,Tottenham,Aston Villa,Tottenham Hotspur Stadium,True
2019-20,2019,1,2019-08-11 14:00:00,Leicester,Wolves,King Power Stadium,True
2019-20,2019,1,2019-08-11 14:00:00,Newcastle,Arsenal,St. James' Park,True
2019-20,2019,1,2019-08-11 16:30:00,Man United,Chelsea,Old Trafford,True
2019-20,2019,2,2019-08-17 12:30:00,Arsenal,Burnley,Emirates Stadium,True
2019-20,2019,2,2019-08-17 15:00:00,Aston Villa,Bournemouth,Villa Park,True
2019-20,2019,2,2019-08-17 15:00:00,Brighton,West Ham,Amex Stadium,True
2019-20,2019,2,2019-08-17 15:00:00,Everton,Watford,Goodison Park,True
2019-20,2019,2,2019-08-17 15:00:00,Norwich,Newcastle,Carrow Road,True
2019-20,2019,2,2019-08-17 15:00:00,Southampton,Liverpool,St. Mary's Stadium,True
2019-20,2019,2,2019-08-17 17:30:00,Man City,Tottenham,Etihad Stadium,True
2019-20,2019,2,2019-08-18 14:00:00,Sheffield United,Crystal Palace,Bramall Lane,True
2019-20,2019,2,2019-08-18 16:30:00,Chelsea,Leicester,Stamford Bridge,True
2019-20,2019,2,2019-08-19 20:00:00,Wolves,Man United,Molineux Stadium,True
2019-20,2019,3,2019-08-23 20:00:00,Aston Villa,Everton,Villa Park,True
2019-20,2019,3,2019-08-24 12:30:00,Norwich,Chelsea,Carrow Road,True
2019-20,2019,3,2019-08-24 15:00:00,Brighton,Southampton,Amex Stadium,True
2019-20,2019,3,2019-08-24 15:00:00,Man United,Crystal Palace,Old Trafford,True
2019-20,2019,3,2019-08-24 15:00:00,Sheffield United,Leicester,Bramall Lane,True
2019-20,2019,3,2019-08-24 15:00:00,Watford,West Ham,Vicarage Road,True
2019-20,2019,3,2019-08-24 17:30:00,Liverpool,Arsenal,Anfield,True
2019-20,2019,3,2019-08-25 14:00:00,Bournemouth,Man City,Vitality Stadium,True
2019-20,2019,3,2019-08-25 16:30:00,Tottenham,Newcastle,Tottenham Hotspur Stadium,True
2019-20,2019,3,2019-08-25 16:30:00,Wolves,Burnley,Molineux Stadium,True
2019-20,2019,4,2019-08-31 12:30:00,Southampton,Man United,St. Mary's Stadium,True
2019-20,2019,4,2019-08-31 15:00:00,Chelsea,Sheffield United,Stamford Bridge,True
2019-20,2019,4,2019-08-31 15:00:00,Crystal Palace,Aston Villa,Selhurst Park,True
2019-20,2019,4,2019-08-31 15:00:00,Leicester,Bournemouth,King Power Stadium,True
2019-20,2019,4,2019-08-31 15:00:00,Man City,Brighton,Etihad Stadium,True
2019-20,2019,4,2019-08-31 15:00:00,Newcastle,Watford,St. James' Park,True
2019-20,2019,4,2019-08-31 15:00:00,West Ham,Norwich,London Stadium,True
2019-20,2019,4,2019-08-31 17:30:00,Burnley,Liverpool,Turf Moor,True
2019-20,2019,4,2019-09-01 14:00:00,Everton,Wolves,Goodison Park,True
2019-20,2019,4,2019-09-01 16:30:00,Arsenal,Tottenham,Emirates Stadium,True
2019-20,2019,5,2019-09-14 12:30:00,Liverpool,Newcastle,Anfield,True
2019-20,2019,5,2019-09-14 15:00:00,Brighton,Burnley,Amex Stadium,True
2019-20,2019,5,2019-09-14 15:00:00,Man United,Leicester,Old Trafford,True
2019-20,2019,5,2019-09-14 15:00:00,Sheffield United,Southampton,Bramall Lane,True
2019-20,2019,5,2019-09-14 15:00:00,Tottenham,Crystal Palace,Tottenham Hotspur Stadium,True
2019-20,2019,5,2019-09-14 15:00:00,Wolves,Chelsea,Molineux Stadium,True
2019-20,2019,5,2019-09-14 17:30:00,Norwich,Man City,Carrow Road,True
2019-20,2019,5,2019-09-15 14:00:00,Bournemouth,Everton,Vitality Stadium,True
2019-20,2019,5,2019-09-15 16:30:00,Watford,Arsenal,Vicarage Road,True
2019-20,2019,5,2019-09-16 20:00:00,Aston Villa,West Ham,Villa Park,True
2019-20,2019,6,2019-09-20 20:00:00,Southampton,Bournemouth,St. Mary's Stadium,True
2019-20,2019,6,2019-09-21 12:30:00,Leicester,Tottenham,King Power Stadium,True
2019-20,2019,6,2019-09-21 15:00:00,Burnley,Norwich,Turf Moor,True
2019-20,2019,6,2019-09-21 15:00:00,Everton,Sheffield United,Goodison Park,True
2019-20,2019,6,2019-09-21 15:00:00,Man City,Watford,Etihad Stadium,True
2019-20,2019,6,2019-09-21 17:30:00,Newcastle,Brighton,St. James' Park,True
2019-20,2019,6,2019-09-22 14:00:00,Crystal Palace,Wolves,Selhurst Park,True
2019-20,2019,6,2019-09-22 14:00:00,West Ham,Man United,London Stadium,True
2019-20,2019,6,2019-09-22 16:30:00,Arsenal,Aston Villa,Emirates Stadium,True
2019-20,2019,6,2019-09-22 16:30:00,Chelsea,Liverpool,Stamford Bridge,True
2019-20,2019,7,2019-09-28 12:30:00,Sheffield United,Liverpool,Bramall Lane,True
2019-20,2019,7,2019-09-28 15:00:00,Bournemouth,West Ham,Vitality Stadium,True
2019-20,2019,7,2019-09-28 15:00:00,Aston Villa,Burnley,Villa Park,True
2019-20,2019,7,2019-09-28 15:00:00,Chelsea,Brighton,Stamford Bridge,True
2019-20,2019,7,2019-09-28 15:00:00,Crystal Palace,Norwich,Selhurst Park,True
2019-20,2019,7,2019-09-28 15:00:00,Tottenham,Southampton,Tottenham Hotspur Stadium,True
2019-20,2019,7,2019-09-28 15:00:00,Wolves,Watford,Molineux Stadium,True
2019-20,2019,7,2019-09-28 17:30:00,Everton,Man City,Goodison Park,True
2019-20,2019,7,2019-09-29 16:30:00,Leicester,Newcastle,King Power Stadium,True
2019-20,2019,7,2019-09-30 20:00:00,Man United,Arsenal,Old Trafford,True
2019-20,2019,8,2019-10-05 12:30:00,Brighton,Tottenham,Amex Stadium,True
2019-20,2019,8,2019-10-05 15:00:00,Burnley,Everton,Turf Moor,True
2019-20,2019,8,2019-10-05 15:00:00,Liverpool,Leicester,Anfield,True
2019-20,2019,8,2019-10-05 15:00:00,Norwich,Aston Villa,Carrow Road,True
2019-20,2019,8,2019-10-05 15:00:00,Watford,Sheffield United,Vicarage Road,True
2019-20,2019,8,2019-10-05 17:30:00,West Ham,Crystal Palace,London Stadium,True
2019-20,2019,8,2019-10-06 14:00:00,Arsenal,Bournemouth,Emirates Stadium,True
2019-20,2019,8,2019-10-06 14:00:00,Man City,Wolves,Etihad Stadium,True
2019-20,2019,8,2019-10-06 14:00:00,Southampton,Chelsea,St. Mary's Stadium,True
2019-20,2019,8,2019-10-06 16:30:00,Newcastle,Man United,St. James' Park,True
2019-20,2019,9,2019-10-19 12:30:00,Everton,West Ham,Goodison Park,True
2019-20,2019,9,2019-10-19 15:00:00,Bournemouth,Norwich,Vitality Stadium,True
2019-20,2019,9,2019-10-19 15:00:00,Aston Villa,Brighton,Villa Park,True
2019-20,2019,9,2019-10-19 15:00:00,Chelsea,Newcastle,Stamford Bridge,True
2019-20,2019,9,2019-10-19 15:00:00,Leicester,Burnley,King Power Stadium,True
2019-20,2019,9,2019-10-19 15:00:00,Tottenham,Watford,Tottenham Hotspur Stadium,True
2019-20,2019,9,2019-10-19 15:00:00,Wolves,Southampton,Molineux Stadium,True
2019-20,2019,9,2019-10-19 17:30:00,Crystal Palace,Man City,Selhurst Park,True
2019-20,2019,9,2019-10-20 16:30:00,Man United,Liverpool,Old Trafford,True
2019-20,2019,9,2019-10-21 20:00:00,Sheffield United,Arsenal,Bramall Lane,True
2019-20,2019,10,2019-10-25 20:00:00,Southampton,Leicester,St. Mary's Stadium,True
2019-20,2019,10,2019-10-26 12:30:00,Man City,Aston Villa,Etihad Stadium,True
2019-20,2019,10,2019-10-26 15:00:00,Brighton,Everton,Amex Stadium,True
2019-20,2019,10,2019-10-26 15:00:00,Watford,Bournemouth,Vicarage Road,True
2019-20,2019,10,2019-10-26 15:00:00,West Ham,Sheffield United,London Stadium,True
2019-20,2019,10,2019-10-26 17:30:00,Burnley,Chelsea,Turf Moor,True
2019-20,2019,10,2019-10-27 14:00:00,Newcastle,Wolves,St. James' Park,True
2019-20,2019,10,2019-10-27 16:30:00,Arsenal,Crystal Palace,Emirates Stadium,True
2019-20,2019,10,2019-10-27 16:30:00,Liverpool,Tottenham,Anfield,True
2019-20,2019,10,2019-10-27 16:30:00,Norwich,Man United,Carrow Road,True
2019-20,2019,11,2019-11-02 12:30:00,Bournemouth,Man United,Vitality Stadium,True
2019-20,2019,11,2019-11-02 15:00:00,Arsenal,Wolves,Emirates Stadium,True
2019-20,2019,11,2019-11-02 15:00:00,Aston Villa,Liverpool,Villa Park,True
2019-20,2019,11,2019-11-02 15:00:00,Brighton,Norwich,Amex Stadium,True
2019-20,2019,11,2019-11-02 15:00:00,Man City,Southampton,Etihad Stadium,True
2019-20,2019,11,2019-11-02 15:00:00,Sheffield United,Burnley,Bramall Lane,True
2019-20,2019,11,2019-11-02 15:00:00,West Ham,Newcastle,London Stadium,True
2019-20,2019,11,2019-11-02 17:30:00,Watford,Chelsea,Vicarage Road,True
2019-20,2019,11,2019-11-03 14:00:00,Crystal Palace,Leicester,Selhurst Park,True
2019-20,2019,11,2019-11-03 16:30:00,Everton,Tottenham,Goodison Park,True
2019-20,2019,12,2019-11-08 20:00:00,Norwich,Watford,Carrow Road,True
2019-20,2019,12,2019-11-09 12:30:00,Chelsea,Crystal Palace,Stamford Bridge,True
2019-20,2019,12,2019-11-09 15:00:00,Burnley,West Ham,Turf Moor,True
2019-20,2019,12,2019-11-09 15:00:00,Newcastle,Bournemouth,St. James' Park,True
2019-20,2019,12,2019-11-09 15:00:00,Southampton,Everton,St. Mary's Stadium,True
2019-20,2019,12,2019-11-09 15:00:00,Tottenham,Sheffield United,Tottenham Hotspur Stadium,True
2019-20,2019,12,2019-11-09 17:30:00,Leicester,Arsenal,King Power Stadium,True
2019-20,2019,12,2019-11-10 14:00:00,Man United,Brighton,Old Trafford,True
2019-20,2019,12,2019-11-10 14:00:00,Wolves,Aston Villa,Molineux Stadium,True
2019-20,2019,12,2019-11-10 16:30:00,Liverpool,Man City,Anfield,True
2019-20,2019,13,2019-11-23 12:30:00,West Ham,Tottenham,London Stadium,True
2019-20,2019,13,2019-11-23 15:00:00,Bournemouth,Wolves,Vitality Stadium,True
2019-20,2019,13,2019-11-23 15:00:00,Arsenal,Southampton,Emirates Stadium,True
2019-20,2019,13,2019-11-23 15:00:00,Brighton,Leicester,Amex Stadium,True
2019-20,2019,13,2019-11-23 15:00:00,Crystal Palace,Liverpool,Selhurst Park,True
2019-20,2019,13,2019-11-23 15:00:00,Everton,Norwich,Goodison Park,True
2019-20,2019,13,2019-11-23 15:00:00,Watford,Burnley,Vicarage Road,True
2019-20,2019,13,2019-11-23 17:30:00,Man City,Chelsea,Etihad Stadium,True
2019-20,2019,13,2019-11-24 16:30:00,Sheffield United,Man United,Bramall Lane,True
2019-20,2019,13,2019-11-25 20:00:00,Aston Villa,Newcastle,Villa Park,True
2019-20,2019,14,2019-11-30 12:30:00,Newcastle,Man City,St. James' Park,True
2019-20,2019,14,2019-11-30 15:00:00,Burnley,Crystal Palace,Turf Moor,True
2019-20,2019,14,2019-11-30 15:00:00,Chelsea,West Ham,Stamford Bridge,True
2019-20,2019,14,2019-11-30 15:00:00,Liverpool,Brighton,Anfield,True
2019-20,2019,14,2019-11-30 15:00:00,Tottenham,Bournemouth,Tottenham Hotspur Stadium,True
2019-20,2019,14,2019-11-30 17:30:00,Southampton,Watford,St. Mary's Stadium,True
2019-20,2019,14,2019-12-01 14:00:00,Norwich,Arsenal,Carrow Road,True
2019-20,2019,14,2019-12-01 14:00:00,Wolves,Sheffield United,Molineux Stadium,True
2019-20,2019,14,2019-12-01 16:30:00,Leicester,Everton,King Power Stadium,True
2019-20,2019,14,2019-12-01 16:30:00,Man United,Aston Villa,Old Trafford,True
2019-20,2019,15,2019-12-03 19:30:00,Crystal Palace,Bournemouth,Selhurst Park,True
2019-20,2019,15,2019-12-03 20:15:00,Burnley,Man City,Turf Moor,True
2019-20,2019,15,2019-12-04 19:30:00,Leicester,Watford,King Power Stadium,True
2019-20,2019,15,2019-12-04 19:30:00,Wolves,West Ham,Molineux Stadium,True
2019-20,2019,15,2019-12-04 19:30:00,Man United,Tottenham,Old Trafford,True
2019-20,2019,15,2019-12-04 19:30:00,Chelsea,Aston Villa,Stamford Bridge,True
2019-20,2019,15,2019-12-04 19:30:00,Southampton,Norwich,St. Mary's Stadium,True
2019-20,2019,15,2019-12-04 20:15:00,Liverpool,Everton,Anfield,True
2019-20,2019,15,2019-12-05 19:30:00,Sheffield United,Newcastle,Bramall Lane,True
2019-20,2019,15,2019-12-05 20:15:00,Arsenal,Brighton,Emirates Stadium,True
2019-20,2019,16,2019-12-07 12:30:00,Everton,Chelsea,Goodison Park,True
2019-20,2019,16,2019-12-07 15:00:00,Bournemouth,Liverpool,Vitality Stadium,True
2019-20,2019,16,2019-12-07 15:00:00,Tottenham,Burnley,Tottenham Hotspur Stadium,True
2019-20,2019,16,2019-12-07 15:00:00,Watford,Crystal Palace,Vicarage Road,True
2019-20,2019,16,2019-12-07 17:30:00,Man City,Man United,Etihad Stadium,True
2019-20,2019,16,2019-12-08 14:00:00,Aston Villa,Leicester,Villa Park,True
2019-20,2019,16,2019-12-08 14:00:00,Newcastle,Southampton,St. James' Park,True
2019-20,2019,16,2019-12-08 14:00:00,Norwich,Sheffield United,Carrow Road,True
2019-20,2019,16,2019-12-08 16:30:00,Brighton,Wolves,Amex Stadium,True
2019-20,2019,16,2019-12-09 20:00:00,West Ham,Arsenal,London Stadium,True
2019-20,2019,17,2019-12-14 12:30:00,Liverpool,Watford,Anfield,True
2019-20,2019,17,2019-12-14 15:00:00,Burnley,Newcastle,Turf Moor,True
2019-20,2019,17,2019-12-14 15:00:00,Chelsea,Bournemouth,Stamford Bridge,True
2019-20,2019,17,2019-12-14 15:00:00,Leicester,Norwich,King Power Stadium,True
2019-20,2019,17,2019-12-14 15:00:00,Sheffield United,Aston Villa,Bramall Lane,True
2019-20,2019,17,2019-12-14 17:30:00,Southampton,West Ham,St. Mary's Stadium,True
2019-20,2019,17,2019-12-15 14:00:00,Man United,Everton,Old Trafford,True
2019-20,2019,17,2019-12-15 14:00:00,Wolves,Tottenham,Molineux Stadium,True
2019-20,2019,17,2019-12-15 16:30:00,Arsenal,Man City,Emirates Stadium,True
2019-20,2019,17,2019-12-16 19:45:00,Crystal Palace,Brighton,Selhurst Park,True
2019-20,2019,18,2019-12-21 12:30:00,Everton,Arsenal,Goodison Park,True
2019-20,2019,18,2019-12-21 15:00:00,Bournemouth,Burnley,Vitality Stadium,True
2019-20,2019,18,2019-12-21 15:00:00,Aston Villa,Southampton,Villa Park,True
2019-20,2019,18,2019-12-21 15:00:00,Brighton,Sheffield United,Amex Stadium,True
2019-20,2019,18,2019-12-21 15:00:00,Newcastle,Crystal Palace,St. James' Park,True
2019-20,2019,18,2019-12-21 15:00:00,Norwich,Wolves,Carrow Road,True
2019-20,2019,18,2019-12-21 17:30:00,Man City,Leicester,Etihad Stadium,True
2019-20,2019,18,2019-12-22 14:00:00,Watford,Man United,Vicarage Road,True
2019-20,2019,18,2019-12-22 16:30:00,Tottenham,Chelsea,Tottenham Hotspur Stadium,True
2019-20,2019,19,2019-12-26 12:30:00,Tottenham,Brighton,Tottenham Hotspur Stadium,True
2019-20,2019,19,2019-12-26 15:00:00,Bournemouth,Arsenal,Vitality Stadium,True
2019-20,2019,19,2019-12-26 15:00:00,Aston Villa,Norwich,Villa Park,True
2019-20,2019,19,2019-12-26 15:00:00,Chelsea,Southampton,Stamford Bridge,True
2019-20,2019,19,2019-12-26 15:00:00,Crystal Palace,West Ham,Selhurst Park,True
2019-20,2019,19,2019-12-26 15:00:00,Everton,Burnley,Goodison Park,True
2019-20,2019,19,2019-12-26 15:00:00,Sheffield United,Watford,Bramall Lane,True
2019-20,2019,19,2019-12-26 17:30:00,Man United,Newcastle,Old Trafford,True
2019-20,2019,19,2019-12-26 20:00:00,Leicester,Liverpool,King Power Stadium,True
2019-20,2019,19,2019-12-27 19:45:00,Wolves,Man City,Molineux Stadium,True
2019-20,2019,20,2019-12-28 12:30:00,Brighton,Bournemouth,Amex Stadium,True
2019-20,2019,20,2019-12-28 15:00:00,Newcastle,Everton,St. James' Park,True
2019-20,2019,20,2019-12-28 15:00:00,Southampton,Crystal Palace,St. Mary's Stadium,True
2019-20,2019,20,2019-12-28 15:00:00,Watford,Aston Villa,Vicarage Road,True
2019-20,2019,20,2019-12-28 17:30:00,Norwich,Tottenham,Carrow Road,True
2019-20,2019,20,2019-12-28 17:30:00,West Ham,Leicester,London Stadium,True
2019-20,2019,20,2019-12-28 19:45:00,Burnley,Man United,Turf Moor,True
2019-20,2019,20,2019-12-29 14:00:00,Arsenal,Chelsea,Emirates Stadium,True
2019-20,2019,20,2019-12-29 16:30:00,Liverpool,Wolves,Anfield,True
2019-20,2019,20,2019-12-29 18:00:00,Man City,Sheffield United,Etihad Stadium,True
2019-20,2019,21,2020-01-01 12:30:00,Brighton,Chelsea,Amex Stadium,True
2019-20,2019,21,2020-01-01 12:30:00,Burnley,Aston Villa,Turf Moor,True
2019-20,2019,21,2020-01-01 15:00:00,Newcastle,Leicester,St. James' Park,True
2019-20,2019,21,2020-01-01 15:00:00,Southampton,Tottenham,St. Mary's Stadium,True
2019-20,2019,21,2020-01-01 15:00:00,Watford,Wolves,Vicarage Road,True
2019-20,2019,21,2020-01-01 17:30:00,Man City,Everton,Etihad Stadium,True
2019-20,2019,21,2020-01-01 17:30:00,Norwich,Crystal Palace,Carrow Road,True
2019-20,2019,21,2020-01-01 17:30:00,West Ham,Bournemouth,London Stadium,True
2019-20,2019,21,2020-01-01 20:00:00,Arsenal,Man United,Emirates Stadium,True
2019-20,2019,21,2020-01-02 20:00:00,Liverpool,Sheffield United,Anfield,True
2019-20,2019,22,2020-01-10 20:00:00,Sheffield United,West Ham,Bramall Lane,True
2019-20,2019,22,2020-01-11 12:30:00,Crystal Palace,Arsenal,Selhurst Park,True
2019-20,2019,22,2020-01-11 15:00:00,Chelsea,Burnley,Stamford Bridge,True
2019-20,2019,22,2020-01-11 15:00:00,Everton,Brighton,Goodison Park,True
2019-20,2019,22,2020-01-11 15:00:00,Leicester,Southampton,King Power Stadium,True
2019-20,2019,22,2020-01-11 15:00:00,Man United,Norwich,Old Trafford,True
2019-20,2019,22,2020-01-11 15:00:00,Wolves,Newcastle,Molineux Stadium,True
2019-20,2019,22,2020-01-11 17:30:00,Tottenham,Liverpool,Tottenham Hotspur Stadium,True
2019-20,2019,22,2020-01-12 14:00:00,Bournemouth,Watford,Vitality Stadium,True
2019-20,2019,22,2020-01-12 16:30:00,Aston Villa,Man City,Villa Park,True
2019-20,2019,23,2020-01-18 12:30:00,Watford,Tottenham,Vicarage Road,True
2019-20,2019,23,2020-01-18 15:00:00,Arsenal,Sheffield United,Emirates Stadium,True
2019-20,2019,23,2020-01-18 15:00:00,Brighton,Aston Villa,Amex Stadium,True
2019-20,2019,23,2020-01-18 15:00:00,Man City,Crystal Palace,Etihad Stadium,True
2019-20,2019,23,2020-01-18 15:00:00,Norwich,Bournemouth,Carrow Road,True
2019-20,2019,23,2020-01-18 15:00:00,Southampton,Wolves,St. Mary's Stadium,True
2019-20,2019,23,2020-01-18 15:00:00,West Ham,Everton,London Stadium,True
2019-20,2019,23,2020-01-18 17:30:00,Newcastle,Chelsea,St. James' Park,True
2019-20,2019,23,2020-01-19 14:00:00,Burnley,Leicester,Turf Moor,True
2019-20,2019,23,2020-01-19 16:30:00,Liverpool,Man United,Anfield,True
2019-20,2019,24,2020-01-21 19:30:00,Bournemouth,Brighton,Vitality Stadium,True
2019-20,2019,24,2020-01-21 19:30:00,Aston Villa,Watford,Villa Park,True
2019-20,2019,24,2020-01-21 19:30:00,Everton,Newcastle,Goodison Park,True
2019-20,2019,24,2020-01-21 19:30:00,Sheffield United,Man City,Bramall Lane,True
2019-20,2019,24,2020-01-21 19:30:00,Crystal Palace,Southampton,Selhurst Park,True
2019-20,2019,24,2020-01-21 20:15:00,Chelsea,Arsenal,Stamford Bridge,True
2019-20,2019,24,2020-01-22 19:30:00,Leicester,West Ham,King Power Stadium,True
2019-20,2019,24,2020-01-22 19:30:00,Tottenham,Norwich,Tottenham Hotspur Stadium,True
2019-20,2019,24,2020-01-22 20:15:00,Man United,Burnley,Old Trafford,True
2019-20,2019,24,2020-01-23 20:00:00,Wolves,Liverpool,Molineux Stadium,True
2019-20,2019,25,2020-01-29 19:45:00,West Ham,Liverpool,London Stadium,True
2019-20,2019,25,2020-02-01 12:30:00,Leicester,Chelsea,King Power Stadium,True
2019-20,2019,25,2020-02-01 15:00:00,Bournemouth,Aston Villa,Vitality Stadium,True
2019-20,2019,25,2020-02-01 15:00:00,Crystal Palace,Sheffield United,Selhurst Park,True
2019-20,2019,25,2020-02-01 15:00:00,Liverpool,Southampton,Anfield,True
2019-20,2019,25,2020-02-01 15:00:00,Newcastle,Norwich,St. James' Park,True
2019-20,2019,25,2020-02-01 15:00:00,Watford,Everton,Vicarage Road,True
2019-20,2019,25,2020-02-01 15:00:00,West Ham,Brighton,London Stadium,True
2019-20,2019,25,2020-02-01 17:30:00,Man United,Wolves,Old Trafford,True
2019-20,2019,25,2020-02-02 14:00:00,Burnley,Arsenal,Turf Moor,True
2019-20,2019,25,2020-02-02 16:30:00,Tottenham,Man City,Tottenham Hotspur Stadium,True
2019-20,2019,26,2020-02-08 12:30:00,Everton,Crystal Palace,Goodison Park,True
2019-20,2019,26,2020-02-08 17:30:00,Brighton,Watford,Amex Stadium,True
2019-20,2019,26,2020-02-09 14:00:00,Sheffield United,Bournemouth,Bramall Lane,True
2019-20,2019,26,2020-02-14 20:00:00,Wolves,Leicester,Molineux Stadium,True
2019-20,2019,26,2020-02-15 12:30:00,Southampton,Burnley,St. Mary's Stadium,True
2019-20,2019,26,2020-02-15 17:30:00,Norwich,Liverpool,Carrow Road,True
2019-20,2019,26,2020-02-16 14:00:00,Aston Villa,Tottenham,Villa Park,True
2019-20,2019,26,2020-02-16 16:30:00,Arsenal,Newcastle,Emirates Stadium,True
2019-20,2019,26,2020-02-17 20:00:00,Chelsea,Man United,Stamford Bridge,True
2019-20,2019,26,2020-02-19 19:30:00,Man City,West Ham,Etihad Stadium,True
2019-20,2019,27,2020-02-22 12:30:00,Chelsea,Tottenham,Stamford Bridge,True
2019-20,2019,27,2020-02-22 15:00:00,Burnley,Bournemouth,Turf Moor,True
2019-20,2019,27,2020-02-22 15:00:00,Crystal Palace,Newcastle,Selhurst Park,True
2019-20,2019,27,2020-02-22 15:00:00,Sheffield United,Brighton,Bramall Lane,True
2019-20,2019,27,2020-02-22 15:00:00,Southampton,Aston Villa,St. Mary's Stadium,True
2019-20,2019,27,2020-02-22 17:30:00,Leicester,Man City,King Power Stadium,True
2019-20,2019,27,2020-02-23 14:00:00,Man United,Watford,Old Trafford,True
2019-20,2019,27,2020-02-23 14:00:00,Wolves,Norwich,Molineux Stadium,True
2019-20,2019,27,2020-02-23 16:30:00,Arsenal,Everton,Emirates Stadium,True
2019-20,2019,27,2020-02-24 20:00:00,Liverpool,West Ham,Anfield,True
2019-20,2019,28,2020-02-28 20:00:00,Norwich,Leicester,Carrow Road,True
2019-20,2019,28,2020-02-29 12:30:00,Brighton,Crystal Palace,Amex Stadium,True
2019-20,2019,28,2020-02-29 15:00:00,Bournemouth,Chelsea,Vitality Stadium,True
2019-20,2019,28,2020-02-29 15:00:00,Newcastle,Burnley,St. James' Park,True
2019-20,2019,28,2020-02-29 15:00:00,West Ham,Southampton,London Stadium,True
2019-20,2019,28,2020-02-29 17:30:00,Watford,Liverpool,Vicarage Road,True
2019-20,2019,28,2020-03-01 14:00:00,Everton,Man United,Goodison Park,True
2019-20,2019,28,2020-03-01 14:00:00,Tottenham,Wolves,Tottenham Hotspur Stadium,True
2019-20,2019,29,2020-03-07 12:30:00,Liverpool,Bournemouth,Anfield,True
2019-20,2019,29,2020-03-07 15:00:00,Arsenal,West Ham,Emirates Stadium,True
2019-20,2019,29,2020-03-07 15:00:00,Crystal Palace,Watford,Selhurst Park,True
2019-20,2019,29,2020-03-07 15:00:00,Sheffield United,Norwich,Bramall Lane,True
2019-20,2019,29,2020-03-07 15:00:00,Southampton,Newcastle,St. Mary's Stadium,True
2019-20,2019,29,2020-03-07 15:00:00,Wolves,Brighton,Molineux Stadium,True
2019-20,2019,29,2020-03-07 17:30:00,Burnley,Tottenham,Turf Moor,True
2019-20,2019,29,2020-03-08 14:00:00,Chelsea,Everton,Stamford Bridge,True
2019-20,2019,29,2020-03-08 16:30:00,Man United,Man City,Old Trafford,True
2019-20,2019,29,2020-03-09 20:00:00,Leicester,Aston Villa,King Power Stadium,True
2019-20,2019,30,2020-06-17 18:00:00,Aston Villa,Sheffield United,Villa Park,True
2019-20,2019,30,2020-06-17 20:15:00,Man City,Arsenal,Etihad Stadium,True
2019-20,2019,30,2020-06-19 18:00:00,Norwich,Southampton,Carrow Road,True
2019-20,2019,30,2020-06-19 20:15:00,Tottenham,Man United,Tottenham Hotspur Stadium,True
2019-20,2019,30,2020-06-20 12:30:00,Watford,Leicester,Vicarage Road,True
2019-20,2019,30,2020-06-20 15:00:00,Brighton,Arsenal,Amex Stadium,True
2019-20,2019,30,2020-06-20 17:30:00,West Ham,Wolves,London Stadium,True
2019-20,2019,30,2020-06-20 19:45:00,Bournemouth,Crystal Palace,Vitality Stadium,True
2019-20,2019,30,2020-06-21 14:00:00,Newcastle,Sheffield United,St. James' Park,True
2019-20,2019,30,2020-06-21 16:15:00,Aston Villa,Chelsea,Villa Park,True
2019-20,2019,30,2020-06-21 19:00:00,Everton,Liverpool,Goodison Park,True
2019-20,2019,30,2020-06-22 20:00:00,Man City,Burnley,Etihad Stadium,True
2019-20,2019,31,2020-06-23 18:00:00,Leicester,Brighton,King Power Stadium,True
2019-20,2019,31,2020-06-23 20:15:00,Tottenham,West Ham,Tottenham Hotspur Stadium,True
2019-20,2019,31,2020-06-24 18:00:00,Man United,Sheffield United,Old Trafford,True
2019-20,2019,31,2020-06-24 18:00:00,Newcastle,Aston Villa,St. James' Park,True
2019-20,2019,31,2020-06-24 18:00:00,Norwich,Everton,Carrow Road,True
2019-20,2019,31,2020-06-24 18:00:00,Wolves,Bournemouth,Molineux Stadium,True
2019-20,2019,31,2020-06-24 20:15:00,Liverpool,Crystal Palace,Anfield,True
2019-20,2019,31,2020-06-25 18:00:00,Burnley,Watford,Turf Moor,True
2019-20,2019,31,2020-06-25 18:00:00,Southampton,Arsenal,St. Mary's Stadium,True
2019-20,2019,31,2020-06-25 20:15:00,Chelsea,Man City,Stamford Bridge,True
2019-20,2019,32,2020-06-27 12:30:00,Aston Villa,Wolves,Villa Park,True
2019-20,2019,32,2020-06-28 16:30:00,Watford,Southampton,Vicarage Road,True
2019-20,2019,32,2020-06-29 20:00:00,Crystal Palace,Burnley,Selhurst Park,True
2019-20,2019,32,2020-06-30 20:15:00,Brighton,Man United,Amex Stadium,True
2019-20,2019,32,2020-07-01 18:00:00,Bournemouth,Newcastle,Vitality Stadium,True
2019-20,2019,32,2020-07-01 18:00:00,Arsenal,Norwich,Emirates Stadium,True
2019-20,2019,32,2020-07-01 18:00:00,Everton,Leicester,Goodison Park,True
2019-20,2019,32,2020-07-01 20:15:00,West Ham,Chelsea,London Stadium,True
2019-20,2019,32,2020-07-02 18:00:00,Sheffield United,Tottenham,Bramall Lane,True
2019-20,2019,32,2020-07-02 20:15:00,Man City,Liverpool,Etihad Stadium,True
2019-20,2019,33,2020-07-04 12:30:00,Norwich,Brighton,Carrow Road,True
2019-20,2019,33,2020-07-04 15:00:00,Leicester,Crystal Palace,King Power Stadium,True
2019-20,2019,33,2020-07-04 15:00:00,Man United,Bournemouth,Old Trafford,True
2019-20,2019,33,2020-07-04 17:30:00,Wolves,Arsenal,Molineux Stadium,True
2019-20,2019,33,2020-07-04 20:00:00,Chelsea,Watford,Stamford Bridge,True
2019-20,2019,33,2020-07-05 12:00:00,Burnley,Sheffield United,Turf Moor,True
2019-20,2019,33,2020-07-05 14:15:00,Newcastle,West Ham,St. James' Park,True
2019-20,2019,33,2020-07-05 16:30:00,Liverpool,Aston Villa,Anfield,True
2019-20,2019,33,2020-07-05 19:00:00,Southampton,Man City,St. Mary's Stadium,True
2019-20,2019,33,2020-07-06 20:00:00,Tottenham,Everton,Tottenham Hotspur Stadium,True
2019-20,2019,34,2020-07-07 18:00:00,Crystal Palace,Chelsea,Selhurst Park,True
2019-20,2019,34,2020-07-07 18:00:00,Watford,Norwich,Vicarage Road,True
2019-20,2019,34,2020-07-07 20:15:00,Arsenal,Leicester,Emirates Stadium,True
2019-20,2019,34,2020-07-08 18:00:00,Man City,Newcastle,Etihad Stadium,True
2019-20,2019,34,2020-07-08 18:00:00,Sheffield United,Wolves,Bramall Lane,True
2019-20,2019,34,2020-07-08 18:00:00,West Ham,Burnley,London Stadium,True
2019-20,2019,34,2020-07-08 20:15:00,Brighton,Liverpool,Amex Stadium,True
2019-20,2019,34,2020-07-09 18:00:00,Bournemouth,Tottenham,Vitality Stadium,True
2019-20,2019,34,2020-07-09 18:00:00,Everton,Southampton,Goodison Park,True
2019-20,2019,34,2020-07-09 20:15:00,Aston Villa,Man United,Villa Park,True
2019-20,2019,35,2020-07-11 12:30:00,Norwich,West Ham,Carrow Road,True
2019-20,2019,35,2020-07-11 12:30:00,Watford,Newcastle,Vicarage Road,True
2019-20,2019,35,2020-07-11 15:00:00,Liverpool,Burnley,Anfield,True
2019-20,2019,35,2020-07-11 17:30:00,Sheffield United,Chelsea,Bramall Lane,True
2019-20,2019,35,2020-07-11 20:00:00,Brighton,Man City,Amex Stadium,True
2019-20,2019,35,2020-07-12 12:00:00,Wolves,Everton,Molineux Stadium,True
2019-20,2019,35,2020-07-12 14:15:00,Aston Villa,Crystal Palace,Villa Park,True
2019-20,2019,35,2020-07-12 16:30:00,Tottenham,Arsenal,Tottenham Hotspur Stadium,True
2019-20,2019,35,2020-07-12 19:00:00,Bournemouth,Leicester,Vitality Stadium,True
2019-20,2019,35,2020-07-13 20:00:00,Man United,Southampton,Old Trafford,True
2019-20,2019,36,2020-07-14 20:15:00,Chelsea,Norwich,Stamford Bridge,True
2019-20,2019,36,2020-07-15 18:00:00,Burnley,Wolves,Turf Moor,True
2019-20,2019,36,2020-07-15 18:00:00,Man City,Bournemouth,Etihad Stadium,True
2019-20,2019,36,2020-07-15 18:00:00,Newcastle,Tottenham,St. James' Park,True
2019-20,2019,36,2020-07-15 20:15:00,Arsenal,Liverpool,Emirates Stadium,True
2019-20,2019,36,2020-07-16 18:00:00,Everton,Aston Villa,Goodison Park,True
2019-20,2019,36,2020-07-16 18:00:00,Leicester,Sheffield United,King Power Stadium,True
2019-20,2019,36,2020-07-16 20:15:00,Crystal Palace,Man United,Selhurst Park,True
2019-20,2019,36,2020-07-16 20:15:00,Southampton,Brighton,St. Mary's Stadium,True
2019-20,2019,36,2020-07-17 20:00:00,West Ham,Watford,London Stadium,True
2019-20,2019,37,2020-07-18 17:30:00,Norwich,Burnley,Carrow Road,True
2019-20,2019,37,2020-07-19 14:00:00,Bournemouth,Southampton,Vitality Stadium,True
2019-20,2019,37,2020-07-19 16:00:00,Tottenham,Leicester,Tottenham Hotspur Stadium,True
2019-20,2019,37,2020-07-20 18:00:00,Brighton,Newcastle,Amex Stadium,True
2019-20,2019,37,2020-07-20 18:00:00,Sheffield United,Everton,Bramall Lane,True
2019-20,2019,37,2020-07-20 20:15:00,Wolves,Crystal Palace,Molineux Stadium,True
2019-20,2019,37,2020-07-21 18:00:00,Watford,Man City,Vicarage Road,True
2019-20,2019,37,2020-07-21 20:15:00,Aston Villa,Arsenal,Villa Park,True
2019-20,2019,37,2020-07-22 18:00:00,Man United,West Ham,Old Trafford,True
2019-20,2019,37,2020-07-22 20:15:00,Liverpool,Chelsea,Anfield,True
2019-20,2019,38,2020-07-26 16:00:00,Arsenal,Watford,Emirates Stadium,True
2019-20,2019,38,2020-07-26 16:00:00,Burnley,Brighton,Turf Moor,True
2019-20,2019,38,2020-07-26 16:00:00,Chelsea,Wolves,Stamford Bridge,True
2019-20,2019,38,2020-07-26 16:00:00,Crystal Palace,Tottenham,Selhurst Park,True
2019-20,2019,38,2020-07-26 16:00:00,Everton,Bournemouth,Goodison Park,True
2019-20,2019,38,2020-07-26 16:00:00,Leicester,Man United,King Power Stadium,True
2019-20,2019,38,2020-07-26 16:00:00,Man City,Norwich,Etihad Stadium,True
2019-20,2019,38,2020-07-26 16:00:00,Newcastle,Liverpool,St. James' Park,True
2019-20,2019,38,2020-07-26 16:00:00,Southampton,Sheffield United,St. Mary's Stadium,True
2019-20,2019,38,2020-07-26 16:00:00,West Ham,Aston Villa,London Stadium,True
2020-21,2020,1,2020-09-12 12:30:00,Fulham,Arsenal,Craven Cottage,True
2020-21,2020,1,2020-09-12 15:00:00,Crystal Palace,Southampton,Selhurst Park,True
2020-21,2020,1,2020-09-12 17:30:00,Liverpool,Leeds,Anfield,True
2020-21,2020,1,2020-09-12 20:00:00,West Ham,Newcastle,London Stadium,True
2020-21,2020,1,2020-09-13 14:00:00,West Brom,Leicester,The Hawthorns,True
2020-21,2020,1,2020-09-13 16:30:00,Tottenham,Everton,Tottenham Hotspur Stadium,True
2020-21,2020,1,2020-09-14 18:00:00,Sheffield United,Wolves,Bramall Lane,True
2020-21,2020,1,2020-09-14 20:15:00,Brighton,Chelsea,Amex Stadium,True
2020-21,2020,2,2020-09-19 12:30:00,Everton,West Brom,Goodison Park,True
2020-21,2020,2,2020-09-19 15:00:00,Leeds,Fulham,Elland Road,True
2020-21,2020,2,2020-09-19 17:30:00,Man United,Crystal Palace,Old Trafford,True
2020-21,2020,2,2020-09-19 20:00:00,Arsenal,West Ham,Emirates Stadium,True
2020-21,2020,2,2020-09-20 12:00:00,Southampton,Tottenham,St. Mary's Stadium,True
2020-21,2020,2,2020-09-20 14:00:00,Newcastle,Brighton,St. James' Park,True
2020-21,2020,2,2020-09-20 16:30:00,Chelsea,Liverpool,Stamford Bridge,True
2020-21,2020,2,2020-09-20 19:00:00,Leicester,Burnley,King Power Stadium,True
2020-21,2020,2,2020-09-21 18:00:00,Aston Villa,Sheffield United,Villa Park,True
2020-21,2020,2,2020-09-21 20:15:00,Wolves,Man City,Molineux Stadium,True
2020-21,2020,3,2020-09-26 12:30:00,Brighton,Man United,Amex Stadium,True
2020-21,2020,3,2020-09-26 15:00:00,Crystal Palace,Everton,Selhurst Park,True
2020-21,2020,3,2020-09-26 17:30:00,West Brom,Chelsea,The Hawthorns,True
2020-21,2020,3,2020-09-26 20:00:00,Burnley,Southampton,Turf Moor,True
2020-21,2020,3,2020-09-27 12:00:00,Sheffield United,Leeds,Bramall Lane,True
2020-21,2020,3,2020-09-27 14:00:00,Tottenham,Newcastle,Tottenham Hotspur Stadium,True
2020-21,2020,3,2020-09-27 16:30:00,Man City,Leicester,Etihad Stadium,True
2020-21,2020,3,2020-09-27 19:00:00,West Ham,Wolves,London Stadium,True
2020-21,2020,3,2020-09-28 17:45:00,Fulham,Aston Villa,Craven Cottage,True
2020-21,2020,3,2020-09-28 20:00:00,Liverpool,Arsenal,Anfield,True
2020-21,2020,4,2020-10-03 12:30:00,Chelsea,Crystal Palace,Stamford Bridge,True
2020-21,2020,4,2020-10-03 15:00:00,Everton,Brighton,Goodison Park,True
2020-21,2020,4,2020-10-03 17:30:00,Leeds,Man City,Elland Road,True
2020-21,2020,4,2020-10-03 20:00:00,Newcastle,Burnley,St. James' Park,True
2020-21,2020,4,2020-10-04 12:00:00,Leicester,West Ham,King Power Stadium,True
2020-21,2020,4,2020-10-04 12:00:00,Southampton,West Brom,St. Mary's Stadium,True
2020-21,2020,4,2020-10-04 14:00:00,Arsenal,Sheffield United,Emirates Stadium,True
2020-21,2020,4,2020-10-04 14:00:00,Wolves,Fulham,Molineux Stadium,True
2020-21,2020,4,2020-10-04 16:30:00,Man United,Tottenham,Old Trafford,True
2020-21,2020,4,2020-10-04 19:15:00,Aston Villa,Liverpool,Villa Park,True
2020-21,2020,5,2020-10-17 12:30:00,Everton,Liverpool,Goodison Park,True
2020-21,2020,5,2020-10-17 15:00:00,Chelsea,Southampton,Stamford Bridge,True
2020-21,2020,5,2020-10-17 17:30:00,Man City,Arsenal,Etihad Stadium,True
2020-21,2020,5,2020-10-17 20:00:00,Newcastle,Man United,St. James' Park,True
2020-21,2020,5,2020-10-18 12:00:00,Sheffield United,Fulham,Bramall Lane,True
2020-21,2020,5,2020-10-18 14:00:00,Crystal Palace,Brighton,Selhurst Park,True
2020-21,2020,5,2020-10-18 16:30:00,Tottenham,West Ham,Tottenham Hotspur Stadium,True
2020-21,2020,5,2020-10-18 19:15:00,Leicester,Aston Villa,King Power Stadium,True
2020-21,2020,5,2020-10-19 17:30:00,West Brom,Burnley,The Hawthorns,True
2020-21,2020,5,2020-10-19 20:00:00,Leeds,Wolves,Elland Road,True
2020-21,2020,6,2020-10-23 20:00:00,Aston Villa,Leeds,Villa Park,True
2020-21,2020,6,2020-10-24 12:30:00,West Ham,Man City,London Stadium,True
2020-21,2020,6,2020-10-24 15:00:00,Fulham,Crystal Palace,Craven Cottage,True
2020-21,2020,6,2020-10-24 17:30:00,Man United,Chelsea,Old Trafford,True
2020-21,2020,6,2020-10-24 20:00:00,Liverpool,Sheffield United,Anfield,True
2020-21,2020,6,2020-10-25 14:00:00,Southampton,Everton,St. Mary's Stadium,True
2020-21,2020,6,2020-10-25 16:30:00,Wolves,Newcastle,Molineux Stadium,True
2020-21,2020,6,2020-10-25 19:15:00,Arsenal,Leicester,Emirates Stadium,True
2020-21,2020,6,2020-10-26 17:30:00,Brighton,West Brom,Amex Stadium,True
2020-21,2020,6,2020-10-26 20:00:00,Burnley,Tottenham,Turf Moor,True
2020-21,2020,7,2020-10-30 20:00:00,Wolves,Crystal Palace,Molineux Stadium,True
2020-21,2020,7,2020-10-31 12:30:00,Sheffield United,Man City,Bramall Lane,True
2020-21,2020,7,2020-10-31 15:00:00,Burnley,Chelsea,Turf Moor,True
2020-21,2020,7,2020-10-31 17:30:00,Liverpool,West Ham,Anfield,True
2020-21,2020,7,2020-11-01 12:00:00,Aston Villa,Southampton,Villa Park,True
2020-21,2020,7,2020-11-01 14:00:00,Newcastle,Everton,St. James' Park,True
2020-21,2020,7,2020-11-01 16:30:00,Man United,Arsenal,Old Trafford,True
2020-21,2020,7,2020-11-01 19:15:00,Tottenham,Brighton,Tottenham Hotspur Stadium,True
2020-21,2020,7,2020-11-02 17:30:00,Fulham,West Brom,Craven Cottage,True
2020-21,2020,7,2020-11-02 20:00:00,Leeds,Leicester,Elland Road,True
2020-21,2020,8,2020-11-06 17:30:00,Brighton,Burnley,Amex Stadium,True
2020-21,2020,8,2020-11-06 20:00:00,Southampton,Newcastle,St. Mary's Stadium,True
2020-21,2020,8,2020-11-07 12:30:00,Everton,Man United,Goodison Park,True
2020-21,2020,8,2020-11-07 15:00:00,Crystal Palace,Leeds,Selhurst Park,True
2020-21,2020,8,2020-11-07 17:30:00,Chelsea,Sheffield United,Stamford Bridge,True
2020-21,2020,8,2020-11-07 20:00:00,West Ham,Fulham,London Stadium,True
2020-21,2020,8,2020-11-08 12:00:00,West Brom,Tottenham,The Hawthorns,True
2020-21,2020,8,2020-11-08 14:00:00,Leicester,Wolves,King Power Stadium,True
2020-21,2020,8,2020-11-08 16:30:00,Man City,Liverpool,Etihad Stadium,True
2020-21,2020,8,2020-11-08 19:15:00,Arsenal,Aston Villa,Emirates Stadium,True
2020-21,2020,9,2020-11-21 12:30:00,Newcastle,Chelsea,St. James' Park,True
2020-21,2020,9,2020-11-21 15:00:00,Aston Villa,Brighton,Villa Park,True
2020-21,2020,9,2020-11-21 17:30:00,Tottenham,Man City,Tottenham Hotspur Stadium,True
2020-21,2020,9,2020-11-21 20:00:00,Man United,West Brom,Old Trafford,True
2020-21,2020,9,2020-11-22 12:00:00,Fulham,Everton,Craven Cottage,True
2020-21,2020,9,2020-11-22 14:00:00,Sheffield United,West Ham,Bramall Lane,True
2020-21,2020,9,2020-11-22 16:30:00,Leeds,Arsenal,Elland Road,True
2020-21,2020,9,2020-11-22 19:15:00,Liverpool,Leicester,Anfield,True
2020-21,2020,9,2020-11-23 17:30:00,Burnley,Crystal Palace,Turf Moor,True
2020-21,2020,9,2020-11-23 20:00:00,Wolves,Southampton,Molineux Stadium,True
2020-21,2020,10,2020-11-27 20:00:00,Crystal Palace,Newcastle,Selhurst Park,True
2020-21,2020,10,2020-11-28 12:30:00,Brighton,Liverpool,Amex Stadium,True
2020-21,2020,10,2020-11-28 15:00:00,Man City,Burnley,Etihad Stadium,True
2020-21,2020,10,2020-11-28 17:30:00,Everton,Leeds,Goodison Park,True
2020-21,2020,10,2020-11-28 20:00:00,West Brom,Sheffield United,The Hawthorns,True
2020-21,2020,10,2020-11-29 14:00:00,Southampton,Man United,St. Mary's Stadium,True
2020-21,2020,10,2020-11-29 16:30:00,Chelsea,Tottenham,Stamford Bridge,True
2020-21,2020,10,2020-11-29 19:15:00,Arsenal,Wolves,Emirates Stadium,True
2020-21,2020,10,2020-11-30 17:30:00,Leicester,Fulham,King Power Stadium,True
2020-21,2020,10,2020-11-30 20:00:00,West Ham,Aston Villa,London Stadium,True
2020-21,2020,11,2020-12-05 12:30:00,Burnley,Everton,Turf Moor,True
2020-21,2020,11,2020-12-05 15:00:00,Man City,Fulham,Etihad Stadium,True
2020-21,2020,11,2020-12-05 17:30:00,West Ham,Man United,London Stadium,True
2020-21,2020,11,2020-12-05 20:00:00,Chelsea,Leeds,Stamford Bridge,True
2020-21,2020,11,2020-12-06 12:00:00,West Brom,Crystal Palace,The Hawthorns,True
2020-21,2020,11,2020-12-06 14:15:00,Sheffield United,Leicester,Bramall Lane,True
2020-21,2020,11,2020-12-06 16:30:00,Tottenham,Arsenal,Tottenham Hotspur Stadium,True
2020-21,2020,11,2020-12-06 19:15:00,Liverpool,Wolves,Anfield,True
2020-21,2020,11,2020-12-07 20:00:00,Brighton,Southampton,Amex Stadium,True
2020-21,2020,12,2020-12-11 20:00:00,Leeds,West Ham,Elland Road,True
2020-21,2020,12,2020-12-12 12:30:00,Wolves,Aston Villa,Molineux Stadium,True
2020-21,2020,12,2020-12-12 15:00:00,Newcastle,West Brom,St. James' Park,True
2020-21,2020,12,2020-12-12 17:30:00,Man United,Man City,Old Trafford,True
2020-21,2020,12,2020-12-12 20:00:00,Everton,Chelsea,Goodison Park,True
2020-21,2020,12,2020-12-13 12:00:00,Southampton,Sheffield United,St. Mary's Stadium,True
2020-21,2020,12,2020-12-13 14:15:00,Crystal Palace,Tottenham,Selhurst Park,True
2020-21,2020,12,2020-12-13 16:30:00,Fulham,Liverpool,Craven Cottage,True
2020-21,2020,12,2020-12-13 19:15:00,Arsenal,Burnley,Emirates Stadium,True
2020-21,2020,12,2020-12-13 19:15:00,Leicester,Brighton,King Power Stadium,True
2020-21,2020,13,2020-12-15 18:00:00,Wolves,Chelsea,Molineux Stadium,True
2020-21,2020,13,2020-12-15 20:00:00,Man City,West Brom,Etihad Stadium,True
2020-21,2020,13,2020-12-16 18:00:00,Arsenal,Southampton,Emirates Stadium,True
2020-21,2020,13,2020-12-16 18:00:00,Leeds,Newcastle,Elland Road,True
2020-21,2020,13,2020-12-16 18:00:00,Leicester,Everton,King Power Stadium,True
2020-21,2020,13,2020-12-16 20:00:00,Fulham,Brighton,Craven Cottage,True
2020-21,2020,13,2020-12-16 20:00:00,West Ham,Crystal Palace,London Stadium,True
2020-21,2020,13,2020-12-16 20:00:00,Liverpool,Tottenham,Anfield,True
2020-21,2020,13,2020-12-17 18:00:00,Aston Villa,Burnley,Villa Park,True
2020-21,2020,13,2020-12-17 20:00:00,Sheffield United,Man United,Bramall Lane,True
2020-21,2020,14,2020-12-19 12:30:00,Crystal Palace,Liverpool,Selhurst Park,True
2020-21,2020,14,2020-12-19 15:00:00,Southampton,Man City,St. Mary's Stadium,True
2020-21,2020,14,2020-12-19 17:30:00,Everton,Arsenal,Goodison Park,True
2020-21,2020,14,2020-12-19 20:00:00,Newcastle,Fulham,St. James' Park,True
2020-21,2020,14,2020-12-20 12:00:00,Brighton,Sheffield United,Amex Stadium,True
2020-21,2020,14,2020-12-20 14:15:00,Tottenham,Leicester,Tottenham Hotspur Stadium,True
2020-21,2020,14,2020-12-20 16:30:00,Man United,Leeds,Old Trafford,True
2020-21,2020,14,2020-12-20 19:15:00,West Brom,Aston Villa,The Hawthorns,True
2020-21,2020,14,2020-12-21 17:30:00,Burnley,Wolves,Turf Moor,True
2020-21,2020,14,2020-12-21 20:00:00,Chelsea,West Ham,Stamford Bridge,True
2020-21,2020,15,2020-12-26 12:30:00,Leicester,Man United,King Power Stadium,True
2020-21,2020,15,2020-12-26 15:00:00,Aston Villa,Crystal Palace,Villa Park,True
2020-21,2020,15,2020-12-26 15:00:00,Fulham,Southampton,Craven Cottage,True
2020-21,2020,15,2020-12-26 17:30:00,Arsenal,Chelsea,Emirates Stadium,True
2020-21,2020,15,2020-12-26 20:00:00,Man City,Newcastle,Etihad Stadium,True
2020-21,2020,15,2020-12-26 20:00:00,Sheffield United,Everton,Bramall Lane,True
2020-21,2020,15,2020-12-27 12:00:00,Leeds,Burnley,Elland Road,True
2020-21,2020,15,2020-12-27 14:15:00,West Ham,Brighton,London Stadium,True
2020-21,2020,15,2020-12-27 16:30:00,Liverpool,West Brom,Anfield,True
2020-21,2020,15,2020-12-27 19:15:00,Wolves,Tottenham,Molineux Stadium,True
2020-21,2020,16,2020-12-28 15:00:00,Crystal Palace,Leicester,Selhurst Park,True
2020-21,2020,16,2020-12-28 17:30:00,Chelsea,Aston Villa,Stamford Bridge,True
2020-21,2020,16,2020-12-29 18:00:00,Brighton,Arsenal,Amex Stadium,True
2020-21,2020,16,2020-12-29 18:00:00,Burnley,Sheffield United,Turf Moor,True
2020-21,2020,16,2020-12-29 18:00:00,Southampton,West Ham,St. Mary's Stadium,True
2020-21,2020,16,2020-12-29 18:00:00,West Brom,Leeds,The Hawthorns,True
2020-21,2020,16,2020-12-29 20:00:00,Man United,Wolves,Old Trafford,True
2020-21,2020,16,2020-12-30 20:00:00,Newcastle,Liverpool,St. James' Park,True
2020-21,2020,17,2021-01-01 17:30:00,Everton,West Ham,Goodison Park,True
2020-21,2020,17,2021-01-01 20:00:00,Man United,Aston Villa,Old Trafford,True
2020-21,2020,17,2021-01-02 12:30:00,Tottenham,Leeds,Tottenham Hotspur Stadium,True
2020-21,2020,17,2021-01-02 15:00:00,Crystal Palace,Sheffield United,Selhurst Park,True
2020-21,2020,17,2021-01-02 17:30:00,Brighton,Wolves,Amex Stadium,True
2020-21,2020,17,2021-01-02 20:00:00,West Brom,Arsenal,The Hawthorns,True
2020-21,2020,17,2021-01-03 14:15:00,Newcastle,Leicester,St. James' Park,True
2020-21,2020,17,2021-01-03 16:30:00,Chelsea,Man City,Stamford Bridge,True
2020-21,2020,17,2021-01-04 20:00:00,Southampton,Liverpool,St. Mary's Stadium,True
2020-21,2020,18,2021-01-12 18:00:00,Sheffield United,Newcastle,Bramall Lane,True
2020-21,2020,18,2021-01-12 20:15:00,Burnley,Man United,Turf Moor,True
2020-21,2020,18,2021-01-12 20:15:00,Wolves,Everton,Molineux Stadium,True
2020-21,2020,18,2021-01-13 18:00:00,Man City,Brighton,Etihad Stadium,True
2020-21,2020,18,2021-01-13 20:15:00,Tottenham,Fulham,Tottenham Hotspur Stadium,True
2020-21,2020,18,2021-01-14 20:00:00,Arsenal,Crystal Palace,Emirates Stadium,True
2020-21,2020,19,2021-01-16 12:30:00,Wolves,West Brom,Molineux Stadium,True
2020-21,2020,19,2021-01-16 15:00:00,Leeds,Brighton,Elland Road,True
2020-21,2020,19,2021-01-16 15:00:00,West Ham,Burnley,London Stadium,True
2020-21,2020,19,2021-01-16 17:30:00,Fulham,Chelsea,Craven Cottage,True
2020-21,2020,19,2021-01-16 20:00:00,Leicester,Southampton,King Power Stadium,True
2020-21,2020,19,2021-01-17 14:00:00,Sheffield United,Tottenham,Bramall Lane,True
2020-21,2020,19,2021-01-17 16:30:00,Liverpool,Man United,Anfield,True
2020-21,2020,19,2021-01-17 19:15:00,Man City,Crystal Palace,Etihad Stadium,True
2020-21,2020,19,2021-01-18 20:00:00,Arsenal,Newcastle,Emirates Stadium,True
2020-21,2020,19,2021-01-19 18:00:00,West Ham,West Brom,London Stadium,True
2020-21,2020,19,2021-01-19 20:15:00,Leicester,Chelsea,King Power Stadium,True
2020-21,2020,19,2021-01-20 18:00:00,Man City,Aston Villa,Etihad Stadium,True
2020-21,2020,19,2021-01-20 20:15:00,Fulham,Man United,Craven Cottage,True
2020-21,2020,19,2021-01-21 20:00:00,Liverpool,Burnley,Anfield,True
2020-21,2020,19,2021-01-23 20:00:00,Aston Villa,Newcastle,Villa Park,True
2020-21,2020,20,2021-01-26 18:00:00,Newcastle,Leeds,St. James' Park,True
2020-21,2020,20,2021-01-26 18:00:00,Crystal Palace,West Ham,Selhurst Park,True
2020-21,2020,20,2021-01-26 20:15:00,West Brom,Man City,The Hawthorns,True
2020-21,2020,20,2021-01-26 20:15:00,Southampton,Arsenal,St. Mary's Stadium,True
2020-21,2020,20,2021-01-27 18:00:00,Burnley,Aston Villa,Turf Moor,True
2020-21,2020,20,2021-01-27 18:00:00,Chelsea,Wolves,Stamford Bridge,True
2020-21,2020,20,2021-01-27 19:30:00,Brighton,Fulham,Amex Stadium,True
2020-21,2020,20,2021-01-27 20:15:00,Everton,Leicester,Goodison Park,True
2020-21,2020,20,2021-01-27 20:15:00,Man United,Sheffield United,Old Trafford,True
2020-21,2020,20,2021-01-28 20:00:00,Tottenham,Liverpool,Tottenham Hotspur Stadium,True
2020-21,2020,21,2021-01-30 12:30:00,Everton,Newcastle,Goodison Park,True
2020-21,2020,21,2021-01-30 15:00:00,Crystal Palace,Wolves,Selhurst Park,True
2020-21,2020,21,2021-01-30 15:00:00,Man City,Sheffield United,Etihad Stadium,True
2020-21,2020,21,2021-01-30 15:00:00,West Brom,Fulham,The Hawthorns,True
2020-21,2020,21,2021-01-30 17:30:00,Arsenal,Man United,Emirates Stadium,True
2020-21,2020,21,2021-01-30 20:00:00,Southampton,Aston Villa,St. Mary's Stadium,True
2020-21,2020,21,2021-01-31 12:00:00,Chelsea,Burnley,Stamford Bridge,True
2020-21,2020,21,2021-01-31 14:00:00,Leicester,Leeds,King Power Stadium,True
2020-21,2020,21,2021-01-31 16:30:00,West Ham,Liverpool,London Stadium,True
2020-21,2020,21,2021-01-31 19:15:00,Brighton,Tottenham,Amex Stadium,True
2020-21,2020,22,2021-02-02 18:00:00,Sheffield United,West Brom,Bramall Lane,True
2020-21,2020,22,2021-02-02 18:00:00,Wolves,Arsenal,Molineux Stadium,True
2020-21,2020,22,2021-02-02 20:15:00,Man United,Southampton,Old Trafford,True
2020-21,2020,22,2021-02-02 20:15:00,Newcastle,Crystal Palace,St. James' Park,True
2020-21,2020,22,2021-02-03 18:00:00,Burnley,Man City,Turf Moor,True
2020-21,2020,22,2021-02-03 18:00:00,Fulham,Leicester,Craven Cottage,True
2020-21,2020,22,2021-02-03 19:30:00,Leeds,Everton,Elland Road,True
2020-21,2020,22,2021-02-03 20:15:00,Aston Villa,West Ham,Villa Park,True
2020-21,2020,22,2021-02-03 20:15:00,Liverpool,Brighton,Anfield,True
2020-21,2020,22,2021-02-04 20:00:00,Tottenham,Chelsea,Tottenham Hotspur Stadium,True
2020-21,2020,23,2021-02-06 12:30:00,Aston Villa,Arsenal,Villa Park,True
2020-21,2020,23,2021-02-06 15:00:00,Burnley,Brighton,Turf Moor,True
2020-21,2020,23,2021-02-06 15:00:00,Newcastle,Southampton,St. James' Park,True
2020-21,2020,23,2021-02-06 17:30:00,Fulham,West Ham,Craven Cottage,True
2020-21,2020,23,2021-02-06 20:00:00,Man United,Everton,Old Trafford,True
2020-21,2020,23,2021-02-07 12:00:00,Tottenham,West Brom,Tottenham Hotspur Stadium,True
2020-21,2020,23,2021-02-07 14:00:00,Wolves,Leicester,Molineux Stadium,True
2020-21,2020,23,2021-02-07 16:30:00,Liverpool,Man City,Anfield,True
2020-21,2020,23,2021-02-07 19:15:00,Sheffield United,Chelsea,Bramall Lane,True
2020-21,2020,23,2021-02-08 20:00:00,Leeds,Crystal Palace,Elland Road,True
2020-21,2020,24,2021-02-13 12:30:00,Leicester,Liverpool,King Power Stadium,True
2020-21,2020,24,2021-02-13 15:00:00,Crystal Palace,Burnley,Selhurst Park,True
2020-21,2020,24,2021-02-13 17:30:00,Man City,Tottenham,Etihad Stadium,True
2020-21,2020,24,2021-02-13 20:00:00,Brighton,Aston Villa,Amex Stadium,True
2020-21,2020,24,2021-02-14 12:00:00,Southampton,Wolves,St. Mary's Stadium,True
2020-21,2020,24,2021-02-14 14:00:00,West Brom,Man United,The Hawthorns,True
2020-21,2020,24,2021-02-14 16:30:00,Arsenal,Leeds,Emirates Stadium,True
2020-21,2020,24,2021-02-14 19:00:00,Everton,Fulham,Goodison Park,True
2020-21,2020,24,2021-02-15 18:00:00,West Ham,Sheffield United,London Stadium,True
2020-21,2020,24,2021-02-15 20:00:00,Chelsea,Newcastle,Stamford Bridge,True
2020-21,2020,24,2021-02-17 18:00:00,Burnley,Fulham,Turf Moor,True
2020-21,2020,24,2021-02-17 20:15:00,Everton,Man City,Goodison Park,True
2020-21,2020,25,2021-02-19 20:00:00,Wolves,Leeds,Molineux Stadium,True
2020-21,2020,25,2021-02-20 12:30:00,Southampton,Chelsea,St. Mary's Stadium,True
2020-21,2020,25,2021-02-20 15:00:00,Burnley,West Brom,Turf Moor,True
2020-21,2020,25,2021-02-20 17:30:00,Liverpool,Everton,Anfield,True
2020-21,2020,25,2021-02-20 20:00:00,Fulham,Sheffield United,Craven Cottage,True
2020-21,2020,25,2021-02-21 12:00:00,West Ham,Tottenham,London Stadium,True
2020-21,2020,25,2021-02-21 14:05:00,Aston Villa,Leicester,Villa Park,True
2020-21,2020,25,2021-02-21 16:30:00,Arsenal,Man City,Emirates Stadium,True
2020-21,2020,25,2021-02-21 19:00:00,Man United,Newcastle,Old Trafford,True
2020-21,2020,25,2021-02-22 20:00:00,Brighton,Crystal Palace,Amex Stadium,True
2020-21,2020,25,2021-02-23 18:00:00,Leeds,Southampton,Elland Road,True
2020-21,2020,26,2021-02-27 12:30:00,Man City,West Ham,Etihad Stadium,True
2020-21,2020,26,2021-02-27 15:00:00,West Brom,Brighton,The Hawthorns,True
2020-21,2020,26,2021-02-27 17:30:00,Leeds,Aston Villa,Elland Road,True
2020-21,2020,26,2021-02-27 20:00:00,Newcastle,Wolves,St. James' Park,True
2020-21,2020,26,2021-02-28 12:00:00,Crystal Palace,Fulham,Selhurst Park,True
2020-21,2020,26,2021-02-28 12:00:00,Leicester,Arsenal,King Power Stadium,True
2020-21,2020,26,2021-02-28 14:00:00,Tottenham,Burnley,Tottenham Hotspur Stadium,True
2020-21,2020,26,2021-02-28 16:30:00,Chelsea,Man United,Stamford Bridge,True
2020-21,2020,26,2021-02-28 19:15:00,Sheffield United,Liverpool,Bramall Lane,True
2020-21,2020,26,2021-03-01 20:00:00,Everton,Southampton,Goodison Park,True
2020-21,2020,26,2021-03-02 20:00:00,Man City,Wolves,Etihad Stadium,True
2020-21,2020,26,2021-03-03 18:00:00,Burnley,Leicester,Turf Moor,True
2020-21,2020,26,2021-03-03 18:00:00,Sheffield United,Aston Villa,Bramall Lane,True
2020-21,2020,26,2021-03-03 20:15:00,Crystal Palace,Man United,Selhurst Park,True
2020-21,2020,26,2021-03-04 18:00:00,West Brom,Everton,The Hawthorns,True
2020-21,2020,26,2021-03-04 18:00:00,Fulham,Tottenham,Craven Cottage,True
2020-21,2020,26,2021-03-04 20:15:00,Liverpool,Chelsea,Anfield,True
2020-21,2020,27,2021-03-06 12:30:00,Burnley,Arsenal,Turf Moor,True
2020-21,2020,27,2021-03-06 15:00:00,Sheffield United,Southampton,Bramall Lane,True
2020-21,2020,27,2021-03-06 17:30:00,Aston Villa,Wolves,Villa Park,True
2020-21,2020,27,2021-03-06 20:00:00,Brighton,Leicester,Amex Stadium,True
2020-21,2020,27,2021-03-07 12:00:00,West Brom,Newcastle,The Hawthorns,True
2020-21,2020,27,2021-03-07 14:00:00,Liverpool,Fulham,Anfield,True
2020-21,2020,27,2021-03-07 16:30:00,Man City,Man United,Etihad Stadium,True
2020-21,2020,27,2021-03-07 19:15:00,Tottenham,Crystal Palace,Tottenham Hotspur Stadium,True
2020-21,2020,27,2021-03-08 18:00:00,Chelsea,Everton,Stamford Bridge,True
2020-21,2020,27,2021-03-08 20:00:00,West Ham,Leeds,London Stadium,True
2020-21,2020,27,2021-03-10 18:00:00,Man City,Southampton,Etihad Stadium,True
2020-21,2020,28,2021-03-12 20:00:00,Newcastle,Aston Villa,St. James' Park,True
2020-21,2020,28,2021-03-13 12:30:00,Leeds,Chelsea,Elland Road,True
2020-21,2020,28,2021-03-13 15:00:00,Crystal Palace,West Brom,Selhurst Park,True
2020-21,2020,28,2021-03-13 17:30:00,Everton,Burnley,Goodison Park,True
2020-21,2020,28,2021-03-13 20:00:00,Fulham,Man City,Craven Cottage,True
2020-21,2020,28,2021-03-14 12:00:00,Southampton,Brighton,St. Mary's Stadium,True
2020-21,2020,28,2021-03-14 14:00:00,Leicester,Sheffield United,King Power Stadium,True
2020-21,2020,28,2021-03-14 16:30:00,Arsenal,Tottenham,Emirates Stadium,True
2020-21,2020,28,2021-03-14 19:15:00,Man United,West Ham,Old Trafford,True
2020-21,2020,28,2021-03-15 20:00:00,Wolves,Liverpool,Molineux Stadium,True
2020-21,2020,29,2021-03-19 20:00:00,Fulham,Leeds,Craven Cottage,True
2020-21,2020,29,2021-03-20 20:00:00,Brighton,Newcastle,Amex Stadium,True
2020-21,2020,29,2021-03-21 15:00:00,West Ham,Arsenal,London Stadium,True
2020-21,2020,29,2021-03-21 19:30:00,Aston Villa,Tottenham,Villa Park,True
2020-21,2020,30,2021-04-03 12:30:00,Chelsea,West Brom,Stamford Bridge,True
2020-21,2020,30,2021-04-03 15:00:00,Leeds,Sheffield United,Elland Road,True
2020-21,2020,30,2021-04-03 17:30:00,Leicester,Man City,King Power Stadium,True
2020-21,2020,30,2021-04-03 20:00:00,Arsenal,Liverpool,Emirates Stadium,True
2020-21,2020,30,2021-04-04 12:00:00,Southampton,Burnley,St. Mary's Stadium,True
2020-21,2020,30,2021-04-04 14:05:00,Newcastle,Tottenham,St. James' Park,True
2020-21,2020,30,2021-04-04 16:30:00,Aston Villa,Fulham,Villa Park,True
2020-21,2020,30,2021-04-04 19:30:00,Man United,Brighton,Old Trafford,True
2020-21,2020,30,2021-04-05 18:00:00,Everton,Crystal Palace,Goodison Park,True
2020-21,2020,30,2021-04-05 20:15:00,Wolves,West Ham,Molineux Stadium,True
2020-21,2020,31,2021-04-09 20:00:00,Fulham,Wolves,Craven Cottage,True
2020-21,2020,31,2021-04-10 12:30:00,Man City,Leeds,Etihad Stadium,True
2020-21,2020,31,2021-04-10 15:00:00,Liverpool,Aston Villa,Anfield,True
2020-21,2020,31,2021-04-10 17:30:00,Crystal Palace,Chelsea,Selhurst Park,True
2020-21,2020,31,2021-04-11 12:00:00,Burnley,Newcastle,Turf Moor,True
2020-21,2020,31,2021-04-11 14:05:00,West Ham,Leicester,London Stadium,True
2020-21,2020,31,2021-04-11 16:30:00,Tottenham,Man United,Tottenham Hotspur Stadium,True
2020-21,2020,31,2021-04-11 19:00:00,Sheffield United,Arsenal,Bramall Lane,True
2020-21,2020,31,2021-04-12 18:00:00,West Brom,Southampton,The Hawthorns,True
2020-21,2020,31,2021-04-12 20:15:00,Brighton,Everton,Amex Stadium,True
2020-21,2020,32,2021-04-16 20:00:00,Everton,Tottenham,Goodison Park,True
2020-21,2020,32,2021-04-17 12:30:00,Newcastle,West Ham,St. James' Park,True
2020-21,2020,32,2021-04-17 20:15:00,Wolves,Sheffield United,Molineux Stadium,True
2020-21,2020,32,2021-04-18 13:30:00,Arsenal,Fulham,Emirates Stadium,True
2020-21,2020,32,2021-04-18 16:00:00,Man United,Burnley,Old Trafford,True
2020-21,2020,32,2021-04-19 20:00:00,Leeds,Liverpool,Elland Road,True
2020-21,2020,32,2021-04-20 20:15:00,Chelsea,Brighton,Stamford Bridge,True
2020-21,2020,32,2021-04-21 18:00:00,Tottenham,Southampton,Tottenham Hotspur Stadium,True
2020-21,2020,32,2021-04-21 20:15:00,Aston Villa,Man City,Villa Park,True
2020-21,2020,32,2021-04-22 20:00:00,Leicester,West Brom,King Power Stadium,True
2020-21,2020,33,2021-04-23 20:00:00,Arsenal,Everton,Emirates Stadium,True
2020-21,2020,33,2021-04-24 12:30:00,Liverpool,Newcastle,Anfield,True
2020-21,2020,33,2021-04-24 17:30:00,West Ham,Chelsea,London Stadium,True
2020-21,2020,33,2021-04-24 20:00:00,Sheffield United,Brighton,Bramall Lane,True
2020-21,2020,33,2021-04-25 12:00:00,Wolves,Burnley,Molineux Stadium,True
2020-21,2020,33,2021-04-25 14:00:00,Leeds,Man United,Elland Road,True
2020-21,2020,33,2021-04-25 19:00:00,Aston Villa,West Brom,Villa Park,True
2020-21,2020,33,2021-04-26 20:00:00,Leicester,Crystal Palace,King Power Stadium,True
2020-21,2020,34,2021-04-30 20:00:00,Southampton,Leicester,St. Mary's Stadium,True
2020-21,2020,34,2021-05-01 12:30:00,Crystal Palace,Man City,Selhurst Park,True
2020-21,2020,34,2021-05-01 15:00:00,Brighton,Leeds,Amex Stadium,True
2020-21,2020,34,2021-05-01 17:30:00,Chelsea,Fulham,Stamford Bridge,True
2020-21,2020,34,2021-05-01 20:00:00,Everton,Aston Villa,Goodison Park,True
2020-21,2020,34,2021-05-02 14:00:00,Newcastle,Arsenal,St. James' Park,True
2020-21,2020,34,2021-05-02 19:15:00,Tottenham,Sheffield United,Tottenham Hotspur Stadium,True
2020-21,2020,34,2021-05-03 18:00:00,West Brom,Wolves,The Hawthorns,True
2020-21,2020,34,2021-05-03 20:15:00,Burnley,West Ham,Turf Moor,True
2020-21,2020,35,2021-05-07 20:00:00,Leicester,Newcastle,King Power Stadium,True
2020-21,2020,35,2021-05-08 12:30:00,Leeds,Tottenham,Elland Road,True
2020-21,2020,35,2021-05-08 15:00:00,Sheffield United,Crystal Palace,Bramall Lane,True
2020-21,2020,35,2021-05-08 17:30:00,Man City,Chelsea,Etihad Stadium,True
2020-21,2020,35,2021-05-08 20:15:00,Liverpool,Southampton,Anfield,True
2020-21,2020,35,2021-05-09 12:00:00,Wolves,Brighton,Molineux Stadium,True
2020-21,2020,35,2021-05-09 14:05:00,Aston Villa,Man United,Villa Park,True
2020-21,2020,35,2021-05-09 16:30:00,West Ham,Everton,London Stadium,True
2020-21,2020,35,2021-05-09 19:00:00,Arsenal,West Brom,Emirates Stadium,True
2020-21,2020,35,2021-05-10 20:00:00,Fulham,Burnley,Craven Cottage,True
2020-21,2020,35,2021-05-11 18:00:00,Man United,Leicester,Old Trafford,True
2020-21,2020,35,2021-05-11 20:15:00,Southampton,Crystal Palace,St. Mary's Stadium,True
2020-21,2020,36,2021-05-12 20:15:00,Chelsea,Arsenal,Stamford Bridge,True
2020-21,2020,36,2021-05-13 18:00:00,Aston Villa,Everton,Villa Park,True
2020-21,2020,36,2021-05-13 20:15:00,Man United,Liverpool,Old Trafford,True
2020-21,2020,36,2021-05-14 20:00:00,Newcastle,Man City,St. James' Park,True
2020-21,2020,36,2021-05-15 12:30:00,Burnley,Leeds,Turf Moor,True
2020-21,2020,36,2021-05-15 15:00:00,Southampton,Fulham,St. Mary's Stadium,True
2020-21,2020,36,2021-05-15 20:00:00,Brighton,West Ham,Amex Stadium,True
2020-21,2020,36,2021-05-16 12:00:00,Crystal Palace,Aston Villa,Selhurst Park,True
2020-21,2020,36,2021-05-16 14:05:00,Tottenham,Wolves,Tottenham Hotspur Stadium,True
2020-21,2020,36,2021-05-16 16:30:00,West Brom,Liverpool,The Hawthorns,True
2020-21,2020,36,2021-05-16 19:00:00,Everton,Sheffield United,Goodison Park,True
2020-21,2020,37,2021-05-18 18:00:00,Man United,Fulham,Old Trafford,True
2020-21,2020,37,2021-05-18 18:00:00,Southampton,Leeds,St. Mary's Stadium,True
2020-21,2020,37,2021-05-18 19:00:00,Brighton,Man City,Amex Stadium,True
2020-21,2020,37,2021-05-18 20:15:00,Chelsea,Leicester,Stamford Bridge,True
2020-21,2020,37,2021-05-19 18:00:00,Everton,Wolves,Goodison Park,True
2020-21,2020,37,2021-05-19 18:00:00,Newcastle,Sheffield United,St. James' Park,True
2020-21,2020,37,2021-05-19 18:00:00,Tottenham,Aston Villa,Tottenham Hotspur Stadium,True
2020-21,2020,37,2021-05-19 19:00:00,Crystal Palace,Arsenal,Selhurst Park,True
2020-21,2020,37,2021-05-19 20:15:00,Burnley,Liverpool,Turf Moor,True
2020-21,2020,37,2021-05-19 20:15:00,West Brom,West Ham,The Hawthorns,True
2020-21,2020,38,2021-05-23 16:00:00,Arsenal,Brighton,Emirates Stadium,True
2020-21,2020,38,2021-05-23 16:00:00,Aston Villa,Chelsea,Villa Park,True
2020-21,2020,38,2021-05-23 16:00:00,Fulham,Newcastle,Craven Cottage,True
2020-21,2020,38,2021-05-23 16:00:00,Leeds,West Brom,Elland Road,True
2020-21,2020,38,2021-05-23 16:00:00,Leicester,Tottenham,King Power Stadium,True
2020-21,2020,38,2021-05-23 16:00:00,Liverpool,Crystal Palace,Anfield,True
2020-21,2020,38,2021-05-23 16:00:00,Man City,Everton,Etihad Stadium,True
2020-21,2020,38,2021-05-23 16:00:00,Sheffield United,Burnley,Bramall Lane,True
2020-21,2020,38,2021-05-23 16:00:00,West Ham,Southampton,London Stadium,True
2020-21,2020,38,2021-05-23 16:00:00,Wolves,Man United,Molineux Stadium,True
2021-22,2021,1,2021-08-13 20:00:00,Brentford,Arsenal,Brentford Community Stadium,True
2021-22,2021,1,2021-08-14 12:30:00,Man United,Leeds,Old Trafford,True
2021-22,2021,1,2021-08-14 15:00:00,Burnley,Brighton,Turf Moor,True
2021-22,2021,1,2021-08-14 15:00:00,Chelsea,Crystal Palace,Stamford Bridge,True
2021-22,2021,1,2021-08-14 15:00:00,Everton,Southampton,Goodison Park,True
2021-22,2021,1,2021-08-14 15:00:00,Leicester,Wolves,King Power Stadium,True
2021-22,2021,1,2021-08-14 15:00:00,Watford,Aston Villa,Vicarage Road,True
2021-22,2021,1,2021-08-14 17:30:00,Norwich,Liverpool,Carrow Road,True
2021-22,2021,1,2021-08-15 14:00:00,Newcastle,West Ham,St. James' Park,True
2021-22,2021,1,2021-08-15 16:30:00,Tottenham,Man City,Tottenham Hotspur Stadium,True
2021-22,2021,2,2021-08-21 12:30:00,Liverpool,Burnley,Anfield,True
2021-22,2021,2,2021-08-21 15:00:00,Aston Villa,Newcastle,Villa Park,True
2021-22,2021,2,2021-08-21 15:00:00,Crystal Palace,Brentford,Selhurst Park,True
2021-22,2021,2,2021-08-21 15:00:00,Leeds,Everton,Elland Road,True
2021-22,2021,2,2021-08-21 15:00:00,Man City,Norwich,Etihad Stadium,True
2021-22,2021,2,2021-08-21 17:30:00,Brighton,Watford,Amex Stadium,True
2021-22,2021,2,2021-08-22 14:00:00,Southampton,Man United,St. Mary's Stadium,True
2021-22,2021,2,2021-08-22 14:00:00,Wolves,Tottenham,Molineux Stadium,True
2021-22,2021,2,2021-08-22 16:30:00,Arsenal,Chelsea,Emirates Stadium,True
2021-22,2021,2,2021-08-23 20:00:00,West Ham,Leicester,London Stadium,True
2021-22,2021,3,2021-08-28 12:30:00,Man City,Arsenal,Etihad Stadium,True
2021-22,2021,3,2021-08-28 15:00:00,Aston Villa,Brentford,Villa Park,True
2021-22,2021,3,2021-08-28 15:00:00,Brighton,Everton,Amex Stadium,True
2021-22,2021,3,2021-08-28 15:00:00,Newcastle,Southampton,St. James' Park,True
2021-22,2021,3,2021-08-28 15:00:00,Norwich,Leicester,Carrow Road,True
2021-22,2021,3,2021-08-28 15:00:00,West Ham,Crystal Palace,London Stadium,True
2021-22,2021,3,2021-08-28 17:30:00,Liverpool,Chelsea,Anfield,True
2021-22,2021,3,2021-08-29 14:00:00,Burnley,Leeds,Turf Moor,True
2021-22,2021,3,2021-08-29 14:00:00,Tottenham,Watford,Tottenham Hotspur Stadium,True
2021-22,2021,3,2021-08-29 16:30:00,Wolves,Man United,Molineux Stadium,True
2021-22,2021,4,2021-09-11 12:30:00,Crystal Palace,Tottenham,Selhurst Park,True
2021-22,2021,4,2021-09-11 15:00:00,Arsenal,Norwich,Emirates Stadium,True
2021-22,2021,4,2021-09-11 15:00:00,Brentford,Brighton,Brentford Community Stadium,True
2021-22,2021,4,2021-09-11 15:00:00,Leicester,Man City,King Power Stadium,True
2021-22,2021,4,2021-09-11 15:00:00,Man United,Newcastle,Old Trafford,True
2021-22,2021,4,2021-09-11 15:00:00,Southampton,West Ham,St. Mary's Stadium,True
2021-22,2021,4,2021-09-11 15:00:00,Watford,Wolves,Vicarage Road,True
2021-22,2021,4,2021-09-11 17:30:00,Chelsea,Aston Villa,Stamford Bridge,True
2021-22,2021,4,2021-09-12 16:30:00,Leeds,Liverpool,Elland Road,True
2021-22,2021,4,2021-09-13 20:00:00,Everton,Burnley,Goodison Park,True
2021-22,2021,5,2021-09-17 20:00:00,Newcastle,Leeds,St. James' Park,True
2021-22,2021,5,2021-09-18 12:30:00,Wolves,Brentford,Molineux Stadium,True
2021-22,2021,5,2021-09-18 15:00:00,Burnley,Arsenal,Turf Moor,True
2021-22,2021,5,2021-09-18 15:00:00,Liverpool,Crystal Palace,Anfield,True
2021-22,2021,5,2021-09-18 15:00:00,Man City,Southampton,Etihad Stadium,True
2021-22,2021,5,2021-09-18 15:00:00,Norwich,Watford,Carrow Road,True
2021-22,2021,5,2021-09-18 17:30:00,Aston Villa,Everton,Villa Park,True
2021-22,2021,5,2021-09-19 14:00:00,Brighton,Leicester,Amex Stadium,True
2021-22,2021,5,2021-09-19 14:00:00,West Ham,Man United,London Stadium,True
2021-22,2021,5,2021-09-19 16:30:00,Tottenham,Chelsea,Tottenham Hotspur Stadium,True
2021-22,2021,6,2021-09-25 12:30:00,Chelsea,Man City,Stamford Bridge,True
2021-22,2021,6,2021-09-25 12:30:00,Man United,Aston Villa,Old Trafford,True
2021-22,2021,6,2021-09-25 15:00:00,Everton,Norwich,Goodison Park,True
2021-22,2021,6,2021-09-25 15:00:00,Leeds,West Ham,Elland Road,True
2021-22,2021,6,2021-09-25 15:00:00,Leicester,Burnley,King Power Stadium,True
2021-22,2021,6,2021-09-25 15:00:00,Watford,Newcastle,Vicarage Road,True
2021-22,2021,6,2021-09-25 17:30:00,Brentford,Liverpool,Brentford Community Stadium,True
2021-22,2021,6,2021-09-26 14:00:00,Southampton,Wolves,St. Mary's Stadium,True
2021-22,2021,6,2021-09-26 16:30:00,Arsenal,Tottenham,Emirates Stadium,True
2021-22,2021,6,2021-09-27 20:00:00,Crystal Palace,Brighton,Selhurst Park,True
2021-22,2021,7,2021-10-02 12:30:00,Man United,Everton,Old Trafford,True
2021-22,2021,7,2021-10-02 15:00:00,Burnley,Norwich,Turf Moor,True
2021-22,2021,7,2021-10-02 15:00:00,Chelsea,Southampton,Stamford Bridge,True
2021-22,2021,7,2021-10-02 15:00:00,Leeds,Watford,Elland Road,True
2021-22,2021,7,2021-10-02 15:00:00,Wolves,Newcastle,Molineux Stadium,True
2021-22,2021,7,2021-10-02 17:30:00,Brighton,Arsenal,Amex Stadium,True
2021-22,2021,7,2021-10-03 14:00:00,Crystal Palace,Leicester,Selhurst Park,True
2021-22,2021,7,2021-10-03 14:00:00,Tottenham,Aston Villa,Tottenham Hotspur Stadium,True
2021-22,2021,7,2021-10-03 14:00:00,West Ham,Brentford,London Stadium,True
2021-22,2021,7,2021-10-03 16:30:00,Liverpool,Man City,Anfield,True
2021-22,2021,8,2021-10-16 12:30:00,Watford,Liverpool,Vicarage Road,True
2021-22,2021,8,2021-10-16 15:00:00,Aston Villa,Wolves,Villa Park,True
2021-22,2021,8,2021-10-16 15:00:00,Leicester,Man United,King Power Stadium,True
2021-22,2021,8,2021-10-16 15:00:00,Man City,Burnley,Etihad Stadium,True
2021-22,2021,8,2021-10-16 15:00:00,Norwich,Brighton,Carrow Road,True
2021-22,2021,8,2021-10-16 15:00:00,Southampton,Leeds,St. Mary's Stadium,True
2021-22,2021,8,2021-10-16 17:30:00,Brentford,Chelsea,Brentford Community Stadium,True
2021-22,2021,8,2021-10-17 14:00:00,Everton,West Ham,Goodison Park,True
2021-22,2021,8,2021-10-17 16:30:00,Newcastle,Tottenham,St. James' Park,True
2021-22,2021,8,2021-10-18 20:00:00,Arsenal,Crystal Palace,Emirates Stadium,True
2021-22,2021,9,2021-10-22 20:00:00,Arsenal,Aston Villa,Emirates Stadium,True
2021-22,2021,9,2021-10-23 12:30:00,Chelsea,Norwich,Stamford Bridge,True
2021-22,2021,9,2021-10-23 15:00:00,Crystal Palace,Newcastle,Selhurst Park,True
2021-22,2021,9,2021-10-23 15:00:00,Everton,Watford,Goodison Park,True
2021-22,2021,9,2021-10-23 15:00:00,Leeds,Wolves,Elland Road,True
2021-22,2021,9,2021-10-23 15:00:00,Southampton,Burnley,St. Mary's Stadium,True
2021-22,2021,9,2021-10-23 17:30:00,Brighton,Man City,Amex Stadium,True
2021-22,2021,9,2021-10-24 14:00:00,Brentford,Leicester,Brentford Community Stadium,True
2021-22,2021,9,2021-10-24 14:00:00,West Ham,Tottenham,London Stadium,True
2021-22,2021,9,2021-10-24 16:30:00,Man United,Liverpool,Old Trafford,True
2021-22,2021,10,2021-10-30 12:30:00,Leicester,Arsenal,King Power Stadium,True
2021-22,2021,10,2021-10-30 15:00:00,Burnley,Brentford,Turf Moor,True
2021-22,2021,10,2021-10-30 15:00:00,Liverpool,Brighton,Anfield,True
2021-22,2021,10,2021-10-30 15:00:00,Man City,Crystal Palace,Etihad Stadium,True
2021-22,2021,10,2021-10-30 15:00:00,Newcastle,Chelsea,St. James' Park,True
2021-22,2021,10,2021-10-30 15:00:00,Watford,Southampton,Vicarage Road,True
2021-22,2021,10,2021-10-30 17:30:00,Tottenham,Man United,Tottenham Hotspur Stadium,True
2021-22,2021,10,2021-10-31 14:00:00,Norwich,Leeds,Carrow Road,True
2021-22,2021,10,2021-10-31 16:30:00,Aston Villa,West Ham,Villa Park,True
2021-22,2021,10,2021-11-01 20:00:00,Wolves,Everton,Molineux Stadium,True
2021-22,2021,11,2021-11-05 20:00:00,Southampton,Aston Villa,St. Mary's Stadium,True
2021-22,2021,11,2021-11-06 12:30:00,Man United,Man City,Old Trafford,True
2021-22,2021,11,2021-11-06 15:00:00,Brentford,Norwich,Brentford Community Stadium,True
2021-22,2021,11,2021-11-06 15:00:00,Chelsea,Burnley,Stamford Bridge,True
2021-22,2021,11,2021-11-06 15:00:00,Crystal Palace,Wolves,Selhurst Park,True
2021-22,2021,11,2021-11-06 17:30:00,Brighton,Newcastle,Amex Stadium,True
2021-22,2021,11,2021-11-07 14:00:00,Arsenal,Watford,Emirates Stadium,True
2021-22,2021,11,2021-11-07 14:00:00,Everton,Tottenham,Goodison Park,True
2021-22,2021,11,2021-11-07 14:00:00,Leeds,Leicester,Elland Road,True
2021-22,2021,11,2021-11-07 16:30:00,West Ham,Liverpool,London Stadium,True
2021-22,2021,12,2021-11-20 12:30:00,Leicester,Chelsea,King Power Stadium,True
2021-22,2021,12,2021-11-20 15:00:00,Aston Villa,Brighton,Villa Park,True
2021-22,2021,12,2021-11-20 15:00:00,Burnley,Crystal Palace,Turf Moor,True
2021-22,2021,12,2021-11-20 15:00:00,Newcastle,Brentford,St. James' Park,True
2021-22,2021,12,2021-11-20 15:00:00,Norwich,Southampton,Carrow Road,True
2021-22,2021,12,2021-11-20 15:00:00,Watford,Man United,Vicarage Road,True
2021-22,2021,12,2021-11-20 15:00:00,Wolves,West Ham,Molineux Stadium,True
2021-22,2021,12,2021-11-20 17:30:00,Liverpool,Arsenal,Anfield,True
2021-22,2021,12,2021-11-21 14:00:00,Man City,Everton,Etihad Stadium,True
2021-22,2021,12,2021-11-21 16:30:00,Tottenham,Leeds,Tottenham Hotspur Stadium,True
2021-22,2021,13,2021-11-27 12:30:00,Arsenal,Newcastle,Emirates Stadium,True
2021-22,2021,13,2021-11-27 15:00:00,Crystal Palace,Aston Villa,Selhurst Park,True
2021-22,2021,13,2021-11-27 15:00:00,Liverpool,Southampton,Anfield,True
2021-22,2021,13,2021-11-27 15:00:00,Norwich,Wolves,Carrow Road,True
2021-22,2021,13,2021-11-27 17:30:00,Brighton,Leeds,Amex Stadium,True
2021-22,2021,13,2021-11-28 14:00:00,Brentford,Everton,Brentford Community Stadium,True
2021-22,2021,13,2021-11-28 14:00:00,Leicester,Watford,King Power Stadium,True
2021-22,2021,13,2021-11-28 14:00:00,Man City,West Ham,Etihad Stadium,True
2021-22,2021,13,2021-11-28 16:30:00,Chelsea,Man United,Stamford Bridge,True
2021-22,2021,14,2021-11-30 19:30:00,Newcastle,Norwich,St. James' Park,True
2021-22,2021,14,2021-11-30 20:15:00,Leeds,Crystal Palace,Elland Road,True
2021-22,2021,14,2021-12-01 19:30:00,Watford,Chelsea,Vicarage Road,True
2021-22,2021,14,2021-12-01 19:30:00,West Ham,Brighton,London Stadium,True
2021-22,2021,14,2021-12-01 19:30:00,Wolves,Burnley,Molineux Stadium,True
2021-22,2021,14,2021-12-01 19:30:00,Southampton,Leicester,St. Mary's Stadium,True
2021-22,2021,14,2021-12-01 20:15:00,Aston Villa,Man City,Villa Park,True
2021-22,2021,14,2021-12-01 20:15:00,Everton,Liverpool,Goodison Park,True
2021-22,2021,14,2021-12-02 19:30:00,Tottenham,Brentford,Tottenham Hotspur Stadium,True
2021-22,2021,14,2021-12-02 20:15:00,Man United,Arsenal,Old Trafford,True
2021-22,2021,15,2021-12-04 12:30:00,West Ham,Chelsea,London Stadium,True
2021-22,2021,15,2021-12-04 15:00:00,Newcastle,Burnley,St. James' Park,True
2021-22,2021,15,2021-12-04 15:00:00,Southampton,Brighton,St. Mary's Stadium,True
2021-22,2021,15,2021-12-04 15:00:00,Wolves,Liverpool,Molineux Stadium,True
2021-22,2021,15,2021-12-04 17:30:00,Watford,Man City,Vicarage Road,True
2021-22,2021,15,2021-12-05 14:00:00,Leeds,Brentford,Elland Road,True
2021-22,2021,15,2021-12-05 14:00:00,Man United,Crystal Palace,Old Trafford,True
2021-22,2021,15,2021-12-05 14:00:00,Tottenham,Norwich,Tottenham Hotspur Stadium,True
2021-22,2021,15,2021-12-05 16:30:00,Aston Villa,Leicester,Villa Park,True
2021-22,2021,15,2021-12-06 20:00:00,Everton,Arsenal,Goodison Park,True
2021-22,2021,16,2021-12-10 20:00:00,Brentford,Watford,Brentford Community Stadium,True
2021-22,2021,16,2021-12-11 12:30:00,Man City,Wolves,Etihad Stadium,True
2021-22,2021,16,2021-12-11 15:00:00,Arsenal,Southampton,Emirates Stadium,True
2021-22,2021,16,2021-12-11 15:00:00,Chelsea,Leeds,Stamford Bridge,True
2021-22,2021,16,2021-12-11 15:00:00,Liverpool,Aston Villa,Anfield,True
2021-22,2021,16,2021-12-11 17:30:00,Norwich,Man United,Carrow Road,True
2021-22,2021,16,2021-12-12 14:00:00,Burnley,West Ham,Turf Moor,True
2021-22,2021,16,2021-12-12 14:00:00,Leicester,Newcastle,King Power Stadium,True
2021-22,2021,16,2021-12-12 16:30:00,Crystal Palace,Everton,Selhurst Park,True
2021-22,2021,17,2021-12-14 19:45:00,Norwich,Aston Villa,Carrow Road,True
2021-22,2021,17,2021-12-14 20:00:00,Man City,Leeds,Etihad Stadium,True
2021-22,2021,17,2021-12-15 19:30:00,Brighton,Wolves,Amex Stadium,True
2021-22,2021,17,2021-12-15 19:30:00,Crystal Palace,Southampton,Selhurst Park,True
2021-22,2021,17,2021-12-15 20:00:00,Arsenal,West Ham,Emirates Stadium,True
2021-22,2021,17,2021-12-16 19:45:00,Chelsea,Everton,Stamford Bridge,True
2021-22,2021,17,2021-12-16 20:00:00,Liverpool,Newcastle,Anfield,True
2021-22,2021,18,2021-12-18 17:30:00,Leeds,Arsenal,Elland Road,True
2021-22,2021,18,2021-12-19 14:00:00,Newcastle,Man City,St. James' Park,True
2021-22,2021,18,2021-12-19 14:00:00,Wolves,Chelsea,Molineux Stadium,True
2021-22,2021,18,2021-12-19 16:30:00,Tottenham,Liverpool,Tottenham Hotspur Stadium,True
2021-22,2021,19,2021-12-26 15:00:00,Man City,Leicester,Etihad Stadium,True
2021-22,2021,19,2021-12-26 15:00:00,Norwich,Arsenal,Carrow Road,True
2021-22,2021,19,2021-12-26 15:00:00,Tottenham,Crystal Palace,Tottenham Hotspur Stadium,True
2021-22,2021,19,2021-12-26 15:00:00,West Ham,Southampton,London Stadium,True
2021-22,2021,19,2021-12-26 17:30:00,Aston Villa,Chelsea,Villa Park,True
2021-22,2021,19,2021-12-26 20:00:00,Brighton,Brentford,Amex Stadium,True
2021-22,2021,19,2021-12-27 20:00:00,Newcastle,Man United,St. James' Park,True
2021-22,2021,20,2021-12-28 15:00:00,Crystal Palace,Norwich,Selhurst Park,True
2021-22,2021,20,2021-12-28 15:00:00,Southampton,Tottenham,St. Mary's Stadium,True
2021-22,2021,20,2021-12-28 15:00:00,Watford,West Ham,Vicarage Road,True
2021-22,2021,20,2021-12-28 20:00:00,Leicester,Liverpool,King Power Stadium,True
2021-22,2021,20,2021-12-29 19:30:00,Chelsea,Brighton,Stamford Bridge,True
2021-22,2021,20,2021-12-29 20:15:00,Brentford,Man City,Brentford Community Stadium,True
2021-22,2021,20,2021-12-30 20:15:00,Man United,Burnley,Old Trafford,True
2021-22,2021,21,2022-01-01 12:30:00,Arsenal,Man City,Emirates Stadium,True
2021-22,2021,21,2022-01-01 15:00:00,Watford,Tottenham,Vicarage Road,True
2021-22,2021,21,2022-01-01 17:30:00,Crystal Palace,West Ham,Selhurst Park,True
2021-22,2021,21,2022-01-02 14:00:00,Brentford,Aston Villa,Brentford Community Stadium,True
2021-22,2021,21,2022-01-02 14:00:00,Everton,Brighton,Goodison Park,True
2021-22,2021,21,2022-01-02 14:00:00,Leeds,Burnley,Elland Road,True
2021-22,2021,21,2022-01-02 16:30:00,Chelsea,Liverpool,Stamford Bridge,True
2021-22,2021,21,2022-01-03 17:30:00,Man United,Wolves,Old Trafford,True
2021-22,2021,18,2022-01-11 19:45:00,Southampton,Brentford,St. Mary's Stadium,True
2021-22,2021,18,2022-01-12 19:45:00,West Ham,Norwich,London Stadium,True
2021-22,2021,22,2022-01-14 20:00:00,Brighton,Crystal Palace,Amex Stadium,True
2021-22,2021,22,2022-01-15 12:30:00,Man City,Chelsea,Etihad Stadium,True
2021-22,2021,22,2022-01-15 15:00:00,Newcastle,Watford,St. James' Park,True
2021-22,2021,22,2022-01-15 15:00:00,Norwich,Everton,Carrow Road,True
2021-22,2021,22,2022-01-15 15:00:00,Wolves,Southampton,Molineux Stadium,True
2021-22,2021,22,2022-01-15 17:30:00,Aston Villa,Man United,Villa Park,True
2021-22,2021,22,2022-01-16 14:00:00,Liverpool,Brentford,Anfield,True
2021-22,2021,22,2022-01-16 14:00:00,West Ham,Leeds,London Stadium,True
2021-22,2021,24,2022-01-18 20:00:00,Brighton,Chelsea,Amex Stadium,True
2021-22,2021,17,2022-01-19 19:30:00,Leicester,Tottenham,King Power Stadium,True
2021-22,2021,17,2022-01-19 20:00:00,Brentford,Man United,Brentford Community Stadium,True
2021-22,2021,23,2022-01-21 20:00:00,Watford,Norwich,Vicarage Road,True
2021-22,2021,23,2022-01-22 12:30:00,Everton,Aston Villa,Goodison Park,True
2021-22,2021,23,2022-01-22 15:00:00,Brentford,Wolves,Brentford Community Stadium,True
2021-22,2021,23,2022-01-22 15:00:00,Leeds,Newcastle,Elland Road,True
2021-22,2021,23,2022-01-22 15:00:00,Man United,West Ham,Old Trafford,True
2021-22,2021,23,2022-01-22 17:30:00,Southampton,Man City,St. Mary's Stadium,True
2021-22,2021,23,2022-01-23 14:00:00,Arsenal,Burnley,Emirates Stadium,True
2021-22,2021,23,2022-01-23 14:00:00,Crystal Palace,Liverpool,Selhurst Park,True
2021-22,2021,23,2022-01-23 14:00:00,Leicester,Brighton,King Power Stadium,True
2021-22,2021,23,2022-01-23 16:30:00,Chelsea,Tottenham,Stamford Bridge,True
2021-22,2021,17,2022-02-05 18:00:00,Burnley,Watford,Turf Moor,True
2021-22,2021,24,2022-02-08 19:45:00,West Ham,Watford,London Stadium,True
2021-22,2021,24,2022-02-08 19:45:00,Newcastle,Everton,St. James' Park,True
2021-22,2021,24,2022-02-08 20:00:00,Burnley,Man United,Turf Moor,True
2021-22,2021,24,2022-02-09 19:45:00,Norwich,Crystal Palace,Carrow Road,True
2021-22,2021,24,2022-02-09 19:45:00,Tottenham,Southampton,Tottenham Hotspur Stadium,True
2021-22,2021,24,2022-02-09 19:45:00,Man City,Brentford,Etihad Stadium,True
2021-22,2021,24,2022-02-09 20:00:00,Aston Villa,Leeds,Villa Park,True
2021-22,2021,24,2022-02-10 19:45:00,Wolves,Arsenal,Molineux Stadium,True
2021-22,2021,24,2022-02-10 19:45:00,Liverpool,Leicester,Anfield,True
2021-22,2021,25,2022-02-12 12:30:00,Man United,Southampton,Old Trafford,True
2021-22,2021,25,2022-02-12 15:00:00,Brentford,Crystal Palace,Brentford Community Stadium,True
2021-22,2021,25,2022-02-12 15:00:00,Everton,Leeds,Goodison Park,True
2021-22,2021,25,2022-02-12 15:00:00,Watford,Brighton,Vicarage Road,True
2021-22,2021,25,2022-02-12 17:30:00,Norwich,Man City,Carrow Road,True
2021-22,2021,25,2022-02-13 14:00:00,Burnley,Liverpool,Turf Moor,True
2021-22,2021,25,2022-02-13 14:00:00,Newcastle,Aston Villa,St. James' Park,True
2021-22,2021,25,2022-02-13 14:00:00,Tottenham,Wolves,Tottenham Hotspur Stadium,True
2021-22,2021,25,2022-02-13 16:30:00,Leicester,West Ham,King Power Stadium,True
2021-22,2021,18,2022-02-15 20:15:00,Man United,Brighton,Old Trafford,True
2021-22,2021,26,2022-02-19 12:30:00,West Ham,Newcastle,London Stadium,True
2021-22,2021,26,2022-02-19 15:00:00,Arsenal,Brentford,Emirates Stadium,True
2021-22,2021,26,2022-02-19 15:00:00,Aston Villa,Watford,Villa Park,True
2021-22,2021,26,2022-02-19 15:00:00,Brighton,Burnley,Amex Stadium,True
2021-22,2021,26,2022-02-19 15:00:00,Crystal Palace,Chelsea,Selhurst Park,True
2021-22,2021,26,2022-02-19 15:00:00,Liverpool,Norwich,Anfield,True
2021-22,2021,26,2022-02-19 15:00:00,Southampton,Everton,St. Mary's Stadium,True
2021-22,2021,26,2022-02-19 17:30:00,Man City,Tottenham,Etihad Stadium,True
2021-22,2021,26,2022-02-20 14:00:00,Leeds,Man United,Elland Road,True
2021-22,2021,26,2022-02-20 16:30:00,Wolves,Leicester,Molineux Stadium,True
2021-22,2021,13,2022-02-23 19:30:00,Burnley,Tottenham,Turf Moor,True
2021-22,2021,18,2022-02-23 19:30:00,Watford,Crystal Palace,Vicarage Road,True
2021-22,2021,19,2022-02-23 19:45:00,Liverpool,Leeds,Anfield,True
2021-22,2021,20,2022-02-24 19:45:00,Arsenal,Wolves,Emirates Stadium,True
2021-22,2021,27,2022-02-25 20:00:00,Southampton,Norwich,St. Mary's Stadium,True
2021-22,2021,27,2022-02-26 12:30:00,Leeds,Tottenham,Elland Road,True
2021-22,2021,27,2022-02-26 15:00:00,Brentford,Newcastle,Brentford Community Stadium,True
2021-22,2021,27,2022-02-26 15:00:00,Crystal Palace,Burnley,Selhurst Park,True
2021-22,2021,27,2022-02-26 15:00:00,Man United,Watford,Old Trafford,True
2021-22,2021,27,2022-02-26 15:30:00,Brighton,Aston Villa,Amex Stadium,True
2021-22,2021,27,2022-02-26 17:30:00,Everton,Man City,Goodison Park,True
2021-22,2021,27,2022-02-27 14:00:00,West Ham,Wolves,London Stadium,True
2021-22,2021,22,2022-03-01 19:45:00,Burnley,Leicester,Turf Moor,True
2021-22,2021,28,2022-03-05 12:30:00,Leicester,Leeds,King Power Stadium,True
2021-22,2021,28,2022-03-05 15:00:00,Aston Villa,Southampton,Villa Park,True
2021-22,2021,28,2022-03-05 15:00:00,Burnley,Chelsea,Turf Moor,True
2021-22,2021,28,2022-03-05 15:00:00,Newcastle,Brighton,St. James' Park,True
2021-22,2021,28,2022-03-05 15:00:00,Norwich,Brentford,Carrow Road,True
2021-22,2021,28,2022-03-05 15:00:00,Wolves,Crystal Palace,Molineux Stadium,True
2021-22,2021,28,2022-03-05 17:30:00,Liverpool,West Ham,Anfield,True
2021-22,2021,28,2022-03-06 14:00:00,Watford,Arsenal,Vicarage Road,True
2021-22,2021,28,2022-03-06 16:30:00,Man City,Man United,Etihad Stadium,True
2021-22,2021,28,2022-03-07 20:00:00,Tottenham,Everton,Tottenham Hotspur Stadium,True
2021-22,2021,19,2022-03-10 19:30:00,Wolves,Watford,Molineux Stadium,True
2021-22,2021,21,2022-03-10 19:30:00,Southampton,Newcastle,St. Mary's Stadium,True
2021-22,2021,30,2022-03-10 19:30:00,Norwich,Chelsea,Carrow Road,True
2021-22,2021,20,2022-03-10 19:45:00,Leeds,Aston Villa,Elland Road,True
2021-22,2021,29,2022-03-12 12:30:00,Brighton,Liverpool,Amex Stadium,True
2021-22,2021,29,2022-03-12 15:00:00,Brentford,Burnley,Brentford Community Stadium,True
2021-22,2021,29,2022-03-12 17:30:00,Man United,Tottenham,Old Trafford,True
2021-22,2021,29,2022-03-13 14:00:00,Chelsea,Newcastle,Stamford Bridge,True
2021-22,2021,29,2022-03-13 14:00:00,Everton,Wolves,Goodison Park,True
2021-22,2021,29,2022-03-13 14:00:00,Leeds,Norwich,Elland Road,True
2021-22,2021,29,2022-03-13 14:00:00,Southampton,Watford,St. Mary's Stadium,True
2021-22,2021,29,2022-03-13 14:00:00,West Ham,Aston Villa,London Stadium,True
2021-22,2021,29,2022-03-13 16:30:00,Arsenal,Leicester,Emirates Stadium,True
2021-22,2021,29,2022-03-14 20:00:00,Crystal Palace,Man City,Selhurst Park,True
2021-22,2021,16,2022-03-16 19:30:00,Brighton,Tottenham,Amex Stadium,True
2021-22,2021,27,2022-03-16 20:15:00,Arsenal,Liverpool,Emirates Stadium,True
2021-22,2021,20,2022-03-17 19:45:00,Everton,Newcastle,Goodison Park,True
2021-22,2021,30,2022-03-18 20:00:00,Wolves,Leeds,Molineux Stadium,True
2021-22,2021,30,2022-03-19 12:30:00,Aston Villa,Arsenal,Villa Park,True
2021-22,2021,30,2022-03-20 14:00:00,Leicester,Brentford,King Power Stadium,True
2021-22,2021,30,2022-03-20 16:30:00,Tottenham,West Ham,Tottenham Hotspur Stadium,True
2021-22,2021,31,2022-04-02 12:30:00,Liverpool,Watford,Anfield,True
2021-22,2021,31,2022-04-02 15:00:00,Brighton,Norwich,Amex Stadium,True
2021-22,2021,31,2022-04-02 15:00:00,Burnley,Man City,Turf Moor,True
2021-22,2021,31,2022-04-02 15:00:00,Chelsea,Brentford,Stamford Bridge,True
2021-22,2021,31,2022-04-02 15:00:00,Leeds,Southampton,Elland Road,True
2021-22,2021,31,2022-04-02 15:00:00,Wolves,Aston Villa,Molineux Stadium,True
2021-22,2021,31,2022-04-02 17:30:00,Man United,Leicester,Old Trafford,True
2021-22,2021,31,2022-04-03 14:00:00,West Ham,Everton,London Stadium,True
2021-22,2021,31,2022-04-03 16:30:00,Tottenham,Newcastle,Tottenham Hotspur Stadium,True
2021-22,2021,31,2022-04-04 20:00:00,Crystal Palace,Arsenal,Selhurst Park,True
2021-22,2021,19,2022-04-06 19:30:00,Burnley,Everton,Turf Moor,True
2021-22,2021,32,2022-04-08 20:00:00,Newcastle,Wolves,St. James' Park,True
2021-22,2021,32,2022-04-09 12:30:00,Everton,Man United,Goodison Park,True
2021-22,2021,32,2022-04-09 15:00:00,Arsenal,Brighton,Emirates Stadium,True
2021-22,2021,32,2022-04-09 15:00:00,Southampton,Chelsea,St. Mary's Stadium,True
2021-22,2021,32,2022-04-09 15:00:00,Watford,Leeds,Vicarage Road,True
2021-22,2021,32,2022-04-09 17:30:00,Aston Villa,Tottenham,Villa Park,True
2021-22,2021,32,2022-04-10 14:00:00,Brentford,West Ham,Brentford Community Stadium,True
2021-22,2021,32,2022-04-10 14:00:00,Leicester,Crystal Palace,King Power Stadium,True
2021-22,2021,32,2022-04-10 14:00:00,Norwich,Burnley,Carrow Road,True
2021-22,2021,32,2022-04-10 16:30:00,Man City,Liverpool,Etihad Stadium,True
2021-22,2021,33,2022-04-16 12:30:00,Tottenham,Brighton,Tottenham Hotspur Stadium,True
2021-22,2021,33,2022-04-16 15:00:00,Man United,Norwich,Old Trafford,True
2021-22,2021,33,2022-04-16 15:00:00,Southampton,Arsenal,St. Mary's Stadium,True
2021-22,2021,33,2022-04-16 15:00:00,Watford,Brentford,Vicarage Road,True
2021-22,2021,33,2022-04-17 14:15:00,Newcastle,Leicester,St. James' Park,True
2021-22,2021,33,2022-04-17 14:15:00,West Ham,Burnley,London Stadium,True
2021-22,2021,30,2022-04-19 20:00:00,Liverpool,Man United,Anfield,True
2021-22,2021,18,2022-04-20 19:45:00,Everton,Leicester,Goodison Park,True
2021-22,2021,25,2022-04-20 19:45:00,Chelsea,Arsenal,Stamford Bridge,True
2021-22,2021,30,2022-04-20 19:45:00,Newcastle,Crystal Palace,St. James' Park,True
2021-22,2021,30,2022-04-20 20:00:00,Man City,Brighton,Etihad Stadium,True
2021-22,2021,30,2022-04-21 19:45:00,Burnley,Southampton,Turf Moor,True
2021-22,2021,34,2022-04-23 12:30:00,Arsenal,Man United,Emirates Stadium,True
2021-22,2021,34,2022-04-23 15:00:00,Leicester,Aston Villa,King Power Stadium,True
2021-22,2021,34,2022-04-23 15:00:00,Man City,Watford,Etihad Stadium,True
2021-22,2021,34,2022-04-23 15:00:00,Norwich,Newcastle,Carrow Road,True
2021-22,2021,34,2022-04-23 17:30:00,Brentford,Tottenham,Brentford Community Stadium,True
2021-22,2021,34,2022-04-24 14:00:00,Brighton,Southampton,Amex Stadium,True
2021-22,2021,34,2022-04-24 14:00:00,Burnley,Wolves,Turf Moor,True
2021-22,2021,34,2022-04-24 14:00:00,Chelsea,West Ham,Stamford Bridge,True
2021-22,2021,34,2022-04-24 16:30:00,Liverpool,Everton,Anfield,True
2021-22,2021,34,2022-04-25 20:00:00,Crystal Palace,Leeds,Selhurst Park,True
2021-22,2021,34,2022-04-28 19:45:00,Man United,Chelsea,Old Trafford,True
2021-22,2021,35,2022-04-30 12:30:00,Newcastle,Liverpool,St. James' Park,True
2021-22,2021,35,2022-04-30 15:00:00,Aston Villa,Norwich,Villa Park,True
2021-22,2021,35,2022-04-30 15:00:00,Southampton,Crystal Palace,St. Mary's Stadium,True
2021-22,2021,35,2022-04-30 15:00:00,Watford,Burnley,Vicarage Road,True
2021-22,2021,35,2022-04-30 15:00:00,Wolves,Brighton,Molineux Stadium,True
2021-22,2021,35,2022-04-30 17:30:00,Leeds,Man City,Elland Road,True
2021-22,2021,35,2022-05-01 14:00:00,Everton,Chelsea,Goodison Park,True
2021-22,2021,35,2022-05-01 14:00:00,Tottenham,Leicester,Tottenham Hotspur Stadium,True
2021-22,2021,35,2022-05-01 16:30:00,West Ham,Arsenal,London Stadium,True
2021-22,2021,35,2022-05-02 20:00:00,Man United,Brentford,Old Trafford,True
2021-22,2021,36,2022-05-07 15:00:00,Brentford,Southampton,Brentford Community Stadium,True
2021-22,2021,36,2022-05-07 15:00:00,Burnley,Aston Villa,Turf Moor,True
2021-22,2021,36,2022-05-07 15:00:00,Chelsea,Wolves,Stamford Bridge,True
2021-22,2021,36,2022-05-07 15:00:00,Crystal Palace,Watford,Selhurst Park,True
2021-22,2021,36,2022-05-07 17:30:00,Brighton,Man United,Amex Stadium,True
2021-22,2021,36,2022-05-07 19:45:00,Liverpool,Tottenham,Anfield,True
2021-22,2021,36,2022-05-08 14:00:00,Arsenal,Leeds,Emirates Stadium,True
2021-22,2021,36,2022-05-08 14:00:00,Leicester,Everton,King Power Stadium,True
2021-22,2021,36,2022-05-08 14:00:00,Norwich,West Ham,Carrow Road,True
2021-22,2021,36,2022-05-08 16:30:00,Man City,Newcastle,Etihad Stadium,True
2021-22,2021,33,2022-05-10 20:00:00,Aston Villa,Liverpool,Villa Park,True
2021-22,2021,33,2022-05-11 19:30:00,Leeds,Chelsea,Elland Road,True
2021-22,2021,21,2022-05-11 19:45:00,Leicester,Norwich,King Power Stadium,True
2021-22,2021,30,2022-05-11 19:45:00,Watford,Everton,Vicarage Road,True
2021-22,2021,33,2022-05-11 20:15:00,Wolves,Man City,Molineux Stadium,True
2021-22,2021,22,2022-05-12 19:45:00,Tottenham,Arsenal,Tottenham Hotspur Stadium,True
2021-22,2021,37,2022-05-15 12:00:00,Tottenham,Burnley,Tottenham Hotspur Stadium,True
2021-22,2021,37,2022-05-15 14:00:00,Aston Villa,Crystal Palace,Villa Park,True
2021-22,2021,37,2022-05-15 14:00:00,Leeds,Brighton,Elland Road,True
2021-22,2021,37,2022-05-15 14:00:00,Watford,Leicester,Vicarage Road,True
2021-22,2021,37,2022-05-15 14:00:00,West Ham,Man City,London Stadium,True
2021-22,2021,37,2022-05-15 14:00:00,Wolves,Norwich,Molineux Stadium,True
2021-22,2021,37,2022-05-15 16:30:00,Everton,Brentford,Goodison Park,True
2021-22,2021,37,2022-05-16 20:00:00,Newcastle,Arsenal,St. James' Park,True
2021-22,2021,37,2022-05-17 19:45:00,Southampton,Liverpool,St. Mary's Stadium,True
2021-22,2021,37,2022-05-19 19:45:00,Everton,Crystal Palace,Goodison Park,True
2021-22,2021,37,2022-05-19 20:00:00,Aston Villa,Burnley,Villa Park,True
2021-22,2021,37,2022-05-19 20:00:00,Chelsea,Leicester,Stamford Bridge,True
2021-22,2021,38,2022-05-22 16:00:00,Arsenal,Everton,Emirates Stadium,True
2021-22,2021,38,2022-05-22 16:00:00,Brentford,Leeds,Brentford Community Stadium,True
2021-22,2021,38,2022-05-22 16:00:00,Brighton,West Ham,Amex Stadium,True
2021-22,2021,38,2022-05-22 16:00:00,Burnley,Newcastle,Turf Moor,True
2021-22,2021,38,2022-05-22 16:00:00,Chelsea,Watford,Stamford Bridge,True
2021-22,2021,38,2022-05-22 16:00:00,Crystal Palace,Man United,Selhurst Park,True
2021-22,2021,38,2022-05-22 16:00:00,Leicester,Southampton,King Power Stadium,True
2021-22,2021,38,2022-05-22 16:00:00,Liverpool,Wolves,Anfield,True
2021-22,2021,38,2022-05-22 16:00:00,Man City,Aston Villa,Etihad Stadium,True
2021-22,2021,38,2022-05-22 16:00:00,Norwich,Tottenham,Carrow Road,True
2022-23,2022,1,2022-08-05 20:00:00,Crystal Palace,Arsenal,Selhurst Park,True
2022-23,2022,1,2022-08-06 12:30:00,Fulham,Liverpool,Craven Cottage,True
2022-23,2022,1,2022-08-06 15:00:00,Bournemouth,Aston Villa,Vitality Stadium,True
2022-23,2022,1,2022-08-06 15:00:00,Leeds,Wolves,Elland Road,True
2022-23,2022,1,2022-08-06 15:00:00,Newcastle,Nott'm Forest,St. James' Park,True
2022-23,2022,1,2022-08-06 15:00:00,Tottenham,Southampton,Tottenham Hotspur Stadium,True
2022-23,2022,1,2022-08-06 17:30:00,Everton,Chelsea,Goodison Park,True
2022-23,2022,1,2022-08-07 14:00:00,Leicester,Brentford,King Power Stadium,True
2022-23,2022,1,2022-08-07 14:00:00,Man United,Brighton,Old Trafford,True
2022-23,2022,1,2022-08-07 16:30:00,West Ham,Man City,London Stadium,True
2022-23,2022,2,2022-08-13 12:30:00,Aston Villa,Everton,Villa Park,True
2022-23,2022,2,2022-08-13 15:00:00,Arsenal,Leicester,Emirates Stadium,True
2022-23,2022,2,2022-08-13 15:00:00,Brighton,Newcastle,Amex Stadium,True
2022-23,2022,2,2022-08-13 15:00:00,Man City,Bournemouth,Etihad Stadium,True
2022-23,2022,2,2022-08-13 15:00:00,Southampton,Leeds,St. Mary's Stadium,True
2022-23,2022,2,2022-08-13 15:00:00,Wolves,Fulham,Molineux Stadium,True
2022-23,2022,2,2022-08-13 17:30:00,Brentford,Man United,Brentford Community Stadium,True
2022-23,2022,2,2022-08-14 14:00:00,Nott'm Forest,West Ham,The City Ground,True
2022-23,2022,2,2022-08-14 16:30:00,Chelsea,Tottenham,Stamford Bridge,True
2022-23,2022,2,2022-08-15 20:00:00,Liverpool,Crystal Palace,Anfield,True
2022-23,2022,3,2022-08-20 12:30:00,Tottenham,Wolves,Tottenham Hotspur Stadium,True
2022-23,2022,3,2022-08-20 15:00:00,Crystal Palace,Aston Villa,Selhurst Park,True
2022-23,2022,3,2022-08-20 15:00:00,Everton,Nott'm Forest,Goodison Park,True
2022-23,2022,3,2022-08-20 15:00:00,Fulham,Brentford,Craven Cottage,True
2022-23,2022,3,2022-08-20 15:00:00,Leicester,Southampton,King Power Stadium,True
2022-23,2022,3,2022-08-20 17:30:00,Bournemouth,Arsenal,Vitality Stadium,True
2022-23,2022,3,2022-08-21 14:00:00,Leeds,Chelsea,Elland Road,True
2022-23,2022,3,2022-08-21 14:00:00,West Ham,Brighton,London Stadium,True
2022-23,2022,3,2022-08-21 16:30:00,Newcastle,Man City,St. James' Park,True
2022-23,2022,3,2022-08-22 20:00:00,Man United,Liverpool,Old Trafford,True
2022-23,2022,4,2022-08-27 12:30:00,Southampton,Man United,St. Mary's Stadium,True
2022-23,2022,4,2022-08-27 15:00:00,Brentford,Everton,Brentford Community Stadium,True
2022-23,2022,4,2022-08-27 15:00:00,Brighton,Leeds,Amex Stadium,True
2022-23,2022,4,2022-08-27 15:00:00,Chelsea,Leicester,Stamford Bridge,True
2022-23,2022,4,2022-08-27 15:00:00,Liverpool,Bournemouth,Anfield,True
2022-23,2022,4,2022-08-27 15:00:00,Man City,Crystal Palace,Etihad Stadium,True
2022-23,2022,4,2022-08-27 17:30:00,Arsenal,Fulham,Emirates Stadium,True
2022-23,2022,4,2022-08-28 14:00:00,Aston Villa,West Ham,Villa Park,True
2022-23,2022,4,2022-08-28 14:00:00,Wolves,Newcastle,Molineux Stadium,True
2022-23,2022,4,2022-08-28 16:30:00,Nott'm Forest,Tottenham,The City Ground,True
2022-23,2022,5,2022-08-30 19:30:00,Fulham,Brighton,Craven Cottage,True
2022-23,2022,5,2022-08-30 19:30:00,Crystal Palace,Brentford,Selhurst Park,True
2022-23,2022,5,2022-08-30 19:45:00,Southampton,Chelsea,St. Mary's Stadium,True
2022-23,2022,5,2022-08-30 20:00:00,Leeds,Everton,Elland Road,True
2022-23,2022,5,2022-08-31 19:30:00,Bournemouth,Wolves,Vitality Stadium,True
2022-23,2022,5,2022-08-31 19:30:00,Arsenal,Aston Villa,Emirates Stadium,True
2022-23,2022,5,2022-08-31 19:30:00,Man City,Nott'm Forest,Etihad Stadium,True
2022-23,2022,5,2022-08-31 19:45:00,West Ham,Tottenham,London Stadium,True
2022-23,2022,5,2022-08-31 20:00:00,Liverpool,Newcastle,Anfield,True
2022-23,2022,5,2022-09-01 20:00:00,Leicester,Man United,King Power Stadium,True
2022-23,2022,6,2022-09-03 12:30:00,Everton,Liverpool,Goodison Park,True
2022-23,2022,6,2022-09-03 15:00:00,Brentford,Leeds,Brentford Community Stadium,True
2022-23,2022,6,2022-09-03 15:00:00,Chelsea,West Ham,Stamford Bridge,True
2022-23,2022,6,2022-09-03 15:00:00,Newcastle,Crystal Palace,St. James' Park,True
2022-23,2022,6,2022-09-03 15:00:00,Nott'm Forest,Bournemouth,The City Ground,True
2022-23,2022,6,2022-09-03 15:00:00,Tottenham,Fulham,Tottenham Hotspur Stadium,True
2022-23,2022,6,2022-09-03 15:00:00,Wolves,Southampton,Molineux Stadium,True
2022-23,2022,6,2022-09-03 17:30:00,Aston Villa,Man City,Villa Park,True
2022-23,2022,6,2022-09-04 14:00:00,Brighton,Leicester,Amex Stadium,True
2022-23,2022,6,2022-09-04 16:30:00,Man United,Arsenal,Old Trafford,True
2022-23,2022,8,2022-09-16 20:00:00,Aston Villa,Southampton,Villa Park,True
2022-23,2022,8,2022-09-16 20:00:00,Nott'm Forest,Fulham,The City Ground,True
2022-23,2022,8,2022-09-17 12:30:00,Wolves,Man City,Molineux Stadium,True
2022-23,2022,8,2022-09-17 15:00:00,Newcastle,Bournemouth,St. James' Park,True
2022-23,2022,8,2022-09-17 17:30:00,Tottenham,Leicester,Tottenham Hotspur Stadium,True
2022-23,2022,8,2022-09-18 12:00:00,Brentford,Arsenal,Brentford Community Stadium,True
2022-23,2022,8,2022-09-18 14:15:00,Everton,West Ham,Goodison Park,True
2022-23,2022,9,2022-10-01 12:30:00,Arsenal,Tottenham,Emirates Stadium,True
2022-23,2022,9,2022-10-01 15:00:00,Bournemouth,Brentford,Vitality Stadium,True
2022-23,2022,9,2022-10-01 15:00:00,Crystal Palace,Chelsea,Selhurst Park,True
2022-23,2022,9,2022-10-01 15:00:00,Fulham,Newcastle,Craven Cottage,True
2022-23,2022,9,2022-10-01 15:00:00,Liverpool,Brighton,Anfield,True
2022-23,2022,9,2022-10-01 15:00:00,Southampton,Everton,St. Mary's Stadium,True
2022-23,2022,9,2022-10-01 17:30:00,West Ham,Wolves,London Stadium,True
2022-23,2022,9,2022-10-02 14:00:00,Man City,Man United,Etihad Stadium,True
2022-23,2022,9,2022-10-02 16:30:00,Leeds,Aston Villa,Elland Road,True
2022-23,2022,9,2022-10-03 20:00:00,Leicester,Nott'm Forest,King Power Stadium,True
2022-23,2022,10,2022-10-08 15:00:00,Bournemouth,Leicester,Vitality Stadium,True
2022-23,2022,10,2022-10-08 15:00:00,Chelsea,Wolves,Stamford Bridge,True
2022-23,2022,10,2022-10-08 15:00:00,Man City,Southampton,Etihad Stadium,True
2022-23,2022,10,2022-10-08 15:00:00,Newcastle,Brentford,St. James' Park,True
2022-23,2022,10,2022-10-08 17:30:00,Brighton,Tottenham,Amex Stadium,True
2022-23,2022,10,2022-10-09 14:00:00,Crystal Palace,Leeds,Selhurst Park,True
2022-23,2022,10,2022-10-09 14:00:00,West Ham,Fulham,London Stadium,True
2022-23,2022,10,2022-10-09 16:30:00,Arsenal,Liverpool,Emirates Stadium,True
2022-23,2022,10,2022-10-09 19:00:00,Everton,Man United,Goodison Park,True
2022-23,2022,10,2022-10-10 20:00:00,Nott'm Forest,Aston Villa,The City Ground,True
2022-23,2022,11,2022-10-14 20:00:00,Brentford,Brighton,Brentford Community Stadium,True
2022-23,2022,11,2022-10-15 12:30:00,Leicester,Crystal Palace,King Power Stadium,True
2022-23,2022,11,2022-10-15 15:00:00,Fulham,Bournemouth,Craven Cottage,True
2022-23,2022,11,2022-10-15 15:00:00,Wolves,Nott'm Forest,Molineux Stadium,True
2022-23,2022,11,2022-10-15 17:30:00,Tottenham,Everton,Tottenham Hotspur Stadium,True
2022-23,2022,11,2022-10-16 14:00:00,Aston Villa,Chelsea,Villa Park,True
2022-23,2022,11,2022-10-16 14:00:00,Leeds,Arsenal,Elland Road,True
2022-23,2022,11,2022-10-16 14:00:00,Man United,Newcastle,Old Trafford,True
2022-23,2022,11,2022-10-16 14:00:00,Southampton,West Ham,St. Mary's Stadium,True
2022-23,2022,11,2022-10-16 16:30:00,Liverpool,Man City,Anfield,True
2022-23,2022,12,2022-10-18 19:30:00,Brighton,Nott'm Forest,Amex Stadium,True
2022-23,2022,12,2022-10-18 20:15:00,Crystal Palace,Wolves,Selhurst Park,True
2022-23,2022,12,2022-10-19 19:30:00,Bournemouth,Southampton,Vitality Stadium,True
2022-23,2022,12,2022-10-19 19:30:00,Brentford,Chelsea,Brentford Community Stadium,True
2022-23,2022,12,2022-10-19 19:30:00,Newcastle,Everton,St. James' Park,True
2022-23,2022,12,2022-10-19 19:30:00,Liverpool,West Ham,Anfield,True
2022-23,2022,12,2022-10-19 20:15:00,Man United,Tottenham,Old Trafford,True
2022-23,2022,12,2022-10-20 19:30:00,Fulham,Aston Villa,Craven Cottage,True
2022-23,2022,12,2022-10-20 20:15:00,Leicester,Leeds,King Power Stadium,True
2022-23,2022,13,2022-10-22 12:30:00,Nott'm Forest,Liverpool,The City Ground,True
2022-23,2022,13,2022-10-22 15:00:00,Everton,Crystal Palace,Goodison Park,True
2022-23,2022,13,2022-10-22 15:00:00,Man City,Brighton,Etihad Stadium,True
2022-23,2022,13,2022-10-22 17:30:00,Chelsea,Man United,Stamford Bridge,True
2022-23,2022,13,2022-10-23 14:00:00,Aston Villa,Brentford,Villa Park,True
2022-23,2022,13,2022-10-23 14:00:00,Leeds,Fulham,Elland Road,True
2022-23,2022,13,2022-10-23 14:00:00,Southampton,Arsenal,St. Mary's Stadium,True
2022-23,2022,13,2022-10-23 14:00:00,Wolves,Leicester,Molineux Stadium,True
2022-23,2022,13,2022-10-23 16:30:00,Tottenham,Newcastle,Tottenham Hotspur Stadium,True
2022-23,2022,13,2022-10-24 20:00:00,West Ham,Bournemouth,London Stadium,True
2022-23,2022,14,2022-10-29 12:30:00,Leicester,Man City,King Power Stadium,True
2022-23,2022,14,2022-10-29 15:00:00,Bournemouth,Tottenham,Vitality Stadium,True
2022-23,2022,14,2022-10-29 15:00:00,Brentford,Wolves,Brentford Community Stadium,True
2022-23,2022,14,2022-10-29 15:00:00,Brighton,Chelsea,Amex Stadium,True
2022-23,2022,14,2022-10-29 15:00:00,Crystal Palace,Southampton,Selhurst Park,True
2022-23,2022,14,2022-10-29 15:00:00,Newcastle,Aston Villa,St. James' Park,True
2022-23,2022,14,2022-10-29 17:30:00,Fulham,Everton,Craven Cottage,True
2022-23,2022,14,2022-10-29 19:45:00,Liverpool,Leeds,Anfield,True
2022-23,2022,14,2022-10-30 14:00:00,Arsenal,Nott'm Forest,Emirates Stadium,True
2022-23,2022,14,2022-10-30 16:15:00,Man United,West Ham,Old Trafford,True
2022-23,2022,15,2022-11-05 15:00:00,Leeds,Bournemouth,Elland Road,True
2022-23,2022,15,2022-11-05 15:00:00,Man City,Fulham,Etihad Stadium,True
2022-23,2022,15,2022-11-05 15:00:00,Nott'm Forest,Brentford,The City Ground,True
2022-23,2022,15,2022-11-05 15:00:00,Wolves,Brighton,Molineux Stadium,True
2022-23,2022,15,2022-11-05 17:30:00,Everton,Leicester,Goodison Park,True
2022-23,2022,15,2022-11-06 12:00:00,Chelsea,Arsenal,Stamford Bridge,True
2022-23,2022,15,2022-11-06 14:00:00,Aston Villa,Man United,Villa Park,True
2022-23,2022,15,2022-11-06 14:00:00,Southampton,Newcastle,St. Mary's Stadium,True
2022-23,2022,15,2022-11-06 14:00:00,West Ham,Crystal Palace,London Stadium,True
2022-23,2022,15,2022-11-06 16:30:00,Tottenham,Liverpool,Tottenham Hotspur Stadium,True
2022-23,2022,16,2022-11-12 12:30:00,Man City,Brentford,Etihad Stadium,True
2022-23,2022,16,2022-11-12 15:00:00,Bournemouth,Everton,Vitality Stadium,True
2022-23,2022,16,2022-11-12 15:00:00,Liverpool,Southampton,Anfield,True
2022-23,2022,16,2022-11-12 15:00:00,Nott'm Forest,Crystal Palace,The City Ground,True
2022-23,2022,16,2022-11-12 15:00:00,Tottenham,Leeds,Tottenham Hotspur Stadium,True
2022-23,2022,16,2022-11-12 15:00:00,West Ham,Leicester,London Stadium,True
2022-23,2022,16,2022-11-12 17:30:00,Newcastle,Chelsea,St. James' Park,True
2022-23,2022,16,2022-11-12 19:45:00,Wolves,Arsenal,Molineux Stadium,True
2022-23,2022,16,2022-11-13 14:00:00,Brighton,Aston Villa,Amex Stadium,True
2022-23,2022,16,2022-11-13 16:30:00,Fulham,Man United,Craven Cottage,True
2022-23,2022,17,2022-12-26 12:30:00,Brentford,Tottenham,Brentford Community Stadium,True
2022-23,2022,17,2022-12-26 15:00:00,Crystal Palace,Fulham,Selhurst Park,True
2022-23,2022,17,2022-12-26 15:00:00,Everton,Wolves,Goodison Park,True
2022-23,2022,17,2022-12-26 15:00:00,Leicester,Newcastle,King Power Stadium,True
2022-23,2022,17,2022-12-26 15:00:00,Southampton,Brighton,St. Mary's Stadium,True
2022-23,2022,17,2022-12-26 17:30:00,Aston Villa,Liverpool,Villa Park,True
2022-23,2022,17,2022-12-26 20:00:00,Arsenal,West Ham,Emirates Stadium,True
2022-23,2022,17,2022-12-27 17:30:00,Chelsea,Bournemouth,Stamford Bridge,True
2022-23,2022,17,2022-12-27 20:00:00,Man United,Nott'm Forest,Old Trafford,True
2022-23,2022,17,2022-12-28 20:00:00,Leeds,Man City,Elland Road,True
2022-23,2022,18,2022-12-30 19:45:00,West Ham,Brentford,London Stadium,True
2022-23,2022,18,2022-12-30 20:00:00,Liverpool,Leicester,Anfield,True
2022-23,2022,18,2022-12-31 12:30:00,Wolves,Man United,Molineux Stadium,True
2022-23,2022,18,2022-12-31 15:00:00,Bournemouth,Crystal Palace,Vitality Stadium,True
2022-23,2022,18,2022-12-31 15:00:00,Fulham,Southampton,Craven Cottage,True
2022-23,2022,18,2022-12-31 15:00:00,Man City,Everton,Etihad Stadium,True
2022-23,2022,18,2022-12-31 15:00:00,Newcastle,Leeds,St. James' Park,True
2022-23,2022,18,2022-12-31 17:30:00,Brighton,Arsenal,Amex Stadium,True
2022-23,2022,18,2023-01-01 14:00:00,Tottenham,Aston Villa,Tottenham Hotspur Stadium,True
2022-23,2022,18,2023-01-01 16:30:00,Nott'm Forest,Chelsea,The City Ground,True
2022-23,2022,19,2023-01-02 17:30:00,Brentford,Liverpool,Brentford Community Stadium,True
2022-23,2022,19,2023-01-03 19:45:00,Arsenal,Newcastle,Emirates Stadium,True
2022-23,2022,19,2023-01-03 19:45:00,Everton,Brighton,Goodison Park,True
2022-23,2022,19,2023-01-03 19:45:00,Leicester,Fulham,King Power Stadium,True
2022-23,2022,19,2023-01-03 20:00:00,Man United,Bournemouth,Old Trafford,True
2022-23,2022,19,2023-01-04 19:30:00,Southampton,Nott'm Forest,St. Mary's Stadium,True
2022-23,2022,19,2023-01-04 19:45:00,Leeds,West Ham,Elland Road,True
2022-23,2022,19,2023-01-04 20:00:00,Aston Villa,Wolves,Villa Park,True
2022-23,2022,19,2023-01-04 20:00:00,Crystal Palace,Tottenham,Selhurst Park,True
2022-23,2022,19,2023-01-05 20:00:00,Chelsea,Man City,Stamford Bridge,True
2022-23,2022,7,2023-01-12 20:00:00,Fulham,Chelsea,Craven Cottage,True
2022-23,2022,20,2023-01-13 20:00:00,Aston Villa,Leeds,Villa Park,True
2022-23,2022,20,2023-01-14 12:30:00,Man United,Man City,Old Trafford,True
2022-23,2022,20,2023-01-14 15:00:00,Brighton,Liverpool,Amex Stadium,True
2022-23,2022,20,2023-01-14 15:00:00,Everton,Southampton,Goodison Park,True
2022-23,2022,20,2023-01-14 15:00:00,Nott'm Forest,Leicester,The City Ground,True
2022-23,2022,20,2023-01-14 15:00:00,Wolves,West Ham,Molineux Stadium,True
2022-23,2022,20,2023-01-14 17:30:00,Brentford,Bournemouth,Brentford Community Stadium,True
2022-23,2022,20,2023-01-15 14:00:00,Chelsea,Crystal Palace,Stamford Bridge,True
2022-23,2022,20,2023-01-15 14:00:00,Newcastle,Fulham,St. James' Park,True
2022-23,2022,20,2023-01-15 16:30:00,Tottenham,Arsenal,Tottenham Hotspur Stadium,True
2022-23,2022,7,2023-01-19 07:00:00,Crystal Palace,Man United,Selhurst Park,False
2022-23,2022,7,2023-01-19 20:00:00,Man City,Tottenham,Etihad Stadium,True
2022-23,2022,21,2023-01-21 12:30:00,Liverpool,Chelsea,Anfield,True
2022-23,2022,21,2023-01-21 15:00:00,Bournemouth,Nott'm Forest,Vitality Stadium,True
2022-23,2022,21,2023-01-21 15:00:00,Leicester,Brighton,King Power Stadium,True
2022-23,2022,21,2023-01-21 15:00:00,Southampton,Aston Villa,St. Mary's Stadium,True
2022-23,2022,21,2023-01-21 15:00:00,West Ham,Everton,London Stadium,True
2022-23,2022,21,2023-01-21 17:30:00,Crystal Palace,Newcastle,Selhurst Park,True
2022-23,2022,21,2023-01-22 14:00:00,Leeds,Brentford,Elland Road,True
2022-23,2022,21,2023-01-22 14:00:00,Man City,Wolves,Etihad Stadium,True
2022-23,2022,21,2023-01-22 16:30:00,Arsenal,Man United,Emirates Stadium,True
2022-23,2022,21,2023-01-23 20:15:00,Fulham,Tottenham,Craven Cottage,True
2022-23,2022,22,2023-02-03 20:00:00,Chelsea,Fulham,Stamford Bridge,True
2022-23,2022,22,2023-02-04 12:30:00,Everton,Arsenal,Goodison Park,True
2022-23,2022,22,2023-02-04 15:00:00,Aston Villa,Leicester,Villa Park,True
2022-23,2022,22,2023-02-04 15:00:00,Brentford,Southampton,Brentford Community Stadium,True
2022-23,2022,22,2023-02-04 15:00:00,Brighton,Bournemouth,Amex Stadium,True
2022-23,2022,22,2023-02-04 15:00:00,Man United,Crystal Palace,Old Trafford,True
2022-23,2022,22,2023-02-04 15:00:00,Wolves,Liverpool,Molineux Stadium,True
2022-23,2022,22,2023-02-04 17:30:00,Newcastle,West Ham,St. James' Park,True
2022-23,2022,22,2023-02-05 14:00:00,Nott'm Forest,Leeds,The City Ground,True
2022-23,2022,22,2023-02-05 16:30:00,Tottenham,Man City,Tottenham Hotspur Stadium,True
2022-23,2022,8,2023-02-08 20:00:00,Man United,Leeds,Old Trafford,True
2022-23,2022,23,2023-02-11 12:30:00,West Ham,Chelsea,London Stadium,True
2022-23,2022,23,2023-02-11 15:00:00,Arsenal,Brentford,Emirates Stadium,True
2022-23,2022,23,2023-02-11 15:00:00,Crystal Palace,Brighton,Selhurst Park,True
2022-23,2022,23,2023-02-11 15:00:00,Fulham,Nott'm Forest,Craven Cottage,True
2022-23,2022,23,2023-02-11 15:00:00,Leicester,Tottenham,King Power Stadium,True
2022-23,2022,23,2023-02-11 15:00:00,Southampton,Wolves,St. Mary's Stadium,True
2022-23,2022,23,2023-02-11 17:30:00,Bournemouth,Newcastle,Vitality Stadium,True
2022-23,2022,23,2023-02-12 14:00:00,Leeds,Man United,Elland Road,True
2022-23,2022,23,2023-02-12 16:30:00,Man City,Aston Villa,Etihad Stadium,True
2022-23,2022,23,2023-02-13 20:00:00,Liverpool,Everton,Anfield,True
2022-23,2022,12,2023-02-15 19:30:00,Arsenal,Man City,Emirates Stadium,True
2022-23,2022,24,2023-02-18 12:30:00,Aston Villa,Arsenal,Villa Park,True
2022-23,2022,24,2023-02-18 15:00:00,Brentford,Crystal Palace,Brentford Community Stadium,True
2022-23,2022,24,2023-02-18 15:00:00,Brighton,Fulham,Amex Stadium,True
2022-23,2022,24,2023-02-18 15:00:00,Chelsea,Southampton,Stamford Bridge,True
2022-23,2022,24,2023-02-18 15:00:00,Everton,Leeds,Goodison Park,True
2022-23,2022,24,2023-02-18 15:00:00,Nott'm Forest,Man City,The City Ground,True
2022-23,2022,24,2023-02-18 15:00:00,Wolves,Bournemouth,Molineux Stadium,True
2022-23,2022,24,2023-02-18 17:30:00,Newcastle,Liverpool,St. James' Park,True
2022-23,2022,24,2023-02-19 14:00:00,Man United,Leicester,Old Trafford,True
2022-23,2022,24,2023-02-19 16:30:00,Tottenham,West Ham,Tottenham Hotspur Stadium,True
2022-23,2022,25,2023-02-24 20:00:00,Fulham,Wolves,Craven Cottage,True
2022-23,2022,25,2023-02-25 15:00:00,Everton,Aston Villa,Goodison Park,True
2022-23,2022,25,2023-02-25 15:00:00,Leeds,Southampton,Elland Road,True
2022-23,2022,25,2023-02-25 15:00:00,Leicester,Arsenal,King Power Stadium,True
2022-23,2022,25,2023-02-25 15:00:00,West Ham,Nott'm Forest,London Stadium,True
2022-23,2022,25,2023-02-25 17:30:00,Bournemouth,Man City,Vitality Stadium,True
2022-23,2022,25,2023-02-25 19:45:00,Crystal Palace,Liverpool,Selhurst Park,True
2022-23,2022,25,2023-02-26 13:30:00,Tottenham,Chelsea,Tottenham Hotspur Stadium,True
2022-23,2022,7,2023-03-01 19:45:00,Arsenal,Everton,Emirates Stadium,True
2022-23,2022,7,2023-03-01 20:00:00,Liverpool,Wolves,Anfield,True
2022-23,2022,26,2023-03-04 12:30:00,Man City,Newcastle,Etihad Stadium,True
2022-23,2022,26,2023-03-04 15:00:00,Arsenal,Bournemouth,Emirates Stadium,True
2022-23,2022,26,2023-03-04 15:00:00,Aston Villa,Crystal Palace,Villa Park,True
2022-23,2022,26,2023-03-04 15:00:00,Brighton,West Ham,Amex Stadium,True
2022-23,2022,26,2023-03-04 15:00:00,Chelsea,Leeds,Stamford Bridge,True
2022-23,2022,26,2023-03-04 15:00:00,Wolves,Tottenham,Molineux Stadium,True
2022-23,2022,26,2023-03-04 17:30:00,Southampton,Leicester,St. Mary's Stadium,True
2022-23,2022,26,2023-03-05 14:00:00,Nott'm Forest,Everton,The City Ground,True
2022-23,2022,26,2023-03-05 16:30:00,Liverpool,Man United,Anfield,True
2022-23,2022,26,2023-03-06 20:00:00,Brentford,Fulham,Brentford Community Stadium,True
2022-23,2022,27,2023-03-11 12:30:00,Bournemouth,Liverpool,Vitality Stadium,True
2022-23,2022,27,2023-03-11 15:00:00,Everton,Brentford,Goodison Park,True
2022-23,2022,27,2023-03-11 15:00:00,Leeds,Brighton,Elland Road,True
2022-23,2022,27,2023-03-11 15:00:00,Leicester,Chelsea,King Power Stadium,True
2022-23,2022,27,2023-03-11 15:00:00,Tottenham,Nott'm Forest,Tottenham Hotspur Stadium,True
2022-23,2022,27,2023-03-11 17:30:00,Crystal Palace,Man City,Selhurst Park,True
2022-23,2022,27,2023-03-12 14:00:00,Fulham,Arsenal,Craven Cottage,True
2022-23,2022,27,2023-03-12 14:00:00,Man United,Southampton,Old Trafford,True
2022-23,2022,27,2023-03-12 14:00:00,West Ham,Aston Villa,London Stadium,True
2022-23,2022,27,2023-03-12 16:30:00,Newcastle,Wolves,St. James' Park,True
2022-23,2022,7,2023-03-15 19:30:00,Southampton,Brentford,St. Mary's Stadium,True
2022-23,2022,8,2023-03-15 19:30:00,Brighton,Crystal Palace,Amex Stadium,True
2022-23,2022,28,2023-03-17 20:00:00,Nott'm Forest,Newcastle,The City Ground,True
2022-23,2022,28,2023-03-18 15:00:00,Aston Villa,Bournemouth,Villa Park,True
2022-23,2022,28,2023-03-18 15:00:00,Brentford,Leicester,Brentford Community Stadium,True
2022-23,2022,28,2023-03-18 15:00:00,Southampton,Tottenham,St. Mary's Stadium,True
2022-23,2022,28,2023-03-18 15:00:00,Wolves,Leeds,Molineux Stadium,True
2022-23,2022,28,2023-03-18 17:30:00,Chelsea,Everton,Stamford Bridge,True
2022-23,2022,28,2023-03-19 14:00:00,Arsenal,Crystal Palace,Emirates Stadium,True
2022-23,2022,29,2023-04-01 12:30:00,Man City,Liverpool,Etihad Stadium,True
2022-23,2022,29,2023-04-01 15:00:00,Bournemouth,Fulham,Vitality Stadium,True
2022-23,2022,29,2023-04-01 15:00:00,Arsenal,Leeds,Emirates Stadium,True
2022-23,2022,29,2023-04-01 15:00:00,Brighton,Brentford,Amex Stadium,True
2022-23,2022,29,2023-04-01 15:00:00,Crystal Palace,Leicester,Selhurst Park,True
2022-23,2022,29,2023-04-01 15:00:00,Nott'm Forest,Wolves,The City Ground,True
2022-23,2022,29,2023-04-01 17:30:00,Chelsea,Aston Villa,Stamford Bridge,True
2022-23,2022,29,2023-04-02 14:00:00,West Ham,Southampton,London Stadium,True
2022-23,2022,29,2023-04-02 16:30:00,Newcastle,Man United,St. James' Park,True
2022-23,2022,29,2023-04-03 20:00:00,Everton,Tottenham,Goodison Park,True
2022-23,2022,7,2023-04-04 19:45:00,Bournemouth,Brighton,Vitality Stadium,True
2022-23,2022,7,2023-04-04 19:45:00,Leeds,Nott'm Forest,Elland Road,True
2022-23,2022,7,2023-04-04 19:45:00,Leicester,Aston Villa,King Power Stadium,True
2022-23,2022,8,2023-04-04 20:00:00,Chelsea,Liverpool,Stamford Bridge,True
2022-23,2022,7,2023-04-05 20:00:00,West Ham,Newcastle,London Stadium,True
2022-23,2022,25,2023-04-05 20:00:00,Man United,Brentford,Old Trafford,True
2022-23,2022,30,2023-04-08 12:30:00,Man United,Everton,Old Trafford,True
2022-23,2022,30,2023-04-08 15:00:00,Aston Villa,Nott'm Forest,Villa Park,True
2022-23,2022,30,2023-04-08 15:00:00,Brentford,Newcastle,Brentford Community Stadium,True
2022-23,2022,30,2023-04-08 15:00:00,Fulham,West Ham,Craven Cottage,True
2022-23,2022,30,2023-04-08 15:00:00,Leicester,Bournemouth,King Power Stadium,True
2022-23,2022,30,2023-04-08 15:00:00,Tottenham,Brighton,Tottenham Hotspur Stadium,True
2022-23,2022,30,2023-04-08 15:00:00,Wolves,Chelsea,Molineux Stadium,True
2022-23,2022,30,2023-04-08 17:30:00,Southampton,Man City,St. Mary's Stadium,True
2022-23,2022,30,2023-04-09 14:00:00,Leeds,Crystal Palace,Elland Road,True
2022-23,2022,30,2023-04-09 16:30:00,Liverpool,Arsenal,Anfield,True
2022-23,2022,31,2023-04-15 12:30:00,Aston Villa,Newcastle,Villa Park,True
2022-23,2022,31,2023-04-15 15:00:00,Chelsea,Brighton,Stamford Bridge,True
2022-23,2022,31,2023-04-15 15:00:00,Everton,Fulham,Goodison Park,True
2022-23,2022,31,2023-04-15 15:00:00,Southampton,Crystal Palace,St. Mary's Stadium,True
2022-23,2022,31,2023-04-15 15:00:00,Wolves,Brentford,Molineux Stadium,True
2022-23,2022,31,2023-04-15 15:15:00,Tottenham,Bournemouth,Tottenham Hotspur Stadium,True
2022-23,2022,31,2023-04-15 17:30:00,Man City,Leicester,Etihad Stadium,True
2022-23,2022,31,2023-04-16 14:00:00,West Ham,Arsenal,London Stadium,True
2022-23,2022,31,2023-04-16 16:30:00,Nott'm Forest,Man United,The City Ground,True
2022-23,2022,31,2023-04-17 20:00:00,Leeds,Liverpool,Elland Road,True
2022-23,2022,32,2023-04-21 20:00:00,Arsenal,Southampton,Emirates Stadium,True
2022-23,2022,32,2023-04-22 12:30:00,Fulham,Leeds,Craven Cottage,True
2022-23,2022,32,2023-04-22 15:00:00,Brentford,Aston Villa,Brentford Community Stadium,True
2022-23,2022,32,2023-04-22 15:00:00,Crystal Palace,Everton,Selhurst Park,True
2022-23,2022,32,2023-04-22 15:00:00,Leicester,Wolves,King Power Stadium,True
2022-23,2022,32,2023-04-22 15:00:00,Liverpool,Nott'm Forest,Anfield,True
2022-23,2022,32,2023-04-23 14:00:00,Bournemouth,West Ham,Vitality Stadium,True
2022-23,2022,32,2023-04-23 14:00:00,Newcastle,Tottenham,St. James' Park,True
2022-23,2022,33,2023-04-25 19:30:00,Wolves,Crystal Palace,Molineux Stadium,True
2022-23,2022,33,2023-04-25 19:45:00,Aston Villa,Fulham,Villa Park,True
2022-23,2022,33,2023-04-25 20:00:00,Leeds,Leicester,Elland Road,True
2022-23,2022,33,2023-04-26 19:30:00,Nott'm Forest,Brighton,The City Ground,True
2022-23,2022,33,2023-04-26 19:45:00,West Ham,Liverpool,London Stadium,True
2022-23,2022,33,2023-04-26 19:45:00,Chelsea,Brentford,Stamford Bridge,True
2022-23,2022,33,2023-04-26 20:00:00,Man City,Arsenal,Etihad Stadium,True
2022-23,2022,33,2023-04-27 19:45:00,Everton,Newcastle,Goodison Park,True
2022-23,2022,33,2023-04-27 19:45:00,Southampton,Bournemouth,St. Mary's Stadium,True
2022-23,2022,33,2023-04-27 20:15:00,Tottenham,Man United,Tottenham Hotspur Stadium,True
2022-23,2022,34,2023-04-29 12:30:00,Crystal Palace,West Ham,Selhurst Park,True
2022-23,2022,34,2023-04-29 15:00:00,Brentford,Nott'm Forest,Brentford Community Stadium,True
2022-23,2022,34,2023-04-29 15:00:00,Brighton,Wolves,Amex Stadium,True
2022-23,2022,34,2023-04-30 14:00:00,Bournemouth,Leeds,Vitality Stadium,True
2022-23,2022,34,2023-04-30 14:00:00,Fulham,Man City,Craven Cottage,True
2022-23,2022,34,2023-04-30 14:00:00,Man United,Aston Villa,Old Trafford,True
2022-23,2022,34,2023-04-30 14:00:00,Newcastle,Southampton,St. James' Park,True
2022-23,2022,34,2023-04-30 16:30:00,Liverpool,Tottenham,Anfield,True
2022-23,2022,34,2023-05-01 20:00:00,Leicester,Everton,King Power Stadium,True
2022-23,2022,34,2023-05-02 20:00:00,Arsenal,Chelsea,Emirates Stadium,True
2022-23,2022,28,2023-05-03 20:00:00,Liverpool,Fulham,Anfield,True
2022-23,2022,28,2023-05-03 20:00:00,Man City,West Ham,Etihad Stadium,True
2022-23,2022,28,2023-05-04 20:00:00,Brighton,Man United,Amex Stadium,True
2022-23,2022,35,2023-05-06 15:00:00,Bournemouth,Chelsea,Vitality Stadium,True
2022-23,2022,35,2023-05-06 15:00:00,Man City,Leeds,Etihad Stadium,True
2022-23,2022,35,2023-05-06 15:00:00,Tottenham,Crystal Palace,Tottenham Hotspur Stadium,True
2022-23,2022,35,2023-05-06 15:00:00,Wolves,Aston Villa,Molineux Stadium,True
2022-23,2022,35,2023-05-06 17:30:00,Liverpool,Brentford,Anfield,True
2022-23,2022,35,2023-05-07 16:30:00,Newcastle,Arsenal,St. James' Park,True
2022-23,2022,35,2023-05-07 19:00:00,West Ham,Man United,London Stadium,True
2022-23,2022,35,2023-05-08 15:00:00,Fulham,Leicester,Craven Cottage,True
2022-23,2022,35,2023-05-08 17:30:00,Brighton,Everton,Amex Stadium,True
2022-23,2022,35,2023-05-08 20:00:00,Nott'm Forest,Southampton,The City Ground,True
2022-23,2022,36,2023-05-13 12:30:00,Leeds,Newcastle,Elland Road,True
2022-23,2022,36,2023-05-13 15:00:00,Aston Villa,Tottenham,Villa Park,True
2022-23,2022,36,2023-05-13 15:00:00,Chelsea,Nott'm Forest,Stamford Bridge,True
2022-23,2022,36,2023-05-13 15:00:00,Crystal Palace,Bournemouth,Selhurst Park,True
2022-23,2022,36,2023-05-13 15:00:00,Man United,Wolves,Old Trafford,True
2022-23,2022,36,2023-05-13 15:00:00,Southampton,Fulham,St. Mary's Stadium,True
2022-23,2022,36,2023-05-14 14:00:00,Brentford,West Ham,Brentford Community Stadium,True
2022-23,2022,36,2023-05-14 14:00:00,Everton,Man City,Goodison Park,True
2022-23,2022,36,2023-05-14 16:30:00,Arsenal,Brighton,Emirates Stadium,True
2022-23,2022,36,2023-05-15 20:00:00,Leicester,Liverpool,King Power Stadium,True
2022-23,2022,25,2023-05-18 19:30:00,Newcastle,Brighton,St. James' Park,True
2022-23,2022,37,2023-05-20 12:30:00,Tottenham,Brentford,Tottenham Hotspur Stadium,True
2022-23,2022,37,2023-05-20 15:00:00,Bournemouth,Man United,Vitality Stadium,True
2022-23,2022,37,2023-05-20 15:00:00,Fulham,Crystal Palace,Craven Cottage,True
2022-23,2022,37,2023-05-20 15:00:00,Liverpool,Aston Villa,Anfield,True
2022-23,2022,37,2023-05-20 15:00:00,Wolves,Everton,Molineux Stadium,True
2022-23,2022,37,2023-05-20 17:30:00,Nott'm Forest,Arsenal,The City Ground,True
2022-23,2022,37,2023-05-21 13:30:00,West Ham,Leeds,London Stadium,True
2022-23,2022,37,2023-05-21 14:00:00,Brighton,Southampton,Amex Stadium,True
2022-23,2022,37,2023-05-21 16:00:00,Man City,Chelsea,Etihad Stadium,True
2022-23,2022,37,2023-05-22 20:00:00,Newcastle,Leicester,St. James' Park,True
2022-23,2022,32,2023-05-24 20:00:00,Brighton,Man City,Amex Stadium,True
2022-23,2022,32,2023-05-25 20:00:00,Man United,Chelsea,Old Trafford,True
2022-23,2022,38,2023-05-28 16:30:00,Arsenal,Wolves,Emirates Stadium,True
2022-23,2022,38,2023-05-28 16:30:00,Aston Villa,Brighton,Villa Park,True
2022-23,2022,38,2023-05-28 16:30:00,Brentford,Man City,Brentford Community Stadium,True
2022-23,2022,38,2023-05-28 16:30:00,Chelsea,Newcastle,Stamford Bridge,True
2022-23,2022,38,2023-05-28 16:30:00,Crystal Palace,Nott'm Forest,Selhurst Park,True
2022-23,2022,38,2023-05-28 16:30:00,Everton,Bournemouth,Goodison Park,True
2022-23,2022,38,2023-05-28 16:30:00,Leeds,Tottenham,Elland Road,True
2022-23,2022,38,2023-05-28 16:30:00,Leicester,West Ham,King Power Stadium,True
2022-23,2022,38,2023-05-28 16:30:00,Man United,Fulham,Old Trafford,True
2022-23,2022,38,2023-05-28 16:30:00,Southampton,Liverpool,St. Mary's Stadium,True
2023-24,2023,1,2023-08-11 20:00:00,Burnley,Man City,Turf Moor,True
2023-24,2023,1,2023-08-12 13:00:00,Arsenal,Nott'm Forest,Emirates Stadium,True
2023-24,2023,1,2023-08-12 15:00:00,Bournemouth,West Ham,Vitality Stadium,True
2023-24,2023,1,2023-08-12 15:00:00,Brighton,Luton,Amex Stadium,True
2023-24,2023,1,2023-08-12 15:00:00,Everton,Fulham,Goodison Park,True
2023-24,2023,1,2023-08-12 15:00:00,Sheffield United,Crystal Palace,Bramall Lane,True
2023-24,2023,1,2023-08-12 17:30:00,Newcastle,Aston Villa,St. James' Park,True
2023-24,2023,1,2023-08-13 14:00:00,Brentford,Tottenham,Gtech Community Stadium,True
2023-24,2023,1,2023-08-13 16:30:00,Chelsea,Liverpool,Stamford Bridge,True
2023-24,2023,1,2023-08-14 20:00:00,Man United,Wolves,Old Trafford,True
2023-24,2023,2,2023-08-18 19:45:00,Nott'm Forest,Sheffield United,The City Ground,True
2023-24,2023,2,2023-08-19 15:00:00,Fulham,Brentford,Craven Cottage,True
2023-24,2023,2,2023-08-19 15:00:00,Liverpool,Bournemouth,Anfield,True
2023-24,2023,2,2023-08-19 15:00:00,Wolves,Brighton,Molineux Stadium,True
2023-24,2023,2,2023-08-19 17:30:00,Tottenham,Man United,Tottenham Hotspur Stadium,True
2023-24,2023,2,2023-08-19 20:00:00,Man City,Newcastle,Etihad Stadium,True
2023-24,2023,2,2023-08-20 14:00:00,Aston Villa,Everton,Villa Park,True
2023-24,2023,2,2023-08-20 16:30:00,West Ham,Chelsea,London Stadium,True
2023-24,2023,2,2023-08-21 20:00:00,Crystal Palace,Arsenal,Selhurst Park,True
2023-24,2023,3,2023-08-25 20:00:00,Chelsea,Luton,Stamford Bridge,True
2023-24,2023,3,2023-08-26 12:30:00,Bournemouth,Tottenham,Vitality Stadium,True
2023-24,2023,3,2023-08-26 15:00:00,Arsenal,Fulham,Emirates Stadium,True
2023-24,2023,3,2023-08-26 15:00:00,Brentford,Crystal Palace,Gtech Community Stadium,True
2023-24,2023,3,2023-08-26 15:00:00,Everton,Wolves,Goodison Park,True
2023-24,2023,3,2023-08-26 15:00:00,Man United,Nott'm Forest,Old Trafford,True
2023-24,2023,3,2023-08-26 17:30:00,Brighton,West Ham,Amex Stadium,True
2023-24,2023,3,2023-08-27 14:00:00,Burnley,Aston Villa,Turf Moor,True
2023-24,2023,3,2023-08-27 14:00:00,Sheffield United,Man City,Bramall Lane,True
2023-24,2023,3,2023-08-27 16:30:00,Newcastle,Liverpool,St. James' Park,True
2023-24,2023,4,2023-09-01 20:00:00,Luton,West Ham,Kenilworth Road,True
2023-24,2023,4,2023-09-02 12:30:00,Sheffield United,Everton,Bramall Lane,True
2023-24,2023,4,2023-09-02 15:00:00,Brentford,Bournemouth,Gtech Community Stadium,True
2023-24,2023,4,2023-09-02 15:00:00,Burnley,Tottenham,Turf Moor,True
2023-24,2023,4,2023-09-02 15:00:00,Chelsea,Nott'm Forest,Stamford Bridge,True
2023-24,2023,4,2023-09-02 15:00:00,Man City,Fulham,Etihad Stadium,True
2023-24,2023,4,2023-09-02 17:30:00,Brighton,Newcastle,Amex Stadium,True
2023-24,2023,4,2023-09-03 14:00:00,Crystal Palace,Wolves,Selhurst Park,True
2023-24,2023,4,2023-09-03 14:00:00,Liverpool,Aston Villa,Anfield,True
2023-24,2023,4,2023-09-03 16:30:00,Arsenal,Man United,Emirates Stadium,True
2023-24,2023,5,2023-09-16 12:30:00,Wolves,Liverpool,Molineux Stadium,True
2023-24,2023,5,2023-09-16 15:00:00,Aston Villa,Crystal Palace,Villa Park,True
2023-24,2023,5,2023-09-16 15:00:00,Fulham,Luton,Craven Cottage,True
2023-24,2023,5,2023-09-16 15:00:00,Man United,Brighton,Old Trafford,True
2023-24,2023,5,2023-09-16 15:00:00,Tottenham,Sheffield United,Tottenham Hotspur Stadium,True
2023-24,2023,5,2023-09-16 15:00:00,West Ham,Man City,London Stadium,True
2023-24,2023,5,2023-09-16 17:30:00,Newcastle,Brentford,St. James' Park,True
2023-24,2023,5,2023-09-17 14:00:00,Bournemouth,Chelsea,Vitality Stadium,True
2023-24,2023,5,2023-09-17 16:30:00,Everton,Arsenal,Goodison Park,True
2023-24,2023,5,2023-09-18 19:45:00,Nott'm Forest,Burnley,The City Ground,True
2023-24,2023,6,2023-09-23 15:00:00,Crystal Palace,Fulham,Selhurst Park,True
2023-24,2023,6,2023-09-23 15:00:00,Luton,Wolves,Kenilworth Road,True
2023-24,2023,6,2023-09-23 15:00:00,Man City,Nott'm Forest,Etihad Stadium,True
2023-24,2023,6,2023-09-23 17:30:00,Brentford,Everton,Gtech Community Stadium,True
2023-24,2023,6,2023-09-23 20:00:00,Burnley,Man United,Turf Moor,True
2023-24,2023,6,2023-09-24 14:00:00,Arsenal,Tottenham,Emirates Stadium,True
2023-24,2023,6,2023-09-24 14:00:00,Brighton,Bournemouth,Amex Stadium,True
2023-24,2023,6,2023-09-24 14:00:00,Chelsea,Aston Villa,Stamford Bridge,True
2023-24,2023,6,2023-09-24 14:00:00,Liverpool,West Ham,Anfield,True
2023-24,2023,6,2023-09-24 16:30:00,Sheffield United,Newcastle,Bramall Lane,True
2023-24,2023,7,2023-09-30 12:30:00,Aston Villa,Brighton,Villa Park,True
2023-24,2023,7,2023-09-30 15:00:00,Bournemouth,Arsenal,Vitality Stadium,True
2023-24,2023,7,2023-09-30 15:00:00,Everton,Luton,Goodison Park,True
2023-24,2023,7,2023-09-30 15:00:00,Man United,Crystal Palace,Old Trafford,True
2023-24,2023,7,2023-09-30 15:00:00,Newcastle,Burnley,St. James' Park,True
2023-24,2023,7,2023-09-30 15:00:00,West Ham,Sheffield United,London Stadium,True
2023-24,2023,7,2023-09-30 15:00:00,Wolves,Man City,Molineux Stadium,True
2023-24,2023,7,2023-09-30 17:30:00,Tottenham,Liverpool,Tottenham Hotspur Stadium,True
2023-24,2023,7,2023-10-01 14:00:00,Nott'm Forest,Brentford,The City Ground,True
2023-24,2023,7,2023-10-02 20:00:00,Fulham,Chelsea,Craven Cottage,True
2023-24,2023,2,2023-10-03 19:30:00,Luton,Burnley,Kenilworth Road,True
2023-24,2023,8,2023-10-07 12:30:00,Luton,Tottenham,Kenilworth Road,True
2023-24,2023,8,2023-10-07 15:00:00,Burnley,Chelsea,Turf Moor,True
2023-24,2023,8,2023-10-07 15:00:00,Everton,Bournemouth,Goodison Park,True
2023-24,2023,8,2023-10-07 15:00:00,Fulham,Sheffield United,Craven Cottage,True
2023-24,2023,8,2023-10-07 15:00:00,Man United,Brentford,Old Trafford,True
2023-24,2023,8,2023-10-07 17:30:00,Crystal Palace,Nott'm Forest,Selhurst Park,True
2023-24,2023,8,2023-10-08 14:00:00,Brighton,Liverpool,Amex Stadium,True
2023-24,2023,8,2023-10-08 14:00:00,West Ham,Newcastle,London Stadium,True
2023-24,2023,8,2023-10-08 14:00:00,Wolves,Aston Villa,Molineux Stadium,True
2023-24,2023,8,2023-10-08 16:30:00,Arsenal,Man City,Emirates Stadium,True
2023-24,2023,9,2023-10-21 12:30:00,Liverpool,Everton,Anfield,True
2023-24,2023,9,2023-10-21 15:00:00,Bournemouth,Wolves,Vitality Stadium,True
2023-24,2023,9,2023-10-21 15:00:00,Brentford,Burnley,Gtech Community Stadium,True
2023-24,2023,9,2023-10-21 15:00:00,Man City,Brighton,Etihad Stadium,True
2023-24,2023,9,2023-10-21 15:00:00,Newcastle,Crystal Palace,St. James' Park,True
2023-24,2023,9,2023-10-21 15:00:00,Nott'm Forest,Luton,The City Ground,True
2023-24,2023,9,2023-10-21 17:30:00,Chelsea,Arsenal,Stamford Bridge,True
2023-24,2023,9,2023-10-21 20:00:00,Sheffield United,Man United,Bramall Lane,True
2023-24,2023,9,2023-10-22 16:30:00,Aston Villa,West Ham,Villa Park,True
2023-24,2023,9,2023-10-23 20:00:00,Tottenham,Fulham,Tottenham Hotspur Stadium,True
2023-24,2023,10,2023-10-27 20:00:00,Crystal Palace,Tottenham,Selhurst Park,True
2023-24,2023,10,2023-10-28 12:30:00,Chelsea,Brentford,Stamford Bridge,True
2023-24,2023,10,2023-10-28 15:00:00,Arsenal,Sheffield United,Emirates Stadium,True
2023-24,2023,10,2023-10-28 15:00:00,Bournemouth,Burnley,Vitality Stadium,True
2023-24,2023,10,2023-10-28 17:30:00,Wolves,Newcastle,Molineux Stadium,True
2023-24,2023,10,2023-10-29 13:00:00,West Ham,Everton,London Stadium,True
2023-24,2023,10,2023-10-29 14:00:00,Aston Villa,Luton,Villa Park,True
2023-24,2023,10,2023-10-29 14:00:00,Brighton,Fulham,Amex Stadium,True
2023-24,2023,10,2023-10-29 14:00:00,Liverpool,Nott'm Forest,Anfield,True
2023-24,2023,10,2023-10-29 15:30:00,Man United,Man City,Old Trafford,True
2023-24,2023,11,2023-11-04 12:30:00,Fulham,Man United,Craven Cottage,True
2023-24,2023,11,2023-11-04 15:00:00,Brentford,West Ham,Gtech Community Stadium,True
2023-24,2023,11,2023-11-04 15:00:00,Burnley,Crystal Palace,Turf Moor,True
2023-24,2023,11,2023-11-04 15:00:00,Everton,Brighton,Goodison Park,True
2023-24,2023,11,2023-11-04 15:00:00,Man City,Bournemouth,Etihad Stadium,True
2023-24,2023,11,2023-11-04 15:00:00,Sheffield United,Wolves,Bramall Lane,True
2023-24,2023,11,2023-11-04 17:30:00,Newcastle,Arsenal,St. James' Park,True
2023-24,2023,11,2023-11-05 14:00:00,Nott'm Forest,Aston Villa,The City Ground,True
2023-24,2023,11,2023-11-05 16:30:00,Luton,Liverpool,Kenilworth Road,True
2023-24,2023,11,2023-11-06 20:00:00,Tottenham,Chelsea,Tottenham Hotspur Stadium,True
2023-24,2023,12,2023-11-11 12:30:00,Wolves,Tottenham,Molineux Stadium,True
2023-24,2023,12,2023-11-11 15:00:00,Arsenal,Burnley,Emirates Stadium,True
2023-24,2023,12,2023-11-11 15:00:00,Crystal Palace,Everton,Selhurst Park,True
2023-24,2023,12,2023-11-11 15:00:00,Man United,Luton,Old Trafford,True
2023-24,2023,12,2023-11-11 17:30:00,Bournemouth,Newcastle,Vitality Stadium,True
2023-24,2023,12,2023-11-12 14:00:00,Aston Villa,Fulham,Villa Park,True
2023-24,2023,12,2023-11-12 14:00:00,Brighton,Sheffield United,Amex Stadium,True
2023-24,2023,12,2023-11-12 14:00:00,Liverpool,Brentford,Anfield,True
2023-24,2023,12,2023-11-12 14:00:00,West Ham,Nott'm Forest,London Stadium,True
2023-24,2023,12,2023-11-12 16:30:00,Chelsea,Man City,Stamford Bridge,True
2023-24,2023,13,2023-11-25 12:30:00,Man City,Liverpool,Etihad Stadium,True
2023-24,2023,13,2023-11-25 15:00:00,Burnley,West Ham,Turf Moor,True
2023-24,2023,13,2023-11-25 15:00:00,Luton,Crystal Palace,Kenilworth Road,True
2023-24,2023,13,2023-11-25 15:00:00,Newcastle,Chelsea,St. James' Park,True
2023-24,2023,13,2023-11-25 15:00:00,Nott'm Forest,Brighton,The City Ground,True
2023-24,2023,13,2023-11-25 15:00:00,Sheffield United,Bournemouth,Bramall Lane,True
2023-24,2023,13,2023-11-25 17:30:00,Brentford,Arsenal,Gtech Community Stadium,True
2023-24,2023,13,2023-11-26 14:00:00,Tottenham,Aston Villa,Tottenham Hotspur Stadium,True
2023-24,2023,13,2023-11-26 16:30:00,Everton,Man United,Goodison Park,True
2023-24,2023,13,2023-11-27 20:00:00,Fulham,Wolves,Craven Cottage,True
2023-24,2023,14,2023-12-02 15:00:00,Arsenal,Wolves,Emirates Stadium,True
2023-24,2023,14,2023-12-02 15:00:00,Brentford,Luton,Gtech Community Stadium,True
2023-24,2023,14,2023-12-02 15:00:00,Burnley,Sheffield United,Turf Moor,True
2023-24,2023,14,2023-12-02 17:30:00,Nott'm Forest,Everton,The City Ground,True
2023-24,2023,14,2023-12-02 20:00:00,Newcastle,Man United,St. James' Park,True
2023-24,2023,14,2023-12-03 14:00:00,Bournemouth,Aston Villa,Vitality Stadium,True
2023-24,2023,14,2023-12-03 14:00:00,Chelsea,Brighton,Stamford Bridge,True
2023-24,2023,14,2023-12-03 14:00:00,Liverpool,Fulham,Anfield,True
2023-24,2023,14,2023-12-03 14:00:00,West Ham,Crystal Palace,London Stadium,True
2023-24,2023,14,2023-12-03 16:30:00,Man City,Tottenham,Etihad Stadium,True
2023-24,2023,15,2023-12-05 19:30:00,Wolves,Burnley,Molineux Stadium,True
2023-24,2023,15,2023-12-05 20:15:00,Luton,Arsenal,Kenilworth Road,True
2023-24,2023,15,2023-12-06 19:30:00,Brighton,Brentford,Amex Stadium,True
2023-24,2023,15,2023-12-06 19:30:00,Fulham,Nott'm Forest,Craven Cottage,True
2023-24,2023,15,2023-12-06 19:30:00,Sheffield United,Liverpool,Bramall Lane,True
2023-24,2023,15,2023-12-06 19:30:00,Crystal Palace,Bournemouth,Selhurst Park,True
2023-24,2023,15,2023-12-06 20:15:00,Aston Villa,Man City,Villa Park,True
2023-24,2023,15,2023-12-06 20:15:00,Man United,Chelsea,Old Trafford,True
2023-24,2023,15,2023-12-07 19:30:00,Everton,Newcastle,Goodison Park,True
2023-24,2023,15,2023-12-07 20:15:00,Tottenham,West Ham,Tottenham Hotspur Stadium,True
2023-24,2023,16,2023-12-09 12:30:00,Crystal Palace,Liverpool,Selhurst Park,True
2023-24,2023,16,2023-12-09 15:00:00,Brighton,Burnley,Amex Stadium,True
2023-24,2023,16,2023-12-09 15:00:00,Man United,Bournemouth,Old Trafford,True
2023-24,2023,16,2023-12-09 15:00:00,Sheffield United,Brentford,Bramall Lane,True
2023-24,2023,16,2023-12-09 15:00:00,Wolves,Nott'm Forest,Molineux Stadium,True
2023-24,2023,16,2023-12-09 17:30:00,Aston Villa,Arsenal,Villa Park,True
2023-24,2023,16,2023-12-10 14:00:00,Everton,Chelsea,Goodison Park,True
2023-24,2023,16,2023-12-10 14:00:00,Fulham,West Ham,Craven Cottage,True
2023-24,2023,16,2023-12-10 14:00:00,Luton,Man City,Kenilworth Road,True
2023-24,2023,16,2023-12-10 16:30:00,Tottenham,Newcastle,Tottenham Hotspur Stadium,True
2023-24,2023,17,2023-12-15 20:00:00,Nott'm Forest,Tottenham,The City Ground,True
2023-24,2023,17,2023-12-16 15:00:00,Chelsea,Sheffield United,Stamford Bridge,True
2023-24,2023,17,2023-12-16 15:00:00,Man City,Crystal Palace,Etihad Stadium,True
2023-24,2023,17,2023-12-16 15:00:00,Newcastle,Fulham,St. James' Park,True
2023-24,2023,17,2023-12-16 17:30:00,Burnley,Everton,Turf Moor,True
2023-24,2023,17,2023-12-17 14:00:00,Arsenal,Brighton,Emirates Stadium,True
2023-24,2023,17,2023-12-17 14:00:00,Brentford,Aston Villa,Gtech Community Stadium,True
2023-24,2023,17,2023-12-17 14:00:00,West Ham,Wolves,London Stadium,True
2023-24,2023,17,2023-12-17 16:30:00,Liverpool,Man United,Anfield,True
2023-24,2023,18,2023-12-21 20:00:00,Crystal Palace,Brighton,Selhurst Park,True
2023-24,2023,18,2023-12-22 20:00:00,Aston Villa,Sheffield United,Villa Park,True
2023-24,2023,18,2023-12-23 12:30:00,West Ham,Man United,London Stadium,True
2023-24,2023,18,2023-12-23 15:00:00,Fulham,Burnley,Craven Cottage,True
2023-24,2023,18,2023-12-23 15:00:00,Luton,Newcastle,Kenilworth Road,True
2023-24,2023,18,2023-12-23 15:00:00,Nott'm Forest,Bournemouth,The City Ground,True
2023-24,2023,18,2023-12-23 15:00:00,Tottenham,Everton,Tottenham Hotspur Stadium,True
2023-24,2023,18,2023-12-23 17:30:00,Liverpool,Arsenal,Anfield,True
2023-24,2023,18,2023-12-24 13:00:00,Wolves,Chelsea,Molineux Stadium,True
2023-24,2023,19,2023-12-26 12:30:00,Newcastle,Nott'm Forest,St. James' Park,True
2023-24,2023,19,2023-12-26 15:00:00,Bournemouth,Fulham,Vitality Stadium,True
2023-24,2023,19,2023-12-26 15:00:00,Sheffield United,Luton,Bramall Lane,True
2023-24,2023,19,2023-12-26 17:30:00,Burnley,Liverpool,Turf Moor,True
2023-24,2023,19,2023-12-26 20:00:00,Man United,Aston Villa,Old Trafford,True
2023-24,2023,19,2023-12-27 19:30:00,Brentford,Wolves,Gtech Community Stadium,True
2023-24,2023,19,2023-12-27 19:30:00,Chelsea,Crystal Palace,Stamford Bridge,True
2023-24,2023,19,2023-12-27 20:15:00,Everton,Man City,Goodison Park,True
2023-24,2023,19,2023-12-28 19:30:00,Brighton,Tottenham,Amex Stadium,True
2023-24,2023,19,2023-12-28 20:15:00,Arsenal,West Ham,Emirates Stadium,True
2023-24,2023,20,2023-12-30 12:30:00,Luton,Chelsea,Kenilworth Road,True
2023-24,2023,20,2023-12-30 15:00:00,Aston Villa,Burnley,Villa Park,True
2023-24,2023,20,2023-12-30 15:00:00,Crystal Palace,Brentford,Selhurst Park,True
2023-24,2023,20,2023-12-30 15:00:00,Man City,Sheffield United,Etihad Stadium,True
2023-24,2023,20,2023-12-30 15:00:00,Wolves,Everton,Molineux Stadium,True
2023-24,2023,20,2023-12-30 17:30:00,Nott'm Forest,Man United,The City Ground,True
2023-24,2023,20,2023-12-31 14:00:00,Fulham,Arsenal,Craven Cottage,True
2023-24,2023,20,2023-12-31 14:00:00,Tottenham,Bournemouth,Tottenham Hotspur Stadium,True
2023-24,2023,20,2024-01-01 20:00:00,Liverpool,Newcastle,Anfield,True
2023-24,2023,20,2024-01-02 19:30:00,West Ham,Brighton,London Stadium,True
2023-24,2023,21,2024-01-12 19:45:00,Burnley,Luton,Turf Moor,True
2023-24,2023,21,2024-01-13 12:30:00,Chelsea,Fulham,Stamford Bridge,True
2023-24,2023,21,2024-01-13 17:30:00,Newcastle,Man City,St. James' Park,True
2023-24,2023,21,2024-01-14 14:00:00,Everton,Aston Villa,Goodison Park,True
2023-24,2023,21,2024-01-14 16:30:00,Man United,Tottenham,Old Trafford,True
2023-24,2023,21,2024-01-20 12:30:00,Arsenal,Crystal Palace,Emirates Stadium,True
2023-24,2023,21,2024-01-20 17:30:00,Brentford,Nott'm Forest,Gtech Community Stadium,True
2023-24,2023,21,2024-01-21 14:00:00,Sheffield United,West Ham,Bramall Lane,True
2023-24,2023,21,2024-01-21 16:30:00,Bournemouth,Liverpool,Vitality Stadium,True
2023-24,2023,21,2024-01-22 19:45:00,Brighton,Wolves,Amex Stadium,True
2023-24,2023,22,2024-01-30 19:30:00,Nott'm Forest,Arsenal,The City Ground,True
2023-24,2023,22,2024-01-30 19:45:00,Fulham,Everton,Craven Cottage,True
2023-24,2023,22,2024-01-30 19:45:00,Luton,Brighton,Kenilworth Road,True
2023-24,2023,22,2024-01-30 20:00:00,Crystal Palace,Sheffield United,Selhurst Park,True
2023-24,2023,22,2024-01-30 20:15:00,Aston Villa,Newcastle,Villa Park,True
2023-24,2023,22,2024-01-31 19:30:00,Tottenham,Brentford,Tottenham Hotspur Stadium,True
2023-24,2023,22,2024-01-31 19:30:00,Man City,Burnley,Etihad Stadium,True
2023-24,2023,22,2024-01-31 20:15:00,Liverpool,Chelsea,Anfield,True
2023-24,2023,22,2024-02-01 19:30:00,West Ham,Bournemouth,London Stadium,True
2023-24,2023,22,2024-02-01 20:15:00,Wolves,Man United,Molineux Stadium,True
2023-24,2023,23,2024-02-03 12:30:00,Everton,Tottenham,Goodison Park,True
2023-24,2023,23,2024-02-03 15:00:00,Brighton,Crystal Palace,Amex Stadium,True
2023-24,2023,23,2024-02-03 15:00:00,Burnley,Fulham,Turf Moor,True
2023-24,2023,23,2024-02-03 15:00:00,Newcastle,Luton,St. James' Park,True
2023-24,2023,23,2024-02-03 17:30:00,Sheffield United,Aston Villa,Bramall Lane,True
2023-24,2023,23,2024-02-04 14:00:00,Bournemouth,Nott'm Forest,Vitality Stadium,True
2023-24,2023,23,2024-02-04 14:00:00,Chelsea,Wolves,Stamford Bridge,True
2023-24,2023,23,2024-02-04 14:00:00,Man United,West Ham,Old Trafford,True
2023-24,2023,23,2024-02-04 16:30:00,Arsenal,Liverpool,Emirates Stadium,True
2023-24,2023,23,2024-02-05 20:00:00,Brentford,Man City,Gtech Community Stadium,True
2023-24,2023,24,2024-02-10 12:30:00,Man City,Everton,Etihad Stadium,True
2023-24,2023,24,2024-02-10 15:00:00,Fulham,Bournemouth,Craven Cottage,True
2023-24,2023,24,2024-02-10 15:00:00,Liverpool,Burnley,Anfield,True
2023-24,2023,24,2024-02-10 15:00:00,Luton,Sheffield United,Kenilworth Road,True
2023-24,2023,24,2024-02-10 15:00:00,Tottenham,Brighton,Tottenham Hotspur Stadium,True
2023-24,2023,24,2024-02-10 15:00:00,Wolves,Brentford,Molineux Stadium,True
2023-24,2023,24,2024-02-10 17:30:00,Nott'm Forest,Newcastle,The City Ground,True
2023-24,2023,24,2024-02-11 14:00:00,West Ham,Arsenal,London Stadium,True
2023-24,2023,24,2024-02-11 16:30:00,Aston Villa,Man United,Villa Park,True
2023-24,2023,24,2024-02-12 20:00:00,Crystal Palace,Chelsea,Selhurst Park,True
2023-24,2023,25,2024-02-17 12:30:00,Brentford,Liverpool,Gtech Community Stadium,True
2023-24,2023,25,2024-02-17 15:00:00,Burnley,Arsenal,Turf Moor,True
2023-24,2023,25,2024-02-17 15:00:00,Fulham,Aston Villa,Craven Cottage,True
2023-24,2023,25,2024-02-17 15:00:00,Newcastle,Bournemouth,St. James' Park,True
2023-24,2023,25,2024-02-17 15:00:00,Nott'm Forest,West Ham,The City Ground,True
2023-24,2023,25,2024-02-17 15:00:00,Tottenham,Wolves,Tottenham Hotspur Stadium,True
2023-24,2023,25,2024-02-17 17:30:00,Man City,Chelsea,Etihad Stadium,True
2023-24,2023,25,2024-02-18 14:00:00,Sheffield United,Brighton,Bramall Lane,True
2023-24,2023,25,2024-02-18 16:30:00,Luton,Man United,Kenilworth Road,True
2023-24,2023,25,2024-02-19 20:00:00,Everton,Crystal Palace,Goodison Park,True
2023-24,2023,18,2024-02-20 19:30:00,Man City,Brentford,Etihad Stadium,True
2023-24,2023,26,2024-02-21 19:30:00,Liverpool,Luton,Anfield,True
2023-24,2023,26,2024-02-24 15:00:00,Aston Villa,Nott'm Forest,Villa Park,True
2023-24,2023,26,2024-02-24 15:00:00,Brighton,Everton,Amex Stadium,True
2023-24,2023,26,2024-02-24 15:00:00,Crystal Palace,Burnley,Selhurst Park,True
2023-24,2023,26,2024-02-24 15:00:00,Man United,Fulham,Old Trafford,True
2023-24,2023,26,2024-02-24 17:30:00,Bournemouth,Man City,Vitality Stadium,True
2023-24,2023,26,2024-02-24 20:00:00,Arsenal,Newcastle,Emirates Stadium,True
2023-24,2023,26,2024-02-25 13:30:00,Wolves,Sheffield United,Molineux Stadium,True
2023-24,2023,26,2024-02-26 20:00:00,West Ham,Brentford,London Stadium,True
2023-24,2023,27,2024-03-02 15:00:00,Brentford,Chelsea,Gtech Community Stadium,True
2023-24,2023,27,2024-03-02 15:00:00,Everton,West Ham,Goodison Park,True
2023-24,2023,27,2024-03-02 15:00:00,Fulham,Brighton,Craven Cottage,True
2023-24,2023,27,2024-03-02 15:00:00,Newcastle,Wolves,St. James' Park,True
2023-24,2023,27,2024-03-02 15:00:00,Nott'm Forest,Liverpool,The City Ground,True
2023-24,2023,27,2024-03-02 15:00:00,Tottenham,Crystal Palace,Tottenham Hotspur Stadium,True
2023-24,2023,27,2024-03-02 17:30:00,Luton,Aston Villa,Kenilworth Road,True
2023-24,2023,27,2024-03-03 13:00:00,Burnley,Bournemouth,Turf Moor,True
2023-24,2023,27,2024-03-03 15:30:00,Man City,Man United,Etihad Stadium,True
2023-24,2023,27,2024-03-04 20:00:00,Sheffield United,Arsenal,Bramall Lane,True
2023-24,2023,28,2024-03-09 12:30:00,Man United,Everton,Old Trafford,True
2023-24,2023,28,2024-03-09 15:00:00,Bournemouth,Sheffield United,Vitality Stadium,True
2023-24,2023,28,2024-03-09 15:00:00,Crystal Palace,Luton,Selhurst Park,True
2023-24,2023,28,2024-03-09 15:00:00,Wolves,Fulham,Molineux Stadium,True
2023-24,2023,28,2024-03-09 17:30:00,Arsenal,Brentford,Emirates Stadium,True
2023-24,2023,28,2024-03-10 13:00:00,Aston Villa,Tottenham,Villa Park,True
2023-24,2023,28,2024-03-10 14:00:00,Brighton,Nott'm Forest,Amex Stadium,True
2023-24,2023,28,2024-03-10 14:00:00,West Ham,Burnley,London Stadium,True
2023-24,2023,28,2024-03-10 15:45:00,Liverpool,Man City,Anfield,True
2023-24,2023,28,2024-03-11 20:00:00,Chelsea,Newcastle,Stamford Bridge,True
2023-24,2023,17,2024-03-13 19:30:00,Bournemouth,Luton,Vitality Stadium,True
2023-24,2023,29,2024-03-16 15:00:00,Burnley,Brentford,Turf Moor,True
2023-24,2023,29,2024-03-16 15:00:00,Luton,Nott'm Forest,Kenilworth Road,True
2023-24,2023,29,2024-03-16 17:30:00,Fulham,Tottenham,Craven Cottage,True
2023-24,2023,29,2024-03-17 14:00:00,West Ham,Aston Villa,London Stadium,True
2023-24,2023,30,2024-03-30 12:30:00,Newcastle,West Ham,St. James' Park,True
2023-24,2023,30,2024-03-30 15:00:00,Bournemouth,Everton,Vitality Stadium,True
2023-24,2023,30,2024-03-30 15:00:00,Chelsea,Burnley,Stamford Bridge,True
2023-24,2023,30,2024-03-30 15:00:00,Nott'm Forest,Crystal Palace,The City Ground,True
2023-24,2023,30,2024-03-30 15:00:00,Sheffield United,Fulham,Bramall Lane,True
2023-24,2023,30,2024-03-30 15:00:00,Tottenham,Luton,Tottenham Hotspur Stadium,True
2023-24,2023,30,2024-03-30 19:30:00,Aston Villa,Wolves,Villa Park,True
2023-24,2023,30,2024-03-30 20:00:00,Brentford,Man United,Gtech Community Stadium,True
2023-24,2023,30,2024-03-31 14:00:00,Liverpool,Brighton,Anfield,True
2023-24,2023,30,2024-03-31 16:30:00,Man City,Arsenal,Etihad Stadium,True
2023-24,2023,31,2024-04-02 19:30:00,Nott'm Forest,Fulham,The City Ground,True
2023-24,2023,31,2024-04-02 19:30:00,Newcastle,Everton,St. James' Park,True
2023-24,2023,31,2024-04-02 19:45:00,Bournemouth,Crystal Palace,Vitality Stadium,True
2023-24,2023,31,2024-04-02 19:45:00,Burnley,Wolves,Turf Moor,True
2023-24,2023,31,2024-04-02 20:15:00,West Ham,Tottenham,London Stadium,True
2023-24,2023,31,2024-04-03 19:30:00,Arsenal,Luton,Emirates Stadium,True
2023-24,2023,31,2024-04-03 19:30:00,Brentford,Brighton,Gtech Community Stadium,True
2023-24,2023,31,2024-04-03 20:15:00,Man City,Aston Villa,Etihad Stadium,True
2023-24,2023,31,2024-04-04 19:30:00,Liverpool,Sheffield United,Anfield,True
2023-24,2023,31,2024-04-04 20:15:00,Chelsea,Man United,Stamford Bridge,True
2023-24,2023,32,2024-04-06 12:30:00,Crystal Palace,Man City,Selhurst Park,True
2023-24,2023,32,2024-04-06 15:00:00,Aston Villa,Brentford,Villa Park,True
2023-24,2023,32,2024-04-06 15:00:00,Everton,Burnley,Goodison Park,True
2023-24,2023,32,2024-04-06 15:00:00,Fulham,Newcastle,Craven Cottage,True
2023-24,2023,32,2024-04-06 15:00:00,Luton,Bournemouth,Kenilworth Road,True
2023-24,2023,32,2024-04-06 15:00:00,Wolves,West Ham,Molineux Stadium,True
2023-24,2023,32,2024-04-06 17:30:00,Brighton,Arsenal,Amex Stadium,True
2023-24,2023,32,2024-04-07 15:30:00,Man United,Liverpool,Old Trafford,True
2023-24,2023,32,2024-04-07 17:30:00,Sheffield United,Chelsea,Bramall Lane,True
2023-24,2023,32,2024-04-07 18:00:00,Tottenham,Nott'm Forest,Tottenham Hotspur Stadium,True
2023-24,2023,33,2024-04-13 12:30:00,Newcastle,Tottenham,St. James' Park,True
2023-24,2023,33,2024-04-13 15:00:00,Brentford,Sheffield United,Gtech Community Stadium,True
2023-24,2023,33,2024-04-13 15:00:00,Burnley,Brighton,Turf Moor,True
2023-24,2023,33,2024-04-13 15:00:00,Man City,Luton,Etihad Stadium,True
2023-24,2023,33,2024-04-13 15:00:00,Nott'm Forest,Wolves,The City Ground,True
2023-24,2023,33,2024-04-13 17:30:00,Bournemouth,Man United,Vitality Stadium,True
2023-24,2023,33,2024-04-14 14:00:00,Liverpool,Crystal Palace,Anfield,True
2023-24,2023,33,2024-04-14 14:00:00,West Ham,Fulham,London Stadium,True
2023-24,2023,33,2024-04-14 16:30:00,Arsenal,Aston Villa,Emirates Stadium,True
2023-24,2023,33,2024-04-15 20:00:00,Chelsea,Everton,Stamford Bridge,True
2023-24,2023,34,2024-04-20 15:00:00,Luton,Brentford,Kenilworth Road,True
2023-24,2023,34,2024-04-20 15:00:00,Sheffield United,Burnley,Bramall Lane,True
2023-24,2023,34,2024-04-20 19:30:00,Wolves,Arsenal,Molineux Stadium,True
2023-24,2023,34,2024-04-21 13:30:00,Everton,Nott'm Forest,Goodison Park,True
2023-24,2023,34,2024-04-21 15:00:00,Aston Villa,Bournemouth,Villa Park,True
2023-24,2023,34,2024-04-21 15:00:00,Crystal Palace,West Ham,Selhurst Park,True
2023-24,2023,34,2024-04-21 16:30:00,Fulham,Liverpool,Craven Cottage,True
2023-24,2023,29,2024-04-23 20:00:00,Arsenal,Chelsea,Emirates Stadium,True
2023-24,2023,29,2024-04-24 19:45:00,Wolves,Bournemouth,Molineux Stadium,True
2023-24,2023,29,2024-04-24 20:00:00,Crystal Palace,Newcastle,Selhurst Park,True
2023-24,2023,29,2024-04-24 20:00:00,Everton,Liverpool,Goodison Park,True
2023-24,2023,29,2024-04-24 20:00:00,Man United,Sheffield United,Old Trafford,True
2023-24,2023,29,2024-04-25 20:00:00,Brighton,Man City,Amex Stadium,True
2023-24,2023,35,2024-04-27 12:30:00,West Ham,Liverpool,London Stadium,True
2023-24,2023,35,2024-04-27 15:00:00,Fulham,Crystal Palace,Craven Cottage,True
2023-24,2023,35,2024-04-27 15:00:00,Man United,Burnley,Old Trafford,True
2023-24,2023,35,2024-04-27 15:00:00,Newcastle,Sheffield United,St. James' Park,True
2023-24,2023,35,2024-04-27 15:00:00,Wolves,Luton,Molineux Stadium,True
2023-24,2023,35,2024-04-27 17:30:00,Everton,Brentford,Goodison Park,True
2023-24,2023,35,2024-04-27 20:00:00,Aston Villa,Chelsea,Villa Park,True
2023-24,2023,35,2024-04-28 14:00:00,Bournemouth,Brighton,Vitality Stadium,True
2023-24,2023,35,2024-04-28 14:00:00,Tottenham,Arsenal,Tottenham Hotspur Stadium,True
2023-24,2023,35,2024-04-28 16:30:00,Nott'm Forest,Man City,The City Ground,True
2023-24,2023,26,2024-05-02 19:30:00,Chelsea,Tottenham,Stamford Bridge,True
2023-24,2023,36,2024-05-03 20:00:00,Luton,Everton,Kenilworth Road,True
2023-24,2023,36,2024-05-04 12:30:00,Arsenal,Bournemouth,Emirates Stadium,True
2023-24,2023,36,2024-05-04 15:00:00,Brentford,Fulham,Gtech Community Stadium,True
2023-24,2023,36,2024-05-04 15:00:00,Burnley,Newcastle,Turf Moor,True
2023-24,2023,36,2024-05-04 15:00:00,Sheffield United,Nott'm Forest,Bramall Lane,True
2023-24,2023,36,2024-05-04 17:30:00,Man City,Wolves,Etihad Stadium,True
2023-24,2023,36,2024-05-05 14:00:00,Brighton,Aston Villa,Amex Stadium,True
2023-24,2023,36,2024-05-05 14:00:00,Chelsea,West Ham,Stamford Bridge,True
2023-24,2023,36,2024-05-05 16:30:00,Liverpool,Tottenham,Anfield,True
2023-24,2023,36,2024-05-06 20:00:00,Crystal Palace,Man United,Selhurst Park,True
2023-24,2023,37,2024-05-11 12:30:00,Fulham,Man City,Craven Cottage,True
2023-24,2023,37,2024-05-11 15:00:00,Bournemouth,Brentford,Vitality Stadium,True
2023-24,2023,37,2024-05-11 15:00:00,Everton,Sheffield United,Goodison Park,True
2023-24,2023,37,2024-05-11 15:00:00,Newcastle,Brighton,St. James' Park,True
2023-24,2023,37,2024-05-11 15:00:00,Tottenham,Burnley,Tottenham Hotspur Stadium,True
2023-24,2023,37,2024-05-11 15:00:00,West Ham,Luton,London Stadium,True
2023-24,2023,37,2024-05-11 15:00:00,Wolves,Crystal Palace,Molineux Stadium,True
2023-24,2023,37,2024-05-11 17:30:00,Nott'm Forest,Chelsea,The City Ground,True
2023-24,2023,37,2024-05-12 16:30:00,Man United,Arsenal,Old Trafford,True
2023-24,2023,37,2024-05-13 20:00:00,Aston Villa,Liverpool,Villa Park,True
2023-24,2023,34,2024-05-14 20:00:00,Tottenham,Man City,Tottenham Hotspur Stadium,True
2023-24,2023,34,2024-05-15 19:45:00,Brighton,Chelsea,Amex Stadium,True
2023-24,2023,34,2024-05-15 20:00:00,Man United,Newcastle,Old Trafford,True
2023-24,2023,38,2024-05-19 16:00:00,Arsenal,Everton,Emirates Stadium,True
2023-24,2023,38,2024-05-19 16:00:00,Brentford,Newcastle,Gtech Community Stadium,True
2023-24,2023,38,2024-05-19 16:00:00,Brighton,Man United,Amex Stadium,True
2023-24,2023,38,2024-05-19 16:00:00,Burnley,Nott'm Forest,Turf Moor,True
2023-24,2023,38,2024-05-19 16:00:00,Chelsea,Bournemouth,Stamford Bridge,True
2023-24,2023,38,2024-05-19 16:00:00,Crystal Palace,Aston Villa,Selhurst Park,True
2023-24,2023,38,2024-05-19 16:00:00,Liverpool,Wolves,Anfield,True
2023-24,2023,38,2024-05-19 16:00:00,Luton,Fulham,Kenilworth Road,True
2023-24,2023,38,2024-05-19 16:00:00,Man City,West Ham,Etihad Stadium,True
2023-24,2023,38,2024-05-19 16:00:00,Sheffield United,Tottenham,Bramall Lane,True
2024-25,2024,1,2024-08-16 20:00:00,Man United,Fulham,Old Trafford,True
2024-25,2024,1,2024-08-17 12:30:00,Ipswich,Liverpool,Portman Road,True
2024-25,2024,1,2024-08-17 15:00:00,Arsenal,Wolves,Emirates Stadium,True
2024-25,2024,1,2024-08-17 15:00:00,Everton,Brighton,Goodison Park,True
2024-25,2024,1,2024-08-17 15:00:00,Newcastle,Southampton,St. James' Park,True
2024-25,2024,1,2024-08-17 15:00:00,Nott'm Forest,Bournemouth,The City Ground,True
2024-25,2024,1,2024-08-17 17:30:00,West Ham,Aston Villa,London Stadium,True
2024-25,2024,1,2024-08-18 14:00:00,Brentford,Crystal Palace,Gtech Community Stadium,True
2024-25,2024,1,2024-08-18 16:30:00,Chelsea,Man City,Stamford Bridge,True
2024-25,2024,1,2024-08-19 20:00:00,Leicester,Tottenham,King Power Stadium,True
2024-25,2024,2,2024-08-24 12:30:00,Brighton,Man United,American Express Stadium,True
2024-25,2024,2,2024-08-24 15:00:00,Crystal Palace,West Ham,Selhurst Park,True
2024-25,2024,2,2024-08-24 15:00:00,Fulham,Leicester,Craven Cottage,True
2024-25,2024,2,2024-08-24 15:00:00,Man City,Ipswich,Etihad Stadium,True
2024-25,2024,2,2024-08-24 15:00:00,Southampton,Nott'm Forest,St. Mary's Stadium,True
2024-25,2024,2,2024-08-24 15:00:00,Tottenham,Everton,Tottenham Hotspur Stadium,True
2024-25,2024,2,2024-08-24 17:30:00,Aston Villa,Arsenal,Villa Park,True
2024-25,2024,2,2024-08-25 14:00:00,Bournemouth,Newcastle,Vitality Stadium,True
2024-25,2024,2,2024-08-25 14:00:00,Wolves,Chelsea,Molineux Stadium,True
2024-25,2024,2,2024-08-25 16:30:00,Liverpool,Brentford,Anfield,True
2024-25,2024,3,2024-08-31 12:30:00,Arsenal,Brighton,Emirates Stadium,True
2024-25,2024,3,2024-08-31 15:00:00,Brentford,Southampton,Gtech Community Stadium,True
2024-25,2024,3,2024-08-31 15:00:00,Everton,Bournemouth,Goodison Park,True
2024-25,2024,3,2024-08-31 15:00:00,Ipswich,Fulham,Portman Road,True
2024-25,2024,3,2024-08-31 15:00:00,Leicester,Aston Villa,King Power Stadium,True
2024-25,2024,3,2024-08-31 15:00:00,Nott'm Forest,Wolves,The City Ground,True
2024-25,2024,3,2024-08-31 17:30:00,West Ham,Man City,London Stadium,True
2024-25,2024,3,2024-09-01 13:30:00,Chelsea,Crystal Palace,Stamford Bridge,True
2024-25,2024,3,2024-09-01 13:30:00,Newcastle,Tottenham,St. James' Park,True
2024-25,2024,3,2024-09-01 16:00:00,Man United,Liverpool,Old Trafford,True
2024-25,2024,4,2024-09-14 12:30:00,Southampton,Man United,St. Mary's Stadium,True
2024-25,2024,4,2024-09-14 15:00:00,Brighton,Ipswich,American Express Stadium,True
2024-25,2024,4,2024-09-14 15:00:00,Crystal Palace,Leicester,Selhurst Park,True
2024-25,2024,4,2024-09-14 15:00:00,Fulham,West Ham,Craven Cottage,True
2024-25,2024,4,2024-09-14 15:00:00,Liverpool,Nott'm Forest,Anfield,True
2024-25,2024,4,2024-09-14 15:00:00,Man City,Brentford,Etihad Stadium,True
2024-25,2024,4,2024-09-14 17:30:00,Aston Villa,Everton,Villa Park,True
2024-25,2024,4,2024-09-14 20:00:00,Bournemouth,Chelsea,Vitality Stadium,True
2024-25,2024,4,2024-09-15 14:00:00,Tottenham,Arsenal,Tottenham Hotspur Stadium,True
2024-25,2024,4,2024-09-15 16:30:00,Wolves,Newcastle,Molineux Stadium,True
2024-25,2024,5,2024-09-21 12:30:00,West Ham,Chelsea,London Stadium,True
2024-25,2024,5,2024-09-21 15:00:00,Aston Villa,Wolves,Villa Park,True
2024-25,2024,5,2024-09-21 15:00:00,Fulham,Newcastle,Craven Cottage,True
2024-25,2024,5,2024-09-21 15:00:00,Leicester,Everton,King Power Stadium,True
2024-25,2024,5,2024-09-21 15:00:00,Liverpool,Bournemouth,Anfield,True
2024-25,2024,5,2024-09-21 15:00:00,Southampton,Ipswich,St. Mary's Stadium,True
2024-25,2024,5,2024-09-21 15:00:00,Tottenham,Brentford,Tottenham Hotspur Stadium,True
2024-25,2024,5,2024-09-21 17:30:00,Crystal Palace,Man United,Selhurst Park,True
2024-25,2024,5,2024-09-22 14:00:00,Brighton,Nott'm Forest,American Express Stadium,True
2024-25,2024,5,2024-09-22 16:30:00,Man City,Arsenal,Etihad Stadium,True
2024-25,2024,6,2024-09-28 12:30:00,Newcastle,Man City,St. James' Park,True
2024-25,2024,6,2024-09-28 15:00:00,Arsenal,Leicester,Emirates Stadium,True
2024-25,2024,6,2024-09-28 15:00:00,Brentford,West Ham,Gtech Community Stadium,True
2024-25,2024,6,2024-09-28 15:00:00,Chelsea,Brighton,Stamford Bridge,True
2024-25,2024,6,2024-09-28 15:00:00,Everton,Crystal Palace,Goodison Park,True
2024-25,2024,6,2024-09-28 15:00:00,Nott'm Forest,Fulham,The City Ground,True
2024-25,2024,6,2024-09-28 17:30:00,Wolves,Liverpool,Molineux Stadium,True
2024-25,2024,6,2024-09-29 14:00:00,Ipswich,Aston Villa,Portman Road,True
2024-25,2024,6,2024-09-29 16:30:00,Man United,Tottenham,Old Trafford,True
2024-25,2024,6,2024-09-30 20:00:00,Bournemouth,Southampton,Vitality Stadium,True
2024-25,2024,7,2024-10-05 12:30:00,Crystal Palace,Liverpool,Selhurst Park,True
2024-25,2024,7,2024-10-05 15:00:00,Arsenal,Southampton,Emirates Stadium,True
2024-25,2024,7,2024-10-05 15:00:00,Brentford,Wolves,Gtech Community Stadium,True
2024-25,2024,7,2024-10-05 15:00:00,Leicester,Bournemouth,King Power Stadium,True
2024-25,2024,7,2024-10-05 15:00:00,Man City,Fulham,Etihad Stadium,True
2024-25,2024,7,2024-10-05 15:00:00,West Ham,Ipswich,London Stadium,True
2024-25,2024,7,2024-10-05 17:30:00,Everton,Newcastle,Goodison Park,True
2024-25,2024,7,2024-10-06 14:00:00,Aston Villa,Man United,Villa Park,True
2024-25,2024,7,2024-10-06 14:00:00,Chelsea,Nott'm Forest,Stamford Bridge,True
2024-25,2024,7,2024-10-06 16:30:00,Brighton,Tottenham,American Express Stadium,True
2024-25,2024,8,2024-10-19 12:30:00,Tottenham,West Ham,Tottenham Hotspur Stadium,True
2024-25,2024,8,2024-10-19 15:00:00,Fulham,Aston Villa,Craven Cottage,True
2024-25,2024,8,2024-10-19 15:00:00,Man United,Brentford,Old Trafford,True
2024-25,2024,8,2024-10-19 15:00:00,Newcastle,Brighton,St. James' Park,True
2024-25,2024,8,2024-10-19 15:00:00,Southampton,Leicester,St. Mary's Stadium,True
2024-25,2024,8,2024-10-19 15:15:00,Ipswich,Everton,Portman Road,True
2024-25,2024,8,2024-10-19 17:30:00,Bournemouth,Arsenal,Vitality Stadium,True
2024-25,2024,8,2024-10-20 14:00:00,Wolves,Man City,Molineux Stadium,True
2024-25,2024,8,2024-10-20 16:30:00,Liverpool,Chelsea,Anfield,True
2024-25,2024,8,2024-10-21 20:00:00,Nott'm Forest,Crystal Palace,The City Ground,True
2024-25,2024,9,2024-10-25 20:00:00,Leicester,Nott'm Forest,King Power Stadium,True
2024-25,2024,9,2024-10-26 15:00:00,Aston Villa,Bournemouth,Villa Park,True
2024-25,2024,9,2024-10-26 15:00:00,Brentford,Ipswich,Gtech Community Stadium,True
2024-25,2024,9,2024-10-26 15:00:00,Brighton,Wolves,American Express Stadium,True
2024-25,2024,9,2024-10-26 15:00:00,Man City,Southampton,Etihad Stadium,True
2024-25,2024,9,2024-10-26 17:30:00,Everton,Fulham,Goodison Park,True
2024-25,2024,9,2024-10-27 14:00:00,Chelsea,Newcastle,Stamford Bridge,True
2024-25,2024,9,2024-10-27 14:00:00,Crystal Palace,Tottenham,Selhurst Park,True
2024-25,2024,9,2024-10-27 14:00:00,West Ham,Man United,London Stadium,True
2024-25,2024,9,2024-10-27 16:30:00,Arsenal,Liverpool,Emirates Stadium,True
2024-25,2024,10,2024-11-02 12:30:00,Newcastle,Arsenal,St. James' Park,True
2024-25,2024,10,2024-11-02 15:00:00,Bournemouth,Man City,Vitality Stadium,True
2024-25,2024,10,2024-11-02 15:00:00,Ipswich,Leicester,Portman Road,True
2024-25,2024,10,2024-11-02 15:00:00,Liverpool,Brighton,Anfield,True
2024-25,2024,10,2024-11-02 15:00:00,Nott'm Forest,West Ham,The City Ground,True
2024-25,2024,10,2024-11-02 15:00:00,Southampton,Everton,St. Mary's Stadium,True
2024-25,2024,10,2024-11-02 17:30:00,Wolves,Crystal Palace,Molineux Stadium,True
2024-25,2024,10,2024-11-03 14:00:00,Tottenham,Aston Villa,Tottenham Hotspur Stadium,True
2024-25,2024,10,2024-11-03 16:30:00,Man United,Chelsea,Old Trafford,True
2024-25,2024,10,2024-11-04 20:00:00,Fulham,Brentford,Craven Cottage,True
2024-25,2024,11,2024-11-09 15:00:00,Brentford,Bournemouth,Gtech Community Stadium,True
2024-25,2024,11,2024-11-09 15:00:00,Crystal Palace,Fulham,Selhurst Park,True
2024-25,2024,11,2024-11-09 15:00:00,West Ham,Everton,London Stadium,True
2024-25,2024,11,2024-11-09 15:00:00,Wolves,Southampton,Molineux Stadium,True
2024-25,2024,11,2024-11-09 17:30:00,Brighton,Man City,American Express Stadium,True
2024-25,2024,11,2024-11-09 20:00:00,Liverpool,Aston Villa,Anfield,True
2024-25,2024,11,2024-11-10 14:00:00,Man United,Leicester,Old Trafford,True
2024-25,2024,11,2024-11-10 14:00:00,Nott'm Forest,Newcastle,The City Ground,True
2024-25,2024,11,2024-11-10 14:00:00,Tottenham,Ipswich,Tottenham Hotspur Stadium,True
2024-25,2024,11,2024-11-10 16:30:00,Chelsea,Arsenal,Stamford Bridge,True
2024-25,2024,12,2024-11-23 12:30:00,Leicester,Chelsea,King Power Stadium,True
2024-25,2024,12,2024-11-23 15:00:00,Arsenal,Nott'm Forest,Emirates Stadium,True
2024-25,2024,12,2024-11-23 15:00:00,Aston Villa,Crystal Palace,Villa Park,True
2024-25,2024,12,2024-11-23 15:00:00,Bournemouth,Brighton,Vitality Stadium,True
2024-25,2024,12,2024-11-23 15:00:00,Everton,Brentford,Goodison Park,True
2024-25,2024,12,2024-11-23 15:00:00,Fulham,Wolves,Craven Cottage,True
2024-25,2024,12,2024-11-23 17:30:00,Man City,Tottenham,Etihad Stadium,True
2024-25,2024,12,2024-11-24 14:00:00,Southampton,Liverpool,St. Mary's Stadium,True
2024-25,2024,12,2024-11-24 16:30:00,Ipswich,Man United,Portman Road,True
2024-25,2024,12,2024-11-25 20:00:00,Newcastle,West Ham,St. James' Park,True
2024-25,2024,13,2024-11-29 20:00:00,Brighton,Southampton,American Express Stadium,True
2024-25,2024,13,2024-11-30 15:00:00,Brentford,Leicester,Gtech Community Stadium,True
2024-25,2024,13,2024-11-30 15:00:00,Crystal Palace,Newcastle,Selhurst Park,True
2024-25,2024,13,2024-11-30 15:00:00,Nott'm Forest,Ipswich,The City Ground,True
2024-25,2024,13,2024-11-30 15:00:00,Wolves,Bournemouth,Molineux Stadium,True
2024-25,2024,13,2024-11-30 17:30:00,West Ham,Arsenal,London Stadium,True
2024-25,2024,13,2024-12-01 13:30:00,Chelsea,Aston Villa,Stamford Bridge,True
2024-25,2024,13,2024-12-01 13:30:00,Man United,Everton,Old Trafford,True
2024-25,2024,13,2024-12-01 13:30:00,Tottenham,Fulham,Tottenham Hotspur Stadium,True
2024-25,2024,13,2024-12-01 16:00:00,Liverpool,Man City,Anfield,True
2024-25,2024,14,2024-12-03 19:30:00,Ipswich,Crystal Palace,Portman Road,True
2024-25,2024,14,2024-12-03 20:15:00,Leicester,West Ham,King Power Stadium,True
2024-25,2024,14,2024-12-04 19:30:00,Everton,Wolves,Goodison Park,True
2024-25,2024,14,2024-12-04 19:30:00,Man City,Nott'm Forest,Etihad Stadium,True
2024-25,2024,14,2024-12-04 19:30:00,Newcastle,Liverpool,St. James' Park,True
2024-25,2024,14,2024-12-04 19:30:00,Southampton,Chelsea,St. Mary's Stadium,True
2024-25,2024,14,2024-12-04 20:15:00,Arsenal,Man United,Emirates Stadium,True
2024-25,2024,14,2024-12-04 20:15:00,Aston Villa,Brentford,Villa Park,True
2024-25,2024,14,2024-12-05 19:30:00,Fulham,Brighton,Craven Cottage,True
2024-25,2024,14,2024-12-05 20:15:00,Bournemouth,Tottenham,Vitality Stadium,True
2024-25,2024,15,2024-12-07 15:00:00,Aston Villa,Southampton,Villa Park,True
2024-25,2024,15,2024-12-07 15:00:00,Brentford,Newcastle,Gtech Community Stadium,True
2024-25,2024,15,2024-12-07 15:00:00,Crystal Palace,Man City,Selhurst Park,True
2024-25,2024,15,2024-12-07 17:30:00,Man United,Nott'm Forest,Old Trafford,True
2024-25,2024,15,2024-12-08 14:00:00,Fulham,Arsenal,Craven Cottage,True
2024-25,2024,15,2024-12-08 14:00:00,Ipswich,Bournemouth,Portman Road,True
2024-25,2024,15,2024-12-08 14:00:00,Leicester,Brighton,King Power Stadium,True
2024-25,2024,15,2024-12-08 16:30:00,Tottenham,Chelsea,Tottenham Hotspur Stadium,True
2024-25,2024,15,2024-12-09 20:00:00,West Ham,Wolves,London Stadium,True
2024-25,2024,16,2024-12-14 15:00:00,Arsenal,Everton,Emirates Stadium,True
2024-25,2024,16,2024-12-14 15:00:00,Liverpool,Fulham,Anfield,True
2024-25,2024,16,2024-12-14 15:00:00,Newcastle,Leicester,St. James' Park,True
2024-25,2024,16,2024-12-14 15:00:00,Wolves,Ipswich,Molineux Stadium,True
2024-25,2024,16,2024-12-14 17:30:00,Nott'm Forest,Aston Villa,The City Ground,True
2024-25,2024,16,2024-12-15 14:00:00,Brighton,Crystal Palace,American Express Stadium,True
2024-25,2024,16,2024-12-15 16:30:00,Man City,Man United,Etihad Stadium,True
2024-25,2024,16,2024-12-15 19:00:00,Chelsea,Brentford,Stamford Bridge,True
2024-25,2024,16,2024-12-15 19:00:00,Southampton,Tottenham,St. Mary's Stadium,True
2024-25,2024,16,2024-12-16 20:00:00,Bournemouth,West Ham,Vitality Stadium,True
2024-25,2024,17,2024-12-21 12:30:00,Aston Villa,Man City,Villa Park,True
2024-25,2024,17,2024-12-21 15:00:00,Brentford,Nott'm Forest,Gtech Community Stadium,True
2024-25,2024,17,2024-12-21 15:00:00,Ipswich,Newcastle,Portman Road,True
2024-25,2024,17,2024-12-21 15:00:00,West Ham,Brighton,London Stadium,True
2024-25,2024,17,2024-12-21 17:30:00,Crystal Palace,Arsenal,Selhurst Park,True
2024-25,2024,17,2024-12-22 14:00:00,Everton,Chelsea,Goodison Park,True
2024-25,2024,17,2024-12-22 14:00:00,Fulham,Southampton,Craven Cottage,True
2024-25,2024,17,2024-12-22 14:00:00,Leicester,Wolves,King Power Stadium,True
2024-25,2024,17,2024-12-22 14:00:00,Man United,Bournemouth,Old Trafford,True
2024-25,2024,17,2024-12-22 16:30:00,Tottenham,Liverpool,Tottenham Hotspur Stadium,True
2024-25,2024,18,2024-12-26 12:30:00,Man City,Everton,Etihad Stadium,True
2024-25,2024,18,2024-12-26 15:00:00,Bournemouth,Crystal Palace,Vitality Stadium,True
2024-25,2024,18,2024-12-26 15:00:00,Chelsea,Fulham,Stamford Bridge,True
2024-25,2024,18,2024-12-26 15:00:00,Newcastle,Aston Villa,St. James' Park,True
2024-25,2024,18,2024-12-26 15:00:00,Nott'm Forest,Tottenham,The City Ground,True
2024-25,2024,18,2024-12-26 15:00:00,Southampton,West Ham,St. Mary's Stadium,True
2024-25,2024,18,2024-12-26 17:30:00,Wolves,Man United,Molineux Stadium,True
2024-25,2024,18,2024-12-26 20:00:00,Liverpool,Leicester,Anfield,True
2024-25,2024,18,2024-12-27 19:30:00,Brighton,Brentford,American Express Stadium,True
2024-25,2024,18,2024-12-27 20:15:00,Arsenal,Ipswich,Emirates Stadium,True
2024-25,2024,19,2024-12-29 14:30:00,Leicester,Man City,King Power Stadium,True
2024-25,2024,19,2024-12-29 15:00:00,Crystal Palace,Southampton,Selhurst Park,True
2024-25,2024,19,2024-12-29 15:00:00,Everton,Nott'm Forest,Goodison Park,True
2024-25,2024,19,2024-12-29 15:00:00,Fulham,Bournemouth,Craven Cottage,True
2024-25,2024,19,2024-12-29 15:00:00,Tottenham,Wolves,Tottenham Hotspur Stadium,True
2024-25,2024,19,2024-12-29 17:15:00,West Ham,Liverpool,London Stadium,True
2024-25,2024,19,2024-12-30 19:45:00,Aston Villa,Brighton,Villa Park,True
2024-25,2024,19,2024-12-30 19:45:00,Ipswich,Chelsea,Portman Road,True
2024-25,2024,19,2024-12-30 20:00:00,Man United,Newcastle,Old Trafford,True
2024-25,2024,19,2025-01-01 17:30:00,Brentford,Arsenal,Gtech Community Stadium,True
2024-25,2024,20,2025-01-04 12:30:00,Tottenham,Newcastle,Tottenham Hotspur Stadium,True
2024-25,2024,20,2025-01-04 15:00:00,Aston Villa,Leicester,Villa Park,True
2024-25,2024,20,2025-01-04 15:00:00,Bournemouth,Everton,Vitality Stadium,True
2024-25,2024,20,2025-01-04 15:00:00,Crystal Palace,Chelsea,Selhurst Park,True
2024-25,2024,20,2025-01-04 15:00:00,Man City,West Ham,Etihad Stadium,True
2024-25,2024,20,2025-01-04 15:00:00,Southampton,Brentford,St. Mary's Stadium,True
2024-25,2024,20,2025-01-04 17:30:00,Brighton,Arsenal,American Express Stadium,True
2024-25,2024,20,2025-01-05 14:00:00,Fulham,Ipswich,Craven Cottage,True
2024-25,2024,20,2025-01-05 16:30:00,Liverpool,Man United,Anfield,True
2024-25,2024,20,2025-01-06 20:00:00,Wolves,Nott'm Forest,Molineux Stadium,True
2024-25,2024,21,2025-01-14 19:30:00,Brentford,Man City,Gtech Community Stadium,True
2024-25,2024,21,2025-01-14 19:30:00,West Ham,Fulham,London Stadium,True
2024-25,2024,21,2025-01-14 19:30:00,Chelsea,Bournemouth,Stamford Bridge,True
2024-25,2024,21,2025-01-14 20:00:00,Nott'm Forest,Liverpool,The City Ground,True
2024-25,2024,21,2025-01-15 19:30:00,Everton,Aston Villa,Goodison Park,True
2024-25,2024,21,2025-01-15 19:30:00,Leicester,Crystal Palace,King Power Stadium,True
2024-25,2024,21,2025-01-15 19:30:00,Newcastle,Wolves,St. James' Park,True
2024-25,2024,21,2025-01-15 20:00:00,Arsenal,Tottenham,Emirates Stadium,True
2024-25,2024,21,2025-01-16 19:30:00,Ipswich,Brighton,Portman Road,True
2024-25,2024,21,2025-01-16 20:00:00,Man United,Southampton,Old Trafford,True
2024-25,2024,22,2025-01-18 12:30:00,Newcastle,Bournemouth,St. James' Park,True
2024-25,2024,22,2025-01-18 15:00:00,Brentford,Liverpool,Gtech Community Stadium,True
2024-25,2024,22,2025-01-18 15:00:00,Leicester,Fulham,King Power Stadium,True
2024-25,2024,22,2025-01-18 15:00:00,West Ham,Crystal Palace,London Stadium,True
2024-25,2024,22,2025-01-18 17:30:00,Arsenal,Aston Villa,Emirates Stadium,True
2024-25,2024,22,2025-01-19 14:00:00,Everton,Tottenham,Goodison Park,True
2024-25,2024,22,2025-01-19 14:00:00,Man United,Brighton,Old Trafford,True
2024-25,2024,22,2025-01-19 14:00:00,Nott'm Forest,Southampton,The City Ground,True
2024-25,2024,22,2025-01-19 16:30:00,Ipswich,Man City,Portman Road,True
2024-25,2024,22,2025-01-20 20:00:00,Chelsea,Wolves,Stamford Bridge,True
2024-25,2024,23,2025-01-25 15:00:00,Bournemouth,Nott'm Forest,Vitality Stadium,True
2024-25,2024,23,2025-01-25 15:00:00,Brighton,Everton,American Express Stadium,True
2024-25,2024,23,2025-01-25 15:00:00,Liverpool,Ipswich,Anfield,True
2024-25,2024,23,2025-01-25 15:00:00,Southampton,Newcastle,St. Mary's Stadium,True
2024-25,2024,23,2025-01-25 15:00:00,Wolves,Arsenal,Molineux Stadium,True
2024-25,2024,23,2025-01-25 17:30:00,Man City,Chelsea,Etihad Stadium,True
2024-25,2024,23,2025-01-26 14:00:00,Crystal Palace,Brentford,Selhurst Park,True
2024-25,2024,23,2025-01-26 14:00:00,Tottenham,Leicester,Tottenham Hotspur Stadium,True
2024-25,2024,23,2025-01-26 16:30:00,Aston Villa,West Ham,Villa Park,True
2024-25,2024,23,2025-01-26 19:00:00,Fulham,Man United,Craven Cottage,True
2024-25,2024,24,2025-02-01 12:30:00,Nott'm Forest,Brighton,The City Ground,True
2024-25,2024,24,2025-02-01 15:00:00,Bournemouth,Liverpool,Vitality Stadium,True
2024-25,2024,24,2025-02-01 15:00:00,Everton,Leicester,Goodison Park,True
2024-25,2024,24,2025-02-01 15:00:00,Ipswich,Southampton,Portman Road,True
2024-25,2024,24,2025-02-01 15:00:00,Newcastle,Fulham,St. James' Park,True
2024-25,2024,24,2025-02-01 17:30:00,Wolves,Aston Villa,Molineux Stadium,True
2024-25,2024,24,2025-02-02 14:00:00,Brentford,Tottenham,Gtech Community Stadium,True
2024-25,2024,24,2025-02-02 14:00:00,Man United,Crystal Palace,Old Trafford,True
2024-25,2024,24,2025-02-02 16:30:00,Arsenal,Man City,Emirates Stadium,True
2024-25,2024,24,2025-02-03 20:00:00,Chelsea,West Ham,Stamford Bridge,True
2024-25,2024,15,2025-02-12 19:30:00,Everton,Liverpool,Goodison Park,True
2024-25,2024,25,2025-02-14 20:00:00,Brighton,Chelsea,American Express Stadium,True
2024-25,2024,25,2025-02-15 12:30:00,Leicester,Arsenal,King Power Stadium,True
2024-25,2024,25,2025-02-15 15:00:00,Aston Villa,Ipswich,Villa Park,True
2024-25,2024,25,2025-02-15 15:00:00,Fulham,Nott'm Forest,Craven Cottage,True
2024-25,2024,25,2025-02-15 15:00:00,Man City,Newcastle,Etihad Stadium,True
2024-25,2024,25,2025-02-15 15:00:00,Southampton,Bournemouth,St. Mary's Stadium,True
2024-25,2024,25,2025-02-15 15:00:00,West Ham,Brentford,London Stadium,True
2024-25,2024,25,2025-02-15 17:30:00,Crystal Palace,Everton,Selhurst Park,True
2024-25,2024,25,2025-02-16 14:00:00,Liverpool,Wolves,Anfield,True
2024-25,2024,25,2025-02-16 16:30:00,Tottenham,Man United,Tottenham Hotspur Stadium,True
2024-25,2024,29,2025-02-19 19:30:00,Aston Villa,Liverpool,Villa Park,True
2024-25,2024,26,2025-02-21 20:00:00,Leicester,Brentford,King Power Stadium,True
2024-25,2024,26,2025-02-22 12:30:00,Everton,Man United,Goodison Park,True
2024-25,2024,26,2025-02-22 15:00:00,Arsenal,West Ham,Emirates Stadium,True
2024-25,2024,26,2025-02-22 15:00:00,Bournemouth,Wolves,Vitality Stadium,True
2024-25,2024,26,2025-02-22 15:00:00,Fulham,Crystal Palace,Craven Cottage,True
2024-25,2024,26,2025-02-22 15:00:00,Ipswich,Tottenham,Portman Road,True
2024-25,2024,26,2025-02-22 15:00:00,Southampton,Brighton,St. Mary's Stadium,True
2024-25,2024,26,2025-02-22 17:30:00,Aston Villa,Chelsea,Villa Park,True
2024-25,2024,26,2025-02-23 14:00:00,Newcastle,Nott'm Forest,St. James' Park,True
2024-25,2024,26,2025-02-23 16:30:00,Man City,Liverpool,Etihad Stadium,True
2024-25,2024,27,2025-02-25 19:30:00,Brighton,Bournemouth,American Express Stadium,True
2024-25,2024,27,2025-02-25 19:30:00,Wolves,Fulham,Molineux Stadium,True
2024-25,2024,27,2025-02-25 19:30:00,Crystal Palace,Aston Villa,Selhurst Park,True
2024-25,2024,27,2025-02-25 20:15:00,Chelsea,Southampton,Stamford Bridge,True
2024-25,2024,27,2025-02-26 19:30:00,Brentford,Everton,Gtech Community Stadium,True
2024-25,2024,27,2025-02-26 19:30:00,Nott'm Forest,Arsenal,The City Ground,True
2024-25,2024,27,2025-02-26 19:30:00,Tottenham,Man City,Tottenham Hotspur Stadium,True
2024-25,2024,27,2025-02-26 19:30:00,Man United,Ipswich,Old Trafford,True
2024-25,2024,27,2025-02-26 20:15:00,Liverpool,Newcastle,Anfield,True
2024-25,2024,27,2025-02-27 20:00:00,West Ham,Leicester,London Stadium,True
2024-25,2024,28,2025-03-08 12:30:00,Nott'm Forest,Man City,The City Ground,True
2024-25,2024,28,2025-03-08 15:00:00,Brighton,Fulham,American Express Stadium,True
2024-25,2024,28,2025-03-08 15:00:00,Crystal Palace,Ipswich,Selhurst Park,True
2024-25,2024,28,2025-03-08 15:00:00,Liverpool,Southampton,Anfield,True
2024-25,2024,28,2025-03-08 17:30:00,Brentford,Aston Villa,Gtech Community Stadium,True
2024-25,2024,28,2025-03-08 20:00:00,Wolves,Everton,Molineux Stadium,True
2024-25,2024,28,2025-03-09 14:00:00,Chelsea,Leicester,Stamford Bridge,True
2024-25,2024,28,2025-03-09 14:00:00,Tottenham,Bournemouth,Tottenham Hotspur Stadium,True
2024-25,2024,28,2025-03-09 16:30:00,Man United,Arsenal,Old Trafford,True
2024-25,2024,28,2025-03-10 20:00:00,West Ham,Newcastle,London Stadium,True
2024-25,2024,29,2025-03-15 15:00:00,Everton,West Ham,Goodison Park,True
2024-25,2024,29,2025-03-15 15:00:00,Ipswich,Nott'm Forest,Portman Road,True
2024-25,2024,29,2025-03-15 15:00:00,Man City,Brighton,Etihad Stadium,True
2024-25,2024,29,2025-03-15 15:00:00,Southampton,Wolves,St. Mary's Stadium,True
2024-25,2024,29,2025-03-15 17:30:00,Bournemouth,Brentford,Vitality Stadium,True
2024-25,2024,29,2025-03-16 13:30:00,Arsenal,Chelsea,Emirates Stadium,True
2024-25,2024,29,2025-03-16 13:30:00,Fulham,Tottenham,Craven Cottage,True
2024-25,2024,29,2025-03-16 19:00:00,Leicester,Man United,King Power Stadium,True
2024-25,2024,30,2025-04-01 19:45:00,Arsenal,Fulham,Emirates Stadium,True
2024-25,2024,30,2025-04-01 19:45:00,Wolves,West Ham,Molineux Stadium,True
2024-25,2024,30,2025-04-01 20:00:00,Nott'm Forest,Man United,The City Ground,True
2024-25,2024,30,2025-04-02 19:45:00,Bournemouth,Ipswich,Vitality Stadium,True
2024-25,2024,30,2025-04-02 19:45:00,Brighton,Aston Villa,American Express Stadium,True
2024-25,2024,30,2025-04-02 19:45:00,Man City,Leicester,Etihad Stadium,True
2024-25,2024,30,2025-04-02 19:45:00,Newcastle,Brentford,St. James' Park,True
2024-25,2024,30,2025-04-02 19:45:00,Southampton,Crystal Palace,St. Mary's Stadium,True
2024-25,2024,30,2025-04-02 20:00:00,Liverpool,Everton,Anfield,True
2024-25,2024,30,2025-04-03 20:00:00,Chelsea,Tottenham,Stamford Bridge,True
2024-25,2024,31,2025-04-05 12:30:00,Everton,Arsenal,Goodison Park,True
2024-25,2024,31,2025-04-05 15:00:00,Crystal Palace,Brighton,Selhurst Park,True
2024-25,2024,31,2025-04-05 15:00:00,Ipswich,Wolves,Portman Road,True
2024-25,2024,31,2025-04-05 15:00:00,West Ham,Bournemouth,London Stadium,True
2024-25,2024,31,2025-04-05 17:30:00,Aston Villa,Nott'm Forest,Villa Park,True
2024-25,2024,31,2025-04-06 14:00:00,Brentford,Chelsea,Gtech Community Stadium,True
2024-25,2024,31,2025-04-06 14:00:00,Fulham,Liverpool,Craven Cottage,True
2024-25,2024,31,2025-04-06 14:00:00,Tottenham,Southampton,Tottenham Hotspur Stadium,True
2024-25,2024,31,2025-04-06 16:30:00,Man United,Man City,Old Trafford,True
2024-25,2024,31,2025-04-07 20:00:00,Leicester,Newcastle,King Power Stadium,True
2024-25,2024,32,2025-04-12 12:30:00,Man City,Crystal Palace,Etihad Stadium,True
2024-25,2024,32,2025-04-12 15:00:00,Brighton,Leicester,American Express Stadium,True
2024-25,2024,32,2025-04-12 15:00:00,Nott'm Forest,Everton,The City Ground,True
2024-25,2024,32,2025-04-12 15:00:00,Southampton,Aston Villa,St. Mary's Stadium,True
2024-25,2024,32,2025-04-12 17:30:00,Arsenal,Brentford,Emirates Stadium,True
2024-25,2024,32,2025-04-13 14:00:00,Chelsea,Ipswich,Stamford Bridge,True
2024-25,2024,32,2025-04-13 14:00:00,Liverpool,West Ham,Anfield,True
2024-25,2024,32,2025-04-13 14:00:00,Wolves,Tottenham,Molineux Stadium,True
2024-25,2024,32,2025-04-13 16:30:00,Newcastle,Man United,St. James' Park,True
2024-25,2024,32,2025-04-14 20:00:00,Bournemouth,Fulham,Vitality Stadium,True
2024-25,2024,29,2025-04-16 19:30:00,Newcastle,Crystal Palace,St. James' Park,True
2024-25,2024,33,2025-04-19 15:00:00,Brentford,Brighton,Gtech Community Stadium,True
2024-25,2024,33,2025-04-19 15:00:00,Crystal Palace,Bournemouth,Selhurst Park,True
2024-25,2024,33,2025-04-19 15:00:00,Everton,Man City,Goodison Park,True
2024-25,2024,33,2025-04-19 15:00:00,West Ham,Southampton,London Stadium,True
2024-25,2024,33,2025-04-19 17:30:00,Aston Villa,Newcastle,Villa Park,True
2024-25,2024,33,2025-04-20 14:00:00,Fulham,Chelsea,Craven Cottage,True
2024-25,2024,33,2025-04-20 14:00:00,Ipswich,Arsenal,Portman Road,True
2024-25,2024,33,2025-04-20 14:00:00,Man United,Wolves,Old Trafford,True
2024-25,2024,33,2025-04-20 16:30:00,Leicester,Liverpool,King Power Stadium,True
2024-25,2024,33,2025-04-21 20:00:00,Tottenham,Nott'm Forest,Tottenham Hotspur Stadium,True
2024-25,2024,34,2025-04-22 20:00:00,Man City,Aston Villa,Etihad Stadium,True
2024-25,2024,34,2025-04-23 20:00:00,Arsenal,Crystal Palace,Emirates Stadium,True
2024-25,2024,34,2025-04-26 12:30:00,Chelsea,Everton,Stamford Bridge,True
2024-25,2024,34,2025-04-26 15:00:00,Brighton,West Ham,American Express Stadium,True
2024-25,2024,34,2025-04-26 15:00:00,Newcastle,Ipswich,St. James' Park,True
2024-25,2024,34,2025-04-26 15:00:00,Southampton,Fulham,St. Mary's Stadium,True
2024-25,2024,34,2025-04-26 15:00:00,Wolves,Leicester,Molineux Stadium,True
2024-25,2024,34,2025-04-27 14:00:00,Bournemouth,Man United,Vitality Stadium,True
2024-25,2024,34,2025-04-27 16:30:00,Liverpool,Tottenham,Anfield,True
2024-25,2024,34,2025-05-01 19:30:00,Nott'm Forest,Brentford,The City Ground,True
2024-25,2024,35,2025-05-02 20:00:00,Man City,Wolves,Etihad Stadium,True
2024-25,2024,35,2025-05-03 12:30:00,Aston Villa,Fulham,Villa Park,True
2024-25,2024,35,2025-05-03 15:00:00,Everton,Ipswich,Goodison Park,True
2024-25,2024,35,2025-05-03 15:00:00,Leicester,Southampton,King Power Stadium,True
2024-25,2024,35,2025-05-03 17:30:00,Arsenal,Bournemouth,Emirates Stadium,True
2024-25,2024,35,2025-05-04 14:00:00,Brentford,Man United,Gtech Community Stadium,True
2024-25,2024,35,2025-05-04 14:00:00,Brighton,Newcastle,American Express Stadium,True
2024-25,2024,35,2025-05-04 14:00:00,West Ham,Tottenham,London Stadium,True
2024-25,2024,35,2025-05-04 16:30:00,Chelsea,Liverpool,Stamford Bridge,True
2024-25,2024,35,2025-05-05 20:00:00,Crystal Palace,Nott'm Forest,Selhurst Park,True
2024-25,2024,36,2025-05-10 15:00:00,Fulham,Everton,Craven Cottage,True
2024-25,2024,36,2025-05-10 15:00:00,Ipswich,Brentford,Portman Road,True
2024-25,2024,36,2025-05-10 15:00:00,Southampton,Man City,St. Mary's Stadium,True
2024-25,2024,36,2025-05-10 15:00:00,Wolves,Brighton,Molineux Stadium,True
2024-25,2024,36,2025-05-10 17:30:00,Bournemouth,Aston Villa,Vitality Stadium,True
2024-25,2024,36,2025-05-11 12:00:00,Newcastle,Chelsea,St. James' Park,True
2024-25,2024,36,2025-05-11 14:15:00,Man United,West Ham,Old Trafford,True
2024-25,2024,36,2025-05-11 14:15:00,Nott'm Forest,Leicester,The City Ground,True
2024-25,2024,36,2025-05-11 14:15:00,Tottenham,Crystal Palace,Tottenham Hotspur Stadium,True
2024-25,2024,36,2025-05-11 16:30:00,Liverpool,Arsenal,Anfield,True
2024-25,2024,37,2025-05-16 19:30:00,Aston Villa,Tottenham,Villa Park,True
2024-25,2024,37,2025-05-16 20:15:00,Chelsea,Man United,Stamford Bridge,True
2024-25,2024,37,2025-05-18 12:00:00,Everton,Southampton,Goodison Park,True
2024-25,2024,37,2025-05-18 14:15:00,West Ham,Nott'm Forest,London Stadium,True
2024-25,2024,37,2025-05-18 15:00:00,Brentford,Fulham,Gtech Community Stadium,True
2024-25,2024,37,2025-05-18 15:00:00,Leicester,Ipswich,King Power Stadium,True
2024-25,2024,37,2025-05-18 16:30:00,Arsenal,Newcastle,Emirates Stadium,True
2024-25,2024,37,2025-05-19 20:00:00,Brighton,Liverpool,American Express Stadium,True
2024-25,2024,37,2025-05-20 20:00:00,Crystal Palace,Wolves,Selhurst Park,True
2024-25,2024,37,2025-05-20 20:00:00,Man City,Bournemouth,Etihad Stadium,True
2024-25,2024,38,2025-05-25 16:00:00,Bournemouth,Leicester,Vitality Stadium,True
2024-25,2024,38,2025-05-25 16:00:00,Fulham,Man City,Craven Cottage,True
2024-25,2024,38,2025-05-25 16:00:00,Ipswich,West Ham,Portman Road,True
2024-25,2024,38,2025-05-25 16:00:00,Liverpool,Crystal Palace,Anfield,True
2024-25,2024,38,2025-05-25 16:00:00,Man United,Aston Villa,Old Trafford,True
2024-25,2024,38,2025-05-25 16:00:00,Newcastle,Everton,St. James' Park,True
2024-25,2024,38,2025-05-25 16:00:00,Nott'm Forest,Chelsea,The City Ground,True
2024-25,2024,38,2025-05-25 16:00:00,Southampton,Arsenal,St. Mary's Stadium,True
2024-25,2024,38,2025-05-25 16:00:00,Tottenham,Brighton,Tottenham Hotspur Stadium,True
2024-25,2024,38,2025-05-25 16:00:00,Wolves,Brentford,Molineux Stadium,True
2025-26,2025,1,2025-08-15 20:00:00,Liverpool,Bournemouth,Anfield,True
2025-26,2025,1,2025-08-16 12:30:00,Aston Villa,Newcastle,Villa Park,True
2025-26,2025,1,2025-08-16 15:00:00,Brighton,Fulham,American Express Stadium,True
2025-26,2025,1,2025-08-16 15:00:00,Sunderland,West Ham,Stadium of Light,True
2025-26,2025,1,2025-08-16 15:00:00,Tottenham,Burnley,Tottenham Hotspur Stadium,True
2025-26,2025,1,2025-08-16 17:30:00,Wolves,Man City,Molineux Stadium,True
2025-26,2025,1,2025-08-17 14:00:00,Nott'm Forest,Brentford,The City Ground,True
2025-26,2025,1,2025-08-17 14:00:00,Chelsea,Crystal Palace,Stamford Bridge,True
2025-26,2025,1,2025-08-17 16:30:00,Man United,Arsenal,Old Trafford,True
2025-26,2025,1,2025-08-18 20:00:00,Leeds,Everton,Elland Road,True
2025-26,2025,2,2025-08-22 20:00:00,West Ham,Chelsea,London Stadium,True
2025-26,2025,2,2025-08-23 12:30:00,Man City,Tottenham,Etihad Stadium,True
2025-26,2025,2,2025-08-23 15:00:00,Bournemouth,Wolves,Vitality Stadium,True
2025-26,2025,2,2025-08-23 15:00:00,Brentford,Aston Villa,Gtech Community Stadium,True
2025-26,2025,2,2025-08-23 15:00:00,Burnley,Sunderland,Turf Moor,True
2025-26,2025,2,2025-08-23 17:30:00,Arsenal,Leeds,Emirates Stadium,True
2025-26,2025,2,2025-08-24 14:00:00,Crystal Palace,Nott'm Forest,Selhurst Park,True
2025-26,2025,2,2025-08-24 14:00:00,Everton,Brighton,Hill Dickinson Stadium,True
2025-26,2025,2,2025-08-24 16:30:00,Fulham,Man United,Craven Cottage,True
2025-26,2025,2,2025-08-25 20:00:00,Newcastle,Liverpool,St. James' Park,True
2025-26,2025,3,2025-08-30 12:30:00,Chelsea,Fulham,Stamford Bridge,True
2025-26,2025,3,2025-08-30 15:00:00,Man United,Burnley,Old Trafford,True
2025-26,2025,3,2025-08-30 15:00:00,Sunderland,Brentford,Stadium of Light,True
2025-26,2025,3,2025-08-30 15:00:00,Tottenham,Bournemouth,Tottenham Hotspur Stadium,True
2025-26,2025,3,2025-08-30 15:00:00,Wolves,Everton,Molineux Stadium,True
2025-26,2025,3,2025-08-30 17:30:00,Leeds,Newcastle,Elland Road,True
2025-26,2025,3,2025-08-31 14:00:00,Brighton,Man City,American Express Stadium,True
2025-26,2025,3,2025-08-31 14:00:00,Nott'm Forest,West Ham,The City Ground,True
2025-26,2025,3,2025-08-31 16:30:00,Liverpool,Arsenal,Anfield,True
2025-26,2025,3,2025-08-31 19:00:00,Aston Villa,Crystal Palace,Villa Park,True
2025-26,2025,4,2025-09-13 12:30:00,Arsenal,Nott'm Forest,Emirates Stadium,True
2025-26,2025,4,2025-09-13 15:00:00,Bournemouth,Brighton,Vitality Stadium,True
2025-26,2025,4,2025-09-13 15:00:00,Crystal Palace,Sunderland,Selhurst Park,True
2025-26,2025,4,2025-09-13 15:00:00,Everton,Aston Villa,Hill Dickinson Stadium,True
2025-26,2025,4,2025-09-13 15:00:00,Fulham,Leeds,Craven Cottage,True
2025-26,2025,4,2025-09-13 15:00:00,Newcastle,Wolves,St. James' Park,True
2025-26,2025,4,2025-09-13 17:30:00,West Ham,Tottenham,London Stadium,True
2025-26,2025,4,2025-09-13 20:00:00,Brentford,Chelsea,Gtech Community Stadium,True
2025-26,2025,4,2025-09-14 14:00:00,Burnley,Liverpool,Turf Moor,True
2025-26,2025,4,2025-09-14 16:30:00,Man City,Man United,Etihad Stadium,True
2025-26,2025,5,2025-09-20 12:30:00,Liverpool,Everton,Anfield,True
2025-26,2025,5,2025-09-20 15:00:00,Brighton,Tottenham,American Express Stadium,True
2025-26,2025,5,2025-09-20 15:00:00,Burnley,Nott'm Forest,Turf Moor,True
2025-26,2025,5,2025-09-20 15:00:00,West Ham,Crystal Palace,London Stadium,True
2025-26,2025,5,2025-09-20 15:00:00,Wolves,Leeds,Molineux Stadium,True
2025-26,2025,5,2025-09-20 17:30:00,Man United,Chelsea,Old Trafford,True
2025-26,2025,5,2025-09-20 20:00:00,Fulham,Brentford,Craven Cottage,True
2025-26,2025,5,2025-09-21 14:00:00,Bournemouth,Newcastle,Vitality Stadium,True
2025-26,2025,5,2025-09-21 14:00:00,Sunderland,Aston Villa,Stadium of Light,True
2025-26,2025,5,2025-09-21 16:30:00,Arsenal,Man City,Emirates Stadium,True
2025-26,2025,6,2025-09-27 12:30:00,Brentford,Man United,Gtech Community Stadium,True
2025-26,2025,6,2025-09-27 15:00:00,Chelsea,Brighton,Stamford Bridge,True
2025-26,2025,6,2025-09-27 15:00:00,Crystal Palace,Liverpool,Selhurst Park,True
2025-26,2025,6,2025-09-27 15:00:00,Leeds,Bournemouth,Elland Road,True
2025-26,2025,6,2025-09-27 15:00:00,Man City,Burnley,Etihad Stadium,True
2025-26,2025,6,2025-09-27 17:30:00,Nott'm Forest,Sunderland,The City Ground,True
2025-26,2025,6,2025-09-27 20:00:00,Tottenham,Wolves,Tottenham Hotspur Stadium,True
2025-26,2025,6,2025-09-28 14:00:00,Aston Villa,Fulham,Villa Park,True
2025-26,2025,6,2025-09-28 16:30:00,Newcastle,Arsenal,St. James' Park,True
2025-26,2025,6,2025-09-29 20:00:00,Everton,West Ham,Hill Dickinson Stadium,True
2025-26,2025,7,2025-10-03 20:00:00,Bournemouth,Fulham,Vitality Stadium,True
2025-26,2025,7,2025-10-04 12:30:00,Leeds,Tottenham,Elland Road,True
2025-26,2025,7,2025-10-04 15:00:00,Arsenal,West Ham,Emirates Stadium,True
2025-26,2025,7,2025-10-04 15:00:00,Man United,Sunderland,Old Trafford,True
2025-26,2025,7,2025-10-04 17:30:00,Chelsea,Liverpool,Stamford Bridge,True
2025-26,2025,7,2025-10-05 14:00:00,Aston Villa,Burnley,Villa Park,True
2025-26,2025,7,2025-10-05 14:00:00,Everton,Crystal Palace,Hill Dickinson Stadium,True
2025-26,2025,7,2025-10-05 14:00:00,Newcastle,Nott'm Forest,St. James' Park,True
2025-26,2025,7,2025-10-05 14:00:00,Wolves,Brighton,Molineux Stadium,True
2025-26,2025,7,2025-10-05 16:30:00,Brentford,Man City,Gtech Community Stadium,True
2025-26,2025,8,2025-10-18 12:30:00,Nott'm Forest,Chelsea,The City Ground,True
2025-26,2025,8,2025-10-18 15:00:00,Brighton,Newcastle,American Express Stadium,True
2025-26,2025,8,2025-10-18 15:00:00,Burnley,Leeds,Turf Moor,True
2025-26,2025,8,2025-10-18 15:00:00,Crystal Palace,Bournemouth,Selhurst Park,True
2025-26,2025,8,2025-10-18 15:00:00,Man City,Everton,Etihad Stadium,True
2025-26,2025,8,2025-10-18 15:00:00,Sunderland,Wolves,Stadium of Light,True
2025-26,2025,8,2025-10-18 17:30:00,Fulham,Arsenal,Craven Cottage,True
2025-26,2025,8,2025-10-19 14:00:00,Tottenham,Aston Villa,Tottenham Hotspur Stadium,True
2025-26,2025,8,2025-10-19 16:30:00,Liverpool,Man United,Anfield,True
2025-26,2025,8,2025-10-20 20:00:00,West Ham,Brentford,London Stadium,True
2025-26,2025,9,2025-10-24 20:00:00,Leeds,West Ham,Elland Road,True
2025-26,2025,9,2025-10-25 15:00:00,Chelsea,Sunderland,Stamford Bridge,True
2025-26,2025,9,2025-10-25 15:00:00,Newcastle,Fulham,St. James' Park,True
2025-26,2025,9,2025-10-25 17:30:00,Man United,Brighton,Old Trafford,True
2025-26,2025,9,2025-10-25 20:00:00,Brentford,Liverpool,Gtech Community Stadium,True
2025-26,2025,9,2025-10-26 14:00:00,Arsenal,Crystal Palace,Emirates Stadium,True
2025-26,2025,9,2025-10-26 14:00:00,Aston Villa,Man City,Villa Park,True
2025-26,2025,9,2025-10-26 14:00:00,Wolves,Burnley,Molineux Stadium,True
2025-26,2025,9,2025-10-26 16:00:00,Bournemouth,Nott'm Forest,Vitality Stadium,True
2025-26,2025,9,2025-10-26 16:30:00,Everton,Tottenham,Hill Dickinson Stadium,True
2025-26,2025,10,2025-11-01 15:00:00,Brighton,Leeds,American Express Stadium,True
2025-26,2025,10,2025-11-01 15:00:00,Burnley,Arsenal,Turf Moor,True
2025-26,2025,10,2025-11-01 15:00:00,Crystal Palace,Brentford,Selhurst Park,True
2025-26,2025,10,2025-11-01 15:00:00,Fulham,Wolves,Craven Cottage,True
2025-26,2025,10,2025-11-01 15:00:00,Nott'm Forest,Man United,The City Ground,True
2025-26,2025,10,2025-11-01 17:30:00,Tottenham,Chelsea,Tottenham Hotspur Stadium,True
2025-26,2025,10,2025-11-01 20:00:00,Liverpool,Aston Villa,Anfield,True
2025-26,2025,10,2025-11-02 14:00:00,West Ham,Newcastle,London Stadium,True
2025-26,2025,10,2025-11-02 16:30:00,Man City,Bournemouth,Etihad Stadium,True
2025-26,2025,10,2025-11-03 20:00:00,Sunderland,Everton,Stadium of Light,True
2025-26,2025,11,2025-11-08 12:30:00,Tottenham,Man United,Tottenham Hotspur Stadium,True
2025-26,2025,11,2025-11-08 15:00:00,Everton,Fulham,Hill Dickinson Stadium,True
2025-26,2025,11,2025-11-08 15:00:00,West Ham,Burnley,London Stadium,True
2025-26,2025,11,2025-11-08 17:30:00,Sunderland,Arsenal,Stadium of Light,True
2025-26,2025,11,2025-11-08 20:00:00,Chelsea,Wolves,Stamford Bridge,True
2025-26,2025,11,2025-11-09 14:00:00,Aston Villa,Bournemouth,Villa Park,True
2025-26,2025,11,2025-11-09 14:00:00,Brentford,Newcastle,Gtech Community Stadium,True
2025-26,2025,11,2025-11-09 14:00:00,Crystal Palace,Brighton,Selhurst Park,True
2025-26,2025,11,2025-11-09 14:00:00,Nott'm Forest,Leeds,The City Ground,True
2025-26,2025,11,2025-11-09 16:30:00,Man City,Liverpool,Etihad Stadium,True
2025-26,2025,12,2025-11-22 12:30:00,Burnley,Chelsea,Turf Moor,True
2025-26,2025,12,2025-11-22 15:00:00,Bournemouth,West Ham,Vitality Stadium,True
2025-26,2025,12,2025-11-22 15:00:00,Brighton,Brentford,American Express Stadium,True
2025-26,2025,12,2025-11-22 15:00:00,Fulham,Sunderland,Craven Cottage,True
2025-26,2025,12,2025-11-22 15:00:00,Liverpool,Nott'm Forest,Anfield,True
2025-26,2025,12,2025-11-22 15:00:00,Wolves,Crystal Palace,Molineux Stadium,True
2025-26,2025,12,2025-11-22 17:30:00,Newcastle,Man City,St. James' Park,True
2025-26,2025,12,2025-11-23 14:00:00,Leeds,Aston Villa,Elland Road,True
2025-26,2025,12,2025-11-23 16:30:00,Arsenal,Tottenham,Emirates Stadium,True
2025-26,2025,12,2025-11-24 20:00:00,Man United,Everton,Old Trafford,True
2025-26,2025,13,2025-11-29 15:00:00,Brentford,Burnley,Gtech Community Stadium,True
2025-26,2025,13,2025-11-29 15:00:00,Man City,Leeds,Etihad Stadium,True
2025-26,2025,13,2025-11-29 15:00:00,Sunderland,Bournemouth,Stadium of Light,True
2025-26,2025,13,2025-11-29 17:30:00,Everton,Newcastle,Hill Dickinson Stadium,True
2025-26,2025,13,2025-11-29 20:00:00,Tottenham,Fulham,Tottenham Hotspur Stadium,True
2025-26,2025,13,2025-11-30 12:00:00,Crystal Palace,Man United,Selhurst Park,True
2025-26,2025,13,2025-11-30 14:05:00,Aston Villa,Wolves,Villa Park,True
2025-26,2025,13,2025-11-30 14:05:00,Nott'm Forest,Brighton,The City Ground,True
2025-26,2025,13,2025-11-30 14:05:00,West Ham,Liverpool,London Stadium,True
2025-26,2025,13,2025-11-30 16:30:00,Chelsea,Arsenal,Stamford Bridge,True
2025-26,2025,14,2025-12-02 19:30:00,Bournemouth,Everton,Vitality Stadium,True
2025-26,2025,14,2025-12-02 19:30:00,Fulham,Man City,Craven Cottage,True
2025-26,2025,14,2025-12-02 20:15:00,Newcastle,Tottenham,St. James' Park,True
2025-26,2025,14,2025-12-03 19:30:00,Arsenal,Brentford,Emirates Stadium,True
2025-26,2025,14,2025-12-03 19:30:00,Brighton,Aston Villa,American Express Stadium,True
2025-26,2025,14,2025-12-03 19:30:00,Burnley,Crystal Palace,Turf Moor,True
2025-26,2025,14,2025-12-03 19:30:00,Wolves,Nott'm Forest,Molineux Stadium,True
2025-26,2025,14,2025-12-03 20:15:00,Leeds,Chelsea,Elland Road,True
2025-26,2025,14,2025-12-03 20:15:00,Liverpool,Sunderland,Anfield,True
2025-26,2025,14,2025-12-04 20:00:00,Man United,West Ham,Old Trafford,True
2025-26,2025,15,2025-12-06 12:30:00,Aston Villa,Arsenal,Villa Park,True
2025-26,2025,15,2025-12-06 15:00:00,Bournemouth,Chelsea,Vitality Stadium,True
2025-26,2025,15,2025-12-06 15:00:00,Everton,Nott'm Forest,Hill Dickinson Stadium,True
2025-26,2025,15,2025-12-06 15:00:00,Man City,Sunderland,Etihad Stadium,True
2025-26,2025,15,2025-12-06 15:00:00,Newcastle,Burnley,St. James' Park,True
2025-26,2025,15,2025-12-06 15:00:00,Tottenham,Brentford,Tottenham Hotspur Stadium,True
2025-26,2025,15,2025-12-06 17:30:00,Leeds,Liverpool,Elland Road,True
2025-26,2025,15,2025-12-07 14:00:00,Brighton,West Ham,American Express Stadium,True
2025-26,2025,15,2025-12-07 16:30:00,Fulham,Crystal Palace,Craven Cottage,True
2025-26,2025,15,2025-12-08 20:00:00,Wolves,Man United,Molineux Stadium,True
2025-26,2025,16,2025-12-13 15:00:00,Chelsea,Everton,Stamford Bridge,True
2025-26,2025,16,2025-12-13 15:00:00,Liverpool,Brighton,Anfield,True
2025-26,2025,16,2025-12-13 17:30:00,Burnley,Fulham,Turf Moor,True
2025-26,2025,16,2025-12-13 20:00:00,Arsenal,Wolves,Emirates Stadium,True
2025-26,2025,16,2025-12-14 14:00:00,Crystal Palace,Man City,Selhurst Park,True
2025-26,2025,16,2025-12-14 14:00:00,Nott'm Forest,Tottenham,The City Ground,True
2025-26,2025,16,2025-12-14 14:00:00,Sunderland,Newcastle,Stadium of Light,True
2025-26,2025,16,2025-12-14 14:00:00,West Ham,Aston Villa,London Stadium,True
2025-26,2025,16,2025-12-14 16:30:00,Brentford,Leeds,Gtech Community Stadium,True
2025-26,2025,16,2025-12-15 20:00:00,Man United,Bournemouth,Old Trafford,True
2025-26,2025,17,2025-12-20 12:30:00,Newcastle,Chelsea,St. James' Park,True
2025-26,2025,17,2025-12-20 15:00:00,Bournemouth,Burnley,Vitality Stadium,True
2025-26,2025,17,2025-12-20 15:00:00,Brighton,Sunderland,American Express Stadium,True
2025-26,2025,17,2025-12-20 15:00:00,Man City,West Ham,Etihad Stadium,True
2025-26,2025,17,2025-12-20 15:00:00,Wolves,Brentford,Molineux Stadium,True
2025-26,2025,17,2025-12-20 17:30:00,Tottenham,Liverpool,Tottenham Hotspur Stadium,True
2025-26,2025,17,2025-12-20 20:00:00,Everton,Arsenal,Hill Dickinson Stadium,True
2025-26,2025,17,2025-12-20 20:00:00,Leeds,Crystal Palace,Elland Road,True
2025-26,2025,17,2025-12-21 16:30:00,Aston Villa,Man United,Villa Park,True
2025-26,2025,17,2025-12-22 20:00:00,Fulham,Nott'm Forest,Craven Cottage,True
2025-26,2025,18,2025-12-26 20:00:00,Man United,Newcastle,Old Trafford,True
2025-26,2025,18,2025-12-27 12:30:00,Nott'm Forest,Man City,The City Ground,True
2025-26,2025,18,2025-12-27 15:00:00,Arsenal,Brighton,Emirates Stadium,True
2025-26,2025,18,2025-12-27 15:00:00,Brentford,Bournemouth,Gtech Community Stadium,True
2025-26,2025,18,2025-12-27 15:00:00,Burnley,Everton,Turf Moor,True
2025-26,2025,18,2025-12-27 15:00:00,Liverpool,Wolves,Anfield,True
2025-26,2025,18,2025-12-27 15:00:00,West Ham,Fulham,London Stadium,True
2025-26,2025,18,2025-12-27 17:30:00,Chelsea,Aston Villa,Stamford Bridge,True
2025-26,2025,18,2025-12-28 14:00:00,Sunderland,Leeds,Stadium of Light,True
2025-26,2025,18,2025-12-28 16:30:00,Crystal Palace,Tottenham,Selhurst Park,True
2025-26,2025,19,2025-12-30 19:30:00,Burnley,Newcastle,Turf Moor,True
2025-26,2025,19,2025-12-30 19:30:00,Chelsea,Bournemouth,Stamford Bridge,True
2025-26,2025,19,2025-12-30 19:30:00,Nott'm Forest,Everton,The City Ground,True
2025-26,2025,19,2025-12-30 19:30:00,West Ham,Brighton,London Stadium,True
2025-26,2025,19,2025-12-30 20:15:00,Arsenal,Aston Villa,Emirates Stadium,True
2025-26,2025,19,2025-12-30 20:15:00,Man United,Wolves,Old Trafford,True
2025-26,2025,19,2026-01-01 17:30:00,Crystal Palace,Fulham,Selhurst Park,True
2025-26,2025,19,2026-01-01 17:30:00,Liverpool,Leeds,Anfield,True
2025-26,2025,19,2026-01-01 20:00:00,Brentford,Tottenham,Gtech Community Stadium,True
2025-26,2025,19,2026-01-01 20:00:00,Sunderland,Man City,Stadium of Light,True
2025-26,2025,20,2026-01-03 12:30:00,Aston Villa,Nott'm Forest,Villa Park,True
2025-26,2025,20,2026-01-03 15:00:00,Brighton,Burnley,American Express Stadium,True
2025-26,2025,20,2026-01-03 15:00:00,Wolves,West Ham,Molineux Stadium,True
2025-26,2025,20,2026-01-03 17:30:00,Bournemouth,Arsenal,Vitality Stadium,True
2025-26,2025,20,2026-01-04 12:30:00,Leeds,Man United,Elland Road,True
2025-26,2025,20,2026-01-04 15:00:00,Everton,Brentford,Hill Dickinson Stadium,True
2025-26,2025,20,2026-01-04 15:00:00,Newcastle,Crystal Palace,St. James' Park,True
2025-26,2025,20,2026-01-04 15:00:00,Tottenham,Sunderland,Tottenham Hotspur Stadium,True
2025-26,2025,20,2026-01-04 15:15:00,Fulham,Liverpool,Craven Cottage,True
2025-26,2025,20,2026-01-04 17:30:00,Man City,Chelsea,Etihad Stadium,True
2025-26,2025,21,2026-01-06 20:00:00,West Ham,Nott'm Forest,London Stadium,True
2025-26,2025,21,2026-01-07 19:30:00,Bournemouth,Tottenham,Vitality Stadium,True
2025-26,2025,21,2026-01-07 19:30:00,Brentford,Sunderland,Gtech Community Stadium,True
2025-26,2025,21,2026-01-07 19:30:00,Crystal Palace,Aston Villa,Selhurst Park,True
2025-26,2025,21,2026-01-07 19:30:00,Everton,Wolves,Hill Dickinson Stadium,True
2025-26,2025,21,2026-01-07 19:30:00,Fulham,Chelsea,Craven Cottage,True
2025-26,2025,21,2026-01-07 19:30:00,Man City,Brighton,Etihad Stadium,True
2025-26,2025,21,2026-01-07 20:15:00,Burnley,Man United,Turf Moor,True
2025-26,2025,21,2026-01-07 20:15:00,Newcastle,Leeds,St. James' Park,True
2025-26,2025,21,2026-01-08 20:00:00,Arsenal,Liverpool,Emirates Stadium,True
2025-26,2025,22,2026-01-17 12:30:00,Man United,Man City,Old Trafford,True
2025-26,2025,22,2026-01-17 15:00:00,Chelsea,Brentford,Stamford Bridge,True
2025-26,2025,22,2026-01-17 15:00:00,Leeds,Fulham,Elland Road,True
2025-26,2025,22,2026-01-17 15:00:00,Liverpool,Burnley,Anfield,True
2025-26,2025,22,2026-01-17 15:00:00,Sunderland,Crystal Palace,Stadium of Light,True
2025-26,2025,22,2026-01-17 15:00:00,Tottenham,West Ham,Tottenham Hotspur Stadium,True
2025-26,2025,22,2026-01-17 17:30:00,Nott'm Forest,Arsenal,The City Ground,True
2025-26,2025,22,2026-01-18 14:00:00,Wolves,Newcastle,Molineux Stadium,True
2025-26,2025,22,2026-01-18 16:30:00,Aston Villa,Everton,Villa Park,True
2025-26,2025,22,2026-01-19 20:00:00,Brighton,Bournemouth,American Express Stadium,True
2025-26,2025,23,2026-01-24 12:30:00,West Ham,Sunderland,London Stadium,True
2025-26,2025,23,2026-01-24 15:00:00,Burnley,Tottenham,Turf Moor,True
2025-26,2025,23,2026-01-24 15:00:00,Fulham,Brighton,Craven Cottage,True
2025-26,2025,23,2026-01-24 15:00:00,Man City,Wolves,Etihad Stadium,True
2025-26,2025,23,2026-01-24 17:30:00,Bournemouth,Liverpool,Vitality Stadium,True
2025-26,2025,23,2026-01-25 14:00:00,Brentford,Nott'm Forest,Gtech Community Stadium,True
2025-26,2025,23,2026-01-25 14:00:00,Crystal Palace,Chelsea,Selhurst Park,True
2025-26,2025,23,2026-01-25 14:00:00,Newcastle,Aston Villa,St. James' Park,True
2025-26,2025,23,2026-01-25 16:30:00,Arsenal,Man United,Emirates Stadium,True
2025-26,2025,23,2026-01-26 20:00:00,Everton,Leeds,Hill Dickinson Stadium,True
2025-26,2025,24,2026-01-31 15:00:00,Brighton,Everton,American Express Stadium,True
2025-26,2025,24,2026-01-31 15:00:00,Leeds,Arsenal,Elland Road,True
2025-26,2025,24,2026-01-31 15:00:00,Wolves,Bournemouth,Molineux Stadium,True
2025-26,2025,24,2026-01-31 17:30:00,Chelsea,West Ham,Stamford Bridge,True
2025-26,2025,24,2026-01-31 20:00:00,Liverpool,Newcastle,Anfield,True
2025-26,2025,24,2026-02-01 14:00:00,Aston Villa,Brentford,Villa Park,True
2025-26,2025,24,2026-02-01 14:00:00,Man United,Fulham,Old Trafford,True
2025-26,2025,24,2026-02-01 14:00:00,Nott'm Forest,Crystal Palace,The City Ground,True
2025-26,2025,24,2026-02-01 16:30:00,Tottenham,Man City,Tottenham Hotspur Stadium,True
2025-26,2025,24,2026-02-02 20:00:00,Sunderland,Burnley,Stadium of Light,True
2025-26,2025,25,2026-02-06 20:00:00,Leeds,Nott'm Forest,Elland Road,True
2025-26,2025,25,2026-02-07 12:30:00,Man United,Tottenham,Old Trafford,True
2025-26,2025,25,2026-02-07 15:00:00,Arsenal,Sunderland,Emirates Stadium,True
2025-26,2025,25,2026-02-07 15:00:00,Bournemouth,Aston Villa,Vitality Stadium,True
2025-26,2025,25,2026-02-07 15:00:00,Burnley,West Ham,Turf Moor,True
2025-26,2025,25,2026-02-07 15:00:00,Fulham,Everton,Craven Cottage,True
2025-26,2025,25,2026-02-07 15:00:00,Wolves,Chelsea,Molineux Stadium,True
2025-26,2025,25,2026-02-07 17:30:00,Newcastle,Brentford,St. James' Park,True
2025-26,2025,25,2026-02-08 14:00:00,Brighton,Crystal Palace,American Express Stadium,True
2025-26,2025,25,2026-02-08 16:30:00,Liverpool,Man City,Anfield,True
2025-26,2025,26,2026-02-10 19:30:00,Chelsea,Leeds,Stamford Bridge,True
2025-26,2025,26,2026-02-10 19:30:00,Everton,Bournemouth,Hill Dickinson Stadium,True
2025-26,2025,26,2026-02-10 19:30:00,Tottenham,Newcastle,Tottenham Hotspur Stadium,True
2025-26,2025,26,2026-02-10 20:15:00,West Ham,Man United,London Stadium,True
2025-26,2025,26,2026-02-11 19:30:00,Aston Villa,Brighton,Villa Park,True
2025-26,2025,26,2026-02-11 19:30:00,Man City,Fulham,Etihad Stadium,True
2025-26,2025,26,2026-02-11 19:30:00,Nott'm Forest,Wolves,The City Ground,True
2025-26,2025,26,2026-02-11 19:40:00,Crystal Palace,Burnley,Selhurst Park,True
2025-26,2025,26,2026-02-11 20:15:00,Sunderland,Liverpool,Stadium of Light,True
2025-26,2025,26,2026-02-12 20:00:00,Brentford,Arsenal,Gtech Community Stadium,True
2025-26,2025,31,2026-02-18 20:00:00,Wolves,Arsenal,Molineux Stadium,True
2025-26,2025,27,2026-02-21 15:00:00,Aston Villa,Leeds,Villa Park,True
2025-26,2025,27,2026-02-21 15:00:00,Brentford,Brighton,Gtech Community Stadium,True
2025-26,2025,27,2026-02-21 15:00:00,Chelsea,Burnley,Stamford Bridge,True
2025-26,2025,27,2026-02-21 17:30:00,West Ham,Bournemouth,London Stadium,True
2025-26,2025,27,2026-02-21 20:00:00,Man City,Newcastle,Etihad Stadium,True
2025-26,2025,27,2026-02-22 14:00:00,Crystal Palace,Wolves,Selhurst Park,True
2025-26,2025,27,2026-02-22 14:00:00,Nott'm Forest,Liverpool,The City Ground,True
2025-26,2025,27,2026-02-22 14:00:00,Sunderland,Fulham,Stadium of Light,True
2025-26,2025,27,2026-02-22 16:30:00,Tottenham,Arsenal,Tottenham Hotspur Stadium,True
2025-26,2025,27,2026-02-23 20:00:00,Everton,Man United,Hill Dickinson Stadium,True
2025-26,2025,28,2026-02-27 20:00:00,Wolves,Aston Villa,Molineux Stadium,True
2025-26,2025,28,2026-02-28 12:30:00,Bournemouth,Sunderland,Vitality Stadium,True
2025-26,2025,28,2026-02-28 15:00:00,Burnley,Brentford,Turf Moor,True
2025-26,2025,28,2026-02-28 15:00:00,Liverpool,West Ham,Anfield,True
2025-26,2025,28,2026-02-28 15:00:00,Newcastle,Everton,St. James' Park,True
2025-26,2025,28,2026-02-28 17:30:00,Leeds,Man City,Elland Road,True
2025-26,2025,28,2026-03-01 14:00:00,Brighton,Nott'm Forest,American Express Stadium,True
2025-26,2025,28,2026-03-01 14:00:00,Fulham,Tottenham,Craven Cottage,True
2025-26,2025,28,2026-03-01 14:00:00,Man United,Crystal Palace,Old Trafford,True
2025-26,2025,28,2026-03-01 16:30:00,Arsenal,Chelsea,Emirates Stadium,True
2025-26,2025,29,2026-03-03 19:30:00,Bournemouth,Brentford,Vitality Stadium,True
2025-26,2025,29,2026-03-03 19:30:00,Everton,Burnley,Hill Dickinson Stadium,True
2025-26,2025,29,2026-03-03 19:30:00,Leeds,Sunderland,Elland Road,True
2025-26,2025,29,2026-03-03 20:15:00,Wolves,Liverpool,Molineux Stadium,True
2025-26,2025,29,2026-03-04 19:30:00,Aston Villa,Chelsea,Villa Park,True
2025-26,2025,29,2026-03-04 19:30:00,Brighton,Arsenal,American Express Stadium,True
2025-26,2025,29,2026-03-04 19:30:00,Fulham,West Ham,Craven Cottage,True
2025-26,2025,29,2026-03-04 19:30:00,Man City,Nott'm Forest,Etihad Stadium,True
2025-26,2025,29,2026-03-04 20:15:00,Newcastle,Man United,St. James' Park,True
2025-26,2025,29,2026-03-05 20:00:00,Tottenham,Crystal Palace,Tottenham Hotspur Stadium,True
2025-26,2025,30,2026-03-14 15:00:00,Burnley,Bournemouth,Turf Moor,True
2025-26,2025,30,2026-03-14 15:00:00,Sunderland,Brighton,Stadium of Light,True
2025-26,2025,30,2026-03-14 17:30:00,Arsenal,Everton,Emirates Stadium,True
2025-26,2025,30,2026-03-14 17:30:00,Chelsea,Newcastle,Stamford Bridge,True
2025-26,2025,30,2026-03-14 20:00:00,West Ham,Man City,London Stadium,True
2025-26,2025,30,2026-03-15 14:00:00,Crystal Palace,Leeds,Selhurst Park,True
2025-26,2025,30,2026-03-15 14:00:00,Man United,Aston Villa,Old Trafford,True
2025-26,2025,30,2026-03-15 14:00:00,Nott'm Forest,Fulham,The City Ground,True
2025-26,2025,30,2026-03-15 16:30:00,Liverpool,Tottenham,Anfield,True
2025-26,2025,30,2026-03-16 20:00:00,Brentford,Wolves,Gtech Community Stadium,True
2025-26,2025,31,2026-03-20 20:00:00,Bournemouth,Man United,Vitality Stadium,True
2025-26,2025,31,2026-03-21 12:45:00,Brighton,Liverpool,American Express Stadium,True
2025-26,2025,31,2026-03-21 15:00:00,Fulham,Burnley,Craven Cottage,True
2025-26,2025,31,2026-03-21 17:30:00,Everton,Chelsea,Hill Dickinson Stadium,True
2025-26,2025,31,2026-03-21 20:00:00,Leeds,Brentford,Elland Road,True
2025-26,2025,31,2026-03-22 12:00:00,Newcastle,Sunderland,St. James' Park,True
2025-26,2025,31,2026-03-22 14:15:00,Aston Villa,West Ham,Villa Park,True
2025-26,2025,31,2026-03-22 14:15:00,Tottenham,Nott'm Forest,Tottenham Hotspur Stadium,True
2025-26,2025,32,2026-04-10 20:00:00,West Ham,Wolves,London Stadium,True
2025-26,2025,32,2026-04-11 12:30:00,Arsenal,Bournemouth,Emirates Stadium,True
2025-26,2025,32,2026-04-11 15:00:00,Brentford,Everton,Gtech Community Stadium,True
2025-26,2025,32,2026-04-11 15:00:00,Burnley,Brighton,Turf Moor,True
2025-26,2025,32,2026-04-11 17:30:00,Liverpool,Fulham,Anfield,True
2025-26,2025,32,2026-04-12 14:00:00,Crystal Palace,Newcastle,Selhurst Park,True
2025-26,2025,32,2026-04-12 14:00:00,Nott'm Forest,Aston Villa,The City Ground,True
2025-26,2025,32,2026-04-12 14:00:00,Sunderland,Tottenham,Stadium of Light,True
2025-26,2025,32,2026-04-12 16:30:00,Chelsea,Man City,Stamford Bridge,True
2025-26,2025,32,2026-04-13 20:00:00,Man United,Leeds,Old Trafford,True
2025-26,2025,33,2026-04-18 12:30:00,Brentford,Fulham,Gtech Community Stadium,True
2025-26,2025,33,2026-04-18 15:00:00,Leeds,Wolves,Elland Road,True
2025-26,2025,33,2026-04-18 15:00:00,Newcastle,Bournemouth,St. James' Park,True
2025-26,2025,33,2026-04-18 17:30:00,Tottenham,Brighton,Tottenham Hotspur Stadium,True
2025-26,2025,33,2026-04-18 20:00:00,Chelsea,Man United,Stamford Bridge,True
2025-26,2025,33,2026-04-19 14:00:00,Aston Villa,Sunderland,Villa Park,True
2025-26,2025,33,2026-04-19 14:00:00,Everton,Liverpool,Hill Dickinson Stadium,True
2025-26,2025,33,2026-04-19 14:00:00,Nott'm Forest,Burnley,The City Ground,True
2025-26,2025,33,2026-04-19 16:30:00,Man City,Arsenal,Etihad Stadium,True
2025-26,2025,33,2026-04-20 20:00:00,Crystal Palace,West Ham,Selhurst Park,True
2025-26,2025,34,2026-04-21 20:00:00,Brighton,Chelsea,American Express Stadium,True
2025-26,2025,34,2026-04-22 20:00:00,Bournemouth,Leeds,Vitality Stadium,True
2025-26,2025,34,2026-04-22 20:00:00,Burnley,Man City,Turf Moor,True
2025-26,2025,34,2026-04-24 20:00:00,Sunderland,Nott'm Forest,Stadium of Light,True
2025-26,2025,34,2026-04-25 12:30:00,Fulham,Aston Villa,Craven Cottage,True
2025-26,2025,34,2026-04-25 15:00:00,Liverpool,Crystal Palace,Anfield,True
2025-26,2025,34,2026-04-25 15:00:00,West Ham,Everton,London Stadium,True
2025-26,2025,34,2026-04-25 15:00:00,Wolves,Tottenham,Molineux Stadium,True
2025-26,2025,34,2026-04-25 17:30:00,Arsenal,Newcastle,Emirates Stadium,True
2025-26,2025,34,2026-04-27 20:00:00,Man United,Brentford,Old Trafford,True
2025-26,2025,35,2026-05-01 20:00:00,Leeds,Burnley,Elland Road,True
2025-26,2025,35,2026-05-02 15:00:00,Brentford,West Ham,Gtech Community Stadium,True
2025-26,2025,35,2026-05-02 15:00:00,Newcastle,Brighton,St. James' Park,True
2025-26,2025,35,2026-05-02 15:00:00,Wolves,Sunderland,Molineux Stadium,True
2025-26,2025,35,2026-05-02 17:30:00,Arsenal,Fulham,Emirates Stadium,True
2025-26,2025,35,2026-05-03 14:00:00,Bournemouth,Crystal Palace,Vitality Stadium,True
2025-26,2025,35,2026-05-03 15:30:00,Man United,Liverpool,Old Trafford,True
2025-26,2025,35,2026-05-03 19:00:00,Aston Villa,Tottenham,Villa Park,True
2025-26,2025,35,2026-05-04 15:00:00,Chelsea,Nott'm Forest,Stamford Bridge,True
2025-26,2025,35,2026-05-04 20:00:00,Everton,Man City,Hill Dickinson Stadium,True
2025-26,2025,36,2026-05-09 12:30:00,Liverpool,Chelsea,Anfield,True
2025-26,2025,36,2026-05-09 15:00:00,Brighton,Wolves,American Express Stadium,True
2025-26,2025,36,2026-05-09 15:00:00,Fulham,Bournemouth,Craven Cottage,True
2025-26,2025,36,2026-05-09 15:00:00,Sunderland,Man United,Stadium of Light,True
2025-26,2025,36,2026-05-09 17:30:00,Man City,Brentford,Etihad Stadium,True
2025-26,2025,36,2026-05-10 14:00:00,Burnley,Aston Villa,Turf Moor,True
2025-26,2025,36,2026-05-10 14:00:00,Crystal Palace,Everton,Selhurst Park,True
2025-26,2025,36,2026-05-10 14:00:00,Nott'm Forest,Newcastle,The City Ground,True
2025-26,2025,36,2026-05-10 16:30:00,West Ham,Arsenal,London Stadium,True
2025-26,2025,36,2026-05-11 20:00:00,Tottenham,Leeds,Tottenham Hotspur Stadium,True
2025-26,2025,31,2026-05-13 20:00:00,Man City,Crystal Palace,Etihad Stadium,True
2025-26,2025,37,2026-05-15 20:00:00,Aston Villa,Liverpool,Villa Park,True
2025-26,2025,37,2026-05-17 12:30:00,Man United,Nott'm Forest,Old Trafford,True
2025-26,2025,37,2026-05-17 15:00:00,Brentford,Crystal Palace,Gtech Community Stadium,True
2025-26,2025,37,2026-05-17 15:00:00,Everton,Sunderland,Hill Dickinson Stadium,True
2025-26,2025,37,2026-05-17 15:00:00,Leeds,Brighton,Elland Road,True
2025-26,2025,37,2026-05-17 15:00:00,Wolves,Fulham,Molineux Stadium,True
2025-26,2025,37,2026-05-17 17:30:00,Newcastle,West Ham,St. James' Park,True
2025-26,2025,37,2026-05-18 20:00:00,Arsenal,Burnley,Emirates Stadium,True
2025-26,2025,37,2026-05-19 19:30:00,Bournemouth,Man City,Vitality Stadium,True
2025-26,2025,37,2026-05-19 20:15:00,Chelsea,Tottenham,Stamford Bridge,True
2025-26,2025,38,2026-05-24 16:00:00,Brighton,Man United,American Express Stadium,True
2025-26,2025,38,2026-05-24 16:00:00,Burnley,Wolves,Turf Moor,True
2025-26,2025,38,2026-05-24 16:00:00,Crystal Palace,Arsenal,Selhurst Park,True
2025-26,2025,38,2026-05-24 16:00:00,Fulham,Newcastle,Craven Cottage,True
2025-26,2025,38,2026-05-24 16:00:00,Liverpool,Brentford,Anfield,True
2025-26,2025,38,2026-05-24 16:00:00,Man City,Aston Villa,Etihad Stadium,True
2025-26,2025,38,2026-05-24 16:00:00,Nott'm Forest,Bournemouth,The City Ground,True
2025-26,2025,38,2026-05-24 16:00:00,Sunderland,Chelsea,Stadium of Light,True
2025-26,2025,38,2026-05-24 16:00:00,Tottenham,Everton,Tottenham Hotspur Stadium,True
2025-26,2025,38,2026-05-24 16:00:00,West Ham,Leeds,London Stadium,True
2026-27,2026,1,2026-08-21 20:00:00,Arsenal,Coventry,Emirates Stadium,True
2026-27,2026,1,2026-08-22 12:30:00,Hull,Man United,MKM Stadium,True
2026-27,2026,1,2026-08-22 15:00:00,Everton,Crystal Palace,Hill Dickinson Stadium,True
2026-27,2026,1,2026-08-22 15:00:00,Ipswich,Sunderland,Portman Road,True
2026-27,2026,1,2026-08-22 15:00:00,Nott'm Forest,Leeds,The City Ground,True
2026-27,2026,1,2026-08-22 17:30:00,Brentford,Tottenham,Gtech Community Stadium,True
2026-27,2026,1,2026-08-23 14:00:00,Brighton,Aston Villa,American Express Stadium,True
2026-27,2026,1,2026-08-23 14:00:00,Man City,Bournemouth,Etihad Stadium,True
2026-27,2026,1,2026-08-23 16:30:00,Newcastle,Liverpool,St. James' Park,True
2026-27,2026,1,2026-08-24 20:00:00,Fulham,Chelsea,Craven Cottage,True
2026-27,2026,2,2026-08-28 20:00:00,Crystal Palace,Man City,Selhurst Park,True
2026-27,2026,2,2026-08-29 12:30:00,Liverpool,Nott'm Forest,Anfield,True
2026-27,2026,2,2026-08-29 15:00:00,Bournemouth,Everton,Vitality Stadium,True
2026-27,2026,2,2026-08-29 15:00:00,Coventry,Hull,Coventry Building Society Arena,True
2026-27,2026,2,2026-08-29 17:30:00,Tottenham,Newcastle,Tottenham Hotspur Stadium,True
2026-27,2026,2,2026-08-30 14:00:00,Chelsea,Brighton,Stamford Bridge,True
2026-27,2026,2,2026-08-30 14:00:00,Leeds,Brentford,Elland Road,True
2026-27,2026,2,2026-08-30 14:00:00,Sunderland,Fulham,Stadium of Light,True
2026-27,2026,2,2026-08-30 16:30:00,Man United,Ipswich,Old Trafford,True
2026-27,2026,2,2026-08-31 20:00:00,Aston Villa,Arsenal,Villa Park,True
2026-27,2026,3,2026-09-04 20:00:00,Ipswich,Liverpool,Portman Road,False
2026-27,2026,3,2026-09-05 12:30:00,Newcastle,Bournemouth,St. James' Park,False
2026-27,2026,3,2026-09-05 15:00:00,Brentford,Sunderland,Gtech Community Stadium,False
2026-27,2026,3,2026-09-05 15:00:00,Brighton,Leeds,American Express Stadium,False
2026-27,2026,3,2026-09-05 15:00:00,Fulham,Crystal Palace,Craven Cottage,False
2026-27,2026,3,2026-09-05 15:00:00,Man City,Coventry,Etihad Stadium,False
2026-27,2026,3,2026-09-05 15:00:00,Nott'm Forest,Tottenham,The City Ground,False
2026-27,2026,3,2026-09-05 17:30:00,Hull,Aston Villa,MKM Stadium,False
2026-27,2026,3,2026-09-06 14:00:00,Everton,Man United,Hill Dickinson Stadium,False
2026-27,2026,3,2026-09-06 16:30:00,Arsenal,Chelsea,Emirates Stadium,False
2026-27,2026,4,2026-09-12 15:00:00,Bournemouth,Brentford,Vitality Stadium,False
2026-27,2026,4,2026-09-12 15:00:00,Aston Villa,Nott'm Forest,Villa Park,False
2026-27,2026,4,2026-09-12 15:00:00,Chelsea,Hull,Stamford Bridge,False
2026-27,2026,4,2026-09-12 15:00:00,Crystal Palace,Ipswich,Selhurst Park,False
2026-27,2026,4,2026-09-12 15:00:00,Liverpool,Fulham,Anfield,False
2026-27,2026,4,2026-09-12 17:30:00,Tottenham,Everton,Tottenham Hotspur Stadium,False
2026-27,2026,4,2026-09-12 20:00:00,Sunderland,Arsenal,Stadium of Light,False
2026-27,2026,4,2026-09-13 14:00:00,Coventry,Brighton,Coventry Building Society Arena,False
2026-27,2026,4,2026-09-13 16:30:00,Man United,Man City,Old Trafford,False
2026-27,2026,4,2026-09-14 20:00:00,Leeds,Newcastle,Elland Road,False
2026-27,2026,5,2026-09-18 20:00:00,Brentford,Chelsea,Gtech Community Stadium,False
2026-27,2026,5,2026-09-19 12:30:00,Tottenham,Aston Villa,Tottenham Hotspur Stadium,False
2026-27,2026,5,2026-09-19 15:00:00,Brighton,Arsenal,American Express Stadium,False
2026-27,2026,5,2026-09-19 15:00:00,Everton,Ipswich,Hill Dickinson Stadium,False
2026-27,2026,5,2026-09-19 15:00:00,Leeds,Crystal Palace,Elland Road,False
2026-27,2026,5,2026-09-19 15:00:00,Newcastle,Hull,St. James' Park,False
2026-27,2026,5,2026-09-19 17:30:00,Nott'm Forest,Coventry,The City Ground,False
2026-27,2026,5,2026-09-20 14:00:00,Bournemouth,Liverpool,Vitality Stadium,False
2026-27,2026,5,2026-09-20 14:00:00,Man City,Sunderland,Etihad Stadium,False
2026-27,2026,5,2026-09-20 16:30:00,Fulham,Man United,Craven Cottage,False
2026-27,2026,6,2026-10-10 12:30:00,Arsenal,Leeds,Emirates Stadium,False
2026-27,2026,6,2026-10-10 15:00:00,Aston Villa,Brentford,Villa Park,False
2026-27,2026,6,2026-10-10 15:00:00,Chelsea,Bournemouth,Stamford Bridge,False
2026-27,2026,6,2026-10-10 15:00:00,Ipswich,Fulham,Portman Road,False
2026-27,2026,6,2026-10-10 15:00:00,Sunderland,Brighton,Stadium of Light,False
2026-27,2026,6,2026-10-10 17:30:00,Man United,Tottenham,Old Trafford,False
2026-27,2026,6,2026-10-11 14:00:00,Crystal Palace,Nott'm Forest,Selhurst Park,False
2026-27,2026,6,2026-10-11 14:00:00,Hull,Everton,MKM Stadium,False
2026-27,2026,6,2026-10-11 16:30:00,Liverpool,Man City,Anfield,False
2026-27,2026,6,2026-10-12 20:00:00,Coventry,Newcastle,Coventry Building Society Arena,False
2026-27,2026,7,2026-10-17 12:30:00,Everton,Chelsea,Hill Dickinson Stadium,False
2026-27,2026,7,2026-10-17 15:00:00,Brentford,Liverpool,Gtech Community Stadium,False
2026-27,2026,7,2026-10-17 15:00:00,Fulham,Hull,Craven Cottage,False
2026-27,2026,7,2026-10-17 15:00:00,Man City,Ipswich,Etihad Stadium,False
2026-27,2026,7,2026-10-17 17:30:00,Newcastle,Aston Villa,St. James' Park,False
2026-27,2026,7,2026-10-18 14:00:00,Bournemouth,Sunderland,Vitality Stadium,False
2026-27,2026,7,2026-10-18 14:00:00,Brighton,Crystal Palace,American Express Stadium,False
2026-27,2026,7,2026-10-18 14:00:00,Leeds,Man United,Elland Road,False
2026-27,2026,7,2026-10-18 16:30:00,Nott'm Forest,Arsenal,The City Ground,False
2026-27,2026,7,2026-10-19 20:00:00,Tottenham,Coventry,Tottenham Hotspur Stadium,False
2026-27,2026,8,2026-10-23 20:00:00,Ipswich,Nott'm Forest,Portman Road,False
2026-27,2026,8,2026-10-24 12:30:00,Aston Villa,Man City,Villa Park,False
2026-27,2026,8,2026-10-24 15:00:00,Arsenal,Everton,Emirates Stadium,False
2026-27,2026,8,2026-10-24 15:00:00,Coventry,Fulham,Coventry Building Society Arena,False
2026-27,2026,8,2026-10-24 15:00:00,Liverpool,Brighton,Anfield,False
2026-27,2026,8,2026-10-24 17:30:00,Chelsea,Tottenham,Stamford Bridge,False
2026-27,2026,8,2026-10-25 14:00:00,Crystal Palace,Newcastle,Selhurst Park,False
2026-27,2026,8,2026-10-25 14:00:00,Hull,Brentford,MKM Stadium,False
2026-27,2026,8,2026-10-25 14:00:00,Man United,Bournemouth,Old Trafford,False
2026-27,2026,8,2026-10-25 16:30:00,Sunderland,Leeds,Stadium of Light,False
2026-27,2026,9,2026-10-31 12:30:00,Chelsea,Man United,Stamford Bridge,False
2026-27,2026,9,2026-10-31 15:00:00,Bournemouth,Leeds,Vitality Stadium,False
2026-27,2026,9,2026-10-31 15:00:00,Brentford,Nott'm Forest,Gtech Community Stadium,False
2026-27,2026,9,2026-10-31 15:00:00,Coventry,Sunderland,Coventry Building Society Arena,False
2026-27,2026,9,2026-10-31 15:00:00,Hull,Ipswich,MKM Stadium,False
2026-27,2026,9,2026-10-31 15:00:00,Man City,Brighton,Etihad Stadium,False
2026-27,2026,9,2026-10-31 17:30:00,Tottenham,Crystal Palace,Tottenham Hotspur Stadium,False
2026-27,2026,9,2026-11-01 14:00:00,Aston Villa,Fulham,Villa Park,False
2026-27,2026,9,2026-11-01 16:30:00,Liverpool,Arsenal,Anfield,False
2026-27,2026,9,2026-11-02 20:00:00,Newcastle,Everton,St. James' Park,False
2026-27,2026,10,2026-11-07 15:00:00,Arsenal,Hull,Emirates Stadium,False
2026-27,2026,10,2026-11-07 15:00:00,Brighton,Brentford,American Express Stadium,False
2026-27,2026,10,2026-11-07 15:00:00,Crystal Palace,Liverpool,Selhurst Park,False
2026-27,2026,10,2026-11-07 15:00:00,Everton,Coventry,Hill Dickinson Stadium,False
2026-27,2026,10,2026-11-07 15:00:00,Fulham,Newcastle,Craven Cottage,False
2026-27,2026,10,2026-11-07 15:00:00,Ipswich,Bournemouth,Portman Road,False
2026-27,2026,10,2026-11-07 15:00:00,Leeds,Tottenham,Elland Road,False
2026-27,2026,10,2026-11-07 15:00:00,Man United,Aston Villa,Old Trafford,False
2026-27,2026,10,2026-11-07 15:00:00,Nott'm Forest,Man City,The City Ground,False
2026-27,2026,10,2026-11-07 15:00:00,Sunderland,Chelsea,Stadium of Light,False
2026-27,2026,11,2026-11-21 15:00:00,Bournemouth,Nott'm Forest,Vitality Stadium,False
2026-27,2026,11,2026-11-21 15:00:00,Aston Villa,Sunderland,Villa Park,False
2026-27,2026,11,2026-11-21 15:00:00,Brentford,Everton,Gtech Community Stadium,False
2026-27,2026,11,2026-11-21 15:00:00,Chelsea,Leeds,Stamford Bridge,False
2026-27,2026,11,2026-11-21 15:00:00,Coventry,Crystal Palace,Coventry Building Society Arena,False
2026-27,2026,11,2026-11-21 15:00:00,Hull,Brighton,MKM Stadium,False
2026-27,2026,11,2026-11-21 15:00:00,Liverpool,Man United,Anfield,False
2026-27,2026,11,2026-11-21 15:00:00,Man City,Fulham,Etihad Stadium,False
2026-27,2026,11,2026-11-21 15:00:00,Newcastle,Arsenal,St. James' Park,False
2026-27,2026,11,2026-11-21 15:00:00,Tottenham,Ipswich,Tottenham Hotspur Stadium,False
2026-27,2026,12,2026-11-28 15:00:00,Arsenal,Man City,Emirates Stadium,False
2026-27,2026,12,2026-11-28 15:00:00,Brighton,Newcastle,American Express Stadium,False
2026-27,2026,12,2026-11-28 15:00:00,Crystal Palace,Hull,Selhurst Park,False
2026-27,2026,12,2026-11-28 15:00:00,Everton,Liverpool,Hill Dickinson Stadium,False
2026-27,2026,12,2026-11-28 15:00:00,Fulham,Bournemouth,Craven Cottage,False
2026-27,2026,12,2026-11-28 15:00:00,Ipswich,Aston Villa,Portman Road,False
2026-27,2026,12,2026-11-28 15:00:00,Leeds,Coventry,Elland Road,False
2026-27,2026,12,2026-11-28 15:00:00,Man United,Brentford,Old Trafford,False
2026-27,2026,12,2026-11-28 15:00:00,Nott'm Forest,Chelsea,The City Ground,False
2026-27,2026,12,2026-11-28 15:00:00,Sunderland,Tottenham,Stadium of Light,False
2026-27,2026,13,2026-12-02 20:00:00,Bournemouth,Brighton,Vitality Stadium,False
2026-27,2026,13,2026-12-02 20:00:00,Aston Villa,Everton,Villa Park,False
2026-27,2026,13,2026-12-02 20:00:00,Brentford,Arsenal,Gtech Community Stadium,False
2026-27,2026,13,2026-12-02 20:00:00,Chelsea,Crystal Palace,Stamford Bridge,False
2026-27,2026,13,2026-12-02 20:00:00,Coventry,Ipswich,Coventry Building Society Arena,False
2026-27,2026,13,2026-12-02 20:00:00,Hull,Nott'm Forest,MKM Stadium,False
2026-27,2026,13,2026-12-02 20:00:00,Liverpool,Sunderland,Anfield,False
2026-27,2026,13,2026-12-02 20:00:00,Man City,Leeds,Etihad Stadium,False
2026-27,2026,13,2026-12-02 20:00:00,Newcastle,Man United,St. James' Park,False
2026-27,2026,13,2026-12-02 20:00:00,Tottenham,Fulham,Tottenham Hotspur Stadium,False
2026-27,2026,14,2026-12-05 15:00:00,Bournemouth,Hull,Vitality Stadium,False
2026-27,2026,14,2026-12-05 15:00:00,Aston Villa,Crystal Palace,Villa Park,False
2026-27,2026,14,2026-12-05 15:00:00,Brentford,Man City,Gtech Community Stadium,False
2026-27,2026,14,2026-12-05 15:00:00,Chelsea,Liverpool,Stamford Bridge,False
2026-27,2026,14,2026-12-05 15:00:00,Everton,Fulham,Hill Dickinson Stadium,False
2026-27,2026,14,2026-12-05 15:00:00,Leeds,Ipswich,Elland Road,False
2026-27,2026,14,2026-12-05 15:00:00,Man United,Coventry,Old Trafford,False
2026-27,2026,14,2026-12-05 15:00:00,Newcastle,Sunderland,St. James' Park,False
2026-27,2026,14,2026-12-05 15:00:00,Nott'm Forest,Brighton,The City Ground,False
2026-27,2026,14,2026-12-05 15:00:00,Tottenham,Arsenal,Tottenham Hotspur Stadium,False
2026-27,2026,15,2026-12-12 15:00:00,Arsenal,Bournemouth,Emirates Stadium,False
2026-27,2026,15,2026-12-12 15:00:00,Brighton,Everton,American Express Stadium,False
2026-27,2026,15,2026-12-12 15:00:00,Coventry,Aston Villa,Coventry Building Society Arena,False
2026-27,2026,15,2026-12-12 15:00:00,Crystal Palace,Man United,Selhurst Park,False
2026-27,2026,15,2026-12-12 15:00:00,Fulham,Brentford,Craven Cottage,False
2026-27,2026,15,2026-12-12 15:00:00,Hull,Tottenham,MKM Stadium,False
2026-27,2026,15,2026-12-12 15:00:00,Ipswich,Newcastle,Portman Road,False
2026-27,2026,15,2026-12-12 15:00:00,Liverpool,Leeds,Anfield,False
2026-27,2026,15,2026-12-12 15:00:00,Man City,Chelsea,Etihad Stadium,False
2026-27,2026,15,2026-12-12 15:00:00,Sunderland,Nott'm Forest,Stadium of Light,False
2026-27,2026,16,2026-12-19 15:00:00,Bournemouth,Coventry,Vitality Stadium,False
2026-27,2026,16,2026-12-19 15:00:00,Arsenal,Man United,Emirates Stadium,False
2026-27,2026,16,2026-12-19 15:00:00,Brentford,Newcastle,Gtech Community Stadium,False
2026-27,2026,16,2026-12-19 15:00:00,Brighton,Ipswich,American Express Stadium,False
2026-27,2026,16,2026-12-19 15:00:00,Chelsea,Aston Villa,Stamford Bridge,False
2026-27,2026,16,2026-12-19 15:00:00,Leeds,Fulham,Elland Road,False
2026-27,2026,16,2026-12-19 15:00:00,Liverpool,Tottenham,Anfield,False
2026-27,2026,16,2026-12-19 15:00:00,Man City,Hull,Etihad Stadium,False
2026-27,2026,16,2026-12-19 15:00:00,Nott'm Forest,Everton,The City Ground,False
2026-27,2026,16,2026-12-19 15:00:00,Sunderland,Crystal Palace,Stadium of Light,False
2026-27,2026,17,2026-12-26 15:00:00,Aston Villa,Leeds,Villa Park,False
2026-27,2026,17,2026-12-26 15:00:00,Coventry,Chelsea,Coventry Building Society Arena,False
2026-27,2026,17,2026-12-26 15:00:00,Crystal Palace,Arsenal,Selhurst Park,False
2026-27,2026,17,2026-12-26 15:00:00,Everton,Sunderland,Hill Dickinson Stadium,False
2026-27,2026,17,2026-12-26 15:00:00,Fulham,Brighton,Craven Cottage,False
2026-27,2026,17,2026-12-26 15:00:00,Hull,Liverpool,MKM Stadium,False
2026-27,2026,17,2026-12-26 15:00:00,Ipswich,Brentford,Portman Road,False
2026-27,2026,17,2026-12-26 15:00:00,Man United,Nott'm Forest,Old Trafford,False
2026-27,2026,17,2026-12-26 15:00:00,Newcastle,Man City,St. James' Park,False
2026-27,2026,17,2026-12-26 15:00:00,Tottenham,Bournemouth,Tottenham Hotspur Stadium,False
2026-27,2026,18,2026-12-30 20:00:00,Aston Villa,Liverpool,Villa Park,False
2026-27,2026,18,2026-12-30 20:00:00,Coventry,Brentford,Coventry Building Society Arena,False
2026-27,2026,18,2026-12-30 20:00:00,Crystal Palace,Bournemouth,Selhurst Park,False
2026-27,2026,18,2026-12-30 20:00:00,Everton,Man City,Hill Dickinson Stadium,False
2026-27,2026,18,2026-12-30 20:00:00,Fulham,Arsenal,Craven Cottage,False
2026-27,2026,18,2026-12-30 20:00:00,Hull,Leeds,MKM Stadium,False
2026-27,2026,18,2026-12-30 20:00:00,Ipswich,Chelsea,Portman Road,False
2026-27,2026,18,2026-12-30 20:00:00,Man United,Sunderland,Old Trafford,False
2026-27,2026,18,2026-12-30 20:00:00,Newcastle,Nott'm Forest,St. James' Park,False
2026-27,2026,18,2026-12-30 20:00:00,Tottenham,Brighton,Tottenham Hotspur Stadium,False
2026-27,2026,19,2027-01-02 15:00:00,Bournemouth,Aston Villa,Vitality Stadium,False
2026-27,2026,19,2027-01-02 15:00:00,Arsenal,Ipswich,Emirates Stadium,False
2026-27,2026,19,2027-01-02 15:00:00,Brentford,Crystal Palace,Gtech Community Stadium,False
2026-27,2026,19,2027-01-02 15:00:00,Brighton,Man United,American Express Stadium,False
2026-27,2026,19,2027-01-02 15:00:00,Chelsea,Newcastle,Stamford Bridge,False
2026-27,2026,19,2027-01-02 15:00:00,Leeds,Everton,Elland Road,False
2026-27,2026,19,2027-01-02 15:00:00,Liverpool,Coventry,Anfield,False
2026-27,2026,19,2027-01-02 15:00:00,Man City,Tottenham,Etihad Stadium,False
2026-27,2026,19,2027-01-02 15:00:00,Nott'm Forest,Fulham,The City Ground,False
2026-27,2026,19,2027-01-02 15:00:00,Sunderland,Hull,Stadium of Light,False
2026-27,2026,20,2027-01-06 20:00:00,Arsenal,Brentford,Emirates Stadium,False
2026-27,2026,20,2027-01-06 20:00:00,Brighton,Bournemouth,American Express Stadium,False
2026-27,2026,20,2027-01-06 20:00:00,Crystal Palace,Chelsea,Selhurst Park,False
2026-27,2026,20,2027-01-06 20:00:00,Everton,Aston Villa,Hill Dickinson Stadium,False
2026-27,2026,20,2027-01-06 20:00:00,Fulham,Tottenham,Craven Cottage,False
2026-27,2026,20,2027-01-06 20:00:00,Ipswich,Coventry,Portman Road,False
2026-27,2026,20,2027-01-06 20:00:00,Leeds,Man City,Elland Road,False
2026-27,2026,20,2027-01-06 20:00:00,Man United,Newcastle,Old Trafford,False
2026-27,2026,20,2027-01-06 20:00:00,Nott'm Forest,Hull,The City Ground,False
2026-27,2026,20,2027-01-06 20:00:00,Sunderland,Liverpool,Stadium of Light,False
2026-27,2026,21,2027-01-16 15:00:00,Bournemouth,Ipswich,Vitality Stadium,False
2026-27,2026,21,2027-01-16 15:00:00,Aston Villa,Man United,Villa Park,False
2026-27,2026,21,2027-01-16 15:00:00,Brentford,Brighton,Gtech Community Stadium,False
2026-27,2026,21,2027-01-16 15:00:00,Chelsea,Sunderland,Stamford Bridge,False
2026-27,2026,21,2027-01-16 15:00:00,Coventry,Everton,Coventry Building Society Arena,False
2026-27,2026,21,2027-01-16 15:00:00,Hull,Arsenal,MKM Stadium,False
2026-27,2026,21,2027-01-16 15:00:00,Liverpool,Crystal Palace,Anfield,False
2026-27,2026,21,2027-01-16 15:00:00,Man City,Nott'm Forest,Etihad Stadium,False
2026-27,2026,21,2027-01-16 15:00:00,Newcastle,Fulham,St. James' Park,False
2026-27,2026,21,2027-01-16 15:00:00,Tottenham,Leeds,Tottenham Hotspur Stadium,False
2026-27,2026,22,2027-01-23 15:00:00,Arsenal,Newcastle,Emirates Stadium,False
2026-27,2026,22,2027-01-23 15:00:00,Brighton,Man City,American Express Stadium,False
2026-27,2026,22,2027-01-23 15:00:00,Crystal Palace,Tottenham,Selhurst Park,False
2026-27,2026,22,2027-01-23 15:00:00,Everton,Brentford,Hill Dickinson Stadium,False
2026-27,2026,22,2027-01-23 15:00:00,Fulham,Aston Villa,Craven Cottage,False
2026-27,2026,22,2027-01-23 15:00:00,Ipswich,Hull,Portman Road,False
2026-27,2026,22,2027-01-23 15:00:00,Leeds,Chelsea,Elland Road,False
2026-27,2026,22,2027-01-23 15:00:00,Man United,Liverpool,Old Trafford,False
2026-27,2026,22,2027-01-23 15:00:00,Nott'm Forest,Bournemouth,The City Ground,False
2026-27,2026,22,2027-01-23 15:00:00,Sunderland,Coventry,Stadium of Light,False
2026-27,2026,23,2027-01-30 15:00:00,Bournemouth,Fulham,Vitality Stadium,False
2026-27,2026,23,2027-01-30 15:00:00,Aston Villa,Ipswich,Villa Park,False
2026-27,2026,23,2027-01-30 15:00:00,Brentford,Man United,Gtech Community Stadium,False
2026-27,2026,23,2027-01-30 15:00:00,Chelsea,Nott'm Forest,Stamford Bridge,False
2026-27,2026,23,2027-01-30 15:00:00,Coventry,Leeds,Coventry Building Society Arena,False
2026-27,2026,23,2027-01-30 15:00:00,Hull,Crystal Palace,MKM Stadium,False
2026-27,2026,23,2027-01-30 15:00:00,Liverpool,Everton,Anfield,False
2026-27,2026,23,2027-01-30 15:00:00,Man City,Arsenal,Etihad Stadium,False
2026-27,2026,23,2027-01-30 15:00:00,Newcastle,Brighton,St. James' Park,False
2026-27,2026,23,2027-01-30 15:00:00,Tottenham,Sunderland,Tottenham Hotspur Stadium,False
2026-27,2026,24,2027-02-06 15:00:00,Arsenal,Liverpool,Emirates Stadium,False
2026-27,2026,24,2027-02-06 15:00:00,Brighton,Hull,American Express Stadium,False
2026-27,2026,24,2027-02-06 15:00:00,Crystal Palace,Coventry,Selhurst Park,False
2026-27,2026,24,2027-02-06 15:00:00,Everton,Newcastle,Hill Dickinson Stadium,False
2026-27,2026,24,2027-02-06 15:00:00,Fulham,Man City,Craven Cottage,False
2026-27,2026,24,2027-02-06 15:00:00,Ipswich,Tottenham,Portman Road,False
2026-27,2026,24,2027-02-06 15:00:00,Leeds,Bournemouth,Elland Road,False
2026-27,2026,24,2027-02-06 15:00:00,Man United,Chelsea,Old Trafford,False
2026-27,2026,24,2027-02-06 15:00:00,Nott'm Forest,Brentford,The City Ground,False
2026-27,2026,24,2027-02-06 15:00:00,Sunderland,Aston Villa,Stadium of Light,False
2026-27,2026,25,2027-02-10 20:00:00,Aston Villa,Bournemouth,Villa Park,False
2026-27,2026,25,2027-02-10 20:00:00,Coventry,Liverpool,Coventry Building Society Arena,False
2026-27,2026,25,2027-02-10 20:00:00,Crystal Palace,Brentford,Selhurst Park,False
2026-27,2026,25,2027-02-10 20:00:00,Everton,Leeds,Hill Dickinson Stadium,False
2026-27,2026,25,2027-02-10 20:00:00,Fulham,Nott'm Forest,Craven Cottage,False
2026-27,2026,25,2027-02-10 20:00:00,Hull,Sunderland,MKM Stadium,False
2026-27,2026,25,2027-02-10 20:00:00,Ipswich,Arsenal,Portman Road,False
2026-27,2026,25,2027-02-10 20:00:00,Man United,Brighton,Old Trafford,False
2026-27,2026,25,2027-02-10 20:00:00,Newcastle,Chelsea,St. James' Park,False
2026-27,2026,25,2027-02-10 20:00:00,Tottenham,Man City,Tottenham Hotspur Stadium,False
2026-27,2026,26,2027-02-20 15:00:00,Bournemouth,Crystal Palace,Vitality Stadium,False
2026-27,2026,26,2027-02-20 15:00:00,Arsenal,Fulham,Emirates Stadium,False
2026-27,2026,26,2027-02-20 15:00:00,Brentford,Coventry,Gtech Community Stadium,False
2026-27,2026,26,2027-02-20 15:00:00,Brighton,Tottenham,American Express Stadium,False
2026-27,2026,26,2027-02-20 15:00:00,Chelsea,Ipswich,Stamford Bridge,False
2026-27,2026,26,2027-02-20 15:00:00,Leeds,Aston Villa,Elland Road,False
2026-27,2026,26,2027-02-20 15:00:00,Liverpool,Hull,Anfield,False
2026-27,2026,26,2027-02-20 15:00:00,Man City,Newcastle,Etihad Stadium,False
2026-27,2026,26,2027-02-20 15:00:00,Nott'm Forest,Man United,The City Ground,False
2026-27,2026,26,2027-02-20 15:00:00,Sunderland,Everton,Stadium of Light,False
2026-27,2026,27,2027-02-27 15:00:00,Aston Villa,Chelsea,Villa Park,False
2026-27,2026,27,2027-02-27 15:00:00,Coventry,Bournemouth,Coventry Building Society Arena,False
2026-27,2026,27,2027-02-27 15:00:00,Crystal Palace,Sunderland,Selhurst Park,False
2026-27,2026,27,2027-02-27 15:00:00,Everton,Nott'm Forest,Hill Dickinson Stadium,False
2026-27,2026,27,2027-02-27 15:00:00,Fulham,Leeds,Craven Cottage,False
2026-27,2026,27,2027-02-27 15:00:00,Hull,Man City,MKM Stadium,False
2026-27,2026,27,2027-02-27 15:00:00,Ipswich,Brighton,Portman Road,False
2026-27,2026,27,2027-02-27 15:00:00,Man United,Arsenal,Old Trafford,False
2026-27,2026,27,2027-02-27 15:00:00,Newcastle,Brentford,St. James' Park,False
2026-27,2026,27,2027-02-27 15:00:00,Tottenham,Liverpool,Tottenham Hotspur Stadium,False
2026-27,2026,28,2027-03-03 20:00:00,Bournemouth,Tottenham,Vitality Stadium,False
2026-27,2026,28,2027-03-03 20:00:00,Arsenal,Crystal Palace,Emirates Stadium,False
2026-27,2026,28,2027-03-03 20:00:00,Brentford,Ipswich,Gtech Community Stadium,False
2026-27,2026,28,2027-03-03 20:00:00,Brighton,Fulham,American Express Stadium,False
2026-27,2026,28,2027-03-03 20:00:00,Chelsea,Coventry,Stamford Bridge,False
2026-27,2026,28,2027-03-03 20:00:00,Leeds,Hull,Elland Road,False
2026-27,2026,28,2027-03-03 20:00:00,Liverpool,Aston Villa,Anfield,False
2026-27,2026,28,2027-03-03 20:00:00,Man City,Everton,Etihad Stadium,False
2026-27,2026,28,2027-03-03 20:00:00,Nott'm Forest,Newcastle,The City Ground,False
2026-27,2026,28,2027-03-03 20:00:00,Sunderland,Man United,Stadium of Light,False
2026-27,2026,29,2027-03-13 15:00:00,Bournemouth,Newcastle,Vitality Stadium,False
2026-27,2026,29,2027-03-13 15:00:00,Aston Villa,Hull,Villa Park,False
2026-27,2026,29,2027-03-13 15:00:00,Chelsea,Arsenal,Stamford Bridge,False
2026-27,2026,29,2027-03-13 15:00:00,Coventry,Man City,Coventry Building Society Arena,False
2026-27,2026,29,2027-03-13 15:00:00,Crystal Palace,Fulham,Selhurst Park,False
2026-27,2026,29,2027-03-13 15:00:00,Leeds,Brighton,Elland Road,False
2026-27,2026,29,2027-03-13 15:00:00,Liverpool,Ipswich,Anfield,False
2026-27,2026,29,2027-03-13 15:00:00,Man United,Everton,Old Trafford,False
2026-27,2026,29,2027-03-13 15:00:00,Sunderland,Brentford,Stadium of Light,False
2026-27,2026,29,2027-03-13 15:00:00,Tottenham,Nott'm Forest,Tottenham Hotspur Stadium,False
2026-27,2026,30,2027-03-20 15:00:00,Arsenal,Sunderland,Emirates Stadium,False
2026-27,2026,30,2027-03-20 15:00:00,Brentford,Bournemouth,Gtech Community Stadium,False
2026-27,2026,30,2027-03-20 15:00:00,Brighton,Coventry,American Express Stadium,False
2026-27,2026,30,2027-03-20 15:00:00,Everton,Tottenham,Hill Dickinson Stadium,False
2026-27,2026,30,2027-03-20 15:00:00,Fulham,Liverpool,Craven Cottage,False
2026-27,2026,30,2027-03-20 15:00:00,Hull,Chelsea,MKM Stadium,False
2026-27,2026,30,2027-03-20 15:00:00,Ipswich,Crystal Palace,Portman Road,False
2026-27,2026,30,2027-03-20 15:00:00,Man City,Man United,Etihad Stadium,False
2026-27,2026,30,2027-03-20 15:00:00,Newcastle,Leeds,St. James' Park,False
2026-27,2026,30,2027-03-20 15:00:00,Nott'm Forest,Aston Villa,The City Ground,False
2026-27,2026,31,2027-04-10 15:00:00,Bournemouth,Man City,Vitality Stadium,False
2026-27,2026,31,2027-04-10 15:00:00,Aston Villa,Brighton,Villa Park,False
2026-27,2026,31,2027-04-10 15:00:00,Chelsea,Fulham,Stamford Bridge,False
2026-27,2026,31,2027-04-10 15:00:00,Coventry,Arsenal,Coventry Building Society Arena,False
2026-27,2026,31,2027-04-10 15:00:00,Crystal Palace,Everton,Selhurst Park,False
2026-27,2026,31,2027-04-10 15:00:00,Leeds,Nott'm Forest,Elland Road,False
2026-27,2026,31,2027-04-10 15:00:00,Liverpool,Newcastle,Anfield,False
2026-27,2026,31,2027-04-10 15:00:00,Man United,Hull,Old Trafford,False
2026-27,2026,31,2027-04-10 15:00:00,Sunderland,Ipswich,Stadium of Light,False
2026-27,2026,31,2027-04-10 15:00:00,Tottenham,Brentford,Tottenham Hotspur Stadium,False
2026-27,2026,32,2027-04-17 15:00:00,Arsenal,Aston Villa,Emirates Stadium,False
2026-27,2026,32,2027-04-17 15:00:00,Brentford,Leeds,Gtech Community Stadium,False
2026-27,2026,32,2027-04-17 15:00:00,Brighton,Chelsea,American Express Stadium,False
2026-27,2026,32,2027-04-17 15:00:00,Everton,Bournemouth,Hill Dickinson Stadium,False
2026-27,2026,32,2027-04-17 15:00:00,Fulham,Sunderland,Craven Cottage,False
2026-27,2026,32,2027-04-17 15:00:00,Hull,Coventry,MKM Stadium,False
2026-27,2026,32,2027-04-17 15:00:00,Ipswich,Man United,Portman Road,False
2026-27,2026,32,2027-04-17 15:00:00,Man City,Crystal Palace,Etihad Stadium,False
2026-27,2026,32,2027-04-17 15:00:00,Newcastle,Tottenham,St. James' Park,False
2026-27,2026,32,2027-04-17 15:00:00,Nott'm Forest,Liverpool,The City Ground,False
2026-27,2026,33,2027-04-24 15:00:00,Bournemouth,Arsenal,Vitality Stadium,False
2026-27,2026,33,2027-04-24 15:00:00,Aston Villa,Coventry,Villa Park,False
2026-27,2026,33,2027-04-24 15:00:00,Brentford,Fulham,Gtech Community Stadium,False
2026-27,2026,33,2027-04-24 15:00:00,Chelsea,Man City,Stamford Bridge,False
2026-27,2026,33,2027-04-24 15:00:00,Everton,Brighton,Hill Dickinson Stadium,False
2026-27,2026,33,2027-04-24 15:00:00,Leeds,Liverpool,Elland Road,False
2026-27,2026,33,2027-04-24 15:00:00,Man United,Crystal Palace,Old Trafford,False
2026-27,2026,33,2027-04-24 15:00:00,Newcastle,Ipswich,St. James' Park,False
2026-27,2026,33,2027-04-24 15:00:00,Nott'm Forest,Sunderland,The City Ground,False
2026-27,2026,33,2027-04-24 15:00:00,Tottenham,Hull,Tottenham Hotspur Stadium,False
2026-27,2026,34,2027-05-01 15:00:00,Arsenal,Tottenham,Emirates Stadium,False
2026-27,2026,34,2027-05-01 15:00:00,Brighton,Nott'm Forest,American Express Stadium,False
2026-27,2026,34,2027-05-01 15:00:00,Coventry,Man United,Coventry Building Society Arena,False
2026-27,2026,34,2027-05-01 15:00:00,Crystal Palace,Aston Villa,Selhurst Park,False
2026-27,2026,34,2027-05-01 15:00:00,Fulham,Everton,Craven Cottage,False
2026-27,2026,34,2027-05-01 15:00:00,Hull,Bournemouth,MKM Stadium,False
2026-27,2026,34,2027-05-01 15:00:00,Ipswich,Leeds,Portman Road,False
2026-27,2026,34,2027-05-01 15:00:00,Liverpool,Chelsea,Anfield,False
2026-27,2026,34,2027-05-01 15:00:00,Man City,Brentford,Etihad Stadium,False
2026-27,2026,34,2027-05-01 15:00:00,Sunderland,Newcastle,Stadium of Light,False
2026-27,2026,35,2027-05-08 15:00:00,Bournemouth,Man United,Vitality Stadium,False
2026-27,2026,35,2027-05-08 15:00:00,Brentford,Aston Villa,Gtech Community Stadium,False
2026-27,2026,35,2027-05-08 15:00:00,Brighton,Sunderland,American Express Stadium,False
2026-27,2026,35,2027-05-08 15:00:00,Everton,Hull,Hill Dickinson Stadium,False
2026-27,2026,35,2027-05-08 15:00:00,Fulham,Ipswich,Craven Cottage,False
2026-27,2026,35,2027-05-08 15:00:00,Leeds,Arsenal,Elland Road,False
2026-27,2026,35,2027-05-08 15:00:00,Man City,Liverpool,Etihad Stadium,False
2026-27,2026,35,2027-05-08 15:00:00,Newcastle,Coventry,St. James' Park,False
2026-27,2026,35,2027-05-08 15:00:00,Nott'm Forest,Crystal Palace,The City Ground,False
2026-27,2026,35,2027-05-08 15:00:00,Tottenham,Chelsea,Tottenham Hotspur Stadium,False
2026-27,2026,36,2027-05-15 15:00:00,Arsenal,Nott'm Forest,Emirates Stadium,False
2026-27,2026,36,2027-05-15 15:00:00,Aston Villa,Newcastle,Villa Park,False
2026-27,2026,36,2027-05-15 15:00:00,Chelsea,Everton,Stamford Bridge,False
2026-27,2026,36,2027-05-15 15:00:00,Coventry,Tottenham,Coventry Building Society Arena,False
2026-27,2026,36,2027-05-15 15:00:00,Crystal Palace,Brighton,Selhurst Park,False
2026-27,2026,36,2027-05-15 15:00:00,Hull,Fulham,MKM Stadium,False
2026-27,2026,36,2027-05-15 15:00:00,Ipswich,Man City,Portman Road,False
2026-27,2026,36,2027-05-15 15:00:00,Liverpool,Brentford,Anfield,False
2026-27,2026,36,2027-05-15 15:00:00,Man United,Leeds,Old Trafford,False
2026-27,2026,36,2027-05-15 15:00:00,Sunderland,Bournemouth,Stadium of Light,False
2026-27,2026,37,2027-05-23 15:00:00,Bournemouth,Chelsea,Vitality Stadium,False
2026-27,2026,37,2027-05-23 15:00:00,Brentford,Hull,Gtech Community Stadium,False
2026-27,2026,37,2027-05-23 15:00:00,Brighton,Liverpool,American Express Stadium,False
2026-27,2026,37,2027-05-23 15:00:00,Everton,Arsenal,Hill Dickinson Stadium,False
2026-27,2026,37,2027-05-23 15:00:00,Fulham,Coventry,Craven Cottage,False
2026-27,2026,37,2027-05-23 15:00:00,Leeds,Sunderland,Elland Road,False
2026-27,2026,37,2027-05-23 15:00:00,Man City,Aston Villa,Etihad Stadium,False
2026-27,2026,37,2027-05-23 15:00:00,Newcastle,Crystal Palace,St. James' Park,False
2026-27,2026,37,2027-05-23 15:00:00,Nott'm Forest,Ipswich,The City Ground,False
2026-27,2026,37,2027-05-23 15:00:00,Tottenham,Man United,Tottenham Hotspur Stadium,False
2026-27,2026,38,2027-05-30 16:00:00,Arsenal,Brighton,Emirates Stadium,False
2026-27,2026,38,2027-05-30 16:00:00,Aston Villa,Tottenham,Villa Park,False
2026-27,2026,38,2027-05-30 16:00:00,Chelsea,Brentford,Stamford Bridge,False
2026-27,2026,38,2027-05-30 16:00:00,Coventry,Nott'm Forest,Coventry Building Society Arena,False
2026-27,2026,38,2027-05-30 16:00:00,Crystal Palace,Leeds,Selhurst Park,False
2026-27,2026,38,2027-05-30 16:00:00,Hull,Newcastle,MKM Stadium,False
2026-27,2026,38,2027-05-30 16:00:00,Ipswich,Everton,Portman Road,False
2026-27,2026,38,2027-05-30 16:00:00,Liverpool,Bournemouth,Anfield,False
2026-27,2026,38,2027-05-30 16:00:00,Man United,Fulham,Old Trafford,False
2026-27,2026,38,2027-05-30 16:00:00,Sunderland,Man City,Stadium of Light,False
