MatchID,Fuzzy_HomeWinPotential,Fuzzy_DrawPotential,Fuzzy_AwayWinPotential,Fuzzy_HomeGoalPotential,Fuzzy_AwayGoalPotential,Fuzzy_Over25Potential,Fuzzy_Under25Potential,Fuzzy_P_HomeWin,Fuzzy_P_Draw,Fuzzy_P_AwayWin,Fuzzy_P_Over25,Fuzzy_P_Under25
20180810_ManUnited_Leicester,50.0,66.82177419354838,19.18421052631579,50.0,50.0,50.0,50.0,0.36763088111884623,0.49131495449397544,0.14105416438717838,0.5,0.5
20180811_Bournemouth_Cardiff,50.0,66.82177419354838,19.18421052631579,50.0,50.0,50.0,50.0,0.36763088111884623,0.49131495449397544,0.14105416438717838,0.5,0.5
20180811_Fulham_CrystalPalace,50.0,66.82177419354838,19.18421052631579,50.0,50.0,50.0,50.0,0.36763088111884623,0.49131495449397544,0.14105416438717838,0.5,0.5
20180811_Huddersfield_Chelsea,50.0,66.82177419354838,19.18421052631579,50.0,50.0,50.0,50.0,0.36763088111884623,0.49131495449397544,0.14105416438717838,0.5,0.5
20180811_Newcastle_Tottenham,50.0,66.82177419354838,19.18421052631579,50.0,50.0,50.0,50.0,0.36763088111884623,0.49131495449397544,0.14105416438717838,0.5,0.5
20180811_Watford_Brighton,50.0,66.82177419354838,19.18421052631579,50.0,50.0,50.0,50.0,0.36763088111884623,0.49131495449397544,0.14105416438717838,0.5,0.5
20180811_Wolves_Everton,50.0,66.82177419354838,19.18421052631579,50.0,50.0,50.0,50.0,0.36763088111884623,0.49131495449397544,0.14105416438717838,0.5,0.5
20180812_Arsenal_ManCity,50.0,66.82177419354838,19.18421052631579,50.0,50.0,50.0,50.0,0.36763088111884623,0.49131495449397544,0.14105416438717838,0.5,0.5
20180812_Liverpool_WestHam,50.0,66.82177419354838,19.18421052631579,50.0,50.0,50.0,50.0,0.36763088111884623,0.49131495449397544,0.14105416438717838,0.5,0.5
20180812_Southampton_Burnley,50.0,66.82177419354838,19.18421052631579,50.0,50.0,50.0,50.0,0.36763088111884623,0.49131495449397544,0.14105416438717838,0.5,0.5
20180818_Everton_Southampton,50.0,66.82177419354838,19.18421052631579,50.0,50.0,50.0,50.0,0.36763088111884623,0.49131495449397544,0.14105416438717838,0.5,0.5
20180818_Cardiff_Newcastle,50.0,66.82177419354838,19.18421052631579,50.0,50.0,79.83950617283949,49.99999999999999,0.36763088111884623,0.49131495449397544,0.14105416438717838,0.6149091946372539,0.38509080536274604
20180818_Chelsea_Arsenal,70.33637134945464,45.11625592270152,19.18421052631579,80.8157894736842,19.18421052631579,30.398134863701582,50.0,0.5224155030641467,0.33509592664551996,0.14248857029033346,0.3780950256524649,0.6219049743475351
20180818_Tottenham_Fulham,69.8824945477879,46.494506930464944,19.18421052631579,79.83950617283949,21.76763110307414,36.29638916750251,50.0,0.5155050881769392,0.3429779524905546,0.14151695933250621,0.420601481911957,0.579398518088043
20180818_WestHam_Bournemouth,30.388604269219954,46.78039765823161,52.89117530974524,19.18421052631579,79.83950617283949,30.398134863701582,50.0,0.2336503372112037,0.3596827149705941,0.40666694781820223,0.3780950256524649,0.6219049743475351
20180818_Leicester_Wolves,30.73104103237078,46.819609815652484,50.47583172680326,50.0,79.83950617283949,67.71929824561404,50.0,0.2400365956661324,0.36570253961549115,0.3942608647183764,0.5752608047690015,0.4247391952309985
20180819_Brighton_ManUnited,30.548205868033236,46.798621202206,52.08275858364776,21.76763110307414,79.83950617283949,36.29638916750251,50.0,0.23602181613810816,0.3615759176371941,0.4024022662246978,0.420601481911957,0.579398518088043
20180819_Burnley_Watford,30.70271129766865,46.81634981130963,50.88214548071965,19.18421052631579,79.83950617283949,19.18421052631579,50.0,0.23911544223862485,0.364609890006017,0.3962746677553582,0.27729174591099276,0.7227082540890072
20180819_ManCity_Huddersfield,70.33637134945464,45.11625592270152,19.18421052631579,79.83950617283949,19.18421052631579,30.398134863701582,50.0,0.5224155030641467,0.33509592664551996,0.14248857029033346,0.3780950256524649,0.6219049743475351
20180820_CrystalPalace_Liverpool,50.0,66.82177419354838,19.18421052631579,79.83950617283949,80.8157894736842,50.0,50.0,0.36763088111884623,0.49131495449397544,0.14105416438717838,0.5,0.5
20180825_Arsenal_WestHam,50.0,50.0,21.51562390010792,50.0,50.0,80.8157894736842,50.00000000000001,0.4114697221248073,0.4114697221248073,0.17706055575038535,0.6177831422249044,0.38221685777509556
20180825_Huddersfield_Cardiff,32.55985492351931,49.99999999999999,31.94820425150489,20.663383866327322,50.0,20.663383866327322,50.0,0.2843455312935831,0.4366504887099308,0.279003979996486,0.2924199597547703,0.7075800402452297
20180825_Bournemouth_Everton,50.0,50.0,19.383033906963178,67.71929824561404,77.5870133540592,50.0,50.0,0.41881998106167817,0.41881998106167817,0.1623600378766437,0.5,0.5
20180825_Wolves_ManCity,29.453195219243693,44.536032305620864,55.83837874561584,20.663383866327322,80.8157894736842,33.389719561772196,50.0,0.2268638856198385,0.34303977085455406,0.4300963435256074,0.40040570632976236,0.5995942936702376
20180825_Southampton_Leicester,34.901510830705654,65.41318388338077,31.90670751928508,20.663383866327322,49.99999999999999,20.663383866327322,50.00000000000001,0.26396264327241287,0.4947246268643116,0.24131272986327562,0.29241995975477025,0.7075800402452296
20180825_Liverpool_Brighton,68.14889097074678,31.851109029253216,20.173873045078192,80.8157894736842,50.0,50.0,50.0,0.5670857503709111,0.2650418782567289,0.16787237137235986,0.5,0.5
20180826_Fulham_Burnley,31.005773477946796,50.0,31.66474085842399,50.0,50.0,75.5368052078117,50.0,0.2751897748987015,0.44377182703478324,0.28103839806651526,0.6017104313174868,0.3982895686825132
20180826_Newcastle_Chelsea,29.829458828827267,29.829458828827267,54.84814539449747,22.933286680662466,79.77585010409439,22.933286680662466,50.00000000000001,0.2605032216680075,0.2605032216680075,0.47899355666398497,0.3144419746373914,0.6855580253626086
20180826_Watford_CrystalPalace,69.800648388187,30.199351611813007,19.18421052631579,73.35267087880528,20.663383866327322,20.663383866327322,50.00000000000001,0.5856534861450885,0.25338382893550326,0.16096268491940827,0.29241995975477025,0.7075800402452296
20180827_ManUnited_Tottenham,30.428527880299793,30.428527880299793,52.702310040356394,50.0,80.8157894736842,50.0,50.0,0.26795260492766537,0.26795260492766537,0.4640947901446692,0.5,0.5
20180901_CrystalPalace_Southampton,50.0,50.0,19.8094231209074,50.00000000000001,50.0,50.0,50.00000000000001,0.41732944452575976,0.41732944452575976,0.16534111094848056,0.5,0.5000000000000001
20180901_Everton_Huddersfield,70.61220249903597,30.465085506536244,19.886054899917024,79.83950617283949,50.0,55.03125113629055,50.0,0.5837487688663375,0.2518538655990943,0.16439736553456813,0.5239512101486914,0.4760487898513086
20180901_Brighton_Fulham,41.53603221243623,50.0,25.63535181996769,50.0,51.0482899249235,60.85933749399895,49.99999999999998,0.3544895586532406,0.4267253511844874,0.218785090162272,0.5489780010393207,0.45102199896067924
20180901_Chelsea_Bournemouth,49.99999999999999,49.99999999999999,19.742044750518236,72.63136333514066,71.0887467573984,50.0,49.99999999999999,0.41756427413758196,0.41756427413758196,0.16487145172483617,0.5,0.49999999999999994
20180901_Leicester_Liverpool,49.87073409225724,49.99999999999999,31.91896811882289,50.0,78.2015972372113,50.0,50.00000000000001,0.37841146353287985,0.37939231336844376,0.24219622309867642,0.5,0.5000000000000001
20180901_ManCity_Newcastle,71.20315280730465,28.79684719269536,19.18421052631579,65.83859723206817,19.18421052631579,19.18421052631579,50.0,0.5974210215671398,0.2416162935134519,0.16096268491940827,0.27729174591099276,0.7227082540890072
20180901_WestHam_Wolves,36.355585831232645,43.9228131071721,35.37395295941644,50.0,50.0,75.5,50.00000000000001,0.31435232604134844,0.3797831378818642,0.30586453607678743,0.601593625498008,0.39840637450199207
20180902_Burnley_ManUnited,34.53696060653475,49.99999999999999,29.960638715569385,50.0,50.0,72.63136333514066,50.0,0.30163916807876057,0.4366903786282909,0.2616704532929486,0.5922739612430596,0.4077260387569404
20180902_Cardiff_Arsenal,45.34900247026897,66.83063733826305,22.689893842294303,50.0,50.0,50.0,50.0,0.3362434883750421,0.4955206378283016,0.16823587379665628,0.5,0.5
20180902_Watford_Tottenham,47.46934612727037,50.0,21.02270574006238,80.8157894736842,80.8157894736842,50.0,50.0,0.4006120695793037,0.4219692309487686,0.17741869947192773,0.5,0.5
20180915_Chelsea_Cardiff,70.17818003431385,29.821819965686156,19.18421052631579,69.44278140682822,19.18421052631579,19.18421052631579,50.0,0.5888211175323308,0.2502161975482609,0.16096268491940824,0.27729174591099276,0.7227082540890072
20180915_Bournemouth_Leicester,59.574817502433284,53.6444175577031,19.41020680101883,50.0,50.00000000000001,50.00000000000001,50.00000000000001,0.4491824489829334,0.40446839559093845,0.14634915542612814,0.5,0.5
20180915_Tottenham_Liverpool,54.75850270184481,47.42548153365174,32.37478665400135,50.0,74.39128039377304,50.0,50.00000000000001,0.406948594579639,0.3524518039229,0.24059960149746096,0.5,0.5000000000000001
20180915_Huddersfield_CrystalPalace,47.846785559873396,49.99999999999999,21.043021584964432,50.0,50.0,75.5,50.0,0.40244648981206543,0.4205574994253911,0.17699601076254348,0.601593625498008,0.398406374501992
20180915_Watford_ManUnited,70.33867290808325,29.661327091916743,19.33697308278314,72.16405030848566,50.0,50.0,50.0,0.589412242417862,0.24855102593678916,0.16203673164534874,0.5,0.5
20180915_ManCity_Fulham,68.27269311811094,31.72730688188909,20.60009690825899,80.8157894736842,50.0,50.0,50.0,0.5661081115883866,0.263078618469305,0.1708132699423083,0.5,0.5
20180915_Newcastle_Arsenal,31.84648702305008,31.84648702305008,50.77451054944841,50.0,49.99999999999999,50.0,50.0,0.27821426438760527,0.27821426438760527,0.4435714712247895,0.5,0.5
20180916_Everton_WestHam,71.3969056875443,31.557265863135182,19.18421052631579,76.32343472437546,50.0,50.0,50.0,0.5845574869539055,0.25837304642894054,0.15706946661715385,0.5,0.5
20180916_Wolves_Burnley,67.83913161318117,48.37525570643512,20.489296691507505,50.0,23.301728630294985,23.301728630294985,50.000000000000014,0.4962494764051931,0.3538694370701725,0.14988108652463422,0.3178878461082372,0.6821121538917627
20180917_Southampton_Brighton,49.99999999999999,49.99999999999999,19.577144478344824,50.0,50.00000000000001,49.99999999999999,49.99999999999999,0.4181401071093055,0.4181401071093055,0.16371978578138907,0.5,0.5
20180922_Brighton_Tottenham,38.0325234900818,53.9065190534112,29.675384808796586,50.0,70.04335531524933,49.99999999999999,50.0,0.3127303587090876,0.4432575988476775,0.24401204244323482,0.49999999999999994,0.5
20180922_Burnley_Bournemouth,27.072881018124765,29.720229790774976,59.7909870090594,50.0,79.88190152507424,50.0,50.0,0.23221761393563178,0.2549252457842217,0.5128571402801466,0.5,0.5
20180922_Cardiff_ManCity,25.86608180453096,30.207541891619837,61.9273606540223,19.18421052631579,80.8157894736842,30.6468488609619,50.0,0.21920225451486258,0.25599398223643316,0.5248037632487043,0.38001297377158755,0.6199870262284125
20180922_CrystalPalace_Newcastle,55.02301362279081,44.97698637720918,20.234969637234972,50.0,24.3865567894731,24.3865567894731,49.99999999999999,0.4576290391123533,0.3740757494505199,0.16829521143712672,0.3278355369840723,0.6721644630159277
20180922_Fulham_Watford,33.085648054203986,48.844861472664356,51.18255759752018,49.999999999999986,78.7404772489539,49.99999999999999,50.0,0.24855296905815302,0.36694264904151674,0.38450438190033026,0.49999999999999994,0.5
20180922_Leicester_Huddersfield,50.00000000000001,65.06366489740815,20.808594851879338,75.6649859798862,50.0,76.79036596218448,50.0,0.3679927020589808,0.4788590770291456,0.15314822091187347,0.6056482712975794,0.39435172870242063
20180922_Liverpool_Southampton,70.49434249383107,29.505657506168927,19.18421052631579,69.71979894292578,50.0,50.0,50.0,0.5914738385439569,0.24756347653663482,0.16096268491940827,0.5,0.5
20180922_ManUnited_Wolves,45.64408800607018,64.17391948612033,22.746935683915485,50.0,50.0,50.0,50.0,0.3443149215206486,0.4840941952569499,0.17159088322240143,0.5,0.5
20180923_Arsenal_Everton,50.0,67.58071513913173,19.717598212302576,76.50055383565432,50.00000000000001,58.07488059627515,50.0,0.3641705333409157,0.49221810151556195,0.14361136514352232,0.5373578048466215,0.46264219515337845
20180923_WestHam_Chelsea,25.298932144625866,30.36132027162358,62.67286773330198,24.263386321575684,80.8157894736842,47.0369595822237,50.0,0.2137941779330473,0.25657499974016085,0.5296308223267918,0.48473241314168763,0.5152675868583124
20180929_Arsenal_Watford,46.559965164938724,55.32597792859267,21.754170618598682,72.89139360525486,50.0,50.0,50.0,0.3765765314107021,0.44747595474885715,0.1759475138404408,0.5,0.5
20180929_Chelsea_Liverpool,34.798536176038205,50.0,31.58332418950235,80.8157894736842,80.8157894736842,50.0,50.0,0.29900309263608993,0.4296202160968762,0.2713766912670339,0.5,0.5
20180929_Everton_Fulham,39.54767423351053,63.04041240199777,26.70157234351065,50.0,50.0,67.73204162266526,50.0,0.3058842798860526,0.48759052270551606,0.2065251974084313,0.5753067787590781,0.42469322124092185
20180929_Huddersfield_Tottenham,26.19723945684705,36.732351629737444,55.784680471157394,50.0,78.72938624193688,50.0,50.0,0.22067472691440368,0.3094181613359861,0.46990711174961025,0.5,0.5
20180929_ManCity_Brighton,69.50660502254776,30.493394977452233,19.18421052631579,78.3216381671519,50.0,50.0,50.0,0.5831863525848564,0.25585096249573525,0.16096268491940827,0.5,0.5
20180929_Newcastle_Leicester,38.61359475537628,38.61359475537628,42.487710771431985,50.0,50.0,50.0,50.0,0.3225462717202179,0.3225462717202179,0.3549074565595643,0.5,0.5
20180929_WestHam_ManUnited,30.971818323281806,50.0,33.63451537752457,50.0,50.0,50.0,50.0,0.2702452589063486,0.43627606246030887,0.2934786786333426,0.5,0.5
20180929_Wolves_Southampton,59.41825394102908,53.45986879474591,20.037860193975,50.0,22.20705290545156,28.9103348310771,50.00000000000001,0.44703618504956905,0.40220797842649986,0.15075583652393107,0.3663694355494155,0.6336305644505845
20180930_Cardiff_Burnley,35.927203833875836,49.99999999999999,30.577971820992826,50.0,50.0,50.0,50.0,0.3083743158355941,0.42916548315517283,0.26246020100923295,0.5,0.5
20181001_Bournemouth_CrystalPalace,50.0,50.0,20.007121043523227,50.0,50.0,50.0,50.0,0.4166419422882947,0.4166419422882947,0.1667161154234106,0.5,0.5
20181005_Brighton_WestHam,36.625456548925605,49.699466066354894,42.38726860407598,50.00000000000001,49.99999999999999,50.00000000000001,50.00000000000001,0.2845531274229264,0.38612866112779537,0.3293182114492783,0.5,0.5
20181006_Burnley_Huddersfield,57.728354506400464,48.86370229886459,21.18325719406591,50.0,50.0,50.0,50.0,0.4517958336357736,0.38241895691307354,0.16578520945115288,0.5,0.5
20181006_CrystalPalace_Wolves,29.751758372508775,29.751758372508775,55.061587711117404,19.18421052631579,50.0,19.18421052631579,49.99999999999999,0.2596930235759548,0.2596930235759548,0.4806139528480905,0.2772917459109928,0.7227082540890072
20181006_Leicester_Everton,54.58625836785448,61.56301949969259,19.251919826066597,50.0,50.0,50.0,50.0,0.4031445755108642,0.454671159105975,0.1421842653831609,0.5,0.5
20181006_ManUnited_Newcastle,60.70647335928665,56.83010772339779,21.289150263596454,50.00000000000001,50.0,50.0,50.0,0.4372854568859648,0.40936292697528265,0.15335161613875256,0.5,0.5
20181006_Tottenham_Cardiff,69.30482417772184,31.096430276895166,19.18421052631579,78.98046319919447,21.20382850786975,33.854626985318944,50.0,0.5795422059760531,0.2600351997782783,0.16042259424566857,0.40372998130736576,0.5962700186926343
20181006_Watford_Bournemouth,36.281992442782155,59.80154871073444,29.249945047508515,50.0,49.99999999999999,49.99999999999999,49.99999999999999,0.2894836291762337,0.4771394343473174,0.23337693647644883,0.5,0.5
20181007_Liverpool_ManCity,43.3801363687952,50.0,28.97531846508965,80.02375384629596,80.8157894736842,50.0,50.0,0.3545419076549548,0.4086454508128158,0.2368126415322293,0.5,0.5
20181007_Southampton_Chelsea,26.366929605528505,30.73910081375482,61.24920121869477,19.22324152791332,64.59617885472551,25.766359038232014,50.0,0.2227778970191954,0.2597189865487212,0.5175031164320832,0.340076511070437,0.659923488929563
20181007_Fulham_Arsenal,27.38218720796232,40.265607042198816,59.73439295780117,29.83163921673142,80.66902421620672,37.40231448008797,50.0,0.21496088117295833,0.3161007667144368,0.46893835211260476,0.42793276931595425,0.5720672306840459
20181020_Bournemouth_Southampton,69.74253157323125,32.94811011523546,20.643895752007246,79.91906032043842,50.0,50.0,50.0,0.5654744649842443,0.267144230634809,0.16738130438094678,0.5,0.5
20181020_Cardiff_Fulham,32.93798054168625,49.99999999999999,31.493357722580637,50.0,50.0,80.8157894736842,50.0,0.28784056047321166,0.43694324263280365,0.2752161968939847,0.6177831422249044,0.3822168577750955
20181020_Chelsea_ManUnited,61.17739306508458,50.0,20.81599368770795,70.88731955815877,50.0,50.0,50.0,0.4634883199084993,0.37880685714689544,0.15770482294460525,0.5,0.5
20181020_Huddersfield_Liverpool,19.18421052631579,30.12178678546296,69.87821321453706,19.18421052631579,75.5,19.299753740393726,50.0,0.16096268491940824,0.2527330310990489,0.5863042839815429,0.2784967146159454,0.7215032853840546
20181020_ManCity_Burnley,54.541956702104926,48.80055144667593,19.301393432935313,69.4637847569893,50.0,50.0,50.0,0.44471804956208333,0.3979044275117153,0.1573775229262013,0.5,0.5
20181020_Newcastle_Brighton,35.0456293052807,45.08268245496916,36.87921438127169,50.0,50.0,50.0,50.0,0.29951602654082893,0.385297287632945,0.3151866858262261,0.5,0.5
20181020_WestHam_Tottenham,27.084768717730544,60.40176784812874,39.59823215187126,22.844819076575767,50.00000000000001,35.94727185698558,50.00000000000001,0.2131236417315189,0.47528723117313776,0.31158912709534337,0.4182479685545001,0.5817520314454998
20181020_Wolves_Watford,69.90437168927708,30.095628310722923,19.18421052631579,50.0,22.329712357330823,32.45472181659747,50.00000000000001,0.5865237633456677,0.25251355173492407,0.16096268491940827,0.39360658918704394,0.6063934108129562
20181021_Everton_CrystalPalace,51.3102833637273,65.58608247168786,20.826517597344118,50.0,50.0,50.0,50.0,0.37256178555670905,0.4762177558075095,0.1512204586357814,0.5,0.5
20181022_Arsenal_Leicester,70.5399053031947,29.460094696805307,19.18421052631579,69.65427123614548,50.0,50.0,50.0,0.5918561275163168,0.24718118756427504,0.16096268491940827,0.5,0.5
20181027_Leicester_WestHam,41.245785558932035,64.59472222589639,27.05889679465892,49.99999999999999,50.0,50.0,50.0,0.310353426258301,0.48604222441991596,0.2036043493217831,0.5,0.5
20181027_Fulham_Bournemouth,23.32153973012369,31.962206010724703,65.04268984567092,49.999999999999986,76.8729477205811,50.0,50.0,0.19381891947887553,0.26562912675779093,0.5405519537633335,0.5,0.5
20181027_Brighton_Wolves,39.26038662487365,65.77211490601069,27.736631541588107,22.42000847510887,50.00000000000001,26.090168245024124,50.00000000000001,0.29570417247089537,0.49538709324936825,0.20890873427973639,0.3428848804882262,0.6571151195117738
20181027_Liverpool_Cardiff,70.00534466413865,29.99465533586135,19.18421052631579,50.0,24.499999999999996,49.65788108647909,50.0,0.5873709642829031,0.2516663507976885,0.16096268491940827,0.49828353307439865,0.5017164669256015
20181027_Watford_Huddersfield,49.99999999999999,57.93730857007139,19.5521073305234,50.00000000000001,50.0,50.0,50.0,0.39218941938667023,0.4544479881784531,0.15336259243487663,0.5,0.5
20181027_Southampton_Newcastle,49.99999999999999,49.99999999999999,28.3720443481815,50.0,50.0,75.5,50.0,0.389492901307903,0.389492901307903,0.22101419738419412,0.601593625498008,0.398406374501992
20181028_Burnley_Chelsea,23.27033068778315,53.7189962222718,45.12201006328144,23.779370145321,80.2449063811794,44.542589225927514,50.0,0.19056650483537282,0.43991817265911687,0.3695153225055103,0.47113781831682777,0.5288621816831722
20181028_CrystalPalace_Arsenal,22.17240895201279,30.73104998370401,66.30566649334598,21.82541308033099,69.72562134251041,21.82541308033099,50.0,0.18599590318449927,0.2577910866562895,0.5562130101592112,0.3038675608578959,0.6961324391421041
20181028_ManUnited_Everton,36.909649483754706,64.20957928782187,28.618707497435718,50.0,67.3748800513318,50.0,50.0,0.28449388471250503,0.494917532483968,0.22058858280352692,0.5,0.5
20181029_Tottenham_ManCity,42.902689681377446,61.64694161031185,34.25297412204208,50.0,80.8157894736842,50.0,50.0,0.3090913859541515,0.4441338937879424,0.2467747202579061,0.5,0.5
20181103_Arsenal_Liverpool,41.60708054875858,50.00000000000001,35.1521143188714,80.8157894736842,67.98310535468633,50.0,50.0,0.32823717910331746,0.3944487029300966,0.27731411796658595,0.5,0.5
20181103_Bournemouth_ManUnited,65.37352329325621,50.00000000000001,20.55755981344402,58.4846280567427,50.00000000000001,49.99999999999999,50.0,0.4809313793368417,0.3678334554338252,0.15123516522933309,0.49999999999999994,0.5
20181103_WestHam_Burnley,44.73205556451299,49.99999999999999,23.820438468907966,50.0,50.0,50.0,50.000000000000014,0.3773185535169141,0.42175409642503653,0.20092735005804924,0.49999999999999994,0.5000000000000001
20181103_Everton_Brighton,50.20820209867583,54.83939867663176,28.573989734552054,50.00000000000001,50.00000000000001,50.00000000000001,50.00000000000001,0.37574917277287667,0.41040821672142336,0.21384261050570003,0.5,0.5
20181103_Newcastle_Watford,25.811393596828452,40.03251596033353,52.42182399272243,50.0,50.0,50.0,50.0,0.21824913119015343,0.3384963231420523,0.4432545456677943,0.5,0.5
20181103_Wolves_Tottenham,32.39092740739383,65.18093554728065,34.81906445271933,19.18421052631579,50.0,19.18421052631579,50.0,0.24466123201720888,0.492336875522487,0.26300189246030425,0.27729174591099276,0.7227082540890072
20181103_Cardiff_Leicester,28.556705563753546,50.0,36.78204130000418,50.00000000000001,50.0,54.464481264074635,49.99999999999999,0.24758987192296922,0.4335056636176375,0.31890446445939324,0.5213684173321501,0.4786315826678499
20181104_Chelsea_CrystalPalace,69.68942637457334,30.310573625426652,19.18421052631579,53.39669324653988,19.18421052631579,19.18421052631579,50.0,0.5847202919482859,0.25431702313230575,0.16096268491940827,0.27729174591099276,0.7227082540890072
20181104_ManCity_Southampton,70.11583559253386,29.88416440746615,19.18421052631579,69.51375249236816,19.18421052631579,19.18421052631579,50.0,0.5882980244019179,0.25073929067867384,0.16096268491940827,0.27729174591099276,0.7227082540890072
20181105_Huddersfield_Fulham,50.0,50.0,31.011807689671883,50.0,50.0,79.47245026082899,49.99999999999999,0.38164498972821725,0.38164498972821725,0.2367100205435655,0.6138174576964258,0.38618254230357413
20181110_Cardiff_Brighton,32.0711320504903,35.63261901189182,50.5432377359125,49.99999999999999,50.0,49.99999999999999,50.00000000000001,0.2712215539390787,0.30134060388356987,0.4274378421773515,0.49999999999999994,0.5000000000000001
20181110_CrystalPalace_Tottenham,20.02342912266929,30.71178509397506,68.50730376755213,20.665166341690494,50.0,20.665166341690494,50.0,0.16792189112714853,0.25755733452429586,0.5745207743485556,0.2924378079260052,0.7075621920739947
20181110_Huddersfield_WestHam,30.672880794092976,49.99999999999999,35.76712319204181,50.0,50.0,50.0,50.0,0.2634221894886347,0.4294056878077211,0.30717212270364413,0.5,0.5
20181110_Leicester_Burnley,50.318857402698264,62.717056546144036,20.967033177625623,50.0,49.99999999999999,49.99999999999999,49.99999999999999,0.37550560253879234,0.4680274418662866,0.15646695559492116,0.5,0.5
20181110_Newcastle_Bournemouth,25.613065185456087,49.99999999999999,42.17674758264806,50.0,50.0,50.0,50.0,0.217447201787146,0.42448492636995944,0.35806787184289457,0.5,0.5
20181110_Southampton_Watford,28.204115928173337,49.99999999999999,37.32739288948542,50.0,50.0,50.0,50.0,0.24412488174708574,0.43278236830537775,0.3230927499475364,0.5,0.5
20181111_Chelsea_Everton,60.30085422641271,50.00000000000001,20.394200144910027,69.4748054801597,77.60984249600169,50.0,50.0,0.46138589188761214,0.38256994681637363,0.15604416129601414,0.5,0.5
20181111_Arsenal_Wolves,67.65602125947382,32.343978740526204,20.56794768230043,58.6452045091536,31.39184684866646,23.58285246813567,50.0,0.5611443386077128,0.26826349259716514,0.17059216879512196,0.320493860690546,0.679506139309454
20181111_ManCity_ManUnited,63.84711681864337,50.00000000000001,20.429932158624858,70.33266357942823,77.20538946101898,50.0,50.0,0.47548793561476055,0.37236445379779315,0.15214761058744627,0.5,0.5
20181111_Liverpool_Fulham,69.25651867512333,25.900464593398453,19.18421052631579,76.4916057913972,19.588269259850986,24.58327411590679,50.0,0.6057005036993957,0.22651910246688223,0.1677803938337221,0.32960840627220167,0.6703915937277983
20181124_Brighton_Leicester,43.449955639783354,54.93039469403605,25.13458409140607,35.78882978288069,49.99999999999999,35.78882978288069,50.00000000000001,0.3517789637502294,0.4447267445807558,0.20349429166901478,0.41717353964912585,0.5828264603508742
20181124_Everton_Cardiff,66.9771896356501,50.0,19.494594651647695,50.0,50.0,50.0,50.0,0.4907768296972728,0.36637609936088295,0.14284707094184426,0.5,0.5
20181124_Fulham_Southampton,33.784710131959464,46.77006168888907,37.35030556899619,50.0,50.0,79.99362683066269,50.0,0.28654160516135135,0.3966755522686033,0.3167828425700453,0.6153657589296057,0.3846342410703944
20181124_ManUnited_CrystalPalace,69.90233025386105,31.83017847635257,19.18421052631579,51.47106744613915,50.0,62.99999999999999,50.0,0.5781031000813097,0.2632405069544075,0.1586563929642828,0.5575221238938053,0.4424778761061947
20181124_Tottenham_Chelsea,47.109471466161324,64.20465752021872,34.63383126337429,50.0,78.11540200263619,50.0,50.0,0.32278266435204,0.4399147299513341,0.23730260569662598,0.5,0.5
20181124_Watford_Liverpool,28.675934226877555,57.05576093886476,49.752525043444464,23.807059242904096,64.14578120378143,41.14059032590768,49.99999999999999,0.21165515941710475,0.4211247690009288,0.36722007158196635,0.4513970139845916,0.5486029860154084
20181124_WestHam_ManCity,19.953216104735066,31.70027508393704,68.29972491606296,50.0,71.14843694004455,50.0,50.0,0.16634165179292285,0.26427198964184917,0.569386358565228,0.5,0.5
20181125_Bournemouth_Arsenal,30.727883327437514,66.80296287827943,33.19703712172057,50.000000000000014,49.99999999999999,50.0,50.0,0.2350522516338201,0.5110077603792936,0.25393998798688644,0.5,0.5
20181125_Wolves_Huddersfield,32.35237692389989,62.22949998250106,33.80719148505105,50.00000000000001,23.82640573992986,23.82640573992986,50.00000000000001,0.2519870058193668,0.48469469217399697,0.2633183020066364,0.3227355510691356,0.6772644489308645
20181126_Burnley_Newcastle,37.3402626463115,37.3402626463115,42.08564293531836,28.045922068610132,50.0,22.739317664221467,50.0,0.31978665749670654,0.31978665749670654,0.3604266850065869,0.312613843440084,0.6873861565599161
20181130_Cardiff_Wolves,38.08495972789261,64.71323378172325,28.647307151341348,50.0,50.0,50.0,50.0,0.2897395463244247,0.49231988509550245,0.2179405685800728,0.5,0.5
20181201_CrystalPalace_Burnley,50.0,50.0,28.22159500400406,50.0,49.99999999999999,50.0,50.0,0.3899499144308618,0.3899499144308618,0.22010017113827643,0.5,0.5
20181201_Huddersfield_Brighton,40.24489338495711,52.762136357409624,28.08067010660026,50.0,35.449415215660764,23.18137421538405,50.0,0.3323615316432195,0.43573489646941826,0.23190357188736224,0.3167660414131839,0.6832339585868161
20181201_Leicester_Watford,50.0,59.91127787200532,19.41188940428312,49.99999999999999,23.356516510735773,23.356516510735773,50.0,0.38662832849723716,0.4632679444357386,0.1501037270670242,0.318397296132751,0.6816027038672491
20181201_ManCity_Bournemouth,69.37000450722631,30.629995492773684,19.18421052631579,69.37659884014136,50.0,50.0,50.0,0.5820402232887171,0.2569970917918746,0.16096268491940827,0.5,0.5
20181201_Newcastle_WestHam,61.903937387054874,56.007765501066714,19.216935561609116,50.0,45.38466395243318,46.63532800434233,50.0,0.45142968009376044,0.40843230221087856,0.14013801769536094,0.48259088024461155,0.5174091197553884
20181201_Southampton_ManUnited,29.974315074044974,50.0,38.11511583072518,50.0,50.0,50.0,50.0,0.25382724638767123,0.4234079173463125,0.32276483626601626,0.5,0.5
20181202_Arsenal_Tottenham,51.46558674485259,49.99999999999999,36.67838572944468,50.0,58.236083821109894,50.0,50.00000000000001,0.3725503604902353,0.3619412349626972,0.26550840454706753,0.5,0.5000000000000001
20181202_Chelsea_Fulham,57.96433701371762,42.78461938826102,20.377673876971425,78.28245538645281,28.370280351786135,34.83297340613168,50.00000000000001,0.478543297045645,0.3532222376675522,0.16823446528680283,0.4106065366749713,0.5893934633250286
20181202_Liverpool_Everton,64.4731855360656,50.0,20.003381806712078,79.91629368479424,50.0,50.0,50.0,0.4794380672412981,0.37181198916649283,0.14874994359220903,0.5,0.5
20181204_Brighton_CrystalPalace,49.99999999999999,65.665608322683,20.581932498913808,44.45612553041066,50.0,24.270563451891956,50.0,0.3669791006758077,0.4819581177517609,0.1510627815724314,0.32678577250343577,0.6732142274965642
20181204_Bournemouth_Huddersfield,36.962451299930656,50.34202053762658,39.71823426201704,50.0,50.0,50.0,50.0,0.2909908978868349,0.3963230046300778,0.3126860974830874,0.5,0.5
20181204_WestHam_Cardiff,50.0,65.61351953972013,21.053036211421407,50.0,50.0,50.0,50.0,0.36585395545524574,0.48009931309893333,0.15404673144582087,0.5,0.5
20181204_Watford_ManCity,19.18421052631579,29.263720794123937,70.73627920587606,19.18421052631579,71.39987127976644,21.218844746228548,50.0,0.1609626849194083,0.24553353724369834,0.5935037778368935,0.2979386259611044,0.7020613740388957
20181205_Burnley_Liverpool,19.18421052631579,23.22416349786239,69.25651867512333,19.18421052631579,77.88404710324325,27.66209290545904,50.00000000000001,0.17180162952358072,0.20798088760450367,0.6202174828719157,0.3561852619544149,0.6438147380455851
20181205_Everton_Newcastle,32.332893210567164,50.00000000000001,33.056920131107084,50.0,20.2385929158428,20.2385929158428,50.00000000000001,0.2802057848453924,0.4333138129961943,0.2864804021584133,0.28814063715786425,0.7118593628421356
20181205_Fulham_Leicester,21.44885166591964,33.45598683197108,66.5440131680289,20.028342793100034,50.0,20.028342793100034,50.00000000000001,0.1766081059779877,0.2754738836395218,0.5479180103824906,0.2860033808350159,0.7139966191649841
20181205_ManUnited_Arsenal,29.207335741876097,63.17612948801578,39.92418713625326,50.0,58.170926711475765,50.0,50.00000000000001,0.2207531856211037,0.4774941460920463,0.30175266828685,0.5,0.5000000000000001
20181205_Tottenham_Southampton,50.00000000000001,50.00000000000001,20.311883409764004,77.046216080373,50.0,50.0,50.0,0.4155865454263366,0.4155865454263366,0.1688269091473268,0.5,0.5
20181205_Wolves_Chelsea,19.18421052631579,30.634567279087754,69.27246267088438,19.9053250079393,50.0,19.9053250079393,50.0,0.16108834243048742,0.2572361086891807,0.5816755488803319,0.2847469059857545,0.7152530940142456
20181208_ManUnited_Fulham,50.0,52.86965852831968,19.20714134612786,50.0,50.0,76.15621291308314,50.0,0.40957823314031455,0.4330852265352188,0.15733654032446662,0.6036659721669981,0.39633402783300187
20181208_Chelsea_ManCity,26.82497417991321,32.2428784551381,60.58028112213044,50.0,73.74800602853968,50.0,50.00000000000001,0.2241988515621379,0.26948083052070804,0.5063203179171542,0.5,0.5000000000000001
20181208_Arsenal_Huddersfield,67.92575330000963,49.009832679909444,20.786568240071336,50.0,50.0,50.0,50.0,0.49320861763103463,0.35586019516964285,0.1509311871993225,0.5,0.5
20181208_Cardiff_Southampton,47.3757327699559,62.1036155024119,21.462250984351133,50.0,50.0,73.54072625943812,50.00000000000001,0.36180811169926913,0.4742848403787554,0.1639070479219754,0.5952751654138818,0.40472483458611824
20181208_WestHam_CrystalPalace,64.6330939491708,52.166926841274545,21.333322850822487,51.191610985780784,50.0,50.0,50.00000000000001,0.46790363749554115,0.37765629547600044,0.15444006702845844,0.5,0.5000000000000001
20181208_Leicester_Tottenham,33.80550810538205,63.234317292326885,37.256373554069576,49.99999999999999,77.60984249600169,50.0,50.0,0.2517234915749219,0.4708570889264879,0.2774194194985902,0.5,0.5
20181208_Burnley_Brighton,24.693329763498188,30.487531176667762,63.276895983141806,24.5,50.0,24.5,50.00000000000001,0.20845684069035014,0.25737049196707384,0.5341726673425761,0.3288590604026846,0.6711409395973156
20181208_Bournemouth_Liverpool,19.295502850689918,30.781071047367725,69.21892895263227,50.0,69.24489515030204,50.0,50.0,0.1617454337305585,0.25802373360120096,0.5802308326682405,0.5,0.5
20181209_Newcastle_Wolves,41.84450957817779,61.281194516109345,26.55744556760939,50.000000000000014,50.00000000000001,50.000000000000014,50.000000000000014,0.32266728319965027,0.4725455440886394,0.20478717271171037,0.5,0.5
20181210_Everton_Watford,68.80381873827945,31.196181261720554,19.897484810534092,49.99999999999999,19.18421052631579,19.18421052631579,50.000000000000014,0.573855396941858,0.26019045613023306,0.16595414692790883,0.2772917459109927,0.7227082540890072
20181215_CrystalPalace_Leicester,29.9874939914023,62.448959563046124,36.11529163367259,31.915719311769887,50.0,22.761594144705484,49.99999999999999,0.23327177664930943,0.48578850074465424,0.2809397226060364,0.31282429160963815,0.6871757083903619
20181215_ManCity_Everton,65.89173325438139,49.99999999999999,19.702362197434805,62.848524668790134,50.0,50.0,50.0,0.48594839646093757,0.3687476201186626,0.14530398342039977,0.5,0.5
20181215_Fulham_WestHam,22.53346704745728,34.578381119382385,65.42161888061763,50.0,80.53893942938215,50.0,50.0,0.1838964291994615,0.28219540304029883,0.5339081677602396,0.5,0.5
20181215_Tottenham_Burnley,71.92076835427979,28.079231645720206,20.028282898416577,79.65876803504258,22.471550144929765,38.531907437057995,50.0,0.599198510697253,0.23393845990019266,0.16686302940255418,0.4352318678376196,0.5647681321623804
20181215_Wolves_Bournemouth,54.22922762092231,52.85006839825862,21.380716031526326,50.0,49.99999999999999,49.99999999999999,49.99999999999999,0.4221487041392796,0.4114126065736084,0.16643868928711197,0.5,0.5
20181215_Watford_Cardiff,35.11248967932517,35.11248967932517,48.07775260468931,50.000000000000014,49.99999999999999,50.000000000000014,50.000000000000014,0.29680201882578705,0.29680201882578705,0.40639596234842595,0.5,0.5
20181215_Huddersfield_Newcastle,32.11914659817997,50.0,31.385547975475244,50.0,50.000000000000014,50.0,49.999999999999986,0.28297637131949005,0.4405104140212818,0.27651321465922807,0.5000000000000001,0.49999999999999994
20181216_Brighton_Chelsea,32.49318621184923,51.02392471863222,31.66836292529968,50.0,50.0,49.999999999999986,49.999999999999986,0.28209447879280836,0.4429718697213255,0.2749336514858662,0.5,0.5
20181216_Liverpool_ManUnited,69.18557962912219,33.87849196960496,19.84663351492703,70.30966416514251,50.0,50.0,50.0,0.5628930333216057,0.27563499809294795,0.16147196858544638,0.5,0.5
20181216_Southampton_Arsenal,19.18421052631579,29.07200475192606,70.04763547023599,23.728427673553725,80.8157894736842,44.35922023830103,50.0,0.16216049101480853,0.2457401392092904,0.592099369775901,0.4701100764320998,0.5298899235679003
20181221_Wolves_Liverpool,21.08100370198571,46.72218202820942,70.53472350667677,50.0,71.16525679085511,50.0,49.99999999999999,0.15238775703837865,0.33773954143118073,0.5098727015304406,0.5,0.49999999999999994
20181222_Bournemouth_Brighton,31.335513791854105,49.99999999999999,30.953370987160117,50.00000000000001,50.0,50.00000000000001,50.00000000000001,0.2790615816830201,0.4452800479620094,0.2756583703549706,0.5,0.5
20181222_Cardiff_ManUnited,31.46569210209406,50.0,33.9615120643677,50.00000000000001,60.97921995519551,64.17869439099451,49.999999999999986,0.2726020467126297,0.4331734478112559,0.2942245054761144,0.5620899304665408,0.4379100695334592
20181222_Arsenal_Burnley,68.95476636303226,34.56107991045599,21.40929670484453,72.8386241216545,50.0,49.99999999999999,50.0,0.5519686807562181,0.2766543154283227,0.17137700381545923,0.49999999999999994,0.5
20181222_Chelsea_Leicester,68.97896381163386,44.646574657962894,19.19009248442189,50.000000000000014,20.695724794060176,20.695724794060176,50.0,0.5193587781510045,0.3361545198954763,0.14448670195351918,0.29274365393873186,0.7072563460612682
20181222_Huddersfield_Southampton,30.61418411312414,50.0,32.90734777819178,50.0,50.0,50.0,50.0,0.2696773343618528,0.4404450782770388,0.28987758736110836,0.5,0.5
20181222_ManCity_CrystalPalace,62.6187606065267,37.38123939347331,20.142164085315233,61.378286379124724,23.466845759874335,22.610069632978934,50.0,0.5212055324894924,0.3111417184638707,0.16765274904663696,0.31139027613202586,0.6886097238679741
20181222_Newcastle_Fulham,50.0,52.02588180825803,20.239864580172796,50.0,24.07204890364228,24.07204890364228,50.0,0.4089452808896537,0.4255147769922001,0.16553994211814632,0.3249815451298878,0.6750184548701121
20181222_WestHam_Watford,68.62506658922372,42.22101921860421,19.783455485554796,75.30241711950322,49.999999999999986,49.99999999999999,50.0,0.5253410975018102,0.32321187688915964,0.15144702560903017,0.49999999999999994,0.5
20181223_Everton_Tottenham,24.79527805388212,31.383576532828414,63.17758817702908,24.5,65.42133366946814,48.796093733463884,50.0,0.20774142961819994,0.2629399453111275,0.5293186250706726,0.4939071160557012,0.5060928839442987
20181226_Burnley_Everton,33.50564367637048,50.0,30.55198874111082,50.0,50.0,80.65912460973679,50.00000000000001,0.29376064508976396,0.43837487189797775,0.2678644830122583,0.6173248508334642,0.38267514916653567
20181226_Brighton_Arsenal,21.60147244626101,41.27206259247921,58.727937407520784,50.0,50.0,50.0,50.00000000000001,0.17764153683095646,0.33940429965367774,0.4829541635153658,0.5,0.5000000000000001
20181226_CrystalPalace_Cardiff,50.883607119664255,64.2603048052049,21.027501208409078,50.0,50.00000000000001,49.99999999999999,49.99999999999999,0.3736731957820086,0.47190745345581386,0.15441935076217753,0.5,0.5
20181226_Fulham_Wolves,24.336349914845083,39.23623365613331,54.867548644637644,50.0,50.0,50.0,50.00000000000001,0.20547384961156262,0.3312748214828496,0.46325132890558773,0.5,0.5000000000000001
20181226_Leicester_ManCity,31.421694768752722,50.0,39.265816533867735,50.0,50.0,50.0,50.00000000000001,0.2603558100553066,0.41429307357764994,0.3253511163670434,0.5,0.5000000000000001
20181226_ManUnited_Huddersfield,69.25651867512333,29.930280700995656,19.18421052631579,50.0,50.0,50.0,50.00000000000001,0.585080069285603,0.2528514433193158,0.16206848739508128,0.5,0.5000000000000001
20181226_Liverpool_Newcastle,80.8157894736842,19.18421052631579,19.18421052631579,80.8157894736842,19.18421052631579,19.18421052631579,50.0,0.6780746301611834,0.16096268491940827,0.16096268491940827,0.27729174591099276,0.7227082540890072
20181226_Tottenham_Bournemouth,65.41014265614577,34.59484135326312,19.94143640132009,72.59843993541855,40.689138760792204,36.66301453149501,50.00000000000001,0.5453280092241498,0.288419122761655,0.16625286801419517,0.42305261050169174,0.5769473894983084
20181226_Watford_Chelsea,33.89779750785916,61.18551242747819,33.72307428146206,50.0,49.99999999999999,50.0,50.0,0.26316861321721724,0.4750192531178757,0.261812133664907,0.5,0.5
20181227_Southampton_WestHam,32.36363590830697,66.41471904439237,33.58528095560764,50.0,70.61551559913903,49.99999999999999,49.99999999999999,0.24450549190660203,0.5017595549460444,0.25373495314735356,0.5,0.5
20181229_Brighton_Everton,33.212608553395356,66.87329757021129,33.08322463903744,50.0,50.00000000000001,50.0,50.0,0.24940170716134147,0.5021681615494199,0.24843013128923846,0.5,0.5
20181229_Fulham_Huddersfield,53.33212086485999,54.30248578750151,19.37367347910006,50.0,50.0,75.5,50.0,0.41991058228375255,0.4275507528430038,0.1525386648732436,0.601593625498008,0.398406374501992
20181229_Leicester_Cardiff,50.0,55.164605305475995,19.519424297905974,50.0,21.34560984532361,25.61127344498829,50.0,0.40101366758075796,0.44243521388387735,0.15655111853536474,0.33872294802205677,0.6612770519779433
20181229_Liverpool_Arsenal,69.25651867512333,36.48188889510547,22.09816183790065,69.27252854423479,50.0,50.0,50.0,0.5417582699205251,0.28537912949332866,0.1728626005861463,0.5,0.5
20181229_Tottenham_Wolves,67.4191603360054,39.48190047116055,20.73768222208748,69.76789269930299,33.19072954320135,23.593901338642983,50.0,0.5282029479133437,0.3093253626143257,0.1624716894723307,0.3205958769609922,0.6794041230390079
20181229_Watford_Newcastle,49.99999999999999,54.273858619037085,21.33836335117701,50.0,50.0,50.0,50.0,0.39805043821178715,0.4320746641350459,0.16987489765316696,0.5,0.5
20181230_Burnley_WestHam,19.224965800562856,30.67311798118661,69.28907113845852,50.0,78.06606300048628,50.0,50.00000000000001,0.16130065201601096,0.2573525477785025,0.5813468002054866,0.5,0.5000000000000001
20181230_CrystalPalace_Chelsea,32.007941511758716,50.0,33.20337351680344,50.00000000000001,50.0,50.00000000000001,50.00000000000001,0.2778194268837535,0.43398515143763833,0.2881954216786082,0.5,0.5
20181230_ManUnited_Bournemouth,67.65073976643731,38.180479470416685,21.641402805112474,80.8157894736842,50.0,50.0,50.00000000000001,0.5307079958249025,0.2995190563966506,0.1697729477784469,0.5,0.5000000000000001
20181230_Southampton_ManCity,36.405119940921196,42.44502689282903,38.51072251164296,50.00000000000001,79.33985996524076,49.999999999999986,50.00000000000001,0.31019811069889813,0.3616625126379497,0.3281393766631521,0.49999999999999983,0.5000000000000001
20190101_Arsenal_Fulham,53.02851609525918,42.0333093189831,23.620492164532305,50.0,50.0,50.0,50.0,0.4468105879383579,0.35416656985219197,0.19902284220945013,0.5,0.5
20190101_Cardiff_Tottenham,23.965454952010486,41.414617786762626,52.635672413357646,50.0,52.99507263218182,50.0,50.0,0.2030699795278782,0.3509245120926552,0.44600550837946656,0.5,0.5
20190101_Everton_Leicester,35.58637943684379,67.80735738353691,29.024608412934402,50.0,50.0,50.0,50.0,0.2687420642067548,0.5120692096254746,0.2191887261677705,0.5,0.5
20190102_Bournemouth_Watford,39.26138021807906,54.799960900206635,39.366149630020246,50.0,50.0,50.0,50.0,0.2942525561852968,0.41070967154422333,0.29503777227047984,0.5,0.5
20190102_Chelsea_Southampton,69.55611854974522,30.44388145025477,20.55332777971683,50.0,50.0,50.00000000000001,50.0,0.5769738573856945,0.2525345588624802,0.17049158375182524,0.5000000000000001,0.5
20190102_Huddersfield_Burnley,35.43636787281822,35.79502653195303,46.00299185347003,50.0,50.000000000000014,75.7313200705524,50.0,0.3022694023813097,0.30532873224673646,0.3924018653719539,0.602326612239948,0.39767338776005207
20190102_Newcastle_ManUnited,21.461051543934264,36.42765791978066,63.57234208021934,50.0,68.20074391123725,50.0,50.0,0.17669080969689682,0.29991225546573036,0.5233969348373728,0.5,0.5
20190102_WestHam_Brighton,50.0,68.22485237057997,19.81359512275343,50.0,50.00000000000001,50.00000000000001,50.0,0.36221792484600907,0.4942452889719359,0.14353678618205507,0.5000000000000001,0.5
20190102_Wolves_CrystalPalace,50.0,60.899337861867096,19.27737784996632,49.99999999999999,50.0,50.0,50.0,0.38409326680727485,0.46782051251528983,0.1480862206774353,0.5,0.5
20190103_ManCity_Liverpool,29.966310902115058,32.593632744090606,57.07647961245018,50.0,69.4095874008228,50.0,49.99999999999999,0.2504781577875111,0.27243904369844507,0.4770827985140439,0.5,0.49999999999999994
20190112_Chelsea_Newcastle,61.994372674885774,38.00562732511424,21.96186860987021,50.00000000000001,19.18421052631579,19.18421052631579,49.99999999999999,0.5083094690291474,0.3116189326902334,0.18007159828061917,0.2772917459109928,0.7227082540890072
20190112_Burnley_Fulham,50.0,64.51195766892057,20.37114311334222,50.0,50.0,76.91428960772578,50.00000000000001,0.3706913594810761,0.478280505821556,0.15102813469736778,0.6060333304110753,0.39396666958892473
20190112_Cardiff_Huddersfield,54.66245654449035,61.22570858060388,21.145814330268372,50.0,50.0,77.26270256520588,50.0,0.39889709663066514,0.44679216661402965,0.15431073675530532,0.607111911092872,0.392888088907128
20190112_WestHam_Arsenal,32.41739606144397,59.559460658659816,32.70009512016237,50.00000000000001,50.00000000000001,50.0,50.0,0.26001113744725285,0.4777102726650417,0.26227858988770547,0.5,0.5
20190112_CrystalPalace_Watford,42.96006981593936,65.5707800398253,25.504574595512167,50.0,50.0,50.0,50.0,0.3205128046694534,0.4892048524355658,0.19028234289498094,0.5,0.5
20190112_Leicester_Southampton,50.0,61.48097063394107,19.86441816190225,50.0,50.0,50.0,50.0,0.3806757165850526,0.4680862510484019,0.15123803236654546,0.5,0.5
20190112_Brighton_Liverpool,20.224282526712138,37.516753595875734,62.48324640412431,24.500000000000004,53.05435844302015,24.500000000000004,50.0,0.16822127861082123,0.31205637336650377,0.5197223480226749,0.3288590604026846,0.6711409395973155
20190113_Everton_Bournemouth,36.86205364217465,49.999999999999986,29.161017181074932,50.0,50.0,60.39027850266694,49.99999999999999,0.3177131356773912,0.4309487729054368,0.2513380914171721,0.5470615648569812,0.45293843514301885
20190113_Tottenham_ManUnited,50.92982746838234,53.98300057807486,30.75913026964121,63.15037368519176,73.7821128995039,50.0,50.00000000000001,0.3753894916864273,0.3978935754159406,0.22671693289763198,0.5,0.5000000000000001
20190114_ManCity_Wolves,67.8429613380396,50.0,20.246437373189593,50.0,50.0,50.0,50.0,0.49129739119157106,0.36208427632130813,0.1466183324871208,0.5,0.5
20190119_ManUnited_Brighton,69.26167597509723,30.738324024902763,19.18421052631579,70.6542781270243,21.41782780495198,21.41782780495198,50.0,0.5811313064812751,0.2579060085993166,0.16096268491940827,0.2998946966497755,0.7001053033502244
20190119_Arsenal_Chelsea,33.125386454669155,50.0,38.46584075965826,50.0,50.0,49.99999999999999,49.99999999999999,0.2724323720845372,0.41121387739483534,0.3163537505206275,0.5,0.5
20190119_Bournemouth_WestHam,33.22496910255522,66.98884318003896,32.911868673838995,50.000000000000014,50.0,50.000000000000014,50.000000000000014,0.24957595607288163,0.503200003926829,0.24722404000028936,0.5,0.5
20190119_Liverpool_CrystalPalace,67.82141590444468,32.178584095555344,20.726334358450618,65.17323651598466,24.449796136485638,24.449796136485638,50.00000000000001,0.5617781428124451,0.2665415484248313,0.17168030876272364,0.3284064887385704,0.6715935112614295
20190119_Southampton_Everton,37.64142220438267,50.00000000000002,30.601096838740983,49.99999999999999,49.99999999999999,50.00000000000001,50.00000000000001,0.3183408346591013,0.42285973273086946,0.2587994326100292,0.5,0.5
20190119_Watford_Burnley,39.759555091317466,50.000000000000014,32.55228243815984,57.53367572048513,50.0,57.53367572048513,50.0,0.3250671062948863,0.4087911767979935,0.2661417169071203,0.5350293787969622,0.4649706212030379
20190119_Wolves_Leicester,32.084754518652645,51.97426143588523,31.798405194737523,25.687384608976835,50.0,21.72318439132066,49.99999999999999,0.276933097598585,0.44860537132895,0.27446153107246507,0.30287534743018774,0.6971246525698123
20190119_Newcastle_Cardiff,31.572933253815425,49.99999999999999,31.708343306641307,50.0,50.0,50.0,50.0,0.2787127247543451,0.44137920685697474,0.2799080683886801,0.5,0.5
20190120_Fulham_Tottenham,26.024507297198433,33.19284887679306,60.00155181243095,23.11393580681688,71.33918203137281,38.82225621407904,50.0,0.21829177717482787,0.2784193332870765,0.5032888895380956,0.43707802378392413,0.562921976216076
20190120_Huddersfield_ManCity,19.18421052631579,19.18421052631579,69.33252201071359,23.970006601541336,49.99999999999999,23.970006601541336,50.0,0.17812481470132016,0.17812481470132016,0.6437503705973597,0.32405035098431184,0.6759496490156881
20190129_Arsenal_Cardiff,59.088788204300776,40.91121179569924,19.970186243964406,68.27218061623626,50.0,50.0,50.0,0.4925289361820381,0.3410114885752079,0.166459575242754,0.5,0.5
20190129_Fulham_Brighton,30.72678172928594,57.416107358435,34.74363812744811,50.0,50.00000000000001,50.0,50.00000000000001,0.2500419079748642,0.46722865931349705,0.2827294327116388,0.5,0.5000000000000001
20190129_Huddersfield_Everton,20.17502549915636,49.99999999999999,49.64092421784252,50.0,49.99999999999999,75.8004744612218,50.0,0.16838347103878135,0.41730671182007295,0.4143098171411458,0.6025452192120898,0.3974547807879102
20190129_ManUnited_Burnley,56.56235286750388,47.03042559694026,20.37401578360655,69.38220609700491,29.38112610171101,23.332331435311275,50.0,0.4562701908248571,0.37937921910632766,0.1643505900688153,0.3181725028869899,0.6818274971130102
20190129_Newcastle_ManCity,19.18421052631579,20.270369086088078,79.72963091391192,28.070781834744572,69.26161365295698,21.9787134844481,50.0,0.1609626849194083,0.1700759605368397,0.668961354543752,0.30535018508210593,0.6946498149178941
20190129_Wolves_WestHam,49.99999999999999,68.09157787402117,19.25224949080215,50.00000000000001,50.0,50.00000000000001,50.00000000000001,0.36404985181595473,0.495774576699039,0.14017557148500626,0.5,0.5
20190130_Bournemouth_Chelsea,20.79676607937705,51.9662830456324,48.033716954367584,50.0,50.0,50.00000000000001,50.00000000000001,0.17216326855729933,0.4301959790172257,0.3976407524254751,0.5,0.5
20190130_Liverpool_Leicester,74.02899558270961,25.971004417290423,19.91712060468743,66.15106960899243,50.0,50.0,50.0,0.6173346658876988,0.216574616587944,0.1660907175243573,0.5,0.5
20190130_Southampton_CrystalPalace,55.358714145136275,62.946810222390546,19.32507174280807,49.99999999999999,49.99999999999999,49.99999999999999,49.99999999999999,0.40222679919773524,0.45736058697244697,0.14041261382981776,0.5,0.5
20190130_Tottenham_Watford,49.99999999999999,53.716888238581,19.287417280686864,50.0,49.99999999999999,50.0,50.0,0.40648983618031,0.4367073820043363,0.15680278181535368,0.5,0.5
20190202_Brighton_Watford,30.154590290266675,64.78326910799379,34.738315298368434,49.99999999999999,50.00000000000001,49.99999999999999,49.99999999999999,0.23253762968264505,0.49957726821870785,0.26788510209864713,0.5,0.5
20190202_Burnley_Southampton,45.770146415317235,62.42521388984068,26.155243591753237,50.0,50.0,50.0,50.0,0.34067689379675004,0.46464408852036343,0.19467901768288642,0.5,0.5
20190202_Cardiff_Bournemouth,24.14575805826409,48.736055650031545,51.26394434996848,50.0,71.14868347260249,67.13873531733876,50.0,0.194495232345611,0.3925712518277002,0.4129335158266888,0.5731557126295946,0.4268442873704054
20190202_Chelsea_Huddersfield,65.68314942177462,32.50496225149137,20.90904262288408,50.0,50.0,50.0,50.0,0.5515089744163425,0.27292811859016963,0.17556290699348798,0.5,0.5
20190202_CrystalPalace_Fulham,35.58728539386475,59.3764458703925,31.88232264113862,49.99999999999999,50.0,50.95800034477239,50.0,0.28055492700156365,0.46809848664804776,0.25134658635038853,0.5047445489287664,0.49525545107123353
20190202_Everton_Wolves,32.6596844527267,60.772988398210984,30.6200276260895,50.00000000000001,49.99999999999999,50.00000000000001,50.00000000000001,0.26327266014474887,0.48989653723390963,0.24683080262134158,0.5,0.5
20190202_Tottenham_Newcastle,56.276111189819424,43.723888810180576,21.110355765727476,49.99999999999999,50.00000000000001,50.0,50.0,0.4646680363046607,0.36102518677064127,0.17430677692469804,0.5,0.5
20190203_Leicester_ManUnited,25.928091937802304,30.18767969857158,61.845758138745985,48.83700981469728,69.46135523244669,24.5,50.0,0.21980125204574102,0.2559112259405327,0.5242875220137263,0.3288590604026846,0.6711409395973155
20190203_ManCity_Arsenal,66.40163139580136,50.0,20.487320941986923,52.93609895673473,50.0,50.0,50.0,0.48507662789286426,0.36525957095952927,0.14966380114760644,0.5,0.5
20190204_WestHam_Liverpool,21.161352532381198,26.42358500528499,73.57641499471501,27.483617982300178,56.63564379707174,31.37042698505969,50.0,0.1746543108845346,0.21808591975088018,0.6072597693645851,0.3855261444163193,0.6144738555836806
20190206_Everton_ManCity,21.973874463798357,36.16184921787632,71.55769854271595,49.999999999999986,64.3724445973481,50.00000000000001,50.00000000000001,0.16942936724871052,0.27882562274677636,0.551745010004513,0.5,0.5
20190209_Brighton_Burnley,33.062646913312776,41.427676405815006,48.50075923680639,50.0,50.0,50.0,50.0,0.2688214968615832,0.33683479765270324,0.39434370548571357,0.5,0.5
20190209_CrystalPalace_WestHam,47.53923853126968,66.45973264508531,21.315586459659773,50.0,50.0,50.0,50.0,0.35132390307291544,0.49114990882102,0.15752618810606453,0.5,0.5
20190209_Watford_Everton,50.0,60.50197485033782,20.590682863178483,50.00000000000001,40.57169779909126,40.57169779909126,50.0,0.3814096141773831,0.4615206976927417,0.15706968812987518,0.4479511678039708,0.5520488321960293
20190209_Fulham_ManUnited,19.18421052631579,21.860405656275816,74.01720052188097,24.377929094099578,80.8157894736842,47.765298682243134,50.0,0.16672959871291584,0.18998835827894658,0.6432820430081375,0.4885710914410435,0.5114289085589566
20190209_Liverpool_Bournemouth,67.5794861761,35.62732587244108,21.554237723269342,74.58867163193771,49.99999999999999,49.99999999999999,50.0,0.5416713493490457,0.28556449258485656,0.17276415806609774,0.49999999999999994,0.5
20190209_Southampton_Cardiff,55.77401554012877,61.494919422540924,21.378339994333324,50.0,24.5,24.5,50.0,0.4022727136716195,0.4435350023403748,0.15419228398800572,0.3288590604026846,0.6711409395973155
20190209_Huddersfield_Arsenal,19.612552948562644,19.612552948562644,68.4646923276484,50.0,75.78431618770844,60.15215312439956,50.0,0.18212080690899504,0.18212080690899504,0.63575838618201,0.5460824089064074,0.4539175910935926
20190210_ManCity_Chelsea,65.84424110971449,49.999999999999986,20.281136990423082,67.12983441973978,50.0,50.0,50.0,0.4837029070455742,0.36730843798441914,0.14898865497000655,0.5,0.5
20190210_Tottenham_Leicester,69.62811352933437,30.37188647066563,19.18421052631579,67.69720285787075,21.44370998887639,21.44370998887639,50.0,0.5842058542977934,0.2548314607827984,0.16096268491940827,0.3001483264547029,0.6998516735452971
20190211_Wolves_Newcastle,49.99999999999999,61.57188569202959,20.239864580172792,49.99999999999999,50.000000000000014,50.0,50.0,0.37932885267622785,0.4671198551333888,0.15355129219038338,0.5,0.5
20190222_Cardiff_Watford,32.94833313815269,59.7250435280991,31.6143286371382,22.247711097577994,49.99999999999999,31.926152492253184,50.000000000000014,0.26509728422231976,0.4805386291613357,0.2543640866163446,0.3896942736969379,0.6103057263030622
20190222_WestHam_Fulham,50.0,52.86953074065767,19.20716027545011,50.0,50.0,50.0,49.99999999999999,0.40957859836979527,0.4330845659445475,0.15733683568565734,0.5,0.49999999999999994
20190223_Bournemouth_Wolves,37.87894115735435,39.27502637295095,41.58629337208233,49.99999999999999,78.61346296065469,49.99999999999999,50.0,0.31900671995738117,0.3307641913069201,0.3502290887356987,0.49999999999999994,0.5
20190223_Burnley_Tottenham,41.06214316818878,41.799089662745395,56.16575627845818,50.0,69.67106166298846,50.0,50.0,0.2953537541971749,0.30065449831367697,0.4039917474891481,0.5,0.5
20190223_Leicester_CrystalPalace,38.93069383687199,40.13409379140796,37.8999491056873,40.55054624425623,50.0,40.55054624425623,50.000000000000014,0.3328412898104381,0.34312986043555793,0.3240288497540039,0.44782221561505386,0.552177784384946
20190223_Newcastle_Huddersfield,65.2529420192603,37.190104894637706,19.185005017079167,50.0,23.98972378543693,23.98972378543693,49.99999999999999,0.536495824633373,0.30576914045900166,0.15773503490762547,0.3242304817220945,0.6757695182779054
20190224_Arsenal_Southampton,67.29874004004482,50.00000000000001,20.097543026175963,50.0,49.99999999999999,50.0,50.0,0.48981485188801566,0.36391086341034085,0.14627428470164336,0.5,0.5
20190224_ManUnited_Liverpool,43.39187561846133,50.0,49.61357269316344,79.86616460293205,78.35878064154174,50.0,50.0,0.30342812900320837,0.3496370284511429,0.34693484254564866,0.5,0.5
20190226_Cardiff_Everton,36.278993465359285,50.0,29.943481276186777,50.00000000000001,50.0,50.0,49.99999999999999,0.31215127320284664,0.4302093903196375,0.25763933647751586,0.5,0.49999999999999994
20190226_Huddersfield_Wolves,19.18421052631579,26.25049219570615,69.25651867512333,50.0,76.66609156776545,50.0,50.0,0.16726834270851437,0.22887969868947217,0.6038519586020135,0.5,0.5
20190226_Leicester_Brighton,44.90323521620925,50.0,28.154324585820916,49.99999999999999,50.0,77.15210230479866,50.00000000000001,0.36489619401236045,0.4063139239916499,0.2287898819959896,0.6067701666454238,0.39322983335457623
20190226_Newcastle_Burnley,59.86342865180929,50.0,25.574767770897996,50.0,66.72866027195171,50.00000000000001,50.00000000000001,0.44199812337262273,0.36917207494367593,0.18882980168370125,0.5,0.5
20190227_Arsenal_Bournemouth,59.782844965150375,40.217155034849654,19.287644006964975,68.68359789076835,50.0,49.99999999999999,50.00000000000001,0.5011654431003747,0.3371443486007775,0.1616902082988478,0.49999999999999994,0.5000000000000001
20190227_Chelsea_Tottenham,35.837888109987254,41.90550917151935,42.76988951647077,50.0,79.91789434788609,50.0,50.0,0.2973770698832914,0.34772522005617285,0.3548977100605358,0.5,0.5
20190227_CrystalPalace_ManUnited,28.645865205603936,52.647777762754764,46.978336620336414,50.0,65.158455939447,50.0,49.99999999999999,0.22332129976832882,0.410438647096351,0.36624005313532026,0.5,0.49999999999999994
20190227_Liverpool_Watford,68.57691813081934,48.80248351192113,19.531727276828455,50.0,50.0,50.0,50.00000000000001,0.5008863682009821,0.35645373679294606,0.14265989500607174,0.5,0.5000000000000001
20190227_ManCity_WestHam,71.51006079209003,36.58443821098763,22.205201821557974,68.1955587533568,24.392814144484664,24.392814144484664,50.0,0.5488121641072079,0.2807714674665672,0.1704163684262248,0.32789207432198075,0.6721079256780194
20190227_Southampton_Fulham,49.99999999999999,49.99999999999999,20.58659685316357,50.0,49.99999999999999,49.99999999999999,50.0,0.4146397800817302,0.4146397800817302,0.17072043983653964,0.49999999999999994,0.5
20190302_Brighton_Huddersfield,32.11129634120228,50.11109693966077,33.49706836172892,50.0,50.0,77.7490802069904,49.99999999999999,0.27749261779648066,0.43303949247908324,0.28946788972443604,0.6086077495118903,0.39139225048810966
20190302_Bournemouth_ManCity,19.18421052631579,21.483078373499474,77.00847673349892,23.688290224978466,80.8157894736842,44.18264476484787,50.0,0.1630260098421209,0.18256161970037424,0.6544123704575049,0.4691166283890375,0.5308833716109624
20190302_WestHam_Newcastle,35.98335534000236,58.02223083743944,33.89716247723792,21.804721310990953,50.00000000000001,29.047600905006348,50.00000000000001,0.2813337142359043,0.45364334580558296,0.26502293995851267,0.367469734342901,0.6325302656570989
20190302_Burnley_CrystalPalace,56.327912757387516,51.019154897235076,24.42459561535327,50.0,50.0,50.0,50.0,0.4274660527125775,0.3871784997712765,0.18535544751614594,0.5,0.5
20190302_Wolves_Cardiff,50.0,50.0,19.61886081605121,50.0,50.0,50.0,50.00000000000001,0.4179942833337089,0.4179942833337089,0.1640114333325822,0.5,0.5000000000000001
20190302_ManUnited_Southampton,67.01036809729932,34.716605648063776,21.868441648636164,68.18020020063582,23.53891088023587,23.53891088023587,50.0,0.5421751922082441,0.2808891052907883,0.1769357025009676,0.3200878364730056,0.6799121635269944
20190302_Tottenham_Arsenal,36.687030367166756,53.33303268696984,36.94858270098474,49.999999999999986,69.23204311520375,50.0,50.0,0.2889455908502275,0.42004884252944497,0.29100556662032767,0.5,0.5
20190303_Everton_Liverpool,21.361965825680223,33.63505732108339,70.33001940527814,50.0,55.171123580780645,50.0,50.00000000000001,0.17044977197806066,0.2683782896027129,0.5611719384192264,0.5,0.5000000000000001
20190303_Fulham_Chelsea,20.57871439415102,31.61205895198365,66.60870276273656,50.0,50.0,77.4694319781831,50.0,0.17322226551985886,0.26609594576842627,0.5606817887117148,0.607749095417969,0.3922509045820311
20190303_Watford_Leicester,50.00000000000001,64.54136301342179,20.375204020192225,50.0,49.99999999999999,55.7707034181399,49.99999999999999,0.37059940894836635,0.4783798197099213,0.1510207713417123,0.5272793090697656,0.47272069093023433
20190309_Huddersfield_Bournemouth,29.695540654962826,50.0,35.0761105855673,50.0,50.00000000000001,75.5,49.99999999999999,0.2587358492623676,0.4356476486969209,0.30561650204071145,0.601593625498008,0.39840637450199196
20190309_CrystalPalace_Brighton,57.10457608901058,42.89542391098945,21.348406947523355,50.0,50.0,50.0,50.0,0.47058364856577983,0.35348979842429573,0.17592655300992444,0.5,0.5
20190309_Newcastle_Everton,43.98650890299511,49.99999999999999,25.94791042213342,24.452576536568813,20.85573130368406,20.85573130368406,51.85195625009193,0.36675467435042736,0.4168945018565163,0.2163508237930564,0.28684355128553307,0.7131564487144668
20190309_Cardiff_WestHam,20.495669358471137,47.90277949247126,50.66173148085864,22.973086550186792,50.0,22.973086550186792,50.0,0.17214545871972556,0.4023408948228882,0.42551364645738626,0.3148158812548952,0.6851841187451049
20190309_ManCity_Watford,70.33164181929537,47.51494274770742,20.9224221010998,69.91728721613597,50.0,50.0,50.0,0.5068252883549809,0.34240313372963843,0.1507715779153806,0.5,0.5
20190309_Southampton_Tottenham,31.232257160595147,49.081296130159515,37.501885757052285,50.0,50.00000000000001,50.00000000000001,50.00000000000001,0.2650947737666349,0.4165947733746796,0.3183104528586854,0.5,0.5
20190309_Leicester_Fulham,50.0,50.0,26.008942402462136,50.0,50.0,80.25356461102547,50.0,0.39679723555098284,0.39679723555098284,0.2064055288980343,0.6161333461443889,0.3838666538556112
20190310_Arsenal_ManUnited,48.32209364599322,49.99999999999999,46.875341273807685,75.49999999999999,71.38035964547801,50.0,50.0,0.33280266743474973,0.34435870046614286,0.3228386320991073,0.5,0.5
20190310_Chelsea_Wolves,68.59489900040239,49.99999999999999,20.653013625821544,50.0,50.0,50.0,50.0,0.49260989056638993,0.3590718098174473,0.14831829961616283,0.5,0.5
20190310_Liverpool_Burnley,69.55451124772665,30.445488752273327,19.215812346412573,49.99999999999999,50.0,50.0,50.0,0.5834336056497097,0.255381296767966,0.16118509758232433,0.5,0.5
20190316_Bournemouth_Newcastle,37.62391477352157,62.93266264165397,35.25450942305344,44.53548625853259,50.0,44.84672480455271,50.0,0.27703124722311656,0.4633838378498218,0.25958491492706154,0.47283366818376454,0.5271663318162354
20190316_Burnley_Leicester,32.85051725884857,65.388276513413,32.829702211570066,49.99999999999999,50.0,65.22340733912625,50.00000000000001,0.2506362571132345,0.49888629622696806,0.25047744665979743,0.5660603938500127,0.43393960614998733
20190316_WestHam_Huddersfield,50.45410418545557,49.54589581454443,20.25559614765216,50.00000000000001,50.0,50.0,50.0,0.4195572247923252,0.4120049078939413,0.16843786731373353,0.5,0.5
20190317_Everton_Chelsea,23.07683580943227,37.465838406085595,58.142059517023284,49.999999999999986,50.0,49.999999999999986,49.999999999999986,0.19443811418439433,0.3156752956156581,0.4898865901999476,0.5,0.5
20190317_Fulham_Liverpool,19.18421052631579,19.18421052631579,69.25651867512333,20.36601869581445,80.8157894736842,33.06527571185383,50.0,0.17825060413361107,0.17825060413361107,0.6434987917327779,0.3980637568284776,0.6019362431715224
20190330_Brighton_Southampton,46.0678228247129,67.34381523387613,22.63500252779994,49.99999999999999,50.0,49.99999999999999,49.99999999999999,0.3386178638895537,0.49500535216165903,0.1663767839487872,0.5,0.5
20190330_Fulham_ManCity,19.18421052631579,19.18421052631579,69.25651867512333,20.569020912530057,80.8157894736842,33.515618498342725,50.0,0.17825060413361107,0.17825060413361107,0.6434987917327779,0.4013095885652551,0.598690411434745
20190330_CrystalPalace_Huddersfield,52.639724671396635,47.252781786957826,20.9224221010998,78.86692662239612,50.0,50.0,50.0,0.435705465367983,0.39111707758618797,0.1731774570458291,0.5,0.5
20190330_WestHam_Everton,62.94072063735647,50.00000000000001,21.656225774987803,50.00000000000001,50.0,50.00000000000001,50.00000000000001,0.46762368920714237,0.37147945278656314,0.16089685800629464,0.5,0.5
20190330_Leicester_Bournemouth,49.99999999999999,66.77244622272333,19.389277071893538,54.728205194362744,49.99999999999999,55.09521539602319,49.99999999999999,0.3672103935686362,0.4903907251397367,0.14239888129162723,0.5242409484429108,0.47575905155708925
20190330_ManUnited_Watford,68.3955647776247,50.0,20.131998651946176,61.51435319967887,50.0,50.0,50.0,0.4937325329655267,0.3609389984356479,0.14532846859882534,0.5,0.5
20190330_Burnley_Wolves,24.767569736816238,45.02016723855418,54.97983276144579,50.00000000000001,50.0,50.0,50.0,0.1985096751428337,0.36083228465152756,0.4406580402056387,0.5,0.5
20190331_Cardiff_Chelsea,36.76860053077084,43.114790058556544,36.78386613847675,50.0,50.0,73.13665167273145,50.0,0.3151578391575239,0.3695534742806842,0.315288686561792,0.5939470553991645,0.4060529446008355
20190331_Liverpool_Tottenham,69.27095578857555,30.72904421142445,19.18421052631579,68.30056042706686,50.0,50.0,50.0,0.581209167579128,0.2578281475014637,0.16096268491940827,0.5,0.5
20190401_Arsenal_Newcastle,62.66861615226074,50.00000000000001,19.288959041235515,69.9392289643604,50.0,50.0,50.0,0.4749148812439641,0.37890966037139134,0.14617545838464452,0.5,0.5
20190402_Watford_Fulham,59.993360808751135,37.785071822870584,21.781607947480378,50.0,50.0,77.87564352556657,50.0,0.5017843797824654,0.3160342840287982,0.1821813361887365,0.6089951250958644,0.39100487490413566
20190402_Wolves_ManUnited,21.109954754669634,47.30870124554594,51.178850364266964,50.00000000000001,50.00000000000001,50.00000000000001,50.00000000000001,0.17650831857928068,0.39556595019104374,0.42792573122967553,0.5,0.5
20190403_Chelsea_Brighton,69.10397958241686,50.00000000000001,19.797052695982558,50.0,50.00000000000001,50.00000000000001,50.00000000000001,0.49750515492146746,0.3599685270861413,0.14252631799239127,0.5,0.5
20190403_ManCity_Cardiff,74.01720052188097,19.18421052631579,19.18421052631579,77.32637318412036,21.327498560171037,32.475235832405204,50.0,0.6586002682986184,0.17069986585069077,0.17069986585069077,0.3937574170554286,0.6062425829445715
20190403_Tottenham_CrystalPalace,30.610411750944227,33.8743833595956,51.7104876369078,49.99999999999999,49.99999999999999,50.0,50.0,0.26343936713400373,0.2915297640199571,0.44503086884603915,0.5,0.5
20190405_Southampton_Liverpool,42.37095281834006,32.7927665629656,69.0558162387342,50.0,71.66976754912433,50.0,50.00000000000001,0.2937948221520445,0.22738089137494713,0.47882428647300834,0.5,0.5000000000000001
20190406_Bournemouth_Burnley,50.0,67.66572073489098,19.953648723295423,50.0,50.0,61.366223262052834,50.0,0.36332094963704764,0.4916874783055172,0.14499157205743513,0.5510308373989988,0.44896916260100117
20190406_Huddersfield_Leicester,19.18421052631579,27.848172486778207,69.40282816420554,50.0,76.9527642470335,49.99999999999999,50.0,0.16476296416127414,0.2391731178670078,0.596063917971718,0.49999999999999994,0.5
20190406_Newcastle_CrystalPalace,45.312751319210584,49.99999999999999,23.32375390580226,50.0,50.00000000000001,50.00000000000001,50.00000000000001,0.38194610700363946,0.4214554357039354,0.19659845729242514,0.5,0.5
20190407_Everton_Arsenal,25.73101687871606,54.49152219005861,55.92940516964103,50.0,80.36117081450722,50.0,49.99999999999999,0.18898750967271147,0.4002258101774771,0.41078668014981146,0.5,0.49999999999999994
20190408_Chelsea_WestHam,66.36401607210159,45.168574508212465,19.417867755782108,55.097932757815194,49.99999999999999,50.0,50.0,0.5067871996428783,0.3449287240544301,0.1482840763026915,0.5,0.5
20190412_Leicester_Newcastle,70.88714316977504,36.789981944073716,19.18421052631579,69.33630119132083,50.00000000000001,50.0,50.0,0.5587765792632253,0.2900015340247288,0.15122188671204587,0.5,0.5
20190413_Fulham_Everton,19.18421052631579,24.658035789632187,69.25651867512333,19.18421052631579,50.0,19.18421052631579,50.0,0.16962351912357582,0.218022148973765,0.6123543319026592,0.27729174591099276,0.7227082540890072
20190413_Burnley_Cardiff,50.87397933593288,61.925746467683865,20.953004326324642,77.63345972115391,50.0,54.53440651489542,50.0,0.3803584366951506,0.4629867846998167,0.1566547786050326,0.5216885840082198,0.4783114159917802
20190413_Brighton_Bournemouth,46.09641822196023,50.0,22.60888076733477,50.0,50.00000000000001,76.26854812700056,49.99999999999999,0.3883265415650675,0.4212111879226981,0.19046227051223444,0.6040185719906265,0.39598142800937364
20190413_ManUnited_WestHam,56.97991880557644,50.0,19.616768355744558,50.04815729732804,50.000000000000014,50.000000000000014,50.000000000000014,0.4500901254467066,0.39495504283050836,0.15495483172278507,0.5,0.5
20190413_Tottenham_Huddersfield,69.25651867512333,27.475555910940336,19.18421052631579,50.0,50.0,50.0,50.0,0.5974701363831662,0.23702929993230124,0.16550056368453256,0.5,0.5
20190413_Southampton_Wolves,37.01844535546794,64.60936637687698,29.148680128518706,49.99999999999999,50.0,50.0,50.0,0.28306651163920793,0.49404419293963386,0.22288929542115804,0.5,0.5
20190414_CrystalPalace_ManCity,21.51624242807442,29.162664232501154,75.31729278488865,50.0,73.77921579717167,50.0,50.0,0.17076897972138785,0.23145669758970647,0.5977743226889056,0.5,0.5
20190414_Liverpool_Chelsea,69.34655589733921,49.99999999999999,30.661000126493715,73.470924249788,77.30911003909202,50.0,49.99999999999999,0.4622870856340167,0.3333165430150471,0.20439637135093613,0.5,0.49999999999999994
20190415_Watford_Arsenal,26.00338134993158,50.0,40.642173823675336,50.0,60.575700618440536,50.00000000000001,49.99999999999999,0.2229264656611219,0.4286489950310029,0.34842453930787526,0.5000000000000001,0.49999999999999994
20190416_Brighton_Cardiff,50.0,50.0,20.22437630734835,50.0,50.0,78.81846533077383,50.0,0.41588903628143753,0.41588903628143753,0.16822192743712489,0.6118568881284805,0.38814311187151945
20190420_ManCity_Tottenham,69.2654136433176,34.34156080441967,19.306251651210534,75.82037221627245,50.0,50.0,50.0,0.5635310034703462,0.2793967898684392,0.15707220666121466,0.5,0.5
20190420_Huddersfield_Watford,21.229928333026844,30.5620273839724,64.879508327818,50.0,50.0,75.64477812773134,50.0,0.1819633318809795,0.26194946325720697,0.5560872048618136,0.6020527017114101,0.3979472982885899
20190420_Bournemouth_Fulham,50.0,50.0,19.255576688601078,75.86078170341092,50.0,69.62694360926795,50.0,0.4192676048228711,0.4192676048228711,0.16146479035425773,0.5820339591445827,0.4179660408554174
20190420_Newcastle_Southampton,34.738949585943445,53.54570340889048,29.998803595982977,50.00000000000001,50.0,50.00000000000001,50.00000000000001,0.29369237750734156,0.4526897078610364,0.2536179146316221,0.5,0.5
20190420_Wolves_Brighton,52.22955758297019,47.77044241702982,19.537222528245014,50.0,50.0,50.0,50.0,0.4369313296586681,0.3996281777899124,0.1634404925514196,0.5,0.5
20190420_WestHam_Leicester,29.987065133863776,41.171973344499776,54.174418913717275,49.99999999999999,62.468302468099814,50.0,50.0,0.23925826158337912,0.3284994621643719,0.4322422762522489,0.5,0.5
20190421_Arsenal_CrystalPalace,68.13149131078683,48.87710638074089,20.27552415027447,49.99999999999999,50.0,49.99999999999999,49.99999999999999,0.4962809274425588,0.35602883804045365,0.14769023451698765,0.5,0.5
20190421_Cardiff_Liverpool,19.18421052631579,19.18421052631579,80.8157894736842,20.829658674039234,69.99034968328375,20.829658674039234,50.0,0.1609626849194083,0.1609626849194083,0.6780746301611835,0.2940810257168979,0.705918974283102
20190421_Everton_ManUnited,31.00420225160058,54.10133459289767,31.27079866550814,49.99999999999999,50.0,49.99999999999999,49.99999999999999,0.2664132885412494,0.4648826099894327,0.26870410146931784,0.5,0.5
20190422_Chelsea_Burnley,51.14008285696819,49.99999999999999,28.50480001143787,50.0,49.99999999999999,50.00000000000001,50.00000000000001,0.3944627950250617,0.38566890488652517,0.2198683000884131,0.5,0.5
20190423_Tottenham_Brighton,63.78275329702483,35.50018968882577,20.68199190319352,50.0,21.84748933576447,21.84748933576447,50.0,0.53167830546499,0.2959213850418873,0.17240030949312268,0.3040814583466476,0.6959185416533524
20190423_Watford_Southampton,39.539297208577814,63.170375550630226,28.684032445476532,55.131527091991344,49.99999999999999,50.0,50.0,0.3009223093829621,0.4807717040342509,0.21830598658278694,0.5,0.5
20190424_ManUnited_ManCity,24.019485473380588,30.630243963706274,69.36975603629372,50.0,73.42943533919784,49.99999999999999,50.00000000000001,0.1936750937298164,0.2469792859306832,0.5593456203395004,0.49999999999999994,0.5000000000000001
20190424_Wolves_Arsenal,28.23884044975768,50.00000000000001,37.35458207542928,25.24092394586922,49.99999999999999,25.24092394586922,50.00000000000001,0.2442945267374936,0.4325505630660375,0.32315491019646886,0.3354680222165847,0.6645319777834152
20190426_Liverpool_Huddersfield,69.25651867512333,19.18421052631579,19.18421052631579,80.8157894736842,19.18421052631579,30.743481324876676,50.0,0.6434987917327778,0.17825060413361105,0.17825060413361105,0.3807549639973816,0.6192450360026183
20190427_Brighton_Newcastle,25.559247491316732,32.716849569792885,61.120626579461735,23.1528679401087,50.0,23.1528679401087,50.0,0.21406992346171572,0.2740179845159135,0.5119120920223708,0.3164997981906093,0.6835002018093906
20190427_Fulham_Cardiff,41.40360501971745,50.0,26.8254162679189,50.0,50.0,76.32154366508419,50.0,0.3501983232948168,0.422908009010379,0.22689366769480426,0.6041846976429863,0.3958153023570136
20190427_CrystalPalace_Everton,32.80558427249895,49.99999999999999,32.07560881411121,50.0,54.80784859826831,49.99999999999999,49.99999999999999,0.28556096425431854,0.43523224869630717,0.2792067870493743,0.5,0.5
20190427_Watford_Wolves,46.676007861601875,64.49021122066668,21.786169385592647,50.0,50.0,49.999999999999986,49.999999999999986,0.3510731051882151,0.48506244952685457,0.16386444528493035,0.5,0.5
20190427_Tottenham_WestHam,67.67350308179108,40.84285171449481,20.563298917365024,49.99999999999999,50.0,50.00000000000001,50.00000000000001,0.5242770733791814,0.3164158760845471,0.15930705053627162,0.5,0.5
20190427_Southampton_Bournemouth,50.0,65.12378257788048,19.948367735361213,50.0,50.0,49.99999999999999,49.99999999999999,0.37017253285778406,0.4821407109226729,0.14768675621954316,0.5,0.5
20190428_Burnley_ManCity,19.18421052631579,30.234652971006547,69.76534702899345,75.49999999999999,69.38029052207851,50.0,50.0,0.1609626849194083,0.2536800205118677,0.585357294568724,0.5,0.5
20190428_Leicester_Arsenal,31.033064392076724,57.2208313817655,34.210923833890824,49.99999999999999,50.00000000000001,50.0,50.0,0.2534039121723177,0.46724301366751275,0.2793530741601694,0.5,0.5
20190428_ManUnited_Chelsea,34.39605107480047,62.41876582194818,29.727038739978493,50.0,50.0,50.0,50.0,0.27181560521400683,0.49326576971605535,0.23491862506993774,0.5,0.5
20190503_Everton_Burnley,68.2366526202007,49.99999999999999,20.253020269608363,50.00000000000001,50.0,49.99999999999999,49.99999999999999,0.4927201515920541,0.3610377507338261,0.14624209767411986,0.5,0.5
20190504_Bournemouth_Tottenham,23.902360856104096,50.0,45.80999309354007,50.0,50.00000000000001,50.0,50.0,0.19966494741351748,0.41766783753188924,0.3826672150545933,0.5,0.5
20190504_Cardiff_CrystalPalace,20.937820310002163,44.076743203269366,53.74688305102156,50.0,49.999999999999986,50.0,50.0,0.17630149274636187,0.3711367996802551,0.452561707573383,0.5,0.5
20190504_Newcastle_Liverpool,37.00207343675583,20.578613120051106,79.69347878080912,50.0,73.33851159976129,50.0,50.00000000000001,0.26954870456325014,0.14990885626176978,0.5805424391749799,0.5,0.5000000000000001
20190504_WestHam_Southampton,45.11567111433612,64.48986391656153,22.894568439514273,49.99999999999999,50.0,50.0,50.0,0.3404953651557768,0.48671557400679694,0.17278906083742618,0.5,0.5
20190504_Wolves_Fulham,65.56088215083234,48.78035787044995,20.024359644589385,50.0,34.69151100015134,34.69151100015134,50.0,0.48792907049023904,0.36304201366832406,0.14902891584143685,0.40962205763561527,0.5903779423643847
20190505_Chelsea_Watford,60.678229715945555,50.0,20.702499160925797,49.99999999999999,49.99999999999999,50.0,50.0,0.46185030509925523,0.3805733186855698,0.15757637621517512,0.5,0.5
20190505_Huddersfield_ManUnited,19.18421052631579,29.644799519092977,69.25651867512333,50.0,50.0,77.06049182678272,49.99999999999999,0.16246030088681088,0.2510451521054035,0.5864945470077856,0.6064866483583008,0.3935133516416992
20190505_Arsenal_Brighton,50.762635887514435,39.42357676179773,28.136862474646023,50.00000000000001,50.0,50.0,50.0,0.4290172126978126,0.33318587030041785,0.2377969170017695,0.5,0.5
20190506_ManCity_Leicester,70.63288779944406,31.971893959601374,20.499265542843233,70.47665546985655,50.0,50.0,49.99999999999999,0.5737657643881576,0.2597144014379685,0.16651983417387392,0.5,0.49999999999999994
20190512_Southampton_Huddersfield,51.6503437351345,48.349656264865494,19.227326527524397,50.0,50.0,80.57399695676699,50.0,0.43320893992545145,0.4055249553356685,0.16126610473888,0.6170753659585454,0.38292463404145455
20190512_Tottenham_Everton,37.387906390916086,50.67976934615246,43.21600824909249,20.05596252386368,50.0,20.05596252386368,50.0,0.2847871514243708,0.3860325046294005,0.3291803439462287,0.2862848757096424,0.7137151242903575
20190512_Brighton_ManCity,19.18421052631579,19.18421052631579,80.8157894736842,19.18421052631579,50.27742367116645,19.18421052631579,50.0,0.1609626849194083,0.1609626849194083,0.6780746301611835,0.27729174591099276,0.7227082540890072
20190512_Burnley_Arsenal,29.49727637424315,54.32273958374581,35.31964621880175,50.0,49.99999999999999,49.99999999999999,49.99999999999999,0.24758569761992694,0.4559584826011726,0.29645581977890045,0.5,0.5
20190512_CrystalPalace_Bournemouth,49.99999999999999,49.99999999999999,27.56009502396959,50.0,50.00000000000001,50.00000000000001,50.00000000000001,0.3919721131487444,0.3919721131487444,0.21605577370251117,0.5,0.5
20190512_Fulham_Newcastle,29.075668298637073,54.127375469623004,35.944005889734775,50.0,50.00000000000001,50.0,50.0,0.24403179417448612,0.4542905227195529,0.30167768310596105,0.5,0.5
20190512_Leicester_Chelsea,29.30933671093695,50.0,38.358354312359936,50.0,50.0,50.00000000000001,50.00000000000001,0.24908567896631906,0.42492547924732,0.325988841786361,0.5,0.5
20190512_Liverpool_Wolves,69.26175822168179,36.232193146219316,19.25557668860107,80.0920764059317,50.0,50.0,50.00000000000001,0.5552065751327846,0.2904395207796606,0.15435390408755487,0.5,0.5000000000000001
20190512_ManUnited_Cardiff,62.46036719995659,37.53963280004342,19.276521538176087,50.0,50.0,76.16289564599866,50.00000000000001,0.5236602006369316,0.31472776298249394,0.16161203638057445,0.6036869656170911,0.3963130343829088
20190512_Watford_WestHam,36.42901837741251,55.20193610093796,34.23410435862818,49.999999999999986,50.0,49.999999999999986,49.999999999999986,0.2894291609921356,0.4385803066475813,0.27199053236028314,0.5,0.5
20190809_Liverpool_Norwich,80.8157894736842,19.18421052631579,19.18421052631579,69.25651867512333,50.0,50.0,50.0,0.6780746301611834,0.16096268491940827,0.16096268491940827,0.5,0.5
20190810_WestHam_ManCity,33.94323048050153,31.844602731662928,66.57542493259606,77.85805005886829,70.26740139876723,50.0,49.99999999999999,0.25643997402496055,0.24058491138708396,0.5029751145879555,0.5,0.49999999999999994
20190810_Bournemouth_SheffieldUnited,37.40419708685363,50.477642197366144,28.912875582695463,50.0,50.0,50.0,50.0,0.32025590481105937,0.4321911505574905,0.24755294463145003,0.5,0.5
20190810_Burnley_Southampton,38.15534148439699,51.93863446981759,27.697014408775775,50.0,50.0,61.853441449230054,50.0,0.3239241080053378,0.44093894031929787,0.2351369516753644,0.5529864852419866,0.44701351475801354
20190810_CrystalPalace_Everton,43.2502966040732,67.86653147591309,25.232933410827396,77.20538946101898,49.99999999999999,50.0,50.0,0.3172011166809933,0.49773854192246225,0.1850603413965445,0.5,0.5
20190810_Watford_Brighton,41.14325412376363,50.0,27.12863844184591,50.0,50.0,79.2925721239541,50.0,0.34787009179666284,0.4227547130207903,0.22937519518254695,0.6132801816947033,0.3867198183052967
20190810_Tottenham_AstonVilla,29.581137884716423,63.499433452467656,35.879453758183836,49.99999999999999,50.00000000000001,49.99999999999999,49.99999999999999,0.22938222804191236,0.4923962553939397,0.27822151656414795,0.5,0.5
20190811_Leicester_Wolves,31.63343987387742,61.59133833968571,31.929393593355417,50.0,23.72480216541376,42.558929276958544,49.999999999999986,0.252755776472876,0.4921237338752533,0.2551204896518708,0.45980360414079563,0.5401963958592043
20190811_Newcastle_Arsenal,32.09461950533443,59.414237557844636,33.332340852894184,50.0,50.0,50.0,50.0,0.2570835592823342,0.4759185152788019,0.26699792543886397,0.5,0.5
20190811_ManUnited_Chelsea,35.151302623552546,55.84897481032862,38.648010584172965,19.18421052631579,50.0,19.18421052631579,50.0,0.27112816652586696,0.4307729447422506,0.29809888873188245,0.27729174591099276,0.7227082540890072
20190817_Everton_Watford,69.42053692720081,30.579463072799186,19.18421052631579,50.0,20.036708012637693,20.036708012637693,50.0,0.5824642091485164,0.2565731059320753,0.16096268491940827,0.28608866094937235,0.7139113390506278
20190817_Arsenal_Burnley,50.0,50.0,19.94552149821535,50.0,50.00000000000001,49.99999999999999,49.99999999999999,0.4168559140471446,0.4168559140471446,0.16628817190571066,0.5,0.5
20190817_Brighton_WestHam,26.486003821961784,50.0,40.03897353511509,50.0,51.75552966231315,54.87221267306974,50.0,0.22729893987276725,0.42909255280763514,0.3436085073195976,0.5232292832814468,0.4767707167185532
20190817_Southampton_Liverpool,19.18421052631579,19.18421052631579,78.78882007805328,23.093549895984673,80.8157894736842,41.43062295690021,50.0,0.1637475442505211,0.1637475442505211,0.6725049114989577,0.45313727082916555,0.5468627291708344
20190817_Norwich_Newcastle,32.823666437049106,49.79625565605492,48.60694257464514,45.73783015506827,75.62110311870467,45.73783015506827,50.0,0.2501291676834216,0.3794669314254602,0.3704039008911182,0.477740409209044,0.522259590790956
20190817_ManCity_Tottenham,73.6925553365727,27.348243084661632,19.783455485554796,75.1378235405682,50.0,50.0,49.999999999999986,0.6099152525570192,0.22634729535147521,0.16373745209150564,0.5000000000000001,0.49999999999999994
20190817_AstonVilla_Bournemouth,34.529300536313926,51.62717002180152,48.10210174203973,50.0,77.83699244740855,66.83606212172525,49.99999999999999,0.25718507164755555,0.38453537183742154,0.35827955651502286,0.5720499382467404,0.4279500617532596
20190818_SheffieldUnited_CrystalPalace,33.38690926504419,66.85860762928694,30.637282225617042,50.0,69.13770987527488,50.0,50.0,0.25509012253356983,0.5108280696840388,0.2340818077823913,0.5,0.5
20190818_Chelsea_Leicester,46.25903012897118,50.0,22.4384023779512,23.77230222873603,49.99999999999999,42.88242354024759,50.00000000000001,0.3897222471621143,0.4212391030200592,0.18903864981782653,0.46168501968153186,0.5383149803184681
20190819_Wolves_ManUnited,59.57700144613106,50.00000000000001,27.05137180353897,50.0,50.0,50.0,50.0,0.4360514586326961,0.365956197902113,0.1979923434651909,0.5,0.5
20190823_AstonVilla_Everton,28.143376440322623,29.007272234265038,58.12844923556856,21.76763110307414,50.0,28.816371681415923,50.0,0.24413251795443794,0.25162646793846455,0.5042410141070975,0.3656140350877193,0.6343859649122808
20190824_ManUnited_CrystalPalace,45.44074509562662,64.08044457269384,23.177628253559305,50.0,50.0,50.0,50.0,0.34243519126430905,0.48290139713541536,0.17466341160027554,0.5,0.5
20190824_Norwich_Chelsea,42.715604252167076,50.00000000000001,31.567184651468388,50.0,50.0,50.0,50.0,0.3436968596294316,0.40230831992970695,0.2539948204408615,0.5,0.5
20190824_Brighton_Southampton,52.398733831333814,41.98509398042266,24.36574594230325,50.0,50.0,50.00000000000001,50.0,0.44125407927657884,0.35355995523299555,0.20518596549042561,0.5000000000000001,0.5
20190824_Watford_WestHam,28.88252347277339,28.88252347277339,56.56812416624717,50.0,50.0,77.35598063610857,50.0,0.25261718180222886,0.25261718180222886,0.4947656363955424,0.6073996701979478,0.39260032980205223
20190824_Liverpool_Arsenal,69.26175822168179,49.04330429381193,31.719155709859187,70.16953211750982,50.0,50.0,50.0,0.4616705158739304,0.3269025819560911,0.21142690216997845,0.5,0.5
20190824_SheffieldUnited_Leicester,62.36553055180667,49.99999999999999,19.36117155482613,21.76763110307414,22.81694889946329,28.816371681415923,59.72818393029135,0.47344638220215796,0.3795737629529735,0.14697985484486856,0.32544487328824373,0.6745551267117563
20190825_Bournemouth_ManCity,20.01453244758746,30.64019338302847,68.58341691861126,50.0,74.7423522251761,50.0,50.0,0.1678534400664101,0.2569663756627663,0.5751801842708236,0.5,0.5
20190825_Tottenham_Newcastle,49.99999999999999,53.683233522853456,19.282213194452144,49.99999999999999,49.99999999999999,49.99999999999999,49.99999999999999,0.40661829265703164,0.43657169518742805,0.1568100121555404,0.5,0.5
20190825_Wolves_Burnley,60.83929444330821,44.83513400580469,20.862536303888923,50.000000000000014,50.0,50.000000000000014,50.000000000000014,0.48080254305187076,0.35432439914551583,0.16487305780261338,0.5,0.5
20190831_Southampton_ManUnited,31.510818576306672,54.86271665455188,31.629308695454146,49.99999999999999,50.0,50.0,50.0,0.26703439957755354,0.46492707149338797,0.26803852892905855,0.5,0.5
20190831_Leicester_Bournemouth,50.0,64.44433408193052,21.15141094472092,50.0,50.0,49.99999999999999,49.99999999999999,0.3687431341608283,0.47526811456557094,0.15598875127360076,0.5,0.5
20190831_CrystalPalace_AstonVilla,50.0,67.06989889211505,20.195204731637354,50.0,50.0,50.0,50.0,0.3642586402517237,0.48861580344524835,0.14712555630302798,0.5,0.5
20190831_Chelsea_SheffieldUnited,66.05866842454866,49.99999999999999,20.55625523430397,50.00000000000001,50.0,50.0,50.0,0.48353918192354145,0.365992225892226,0.15046859218423264,0.5,0.5
20190831_ManCity_Brighton,80.8157894736842,19.18421052631579,19.18421052631579,70.16588626901166,19.890284133946547,19.890284133946547,50.0,0.6780746301611834,0.16096268491940827,0.16096268491940827,0.2845929785580253,0.7154070214419747
20190831_Burnley_Liverpool,19.18421052631579,19.18421052631579,80.8157894736842,50.0,69.48852436181664,50.0,50.0,0.1609626849194083,0.1609626849194083,0.6780746301611835,0.5,0.5
20190831_WestHam_Norwich,59.387486208441196,56.343028709116155,19.63776822256179,77.12841404770138,49.99999999999999,50.000000000000014,50.0,0.43871049281883456,0.41622030952993416,0.14506919765123133,0.5000000000000001,0.49999999999999994
20190831_Newcastle_Watford,65.93564777173435,32.46079375771487,20.805326651906384,50.0,24.500000000000004,24.500000000000004,50.0,0.5531432023006465,0.2723180557886395,0.17453874191071397,0.3288590604026846,0.6711409395973155
20190901_Everton_Wolves,59.243918411594045,50.0,19.630922496341622,23.894245319391683,21.1815248336796,25.14750276992618,64.10871010940956,0.4597011953164398,0.38797332084171887,0.1523254838418413,0.2817451240500507,0.7182548759499493
20190901_Arsenal_Tottenham,58.807339975727196,59.47588235714604,20.087293881852773,50.0,49.99999999999999,49.99999999999999,49.99999999999999,0.4249990647174347,0.4298306025313241,0.14517033275124105,0.5,0.5
20190914_Tottenham_CrystalPalace,31.06834553178819,64.91460995143541,34.05351573717888,50.00000000000001,49.99999999999999,49.99999999999999,49.99999999999999,0.23892024476063775,0.4992031031156621,0.26187665212370004,0.5,0.5
20190914_Wolves_Chelsea,28.769452938749044,60.476419483716654,36.92508851262619,49.99999999999999,50.00000000000001,49.99999999999999,49.99999999999999,0.22801960709128122,0.4793212244363304,0.2926591684723884,0.5,0.5
20190914_Liverpool_Newcastle,80.8157894736842,19.18421052631579,19.18421052631579,72.12637259130466,50.0,50.0,49.99999999999999,0.6780746301611834,0.16096268491940827,0.16096268491940827,0.5,0.49999999999999994
20190914_Brighton_Burnley,36.34838164150405,50.0,29.096062106353113,50.0,50.00000000000001,76.2463939961237,50.0,0.31485605076752543,0.4331087610349206,0.252035188197554,0.6039490838721682,0.39605091612783183
20190914_ManUnited_Leicester,37.76491051901716,41.613222504679314,37.70360561683579,24.38453144944815,50.0,47.61537269666292,49.99999999999999,0.322551671657047,0.3554202644055486,0.32202806393740435,0.4877855954576579,0.5122144045423421
20190914_SheffieldUnited_Southampton,50.0,64.07633337244451,20.069760310350247,49.999999999999986,50.00000000000001,50.00000000000001,50.00000000000001,0.3727279611900684,0.4776608219689277,0.14961121684100404,0.5,0.5
20190914_Norwich_ManCity,19.18421052631579,19.18421052631579,80.8157894736842,50.0,80.8157894736842,50.0,50.0,0.1609626849194083,0.1609626849194083,0.6780746301611835,0.5,0.5
20190915_Bournemouth_Everton,27.142949631053185,43.0667290078318,47.72748043504659,50.0,50.0,50.0,50.0,0.23014756200832356,0.3651667493604323,0.4046856886312442,0.5,0.5
20190915_Watford_Arsenal,19.18421052631579,29.145078289614265,69.33252201071359,50.0,50.0,76.59429132833583,50.0,0.16304534488748212,0.24770210559273984,0.589252549519778,0.6050374825329236,0.3949625174670764
20190916_AstonVilla_WestHam,31.479202997969335,48.33331758311164,51.8842579184735,50.00000000000001,55.699926784851414,50.0,50.0,0.23902788934260702,0.36700455496164736,0.3939675556957456,0.5,0.5
20190920_Southampton_Bournemouth,48.8892786090044,63.8517624494626,20.13209781445327,50.0,50.0,49.99999999999999,49.99999999999999,0.3679395175255253,0.4805468057056314,0.1515136767688433,0.5,0.5
20190921_Leicester_Tottenham,36.43482008198099,63.72295979288171,29.478059887858727,43.09186145393014,50.0,38.553482487390504,49.99999999999999,0.28105514762483397,0.49155356967268343,0.22739128270248266,0.4353694671791174,0.5646305328208826
20190921_Burnley_Norwich,36.16044362725073,53.7962368449471,30.699392571255515,50.0,49.99999999999999,49.99999999999999,49.99999999999999,0.2996984960237171,0.4458643107469013,0.2544371932293816,0.5,0.5
20190921_Everton_SheffieldUnited,49.999999999999986,49.999999999999986,20.52839390412017,50.0,50.0,50.0,50.0,0.4148400089009299,0.4148400089009299,0.17031998219814018,0.5,0.5
20190921_ManCity_Watford,75.58737032060417,24.412629679395828,19.18421052631579,80.8157894736842,25.802728920924455,36.9542737618293,50.0,0.6342062424780213,0.2048310726025704,0.16096268491940827,0.4249851348658067,0.5750148651341933
20190921_Newcastle_Brighton,42.49773345548914,49.99999999999999,25.77681288616179,50.0,50.0,50.0,50.0,0.3593142799527557,0.42274522749441534,0.21794049255282888,0.5,0.5
20190922_CrystalPalace_Wolves,50.0,62.401157612708246,19.677415949250015,50.0,49.99999999999999,51.464658858508464,50.0,0.3785625378255991,0.4724548117824408,0.14898265039196013,0.5072175813479594,0.4927824186520406
20190922_WestHam_ManUnited,40.87933704805303,66.82730620346456,26.596826500916304,50.0,36.12000767420149,40.52418635587829,49.99999999999999,0.3043803493938562,0.49758436119818483,0.19803528940795892,0.4476614260476787,0.5523385739523213
20190922_Arsenal_AstonVilla,50.00000000000001,57.06055040455103,19.30835729277655,50.0,50.0,50.0,50.0,0.39566694775709765,0.45153947631817454,0.15279357592472786,0.5,0.5
20190922_Chelsea_Liverpool,33.32439328445854,41.80686082263225,71.79124751598742,50.0,73.20991935154765,50.0,50.0,0.22681613038382967,0.28455042870074115,0.48863344091542904,0.5,0.5
20190928_Chelsea_Brighton,62.034257598081794,37.965742401918256,19.655544340377993,50.00000000000001,50.0,50.0,50.0,0.5184403108109733,0.31729196178255675,0.16426772740646992,0.5,0.5
20190928_AstonVilla_Burnley,31.863258457365212,67.87214658032494,32.127853419675034,50.0,50.0,50.0,50.0,0.2416386401346773,0.5147161337763374,0.24364522608898523,0.5,0.5
20190928_Bournemouth_WestHam,31.04869761721542,65.04129232266541,34.95870767733457,50.0,64.426245152264,50.0,50.0,0.23692488503706172,0.49631391616456,0.2667611987983784,0.5,0.5
20190928_SheffieldUnited_Liverpool,19.18421052631579,19.18421052631579,80.8157894736842,50.0,77.97119252855938,50.0,50.00000000000001,0.1609626849194083,0.1609626849194083,0.6780746301611835,0.5,0.5000000000000001
20190928_Everton_ManCity,19.406582780506564,27.140590303255475,72.85940969674455,23.13465151090988,50.00000000000001,23.13465151090988,50.0,0.16252523377358333,0.22729559519465822,0.6101791710317583,0.31632955149118014,0.68367044850882
20190928_Tottenham_Southampton,37.6490468872772,50.0,28.92900103677637,50.0,50.00000000000001,50.00000000000001,50.00000000000001,0.3229514265996649,0.4288972142729068,0.24815135912742836,0.5,0.5
20190928_Wolves_Watford,49.99999999999999,62.25809301355332,20.698612899639453,50.0,50.0,78.03597863783183,50.0,0.3760622652056747,0.4682583897212491,0.15567934507307624,0.6094847672353708,0.39051523276462935
20190928_CrystalPalace_Norwich,50.00000000000001,58.60344575558621,20.070342804025017,50.0,49.99999999999999,50.0,50.0,0.38857952780986393,0.4554419855947332,0.1559784865954028,0.5,0.5
20190929_Leicester_Newcastle,68.86433463753472,49.42554379171763,20.995254226188578,50.0,23.043486191563733,37.526666625535825,49.99999999999999,0.49441267222603796,0.3548515397833949,0.15073578799056725,0.4287455249048346,0.5712544750951654
20190930_ManUnited_Arsenal,29.718699511628703,65.36873461764146,34.631265382358514,49.99999999999999,49.99999999999999,49.99999999999999,49.99999999999999,0.22910112129951288,0.5039268421880954,0.2669720365123918,0.5,0.5
20191005_Liverpool_Leicester,69.36994271234899,32.30154588544235,19.731752079621884,80.8157894736842,79.08424705744429,50.0,50.0,0.5714010789602842,0.2660682343008655,0.1625306867388502,0.5,0.5
20191005_Brighton_Tottenham,21.77370364766564,37.32656444908143,62.673435550918555,50.0,50.0,50.0,50.0,0.17880464332976734,0.30652401406037855,0.5146713426098541,0.5,0.5
20191005_Burnley_Everton,51.80236162150568,55.4522889820438,27.20224366212498,50.0,50.00000000000001,50.00000000000001,50.00000000000001,0.3852711451087735,0.4124168513997889,0.20231200349143755,0.5,0.5
20191005_Watford_SheffieldUnited,29.794108989575975,50.0,36.799362029528936,21.285880138658708,50.0,21.285880138658708,50.0,0.25553839961325053,0.42884047934216696,0.3156211210445825,0.29859882626482803,0.701401173735172
20191005_WestHam_CrystalPalace,62.7252789167459,52.810863014372124,19.75351980845505,62.625400331449114,50.000000000000014,50.0,50.0,0.4636368966424754,0.39035401770780404,0.1460090856497206,0.5,0.5
20191005_Norwich_AstonVilla,32.51904384365583,61.562034636281716,30.525610618193237,49.99999999999999,50.0,49.99999999999999,49.99999999999999,0.26097350053211266,0.4940508016210921,0.2449756978467952,0.5,0.5
20191006_Arsenal_Bournemouth,50.43723212204685,54.556253034769604,21.246517020734228,74.70222116094968,51.79087425860866,53.14889634748596,24.500000000000004,0.3995344680928414,0.4321629601846709,0.1683025717224877,0.6844771638432535,0.3155228361567465
20191006_ManCity_Wolves,72.42232293150128,27.577677068498716,19.18421052631579,66.17664038437373,50.0,50.0,50.0,0.607650313843464,0.23138700123712766,0.16096268491940827,0.5,0.5
20191006_Southampton_Chelsea,20.239864580172792,49.16943244102595,56.99728682571316,50.00000000000001,57.877730539708224,49.99999999999999,50.0,0.16011717083253216,0.3889784135023688,0.4509044156650991,0.49999999999999994,0.5
20191006_Newcastle_ManUnited,32.92978994934099,57.21530197513447,32.95470595666384,23.371989925320474,50.0,23.371989925320474,49.999999999999986,0.2675048254842531,0.46478794409052965,0.2677072304252173,0.3185410392863676,0.6814589607136323
20191019_AstonVilla_Brighton,50.0,57.7551972032705,19.509040592265823,50.0,50.0,50.0,50.0,0.39288334936897495,0.45382110641373136,0.15329554421729374,0.5,0.5
20191019_Chelsea_Newcastle,54.223844356802545,49.99999999999999,20.239301830549568,55.05420836671085,50.0,50.0,50.0,0.4356618486502051,0.4017253422530064,0.1626128090967885,0.5,0.5
20191019_Everton_WestHam,36.49840169320114,54.51642021174593,44.840964130825505,24.500000000000004,52.88532358545826,44.665578695247945,50.0,0.26865548209769025,0.40128154863710447,0.33006296926520523,0.4718249157810312,0.5281750842189687
20191019_Bournemouth_Norwich,51.81830999112649,66.49008129366077,20.1027232617653,75.80624970421755,50.00000000000001,58.768134244175904,50.00000000000001,0.37437968880525235,0.4803810843622518,0.14523922683249574,0.5403065397099307,0.4596934602900693
20191019_Wolves_Southampton,59.341328268876445,44.283087531702016,19.302262319426855,50.0,50.0,50.0,50.0,0.48273758940224,0.3602398454831043,0.15702256511465568,0.5,0.5
20191019_CrystalPalace_ManCity,53.401060345594885,36.96428974389253,43.030584492136185,49.99999999999999,49.99999999999999,50.0,50.0,0.4003199986047501,0.2771020710625515,0.32257793033269855,0.5,0.5
20191019_Tottenham_Watford,50.0,50.0,20.13272940587244,50.0,50.0,75.5,50.0,0.41620630986476076,0.41620630986476076,0.1675873802704785,0.601593625498008,0.398406374501992
20191019_Leicester_Burnley,48.49171408499128,50.0,31.638632395860874,50.00000000000001,50.00000000000001,50.0,50.0,0.37263955254377595,0.38423013042047943,0.2431303170357446,0.5,0.5
20191020_ManUnited_Liverpool,19.18421052631579,19.18421052631579,80.8157894736842,19.265424367402645,72.99223637081508,19.265424367402645,49.99999999999999,0.1609626849194083,0.1609626849194083,0.6780746301611835,0.27813912270592034,0.7218608772940798
20191021_SheffieldUnited_Arsenal,27.15890025428568,44.24716934198202,48.48807897141487,50.0,75.85708677376927,50.0,50.0,0.22652398452084552,0.3690519501625522,0.40442406531660224,0.5,0.5
20191025_Southampton_Leicester,20.202686372822498,41.35223348061998,57.75129733906063,24.750646915843852,72.77988369899312,34.73132881030108,49.99999999999999,0.16933473249114114,0.34660585553473106,0.4840594119741278,0.4098994940591404,0.5901005059408595
20191026_Watford_Bournemouth,28.97262886705962,50.0,35.70570577633755,50.0,50.0,50.0,50.0,0.25264256720463085,0.43600214596313763,0.31135528683223146,0.5,0.5
20191026_WestHam_SheffieldUnited,30.864128903396445,68.62012780550661,31.09122806086655,50.0,50.0,50.0,50.0,0.23637001201118268,0.525520758559675,0.23810922942914228,0.5,0.5
20191026_ManCity_AstonVilla,63.54215872113273,32.01473089994882,24.301914058085732,50.0,50.00000000000001,50.0,50.0,0.5301417732419519,0.26710370800666783,0.20275451875138029,0.5,0.5
20191026_Brighton_Everton,30.33498917198697,57.77086916283853,35.61216703737466,50.0,49.99999999999999,49.99999999999999,50.00000000000001,0.2451945792112791,0.46695595883491875,0.2878494619538022,0.49999999999999994,0.5000000000000001
20191026_Burnley_Chelsea,27.532625715377893,49.99999999999999,62.85537591429367,49.99999999999999,68.46968336885612,50.0,50.0,0.19611808271198275,0.35615579265737124,0.44772612463064604,0.5,0.5
20191027_Arsenal_CrystalPalace,61.24153561994403,49.99999999999999,20.27694278932409,50.0,49.99999999999999,49.99999999999999,49.99999999999999,0.46564966657664997,0.3801747146466111,0.1541756187767389,0.5,0.5
20191027_Newcastle_Wolves,33.978852598716486,60.46686698149388,39.533133018506135,50.0,50.0,50.0,50.0,0.2536135512407127,0.4513165011391741,0.29506994762011307,0.5,0.5
20191027_Norwich_ManUnited,32.50701597732577,61.64117377018547,34.07957724662034,22.917428655034644,50.0,22.917428655034644,50.00000000000001,0.25350995918702596,0.4807162693007554,0.26577377151221865,0.31429288001164707,0.6857071199883529
20191027_Liverpool_Tottenham,75.31729278488866,26.548780216479255,20.29110081267303,68.51494255232863,50.0,50.0,50.0,0.6165605378161717,0.21733296037852254,0.16610650180530565,0.5,0.5
20191102_Bournemouth_ManUnited,34.03036372527065,61.07537209675138,30.02235558171438,32.40950665691873,50.0,33.09050187083418,49.99999999999999,0.27196421957295575,0.48810280258880084,0.23993297783824338,0.398246503821508,0.6017534961784919
20191102_Arsenal_Wolves,43.601791081482915,49.99999999999999,33.82656929460863,49.99999999999999,50.0,50.0,50.0,0.342167088651198,0.39237733148594395,0.2654555798628581,0.5,0.5
20191102_AstonVilla_Liverpool,19.18421052631579,25.870664035493242,74.12933596450675,50.0,70.9761219824317,49.99999999999999,50.0,0.1609626849194083,0.21706452491692277,0.621972790163669,0.49999999999999994,0.5
20191102_Brighton_Norwich,58.136253528856855,46.11849078412768,26.707253777007413,50.0,50.0,50.0,50.0,0.4439169711576017,0.35215170398085144,0.20393132486154672,0.5,0.5
20191102_ManCity_Southampton,69.25651867512333,19.18421052631579,19.18421052631579,80.8157894736842,19.537596052869496,31.392466413732492,50.0,0.6434987917327778,0.17825060413361105,0.17825060413361105,0.3856925314704061,0.6143074685295938
20191102_SheffieldUnited_Burnley,50.00000000000001,59.54082261470857,19.98032858201426,50.0,50.0,50.0,50.0,0.38603733473660723,0.45969960940414406,0.15426305585924877,0.5,0.5
20191102_WestHam_Newcastle,43.48245719602684,65.95803042104083,24.969209797974095,50.0,50.0,50.0,50.00000000000001,0.32350684535623936,0.4907237475386168,0.18576940710514386,0.5,0.5000000000000001
20191102_Watford_Chelsea,19.18421052631579,23.08474032837607,76.91525967162393,50.0,74.77930400477018,50.0,50.0,0.16096268491940827,0.19368958544453316,0.6453477296360586,0.5,0.5
20191103_CrystalPalace_Leicester,30.38073744296553,65.65513610103112,34.34486389896887,24.1132957625221,65.70941970042145,24.1132957625221,50.0,0.2330155361811437,0.503564693594034,0.2634197702248224,0.32535721849136556,0.6746427815086344
20191103_Everton_Tottenham,36.174989406494646,64.30772877144157,30.31614079278333,50.0,50.0,50.0,50.0,0.27656960994279567,0.4916535914570739,0.23177679860013042,0.5,0.5
20191108_Norwich_Watford,31.46304825254741,49.99999999999999,31.9945439669747,50.0,50.0,77.23364306913221,50.0,0.2773110872269482,0.4406932936075188,0.28199561916553306,0.6070221775161104,0.3929778224838895
20191109_Newcastle_Bournemouth,48.313952979678206,68.90699176124747,20.461852682622478,22.60222571858318,50.00000000000001,33.47597267164612,50.00000000000001,0.35090769423468277,0.500476407007272,0.1486158987580452,0.4010252483469023,0.5989747516530977
20191109_Burnley_WestHam,37.12832408778592,65.06134732448515,29.690834909226073,50.0,50.0,50.0,50.0,0.28153003899814283,0.4933355894606528,0.2251343715412042,0.5,0.5
20191109_Chelsea_CrystalPalace,69.32477355679657,30.74252709658916,19.18421052631579,69.89257218127926,47.24987016889173,24.499999999999996,50.0,0.5813324533248911,0.25779570248181494,0.16087184419329392,0.32885906040268453,0.6711409395973155
20191109_Leicester_Arsenal,57.99085726371468,42.00914273628532,19.713823515897413,68.24144350236041,50.0,50.0,50.0,0.48441237244430485,0.3509130483223327,0.1646745792333624,0.5,0.5
20191109_Tottenham_SheffieldUnited,33.57761215634653,58.233811901377514,31.26493921897684,50.0,50.00000000000001,50.00000000000001,50.00000000000001,0.2728193396554721,0.4731518737717003,0.2540287865728275,0.5,0.5
20191109_Southampton_Everton,26.26624583878347,50.0,40.47955665149016,50.0,50.0,76.11759320167084,50.0,0.224986640020499,0.42828092259818606,0.3467324373813149,0.6035446068174921,0.3964553931825079
20191110_ManUnited_Brighton,32.6824694837528,51.883849220815414,30.677381236726966,50.0,50.000000000000014,50.0,50.0,0.2835944134074241,0.45020985309604694,0.266195733496529,0.5,0.5
20191110_Wolves_AstonVilla,50.0,66.48245414940364,19.23202349004681,49.99999999999999,49.99999999999999,50.0,50.0,0.3684205316166331,0.4898700220180345,0.14170944636533242,0.5,0.5
20191110_Liverpool_ManCity,69.91097362382853,50.0,52.52735683589074,79.30936020944047,80.24076082112609,50.0,50.0,0.4054259481488043,0.2899587340395861,0.30461531781160955,0.5,0.5
20191123_Bournemouth_Wolves,31.771499859669063,64.43169581577465,35.56830418422534,41.424247124233574,50.0,41.424247124233574,50.00000000000001,0.24111055800005565,0.4889653368474337,0.26992410515251053,0.4530991331866638,0.5469008668133363
20191123_Brighton_Leicester,42.36626605072182,40.71880438740516,59.974970538861854,50.0,70.36149771338604,50.0,50.0,0.29614325398897673,0.2846273781925923,0.41922936781843095,0.5,0.5
20191123_WestHam_Tottenham,28.61395343702559,60.59475188894461,37.04329097769598,50.0,49.99999999999999,50.0,50.0,0.22664159201255088,0.4799508416738201,0.293407566313629,0.5,0.5
20191123_Arsenal_Southampton,56.792654293330045,42.933813765431154,20.246998501557815,50.0,50.0,50.0,50.00000000000001,0.4733767883982616,0.35786090871889026,0.1687623028828482,0.5,0.5000000000000001
20191123_ManCity_Chelsea,49.50515108279996,35.740997110483306,47.914175565444936,49.99999999999999,70.42504061277843,50.0,50.0,0.37177103273267664,0.26840575406862216,0.3598232131987012,0.5,0.5
20191123_Watford_Burnley,42.09664712762184,50.0,26.317413096385902,50.0,49.99999999999999,50.0,50.0,0.35550378939786575,0.42224715464880913,0.22224905595332506,0.5,0.5
20191123_Everton_Norwich,67.73931452697296,39.31173019765362,19.981937148993886,50.0,50.0,75.5,50.0,0.5332419465234929,0.3094608157491189,0.1572972377273883,0.601593625498008,0.398406374501992
20191123_CrystalPalace_Liverpool,19.18421052631579,19.18421052631579,80.8157894736842,19.985711639591603,71.45294320140522,22.38345404133324,50.0,0.1609626849194083,0.1609626849194083,0.6780746301611835,0.30923440084182197,0.690765599158178
20191124_SheffieldUnited_ManUnited,44.45868355417675,66.93845042731448,24.110677303650196,49.73993143450923,50.0,49.83803193452444,49.99999999999999,0.328089452058412,0.4939822272419387,0.17792832069964926,0.49918884586195683,0.5008111541380432
20191125_AstonVilla_Newcastle,34.349937549514486,54.39303494769494,44.77630627913794,49.99999999999999,50.00000000000001,50.0,50.0,0.2572657511658122,0.4073796342085286,0.3353546146256593,0.5,0.5
20191130_Chelsea_WestHam,71.57657729020836,28.423422709791623,19.18421052631579,80.41417548588035,48.42973519255316,48.8704499924828,50.0,0.6005541923223489,0.23848312275824282,0.1609626849194083,0.494287726982111,0.5057122730178889
20191130_Burnley_CrystalPalace,59.79799014453327,50.364276689414666,24.449370082539918,63.092115446679536,50.0,50.0,50.0,0.44422600834749176,0.3741450430519638,0.18162894860054438,0.5,0.5
20191130_Newcastle_ManCity,22.002956807210353,30.425644740601236,69.57435525939876,47.07058949270413,62.20416189642663,24.5,50.0,0.18034773404696683,0.2493844865471579,0.5702677794058753,0.3288590604026846,0.6711409395973155
20191130_Liverpool_Brighton,80.8157894736842,19.18421052631579,19.18421052631579,71.16205718642107,24.26689110068478,37.02168033910509,50.0,0.6780746301611834,0.16096268491940827,0.16096268491940827,0.42543053862944763,0.5745694613705524
20191130_Southampton_Watford,32.481390774577235,50.0,31.300698885951796,50.00000000000001,50.0,76.40135418955897,49.99999999999999,0.28547015502603323,0.4394364714971919,0.2750933734767748,0.6044346176464452,0.39556538235355476
20191130_Tottenham_Bournemouth,49.99999999999999,58.94629656547843,19.527615365951128,50.0,50.00000000000001,50.00000000000001,50.00000000000001,0.38918407051142434,0.4588191927785298,0.15199673671004596,0.5,0.5
20191201_Norwich_Arsenal,31.78866750331207,49.99999999999999,31.488775671904353,50.0,49.99999999999999,50.0,50.0,0.28062663326662196,0.4413941434276592,0.2779792233057188,0.5,0.5
20191201_Wolves_SheffieldUnited,50.0,63.64800918790944,19.98900286757304,50.00000000000001,50.0,49.99999999999999,49.99999999999999,0.3741478444552573,0.47627530883049457,0.14957684671424817,0.5,0.5
20191201_Leicester_Everton,69.689066711604,30.310933288396008,19.18421052631579,71.96278131144028,23.628331175868936,33.70719864099883,50.0,0.5847172742417646,0.25432004083882714,0.16096268491940827,0.402679807570211,0.5973201924297891
20191201_ManUnited_AstonVilla,50.0,63.76006235294265,19.84841496614212,50.00000000000001,50.0,50.00000000000001,50.00000000000001,0.37422775113729967,0.47721569493431465,0.14855655392838577,0.5,0.5
20191203_CrystalPalace_Bournemouth,50.0,50.0,21.302972885187355,50.0,50.0,50.0,50.0,0.41219105196477535,0.41219105196477535,0.17561789607044923,0.5,0.5
20191203_Burnley_ManCity,19.939491049270693,30.629880020566212,68.6637713462702,50.0,50.0,50.0,50.0,0.16723111246774525,0.2568906547281308,0.575878232804124,0.5,0.5
20191204_ManUnited_Tottenham,45.05640694188259,59.96167323122991,28.322605128066595,50.0,50.0,50.0,50.00000000000001,0.3379044200958833,0.4496877535599383,0.21240782634417843,0.5,0.5000000000000001
20191204_Chelsea_AstonVilla,50.0,53.115306545368846,19.1970579390365,50.00000000000001,50.00000000000001,50.0,50.0,0.4087894156144364,0.4342595024572596,0.15695108192830415,0.5,0.5
20191204_Leicester_Watford,71.90362595419846,21.75814553940831,19.18421052631579,75.15843634860593,19.18421052631579,26.48495927546831,50.00000000000001,0.6371837496305728,0.19281276258083327,0.17000348778859387,0.3462766997113779,0.6537233002886221
20191204_Liverpool_Everton,76.25946547884186,19.18421052631579,19.18421052631579,72.14296431743851,26.07283020511417,31.047033081768262,50.00000000000001,0.6652784744304193,0.16736076278479034,0.16736076278479034,0.383074270596,0.616925729404
20191204_Southampton_Norwich,42.11928094384635,50.00000000000001,25.336176366570605,50.0,50.0,71.08244019172375,50.00000000000001,0.35859790518316637,0.4256932895664234,0.21570880525041022,0.5870582066166716,0.4129417933833284
20191204_Wolves_WestHam,62.382078381751725,53.29925143539885,21.458843281362153,50.0,38.87072832965083,41.37162007291482,49.99999999999999,0.4548782240265981,0.38864798134031864,0.1564737946330831,0.4527841362547818,0.5472158637452181
20191205_SheffieldUnited_Newcastle,50.0,64.6802625372252,19.50904059226582,50.0,49.65194018007796,49.85155625297068,50.0,0.37260794142250386,0.4820075894932516,0.14538446908424466,0.49925667784960087,0.5007433221503992
20191205_Arsenal_Brighton,50.0,50.0,20.95610192264321,49.999999999999986,49.99999999999999,50.160854415553416,49.99999999999999,0.41337310979132924,0.41337310979132924,0.17325378041734155,0.50080298044826,0.4991970195517399
20191207_Everton_Chelsea,21.11751173263562,42.41688362820329,65.89805585571186,50.0,76.71258991630916,50.0,50.0,0.16315469215138595,0.3277144427809412,0.5091308650676729,0.5,0.5
20191207_Bournemouth_Liverpool,19.18421052631579,19.18421052631579,71.90362595419846,23.760591679964392,69.29614871044876,23.760591679964392,50.00000000000001,0.17397165507526635,0.17397165507526635,0.6520566898494674,0.32213125110299906,0.677868748897001
20191207_Tottenham_Burnley,62.56398420564594,50.00000000000001,19.251919826066597,50.0,49.99999999999999,59.00238642788148,50.0,0.47463152997527647,0.37931689933235146,0.14605157069237207,0.541294446492865,0.4587055535071351
20191207_Watford_CrystalPalace,19.744128307590227,44.24731293774483,55.75268706225517,23.28108381271702,50.0,23.28108381271702,50.0,0.16488598302601454,0.36951551247745085,0.46559850449653467,0.3176956808146563,0.6823043191853438
20191207_ManCity_ManUnited,67.26031758869257,37.0984707137722,20.62680450836024,50.00000000000001,50.0,50.0,50.00000000000001,0.5381445659140575,0.2968219766731314,0.1650334574128111,0.5,0.5000000000000001
20191208_AstonVilla_Leicester,19.953436937540587,31.424477125739887,68.57552287426012,50.0,73.55689396501822,50.00000000000001,50.00000000000001,0.16634318654771255,0.2619722946504861,0.5716845188018014,0.5,0.5
20191208_Newcastle_Southampton,59.992497252191825,58.66576300695256,20.19251476565411,50.0,50.0,50.00000000000001,50.00000000000001,0.4320645472917041,0.42250943861476437,0.14542601409353142,0.5,0.5
20191208_Norwich_SheffieldUnited,30.491104606906084,50.00000000000001,36.254690186348064,36.47519213521447,50.0,36.47519213521447,50.00000000000001,0.26117518546088075,0.4282809508346344,0.3105438637044847,0.4217994922541608,0.5782005077458391
20191208_Brighton_Wolves,20.049485064728838,35.97913582075977,64.0208641792402,50.0,50.00000000000001,50.00000000000001,50.00000000000001,0.1670101712965988,0.299702541842311,0.5332872868610903,0.5,0.5
20191209_WestHam_Arsenal,34.828778642001446,49.999999999999986,31.210666370983546,50.00000000000001,50.0,64.41665732931307,50.00000000000001,0.30014602912056376,0.4308879622304719,0.2689660086489644,0.5630006926693338,0.4369993073306662
20191214_Liverpool_Watford,80.0506903242362,19.18421052631579,19.18421052631579,70.12563683055471,20.79498547802151,20.79498547802151,50.0,0.675994688640042,0.16200265567997896,0.16200265567997896,0.2937352884192252,0.7062647115807748
20191214_Burnley_Newcastle,31.413570616067645,32.815427473306094,54.021115970297835,50.00000000000001,50.0,50.00000000000001,50.00000000000001,0.2656536178917821,0.27750863273372167,0.4568377493744962,0.5,0.5
20191214_Chelsea_Bournemouth,61.76519019298392,38.23480980701608,21.204538706141417,51.28014148579838,50.0,50.0,50.0,0.5095946971320331,0.31545691452789404,0.1749483883400728,0.5,0.5
20191214_Leicester_Norwich,74.52848101265823,19.49421008184689,19.18421052631579,79.405611667423,21.298440313636444,33.372675939406435,50.000000000000014,0.6583386696889425,0.1721998376666245,0.16946149264443297,0.40028313309340113,0.5997168669065989
20191214_SheffieldUnited_AstonVilla,49.99999999999999,65.48725035122636,19.96728455341417,50.0,49.999999999999986,50.0,50.0,0.3691275455280977,0.4834629597106449,0.14740949476125745,0.5,0.5
20191214_Southampton_WestHam,38.44713921866555,64.27976370689434,31.949804412453773,50.0,50.0,79.47374891511383,50.000000000000014,0.2854772735286015,0.47728939159140565,0.23723333487999274,0.6138213312045113,0.3861786687954887
20191215_ManUnited_Everton,64.54974032630442,38.24812588546204,20.2685136397787,78.91563944605075,49.99999999999999,49.99999999999999,50.0,0.5245115717564025,0.31079264646933397,0.1646957817742635,0.49999999999999994,0.5
20191215_Wolves_Tottenham,60.49989259493792,50.0,21.3128987743543,54.81671675676853,50.00000000000001,50.0,50.0,0.4589834716832518,0.3793258566228061,0.16169067169394197,0.5,0.5
20191215_Arsenal_ManCity,37.82139099716832,42.14491826683497,36.55994261470311,50.0,50.0,50.0,50.0,0.3245739941634531,0.3616774554003859,0.31374855043616096,0.5,0.5
20191216_CrystalPalace_Brighton,49.99999999999999,56.40227870092111,19.73069246117079,50.0,50.00000000000001,50.0,50.0,0.3964070578797801,0.4471652271509505,0.1564277149692694,0.5,0.5
20191221_Everton_Arsenal,36.90355192429654,64.35364121057857,28.77897558669475,50.0,50.0,62.879033985757324,49.99999999999999,0.2837945187643408,0.49489032046438525,0.22131516077127406,0.5570479456237301,0.4429520543762699
20191221_AstonVilla_Southampton,30.409168209816308,60.78983681032845,33.81140072081154,50.0,50.0,71.3856047444781,49.99999999999999,0.24325309584891266,0.48627821380162345,0.27046869034946375,0.5880895423699364,0.4119104576300636
20191221_Bournemouth_Burnley,34.424689513771916,50.000000000000014,30.58995779448861,50.0,50.00000000000001,50.0,49.99999999999999,0.29930700410276767,0.43472723840112953,0.26596575749610274,0.5,0.49999999999999994
20191221_Brighton_SheffieldUnited,23.684576414335524,55.578873715574005,44.21662926920766,50.00000000000001,50.0,49.99999999999999,49.99999999999999,0.19180888552704362,0.45010396807350417,0.3580871463994522,0.5,0.5
20191221_Newcastle_CrystalPalace,38.297794787663136,49.99999999999999,29.37346095162298,50.00000000000001,23.28622560780587,23.28622560780587,50.000000000000014,0.3254643162176854,0.4249126066163568,0.2496230771659579,0.31774355159758155,0.6822564484024184
20191221_Norwich_Wolves,26.24386904115338,50.0,40.62708870614594,43.15672782537112,50.0,43.15672782537112,50.0,0.22455423953911965,0.4278222833435744,0.347623477117306,0.4632701129892783,0.5367298870107218
20191221_ManCity_Leicester,32.5312494722123,50.89972603616044,46.196028945077146,50.0,70.96819133771508,50.0,49.99999999999999,0.2509604353612486,0.3926629813808506,0.35637658325790067,0.5,0.49999999999999994
20191222_Watford_ManUnited,19.18421052631579,28.177303516106715,69.25651867512333,50.0,49.99999999999999,50.0,50.0,0.16450466603892056,0.24162046691658245,0.5938748670444969,0.5,0.5
20191222_Tottenham_Chelsea,66.14882680317058,30.62763162377706,22.38726884478089,65.78545671390205,49.99999999999999,50.0,50.0,0.5551087425482395,0.25702143030434926,0.1878698271474112,0.5,0.5
20191226_Bournemouth_Arsenal,27.323961926606298,50.0,40.11498597449927,50.0,50.0,50.0,49.99999999999999,0.2326652479006845,0.42575313295640743,0.34158161914290813,0.5,0.49999999999999994
20191226_Tottenham_Brighton,50.0,50.0,19.9035258175737,50.0,49.99999999999999,50.0,50.0,0.4170019159909619,0.4170019159909619,0.1659961680180762,0.5,0.5
20191226_AstonVilla_Norwich,35.32228406262745,50.0,31.940845870919983,50.000000000000014,50.0,56.760708166582624,49.99999999999999,0.30122242244978836,0.4263914840780286,0.2723860934721829,0.5316629042776376,0.4683370957223623
20191226_Leicester_Liverpool,56.42681374367017,36.507055125058805,74.46077115985334,50.0,76.27856490721146,50.0,49.99999999999999,0.33708853362351027,0.21808974958114127,0.4448217167953484,0.5,0.49999999999999994
20191226_Chelsea_Southampton,42.82168346121099,38.62159858965928,36.6335025332772,50.0,49.999999999999986,50.00000000000001,50.00000000000001,0.36265963383084926,0.32708884075459876,0.3102515254145519,0.5,0.5
20191226_SheffieldUnited_Watford,63.2342878307446,36.76571216925541,19.771633700671927,49.99999999999999,19.561433433613775,19.561433433613775,49.99999999999999,0.527957128720286,0.30696510545342215,0.16507776582629186,0.2812109019041752,0.7187890980958247
20191226_ManUnited_Newcastle,40.402843030975,58.98456551241328,33.60230015786214,50.0,49.99999999999999,49.99999999999999,49.99999999999999,0.3038042824932897,0.44352729311496475,0.25266842439174536,0.5,0.5
20191226_Everton_Burnley,41.747146599907055,67.71652614355975,26.4685789775787,49.99999999999999,50.00000000000001,50.00000000000001,50.00000000000001,0.3071173034459755,0.4981637932587535,0.19471890329527106,0.5,0.5
20191226_CrystalPalace_WestHam,49.99999999999999,52.85253182610832,20.811713513919287,50.0,21.219659381447322,21.219659381447322,50.0,0.40432058484261024,0.4273873315668958,0.16829208359049405,0.29794665638312545,0.7020533436168747
20191227_Wolves_ManCity,32.343458402956195,34.93145256497863,50.94736940875369,49.999999999999986,54.900383210294336,50.0,49.99999999999999,0.273581750410338,0.2954726677042387,0.43094558188542326,0.5,0.49999999999999994
20191228_Newcastle_Everton,42.738112287353104,49.99999999999999,28.458805688777208,49.99999999999999,49.999999999999986,49.999999999999986,50.00000000000001,0.3526336560453655,0.4125517450026863,0.23481459895194828,0.49999999999999983,0.5000000000000001
20191228_Brighton_Bournemouth,40.036103729695654,60.57140302777098,26.410262527319006,49.99999999999999,50.0,50.0,50.00000000000001,0.3152008097381319,0.4768734592713895,0.20792573099047854,0.5,0.5000000000000001
20191228_Watford_AstonVilla,39.6542546797279,64.07010813988487,27.90090592710014,50.0,35.0836690958009,23.66759815150495,50.00000000000001,0.3012662770401234,0.4867614611535971,0.21197226180627962,0.32127555051856194,0.6787244494814381
20191228_Norwich_Tottenham,19.18421052631579,29.490855854574647,69.25651867512333,50.0,49.99999999999999,50.0,50.00000000000001,0.162672370741086,0.25006749328915934,0.5872601359697546,0.5,0.5000000000000001
20191228_Southampton_CrystalPalace,34.28629910938455,61.19160103769451,31.364099423580075,49.99999999999999,50.00000000000001,50.00000000000001,50.00000000000001,0.2703071476753635,0.48242381265526224,0.24726903966937436,0.5,0.5
20191228_Burnley_ManUnited,23.71594465738123,55.55163612153799,44.448363878462025,50.0,53.85849031870789,50.0,50.00000000000001,0.19169675115895637,0.4490256795547462,0.3592775692862974,0.5,0.5000000000000001
20191228_WestHam_Leicester,33.52375600704071,50.0,41.76003061824884,50.00000000000001,68.07466122800359,50.0,50.0,0.2675825572490612,0.3990939398211572,0.3333235029297817,0.5,0.5
20191229_Arsenal_Chelsea,39.93073197712896,50.0,30.411819018638862,50.0,49.99999999999999,50.0,50.0,0.3318089208407526,0.4154806391112516,0.2527104400479958,0.5,0.5
20191229_Liverpool_Wolves,69.80659497086098,30.193405029139033,19.18421052631579,69.38464442306338,75.49999999999997,50.0,50.0,0.5857033801926953,0.25333393488789646,0.16096268491940824,0.5,0.5
20191229_ManCity_SheffieldUnited,46.587160505931394,35.421373974836165,35.421373974836165,50.0,50.000000000000014,50.0,50.0,0.39672312717117053,0.3016384364144147,0.3016384364144147,0.5,0.5
20200101_Watford_Wolves,31.043908467010702,50.00000000000001,33.58711214709944,50.0,50.00000000000001,50.0,50.0,0.2708159475567772,0.4361821061361588,0.2930019463070639,0.5,0.5
20200101_Brighton_Chelsea,36.218937665657656,45.05419029087635,34.26903193976121,50.0,50.0,50.0,50.0,0.31346945303918444,0.38993723443732314,0.2965933125234923,0.5,0.5
20200101_Burnley_AstonVilla,49.39437201354218,53.58450458177865,19.694441849313318,50.0,50.0,75.54286474715215,50.0,0.4026496767170705,0.43680651392798847,0.16054380935494106,0.6017296554391857,0.39827034456081434
20200101_Newcastle_Leicester,28.564042716957655,50.0,38.79576491586448,50.0,51.76407455938836,50.00000000000001,50.0,0.24338862931954158,0.42604023480025244,0.330571135880206,0.5000000000000001,0.5
20200101_ManCity_Everton,49.77786409156501,31.992373556606225,31.992373556606225,49.99999999999999,50.0,50.0,50.0,0.43755908522495823,0.2812204573875209,0.2812204573875209,0.5,0.5
20200101_Norwich_CrystalPalace,21.940275189810794,50.0,46.34857636165571,23.084837894226915,50.0,23.009370105238656,50.0,0.18548049881323567,0.4226941029877648,0.39182539819899953,0.3151563980359236,0.6848436019640763
20200101_WestHam_Bournemouth,38.59097410953097,50.0,29.24829968629064,50.00000000000001,50.0,50.0,49.99999999999999,0.3274882207471593,0.42430675605345525,0.24820502319938548,0.5,0.49999999999999994
20200101_Arsenal_ManUnited,38.08061466582699,38.64336509621573,43.38625235792155,39.73442753032672,50.76658275757905,23.79115976314819,50.0,0.31704721565930083,0.3217324986735462,0.36122028566715303,0.32241205910724363,0.6775879408927564
20200101_Southampton_Tottenham,29.016955566144546,52.550083624930984,35.76092441422691,50.0,49.99999999999999,50.0,50.0,0.2473149168748819,0.4478905284823001,0.30479455464281796,0.5,0.5
20200102_Liverpool_SheffieldUnited,74.52514541965016,25.474854580349856,19.18421052631579,72.92816538156183,23.946668194530137,23.946668194530137,50.000000000000014,0.6252937791889391,0.21374353589165254,0.16096268491940824,0.32383701361005307,0.676162986389947
20200110_SheffieldUnited_WestHam,44.950841579437736,63.58288265027211,23.620492164532305,50.0,49.99999999999999,50.0,50.0,0.34013929185082137,0.48112640205585117,0.1787343060933274,0.5,0.5
20200111_Chelsea_Burnley,53.4927233574524,46.50727664254759,19.24969430775706,50.0,24.5,24.5,50.0,0.4485774464075315,0.3899991267275085,0.16142342686496006,0.3288590604026846,0.6711409395973155
20200111_CrystalPalace_Arsenal,41.20275468481729,67.42578616758092,27.166183827859104,50.00000000000001,50.0,50.00000000000001,50.00000000000001,0.3034194058851213,0.4965272865079397,0.20005330760693896,0.5,0.5
20200111_Wolves_Newcastle,49.99999999999999,59.63320900731565,19.73175207962189,50.00000000000001,50.0,50.0,50.0,0.3865034208636938,0.4609687855681428,0.15252779356816334,0.5,0.5
20200111_Everton_Brighton,49.99999999999999,61.667942358694035,20.74234979802226,49.99999999999999,50.0,50.0,50.0,0.3776141505738972,0.46573375342836615,0.1566520959977365,0.5,0.5
20200111_Tottenham_Liverpool,19.18421052631579,19.18421052631579,80.8157894736842,50.0,69.28684520488427,50.0,50.0,0.1609626849194083,0.1609626849194083,0.6780746301611835,0.5,0.5
20200111_Leicester_Southampton,37.5024672031247,41.494273947713864,38.10807206434576,50.0,50.0,50.0,50.0,0.32024701780799186,0.35433448727224076,0.3254184949197673,0.5,0.5
20200111_ManUnited_Norwich,50.96748274252898,49.03251725747104,20.192272329819065,49.999999999999986,50.0,50.0,50.0,0.4240495811799725,0.40795066360773286,0.16799975521229468,0.5,0.5
20200112_Bournemouth_Watford,30.482615303338342,30.482615303338342,52.27485061239522,20.811518503786917,50.0,20.811518503786917,50.0,0.2691857421434316,0.2691857421434316,0.4616285157131368,0.2939001866295798,0.7060998133704203
20200112_AstonVilla_ManCity,19.18421052631579,28.083849385091472,71.91615061490853,50.00000000000001,77.70603986490931,49.999999999999986,50.0,0.16096268491940827,0.23563397585194876,0.603403339228643,0.49999999999999994,0.5000000000000001
20200118_Watford_Tottenham,55.239231367458025,29.674201263633222,29.674201263633222,54.0019839130997,50.0,49.99999999999999,49.99999999999999,0.482069744264099,0.2589651278679505,0.2589651278679505,0.5,0.5
20200118_Arsenal_SheffieldUnited,49.99999999999999,49.99999999999999,19.640722920362013,50.00000000000001,24.500000000000004,24.500000000000004,49.99999999999999,0.41791790269674434,0.41791790269674434,0.16416419460651138,0.3288590604026846,0.6711409395973154
20200118_Brighton_AstonVilla,38.438857998865316,63.4016080198736,28.705845370541386,50.0,40.96385712285038,32.0717990792599,50.0,0.29444614397601193,0.48566372611489783,0.21989012990909018,0.39077733690578564,0.6092226630942142
20200118_ManCity_CrystalPalace,70.31488961446072,29.68511038553926,19.6057105592165,80.24076082112609,37.3652410429518,23.70778598663141,49.99999999999999,0.5878890672168031,0.24819141366032216,0.16391951912287467,0.3216456127298595,0.6783543872701404
20200118_Norwich_Bournemouth,48.74153299918368,50.0,27.734760228865674,50.0,50.0,79.11719863944357,50.0,0.3853807836643176,0.3953310041261648,0.21928821220951772,0.6127549193533566,0.38724508064664337
20200118_Southampton_Wolves,52.49592180072686,39.76206419633927,31.519184805944207,49.99999999999999,50.0,49.99999999999999,49.99999999999999,0.42411634924402497,0.32123907775869304,0.254644572997282,0.5,0.5
20200118_WestHam_Everton,34.814471559076345,43.87583500264001,39.42913391599288,50.00000000000001,49.99999999999999,49.99999999999999,49.99999999999999,0.2947395569965159,0.37145312257824303,0.3338073204252411,0.5,0.5
20200118_Newcastle_Chelsea,19.828371024708094,33.35628100494927,66.64371899505073,21.973119396743378,50.00000000000001,21.973119396743378,50.0,0.16547309168226587,0.27836714060037876,0.5561597677173554,0.30529619364723004,0.6947038063527698
20200119_Burnley_Leicester,20.54742126396758,37.764813631897105,63.62206576810271,50.0,76.5220943148324,50.0,50.0,0.1685122328342472,0.3097144398766944,0.5217733272890583,0.5,0.5
20200119_Liverpool_ManUnited,73.55821255224267,26.441787447757317,19.18421052631579,73.61951805526665,50.0,50.0,50.00000000000001,0.6171808516196117,0.22185646346097992,0.1609626849194083,0.5,0.5000000000000001
20200121_AstonVilla_Watford,35.683526896644636,49.247714770872456,33.91438292386956,21.6730571661998,50.0,28.199284013525038,50.0,0.3002510779789431,0.41438391139930686,0.2853650106217499,0.3606079565721829,0.639392043427817
20200121_Bournemouth_Brighton,35.74851139147837,45.20445029304059,36.34412327684597,23.008563649250025,50.0,23.008563649250025,50.0,0.30476896679276505,0.3853842600430346,0.3098467731642003,0.31514883322165427,0.6848511667783458
20200121_CrystalPalace_Southampton,38.76751665692145,64.11319532083463,29.42024055998029,49.99999999999999,50.00000000000001,49.99999999999999,49.99999999999999,0.2930252270546861,0.4846011619043146,0.22237361104099923,0.5,0.5
20200121_Everton_Newcastle,67.31824190791005,49.99999999999999,20.413237475981674,49.99999999999999,27.018014301643163,27.018014301643163,50.0,0.488764385665803,0.3630252156127476,0.14821039872144937,0.3508012319796557,0.6491987680203443
20200121_SheffieldUnited_ManCity,20.701443032753755,34.06540026845884,65.93459973154114,50.0,53.712436299037385,50.0,50.0,0.17150949079487127,0.28222860814691997,0.5462619010582088,0.5,0.5
20200121_Chelsea_Arsenal,46.31866777460453,62.100584802931756,22.38498962458274,46.03787687218585,37.07295963595334,43.74911674817853,53.833554200342725,0.354106770505446,0.47475971541483947,0.17113351407971467,0.44832874856702715,0.5516712514329729
20200122_Tottenham_Norwich,37.81807317957028,50.0,29.25925195351778,50.00000000000001,22.60006747815552,22.60006747815552,49.99999999999999,0.32301791261954826,0.4270681786004449,0.2499139087800069,0.31129540595751665,0.6887045940424834
20200122_ManUnited_Burnley,57.09769976899648,50.0,20.004228230972554,59.90028693024186,24.314702538834712,37.03772484633994,50.0,0.4492276448317164,0.3933850633643589,0.1573872918039247,0.4255364545859614,0.5744635454140385
20200122_Leicester_WestHam,50.0,50.0,19.774385773480525,50.00000000000001,50.0,50.0,50.0,0.4174515250243979,0.4174515250243979,0.16509694995120408,0.5,0.5
20200123_Wolves_Liverpool,19.18421052631579,19.18421052631579,76.25946547884186,50.0,69.59319081236237,50.0,50.0,0.16736076278479034,0.16736076278479034,0.6652784744304193,0.5,0.5
20200129_WestHam_Liverpool,19.18421052631579,19.18421052631579,80.8157894736842,24.081117493132805,72.39920512919588,40.017061660484096,50.0,0.1609626849194083,0.1609626849194083,0.6780746301611835,0.44454974337438163,0.5554502566256183
20200201_Leicester_Chelsea,50.0,66.49818940918347,19.61760128838661,49.99999999999999,50.0,50.0,50.0,0.3673343095886126,0.48854132991030397,0.14412436050108343,0.5,0.5
20200201_Bournemouth_AstonVilla,31.872343024626726,53.30091758237344,34.419211439203266,50.0,50.0,77.12180932023051,50.0,0.26650793715772636,0.44568789883180215,0.28780416401047154,0.6066764604172223,0.39332353958277766
20200201_CrystalPalace_SheffieldUnited,41.21298458243326,67.3309947111176,27.016341673747164,24.342027752765908,50.0,21.63263519808337,50.0,0.30401952642451546,0.49668659848747504,0.19929387508800947,0.3019941279315407,0.6980058720684594
20200201_Liverpool_Southampton,69.25651867512333,29.668358180704637,30.743481324876676,76.71312832420044,50.0,50.0,49.99999999999999,0.5341050017661833,0.2288018341325729,0.23709316410124387,0.5,0.49999999999999994
20200201_Newcastle_Norwich,49.99999999999999,60.39293383166688,20.48203034516913,49.99999999999999,50.0,50.0,50.0,0.3820440396257977,0.46145520811807045,0.15650075225613172,0.5,0.5
20200201_Watford_Everton,54.690537785996035,50.0,28.720733408139374,50.0,50.0,50.0,50.0,0.40993940988998057,0.3747809278216212,0.21527966228839815,0.5,0.5
20200201_WestHam_Brighton,36.54774213418594,50.00000000000001,31.317695338229527,49.99999999999999,50.00000000000001,49.99999999999999,50.00000000000001,0.31008023147361885,0.42421256877531816,0.26570719975106305,0.49999999999999994,0.5000000000000001
20200201_ManUnited_Wolves,47.087483391260335,63.583329429847,21.507953747772515,49.99999999999999,50.0,50.0,50.0,0.356240904750178,0.4810404203364465,0.16271867491337558,0.5,0.5
20200202_Burnley_Arsenal,32.61982494059389,58.54132580812021,30.85703230618502,50.00000000000001,50.0,50.00000000000001,50.00000000000001,0.26733577016072585,0.47977542643608256,0.25288880340319153,0.5,0.5
20200202_Tottenham_ManCity,20.922972298433226,24.360095490405495,78.14246724627445,41.77511484950305,76.01039224661578,24.00172671742871,50.00000000000001,0.16951899209900834,0.19736674006294827,0.6331142678380434,0.3243400901857048,0.6756599098142952
20200208_Everton_CrystalPalace,68.67710187555402,36.30908156406081,20.503780663592536,50.0,24.5,24.5,50.0,0.5472716672312661,0.28933852857108916,0.1633898041976449,0.3288590604026846,0.6711409395973155
20200208_Brighton_Watford,36.62303895650271,67.10532796280307,30.730019163538635,49.99999999999999,50.00000000000001,50.0,50.0,0.27237452436724924,0.49907878502615066,0.22854669060660016,0.5,0.5
20200209_SheffieldUnited_Bournemouth,49.99999999999999,49.99999999999999,19.753939413335456,50.0,21.367316727786402,21.367316727786402,49.999999999999986,0.4175227992076571,0.4175227992076571,0.1649544015846857,0.29939918869707455,0.7006008113029254
20200214_Wolves_Leicester,35.801553997533986,64.60234159473191,31.96565829958767,49.99999999999999,50.0,50.0,50.0,0.2704666816871196,0.4880453223217196,0.24148799599116072,0.5,0.5
20200215_Southampton_Burnley,46.18418575649533,64.80077723217332,22.505660361800253,49.999999999999986,50.0,50.0,50.0,0.3459732571271501,0.48543317579725487,0.16859356707559486,0.5,0.5
20200215_Norwich_Liverpool,19.18421052631579,19.18421052631579,80.8157894736842,19.18421052631579,69.29633199077544,19.18421052631579,50.0,0.1609626849194083,0.1609626849194083,0.6780746301611835,0.27729174591099276,0.7227082540890072
20200216_AstonVilla_Tottenham,28.704951803140222,51.03427913511659,36.8636273681427,23.5521657969652,50.0,41.29896671067472,49.99999999999999,0.24617708536536628,0.4376760559420667,0.31614685869256703,0.45234867598831247,0.5476513240116876
20200216_Arsenal_Newcastle,50.00000000000001,52.646380526081366,24.35357426983926,50.00000000000001,21.757448670249886,21.757448670249886,49.99999999999999,0.39370092753455105,0.4145385768891031,0.19176049557634584,0.3032082253959841,0.6967917746040159
20200217_Chelsea_ManUnited,50.0,65.30709993877457,19.954251347739135,50.00000000000001,50.0,50.0,50.0,0.36965474264772685,0.48282158441874184,0.14752367293353133,0.5,0.5
20200219_ManCity_WestHam,72.97006069134596,22.91983287612625,19.18421052631579,79.77971073713431,50.0,50.00000000000001,50.0,0.6341136545531887,0.19917454979659077,0.1667117956502205,0.5000000000000001,0.5
20200222_CrystalPalace_Newcastle,34.042885405048025,50.0,30.363130999816352,50.0,50.0,75.56745101472052,50.00000000000001,0.2975620205547212,0.43703995271593143,0.2653980267293474,0.6018076372822253,0.39819236271777475
20200222_Chelsea_Tottenham,34.757798568399046,34.757798568399046,45.18685015607891,50.00000000000001,50.0,50.00000000000001,50.00000000000001,0.3030257800833993,0.3030257800833993,0.39394843983320144,0.5,0.5
20200222_Burnley_Bournemouth,54.46706935176525,61.573227729533514,21.422595799711395,50.000000000000014,26.864438993714014,29.91363012631683,50.0,0.39623107160208476,0.4479261743955307,0.15584275400238448,0.37432450608279644,0.6256754939172036
20200222_Southampton_AstonVilla,50.00000000000001,50.00000000000001,20.30913437051217,50.0,50.0,51.170678514875654,50.0,0.4155960414943774,0.4155960414943774,0.1688079170112452,0.5057856610831345,0.49421433891686556
20200222_Leicester_ManCity,20.629540182578925,49.999999999999986,52.53510125952363,50.000000000000014,49.99999999999999,50.0,50.0,0.16749563787977653,0.4059606670759,0.4265436950443235,0.5,0.5
20200222_SheffieldUnited_Brighton,62.87395333192056,37.12604666807944,20.220037365681787,49.99999999999999,50.0,49.99999999999999,49.99999999999999,0.5229906320913245,0.3088174607295331,0.16819190717914242,0.5,0.5
20200223_ManUnited_Watford,50.0,53.32656125452881,19.228157688027558,48.44852325812693,50.0,48.530144686065704,50.00000000000001,0.4079810262013322,0.43512450368821737,0.15689447011045038,0.4925410882191561,0.5074589117808439
20200223_Wolves_Norwich,50.0,50.0,19.50187961662644,50.000000000000014,23.07039711013768,23.07039711013768,50.0,0.41840346076902574,0.41840346076902574,0.16319307846194847,0.3157283663774824,0.6842716336225176
20200223_Arsenal_Everton,31.69895704730895,67.14924200185162,32.85075799814837,49.999999999999986,78.18150355332229,50.0,50.0,0.24069254425395367,0.509869200997015,0.24943825474903122,0.5,0.5
20200224_Liverpool_WestHam,70.7668084025596,19.18421052631579,19.18421052631579,80.72098526410984,23.575561748902487,43.3140200443188,50.0,0.6484323050937011,0.17578384745314946,0.17578384745314946,0.46417483700463374,0.5358251629953663
20200228_Norwich_Leicester,31.477495852201695,35.905808378177404,50.73214734489525,50.0,50.0,50.0,50.0,0.2664976972309271,0.3039890877892028,0.42951321497987016,0.5,0.5
20200229_Bournemouth_Chelsea,35.95041884319474,43.22591635936957,37.92511054047059,50.0,50.0,50.0,50.0,0.30700234839186896,0.3691322176689745,0.3238654339391565,0.5,0.5
20200229_Brighton_CrystalPalace,34.072138917432,63.093330409955016,32.48946749292479,50.0,50.0,50.0,50.0,0.2627909106511881,0.4866249751630806,0.2505841141857313,0.5,0.5
20200229_Newcastle_Burnley,30.52162373187202,47.145054312736214,52.24400982020954,19.376780926814682,49.99999999999999,19.376780926814682,50.0,0.23494313080408102,0.3629035846672934,0.4021532845286257,0.27929778043831666,0.7207022195616832
20200229_Watford_Liverpool,19.18421052631579,19.18421052631579,70.7668084025596,50.0,69.4500390141557,50.0,50.0,0.17578384745314946,0.17578384745314946,0.6484323050937011,0.5,0.5
20200229_WestHam_Southampton,36.100120611469535,51.54604975216646,38.430701609331635,50.00000000000001,50.0,50.00000000000001,50.00000000000001,0.2863342026697,0.40884619792295085,0.3048195994073491,0.5,0.5
20200301_Everton_ManUnited,51.11009195733565,50.0,27.870978893532545,50.0,50.00000000000001,50.0,50.0,0.39626040953273434,0.38765378260668587,0.2160858078605799,0.5,0.5
20200301_Tottenham_Wolves,53.48315203692668,62.11493640804602,19.550313507396897,50.0,49.999999999999986,50.0,50.0,0.3957364738635664,0.4596054079125346,0.14465811822389896,0.5,0.5
20200307_Liverpool_Bournemouth,70.05961270474725,29.940387295252755,19.18421052631579,77.39051104600755,29.353829061483182,36.069152685246614,49.99999999999999,0.5878262933937725,0.2512110216868193,0.16096268491940827,0.419071776123449,0.580928223876551
20200307_Arsenal_WestHam,64.31348306723076,36.88537909447667,19.245651371164413,78.30637675333216,49.99999999999999,49.99999999999999,50.00000000000001,0.5339677265555002,0.30624374670590426,0.15978852673859542,0.49999999999999994,0.5000000000000001
20200307_CrystalPalace_Watford,49.99999999999999,66.76549435169535,20.152332915259784,50.00000000000001,50.0,50.00000000000001,50.00000000000001,0.365182540492062,0.4876318568912106,0.14718560261672742,0.5,0.5
20200307_SheffieldUnited_Norwich,50.0,50.0,19.926877964669185,50.000000000000014,20.02296848391561,20.02296848391561,50.0,0.416920717428583,0.416920717428583,0.16615856514283397,0.2859485811218489,0.7140514188781512
20200307_Southampton_Newcastle,50.0,67.14327768650544,19.291387706263578,49.99999999999999,50.0,50.0,50.0,0.36647577693000283,0.4921276971157801,0.141396525954217,0.5,0.5
20200307_Wolves_Brighton,64.19054226617968,35.80945773382034,21.71601491135217,49.99999999999999,32.89023168877576,32.89023168877576,50.0,0.5273795918551123,0.2942049800094176,0.17841542813547015,0.39679261378188974,0.6032073862181102
20200307_Burnley_Tottenham,34.063974541330616,62.57475201576766,32.10503255112477,50.0,50.0,50.0,50.0,0.26458738487429256,0.48604105122615554,0.249371563899552,0.5,0.5
20200308_Chelsea_Everton,42.5366464644906,65.21408988813724,25.847148423813792,50.00000000000001,50.0,50.0,50.0,0.3183931133016818,0.48813714376739115,0.1934697429309272,0.5,0.5
20200308_ManUnited_ManCity,45.88093665058269,40.27184279693211,40.93305847498463,50.0,75.96663728923193,50.0,50.0,0.36102320605197724,0.3168869439369872,0.3220898500110357,0.5,0.5
20200309_Leicester_AstonVilla,52.21667773096334,47.78332226903666,20.889995428688486,50.0,50.0,50.00000000000001,50.00000000000001,0.43193547609789856,0.3952628346092002,0.17280168929290132,0.5,0.5
20200617_AstonVilla_SheffieldUnited,19.18421052631579,30.64496349758858,69.35503650241142,20.36442468722359,50.0,20.36442468722359,50.0,0.16096268491940827,0.2571226789375946,0.5819146361429971,0.28941364585506596,0.710586354144934
20200617_ManCity_Arsenal,42.68462171206584,46.46371613992357,35.14104022393828,50.0,66.44072919696283,49.99999999999999,50.0,0.34342936116383205,0.37383497173458496,0.28273566710158304,0.49999999999999994,0.5
20200619_Norwich_Southampton,37.66569345185973,66.66747258077537,30.577042261674233,50.0,50.00000000000001,50.0,50.000000000000014,0.27919083313318493,0.4941618089814148,0.22664735788540039,0.49999999999999994,0.5000000000000001
20200619_Tottenham_ManUnited,38.54379143606195,57.20161259760644,41.48413784656482,50.0,50.0,50.0,50.0,0.2808709473773581,0.4168316225053715,0.3022974301172703,0.5,0.5
20200620_Watford_Leicester,30.198074514290347,50.0,35.54802652478648,50.0,50.00000000000001,50.00000000000001,50.00000000000001,0.26089928078091573,0.43197999372021695,0.3071207254988674,0.5,0.5
20200620_Brighton_Arsenal,20.3514803521503,49.99999999999999,49.99999999999999,50.0,49.99999999999999,50.0,50.0,0.169100374109247,0.41544981294537653,0.41544981294537653,0.5,0.5
20200620_WestHam_Wolves,20.40445102840729,36.65618942964432,63.34381057035571,50.0,50.0,50.0,50.0,0.1694659196909026,0.30444214575585693,0.5260919345532404,0.5,0.5
20200620_Bournemouth_CrystalPalace,24.34214075519325,38.86142158894574,61.13857841105425,22.939088260684926,50.0,22.66274378658947,50.00000000000001,0.1957674253262089,0.31253621139961485,0.4916963632741762,0.3118894581403362,0.6881105418596639
20200621_Newcastle_SheffieldUnited,31.293374392118313,60.771235167816336,39.22876483218363,19.18421052631579,22.606613951670848,19.18421052631579,60.5365812516607,0.23834694276847607,0.46286597057303236,0.29878708665849163,0.24064249863127407,0.7593575013687259
20200621_AstonVilla_Chelsea,19.18421052631579,28.98142433197512,69.33252201071359,50.0,79.96497157142855,50.00000000000001,50.0,0.16327243794729263,0.24665428892034214,0.5900732731323652,0.5000000000000001,0.5
20200621_Everton_Liverpool,19.18421052631579,27.616159044794635,72.38384095520536,50.0,78.19637750784526,49.99999999999999,50.0,0.1609626849194083,0.2317098793778309,0.6073274357027608,0.49999999999999994,0.5
20200622_ManCity_Burnley,63.796908321232166,30.395750732228116,24.45945641387913,50.0,24.37419893831497,47.01287074122974,50.0,0.5376803276532656,0.25617537970146814,0.20614429264526618,0.48460446930419127,0.5153955306958088
20200623_Leicester_Brighton,41.2636371418139,43.597725710313895,32.44601151125209,49.99999999999999,21.882733878335575,29.523659512299297,50.0,0.3517565486888543,0.3716537510699233,0.27658970024122226,0.3712562989852486,0.6287437010147513
20200623_Tottenham_WestHam,50.0,50.396240020008065,19.563008559799826,50.0,50.0,50.0,50.0,0.41680821272180124,0.4201113346127695,0.16308045266542928,0.5,0.5
20200624_ManUnited_SheffieldUnited,62.646964124549825,52.40514233651209,19.48783444959493,50.0,19.18421052631579,19.18421052631579,50.0,0.4656384096834963,0.3895136416873593,0.14484794862914427,0.27729174591099276,0.7227082540890072
20200624_Newcastle_AstonVilla,68.44972765509584,40.35848071352052,19.620301209266056,50.0,19.493646385151223,19.493646385151223,50.0,0.5329792261864266,0.3142486107342551,0.1527721630793184,0.2805097645490142,0.7194902354509858
20200624_Norwich_Everton,26.818445988916437,49.99999999999999,40.831836839048364,50.0,49.99999999999999,50.0,50.0,0.22795054414048416,0.4249883536031354,0.34706110225638037,0.5,0.5
20200624_Wolves_Bournemouth,69.25651867512333,25.351681922595077,19.18421052631579,50.0,20.45744204767813,20.673368509986865,50.00000000000001,0.608621594278668,0.22278886326577296,0.16858954245555902,0.29251992576334473,0.7074800742366553
20200624_Liverpool_CrystalPalace,51.93150838724684,30.568848248297545,30.568848248297545,50.0,23.114527224102662,38.09964956224301,49.99999999999999,0.4592895867676529,0.27035520661617357,0.27035520661617357,0.43246085258631306,0.5675391474136869
20200625_Burnley_Watford,50.00000000000001,65.22449354576008,19.696771581990166,50.00000000000001,50.0,50.00000000000001,50.00000000000001,0.370586504304251,0.48342634116276817,0.14598715453298092,0.5,0.5
20200625_Southampton_Arsenal,32.825414493993065,53.824237314505154,32.67941953794348,50.0,50.0,50.0,50.0,0.2750831304024213,0.4510572043105919,0.2738596652869867,0.5,0.5
20200625_Chelsea_ManCity,47.06282442141204,49.83819733481232,47.30283533498096,77.20538946101898,67.56373458059085,50.0,49.99999999999999,0.32636314569343305,0.3456093223865081,0.3280275319200589,0.5,0.49999999999999994
20200627_AstonVilla_Wolves,19.18421052631579,28.553108634536688,71.44689136546332,19.18421052631579,50.0,19.18421052631579,50.0,0.16096268491940827,0.23957123605926123,0.5994660790213305,0.27729174591099276,0.7227082540890072
20200628_Watford_Southampton,38.31206430686209,67.51305080186603,27.549091119773834,50.00000000000001,48.469039575383704,36.936306600266086,50.0,0.2872524260142501,0.506192709302427,0.206554864683323,0.4248662963116153,0.5751337036883848
20200629_CrystalPalace_Burnley,49.99999999999999,67.47779969491195,20.336749068606135,24.5,50.0,24.5,49.999999999999986,0.36280639779038965,0.48962754876264925,0.1475660534469611,0.32885906040268464,0.6711409395973154
20200630_Brighton_ManUnited,20.26574716806774,43.66012141206565,60.177013030942526,19.418763883959343,71.80330321250592,19.418763883959343,50.0,0.16329795815360879,0.3518058633714197,0.4848961784749715,0.27973364545095936,0.7202663545490406
20200701_Arsenal_Norwich,64.9134613649117,30.06349801298186,21.47917135399825,50.0,23.67943375823024,23.67943375823024,50.0,0.557406990571901,0.258152987086569,0.18444002234152987,0.3213845784419478,0.6786154215580523
20200701_Bournemouth_Newcastle,23.4322016018657,35.08376344196585,64.85300574595196,19.18421052631579,50.00000000000001,19.18421052631579,50.0,0.1899359413623817,0.28438077433382647,0.525683284303792,0.27729174591099276,0.7227082540890072
20200701_Everton_Leicester,35.895055342029586,61.8064687889606,29.55867720431224,24.27183076911866,50.0,46.62219872909749,50.0,0.2820603375241728,0.4856700534844689,0.23226960899135843,0.4825205733499558,0.5174794266500442
20200701_WestHam_Chelsea,19.18421052631579,27.53312231533636,69.97236571538535,23.962289951973183,80.29661260899938,45.31780132598797,50.0,0.16440363428429475,0.23595161060321249,0.5996447551124927,0.4754390123939239,0.5245609876060761
20200702_SheffieldUnited_Tottenham,32.961766416984524,55.74723981316459,33.49443801923961,23.241433902116782,50.0,23.241433902116782,50.0,0.26972862033018685,0.45618386744810135,0.2740875122217118,0.3173263092196925,0.6826736907803075
20200702_ManCity_Liverpool,40.27650986135393,50.0,38.706781968799504,50.0,50.0,50.0,50.0,0.3122614509977809,0.3876471075481662,0.30009144145405287,0.5,0.5
20200704_Leicester_CrystalPalace,34.73019571666742,61.92055389869238,32.23444941330313,50.0,21.0260108498893,21.0260108498893,50.000000000000014,0.26946612938033115,0.48043184450467274,0.25010202611499616,0.29603254636286624,0.7039674536371338
20200704_Wolves_Arsenal,57.07141163250997,62.47738625159382,19.86580428990606,50.00000000000001,50.0,50.0,49.99999999999999,0.4093646629732264,0.44814090688730646,0.14249443013946722,0.5,0.49999999999999994
20200704_Norwich_Brighton,30.736973400612985,50.0,34.51857102245681,50.0,50.0,50.0,50.0,0.26668542111767257,0.4338186093370437,0.2994959695452838,0.5,0.5
20200704_Chelsea_Watford,68.02773915546565,33.87170180373635,20.928329437815986,50.0,50.0,50.0,50.0,0.5538465685372176,0.27576582799030186,0.17038760347248055,0.5,0.5
20200704_ManUnited_Bournemouth,69.25651867512333,19.18421052631579,19.18421052631579,78.65311125260999,19.652072606357,29.94088026716383,50.00000000000001,0.6434987917327778,0.17825060413361105,0.17825060413361105,0.37453778551225453,0.6254622144877455
20200705_Burnley_SheffieldUnited,61.671953527394315,50.0,27.434888248968722,50.00000000000001,21.819102693774884,27.46730678762573,49.99999999999999,0.4433423456377656,0.3594359512552457,0.1972217031069887,0.35456643488235007,0.64543356511765
20200705_Newcastle_WestHam,65.43457143918315,45.05091484264965,21.359751052015667,50.0,50.0,49.99999999999999,49.99999999999999,0.49629833251765265,0.3416954283193041,0.16200623916304338,0.5,0.5
20200705_Liverpool_AstonVilla,70.19916608458563,29.80083391541438,19.18421052631579,49.99999999999999,50.0,50.0,50.0,0.5889971983250726,0.2500401167555192,0.16096268491940827,0.5,0.5
20200705_Southampton_ManCity,26.28721327206737,30.20826296488047,61.022327908228625,50.0,50.0,50.0,50.0,0.22368706991489795,0.25705264989092613,0.519260280194176,0.5,0.5
20200706_Tottenham_Everton,32.11917342438312,59.32028214200716,31.52404351849368,50.000000000000014,49.999999999999986,49.999999999999986,49.999999999999986,0.26120900644028244,0.48242187790262275,0.25636911565709475,0.5,0.5
20200707_CrystalPalace_Chelsea,22.963473326976704,35.99273148426744,64.00726851573255,50.0,62.36817764796797,50.0,50.0,0.18675036338566728,0.2927107580033775,0.5205388786109552,0.5,0.5
20200707_Watford_Norwich,50.0,55.28945387535053,33.91514153210589,50.0,50.0,77.15124160392915,50.0,0.3591835445780246,0.39718124041463204,0.2436352150073434,0.6067675048290293,0.3932324951709707
20200707_Arsenal_Leicester,68.11559260559865,50.0,23.19440764455386,50.0,50.0,50.0,50.0,0.48202952717442327,0.3538319999397639,0.16413847288581282,0.5,0.5
20200708_SheffieldUnited_Wolves,30.03136528260819,49.99999999999999,34.02178447375678,21.58641343164172,50.0,27.66651192616568,49.999999999999986,0.2633102667200318,0.438392101461535,0.2982976318184332,0.3562218933234324,0.6437781066765675
20200708_ManCity_Newcastle,48.592387059384414,32.24893611408254,32.24893611408254,50.00000000000001,76.15087295620837,50.0,50.0,0.4296779171390062,0.2851610414304969,0.2851610414304969,0.5,0.5
20200708_Brighton_Liverpool,29.706944138560054,29.706944138560054,55.022323599574825,23.545991277441242,50.0,23.545991277441242,49.99999999999999,0.25959391394892817,0.25959391394892817,0.4808121721021437,0.3201532927691126,0.6798467072308875
20200708_WestHam_Burnley,30.705156066288815,64.5450616622431,35.45493833775687,50.00000000000001,50.0,50.00000000000001,50.0,0.23491924106434103,0.49382184762097864,0.2712589113146802,0.5000000000000001,0.5
20200709_Bournemouth_Tottenham,19.18421052631579,25.33026783464243,69.25651867512333,50.00000000000001,50.0,50.00000000000001,50.00000000000001,0.16862127454356116,0.22264257582808333,0.6087361496283555,0.5,0.5
20200709_Everton_Southampton,33.91447244466689,55.962521838090815,33.19502056786643,38.52586064185331,50.00000000000001,38.52586064185331,50.0,0.27556607800587174,0.45471362361308587,0.26972029838104244,0.43519329111881044,0.5648067088811896
20200709_AstonVilla_ManUnited,19.18421052631579,21.917068557835925,70.04763547023599,19.18421052631579,72.6706676388094,23.677613958827774,50.0,0.1725991711500567,0.1971865280529699,0.6302143007969734,0.321367816987928,0.678632183012072
20200711_Norwich_WestHam,29.432661082287414,48.2022204110812,40.96544234837572,50.0,50.0,77.23261145833959,50.0,0.24816678512245224,0.4064257065216818,0.345407508355866,0.6070189912248107,0.39298100877518927
20200711_Watford_Newcastle,29.909326203373446,64.24806795958652,35.751932040413465,50.00000000000001,50.00000000000001,69.57993570309918,50.0,0.23023232494140033,0.4945608590025783,0.2752068160560213,0.5818696530817408,0.4181303469182593
20200711_Liverpool_Burnley,68.1134658364434,30.730117256064087,20.40519162703342,75.96663728923193,34.6493472732039,23.81836205989456,50.0,0.5711879723430137,0.25769755142841266,0.17111447622857368,0.3226617523776656,0.6773382476223345
20200711_SheffieldUnited_Chelsea,41.11858231293717,50.00000000000001,48.57327709466521,50.0,71.36585420404924,50.0,50.0,0.29435202944044564,0.35793066404898094,0.3477173065105734,0.5,0.5
20200711_Brighton_ManCity,27.03330173278144,29.906374353996036,59.851941439030306,19.18421052631579,50.0,19.18421052631579,50.0,0.2314661129409207,0.2560661029237611,0.5124677841353182,0.27729174591099276,0.7227082540890072
20200712_AstonVilla_CrystalPalace,32.49107477677678,49.999999999999986,32.973722926999976,50.0,50.0,77.96372255585352,50.0,0.2813937704211127,0.43303241329252795,0.28557381628635925,0.6092642586403656,0.3907357413596344
20200712_Wolves_Everton,40.391935317203995,66.4952769245717,27.8668998609361,24.5,22.394595877289454,22.394595877289454,50.089106305840204,0.29974547482763714,0.4934563842763321,0.2067981408960306,0.3089604311422951,0.691039568857705
20200712_Bournemouth_Leicester,20.635516616507203,28.25348823309896,66.40538039455367,19.343578919836094,50.0,19.343578919836094,49.99999999999999,0.17898110625948702,0.2450551965151323,0.5759636972253807,0.2789527050831633,0.7210472949168367
20200712_Tottenham_Arsenal,50.282027869978194,52.65153910739136,33.388459980532566,23.85938503098396,52.93883005187892,36.864081877430856,49.99999999999999,0.36884741954068717,0.3862291390638637,0.24492344139544905,0.4243880909194176,0.5756119090805825
20200713_ManUnited_Southampton,66.29508255623064,50.0,19.389277071893527,72.32350096192637,50.0,50.0,50.00000000000001,0.48859782172336125,0.36850231034024195,0.14289986793639692,0.5,0.5000000000000001
20200714_Chelsea_Norwich,69.25651867512333,19.18421052631579,19.18421052631579,79.57873526533658,50.0,54.45836248059526,50.0,0.6434987917327778,0.17825060413361105,0.17825060413361105,0.5213403808690925,0.47865961913090743
20200715_Burnley_Wolves,45.56732361940828,58.48978500437136,29.552622193182422,21.80023325977349,50.0,29.019791584502393,49.99999999999999,0.34104794119997883,0.4377659070692922,0.22118615173072895,0.3672471288850355,0.6327528711149645
20200715_ManCity_Bournemouth,69.25651867512333,30.140957955030448,19.18421052631579,80.65988007240698,50.0,50.0,50.0,0.5840405912233206,0.2541788591290592,0.1617805496476202,0.5,0.5
20200715_Newcastle_Tottenham,29.883463213889858,48.56525892705702,51.434741072942984,50.00000000000001,49.99999999999999,50.0,50.0,0.23007904527983122,0.3739141051935194,0.39600684952664944,0.5,0.5
20200715_Arsenal_Liverpool,49.83010836018412,32.863969709930544,50.43042941986898,50.0,50.0,50.0,50.0,0.37431205793518796,0.24686641347689678,0.3788215285879153,0.5,0.5
20200716_Leicester_SheffieldUnited,38.23529699801373,52.05026532713696,39.735618190579494,50.0,49.99999999999999,49.99999999999999,49.99999999999999,0.29406975729918067,0.4003214331748037,0.30560880952601577,0.5,0.5
20200716_Everton_AstonVilla,49.99999999999999,55.513375357640875,19.578583145418104,50.0,50.0,50.0,50.0,0.3997059491140456,0.4437805277170024,0.156513523168952,0.5,0.5
20200716_Southampton_Brighton,57.65075869791357,52.05811132491407,20.318718177554597,50.0,24.375168930801706,24.375168930801706,49.99999999999999,0.44337328328407843,0.4003620465888257,0.15626467012709588,0.3277326193837657,0.6722673806162344
20200716_CrystalPalace_ManUnited,19.18421052631579,29.088781535340093,70.4966978498622,19.18421052631579,80.20976005247535,29.102020309300006,50.0,0.16152446420132768,0.24491755057212716,0.5935579852265451,0.36790489289030825,0.6320951071096917
20200717_WestHam_Watford,50.00000000000001,64.5809221974715,19.38672638570768,50.00000000000001,50.0,50.0,50.0,0.37322443536773364,0.4820635644535766,0.14471200017868982,0.5,0.5
20200718_Norwich_Burnley,19.18421052631579,26.327366745306254,69.25651867512333,20.061383235425136,50.0,20.061383235425136,50.0,0.16715630217667493,0.22939621441069008,0.603447483412635,0.28634009648387154,0.7136599035161284
20200719_Bournemouth_Southampton,22.59109476365946,49.68185931111971,50.3181406888803,50.0,50.0,50.00000000000001,50.0,0.1842800637942936,0.40526483107847444,0.41045510512723193,0.5000000000000001,0.5
20200719_Tottenham_Leicester,63.19706394278047,50.0,19.741907937373387,49.999999999999986,49.99999999999999,49.99999999999999,50.0,0.47538402809187824,0.3761124318388413,0.14850354006928054,0.49999999999999994,0.5
20200720_Wolves_CrystalPalace,69.32273569214426,30.77303615774555,19.18421052631579,50.0,19.18421052631579,19.18421052631579,49.99999999999999,0.5811766091103397,0.25798994554415916,0.16083344534550104,0.2772917459109928,0.7227082540890072
20200720_Brighton_Newcastle,36.76567098491616,50.000000000000014,30.788643720666126,50.0,49.99999999999999,78.14531287526226,49.99999999999999,0.31275475576542383,0.42533530245339146,0.2619099417811847,0.6098179568325655,0.39018204316743466
20200720_SheffieldUnited_Everton,68.55885862557916,49.999999999999986,20.351480352150297,49.99999999999999,23.05462761461968,23.05462761461968,50.0,0.49354755830356684,0.35994440995508725,0.14650803174134583,0.3155806602182446,0.6844193397817555
20200721_Watford_ManCity,19.18421052631579,23.370373949843774,74.52848101265823,23.135192814486214,76.66011174729971,39.27935496164612,50.00000000000001,0.1638512832425626,0.19960507398976327,0.6365436427676742,0.4399601114784072,0.5600398885215927
20200721_AstonVilla_Arsenal,21.152910464977698,39.89175334727092,59.46857180738757,22.42595701795704,50.0,22.42595701795704,50.0,0.17552354607539128,0.33101553652726784,0.4934609173973408,0.30963977476192445,0.6903602252380755
20200722_ManUnited_WestHam,67.82564256279458,42.05763370643579,20.462804851793926,69.65404929949469,75.49999999999997,50.0,50.0,0.5203504545703951,0.32266128252360676,0.15698826290599815,0.5,0.5
20200722_Liverpool_Chelsea,44.65867195601075,36.5914012502097,36.5914012502097,49.99999999999999,50.0,50.000000000000014,50.000000000000014,0.37897244719661516,0.3105137764016924,0.3105137764016924,0.5,0.5
20200726_Chelsea_Wolves,50.33603820864291,49.99999999999999,24.253915343604604,50.0,50.0,50.0,50.0,0.40401362046847705,0.40131646713418356,0.19466991239733938,0.5,0.5
20200726_Arsenal_Watford,51.932008891051936,48.067991108948064,21.04869974795533,50.0,24.40515030177738,24.40515030177738,50.000000000000014,0.4290174863437898,0.39709630263715406,0.17388621101905616,0.3280035078592454,0.6719964921407545
20200726_Burnley_Brighton,54.79618733989811,48.32913248848486,19.20173037581684,49.99999999999999,19.18421052631579,19.18421052631579,49.99999999999999,0.44794824405907907,0.3950813201806905,0.15697043576023054,0.2772917459109928,0.7227082540890072
20200726_Southampton_SheffieldUnited,42.979259731499525,67.39722890159817,25.486746664451285,50.00000000000001,21.715533588212732,21.715533588212732,50.000000000000014,0.3163420894355435,0.4960667155761014,0.18759119498835514,0.30280097632546826,0.6971990236745317
20200726_CrystalPalace_Tottenham,19.18421052631579,30.075518216667515,69.9244817833325,19.18421052631579,77.94887607880565,27.791661158581253,50.0,0.16096268491940824,0.2523448205417013,0.5866924945388904,0.3572575870558529,0.6427424129441471
20200726_ManCity_Norwich,69.25651867512333,19.18421052631579,19.18421052631579,80.8157894736842,19.18421052631579,30.57909647736946,50.0,0.6434987917327778,0.17825060413361105,0.17825060413361105,0.37949167729818817,0.6205083227018119
20200726_Newcastle_Liverpool,19.18421052631579,19.18421052631579,75.61783666725445,49.99999999999999,56.34260800065132,59.28334881006931,50.0,0.16830283676353133,0.16830283676353133,0.6633943264729374,0.542473757032297,0.4575262429677029
20200726_Leicester_ManUnited,31.698422518845597,46.811915066217544,48.27430079354399,50.0,61.05422865387556,50.0,50.0,0.25001784856764003,0.369223871794521,0.38075827963783904,0.5,0.5
20200726_Everton_Bournemouth,49.99999999999999,49.99999999999999,19.85219379799844,50.0,40.13181788430954,23.417724320590963,50.00000000000001,0.41718051556295344,0.41718051556295344,0.16563896887409313,0.3189655432294999,0.6810344567705002
20200726_WestHam_AstonVilla,50.0,66.03366478461314,20.163539436860162,50.0,24.332012309743416,24.332012309743416,50.0,0.36711473106814946,0.48483862177695164,0.14804664715489887,0.3273423058742348,0.6726576941257651
20200912_Fulham_Arsenal,31.618470442631196,31.618470442631196,50.27990449356285,50.0,57.157442929933445,50.0,50.0,0.2785354925704191,0.2785354925704191,0.4429290148591617,0.5,0.5
20200912_CrystalPalace_Southampton,27.21805475537158,29.643694678710464,59.99355195609929,20.18599468304223,72.95646854593895,28.631088231286896,50.0,0.23292100941565458,0.25367864637762383,0.5134003442067216,0.3641191909626241,0.6358808090373759
20200912_Liverpool_Leeds,69.260040965128,30.73995903487201,19.18421052631579,50.702817680358336,50.00000000000001,50.0,50.0,0.5811175881375278,0.25791972694306387,0.16096268491940824,0.5,0.5
20200912_WestHam_Newcastle,69.0623445395134,49.08222096741469,19.2845800402299,50.0,44.15007618236073,44.15007618236073,49.99999999999999,0.5025305532138018,0.3571456460127114,0.14032380077348666,0.4689329841522993,0.5310670158477008
20200913_WestBrom_Leicester,38.72034028177585,65.57661461088577,27.515166321562123,50.0,50.00000000000001,50.00000000000001,50.00000000000001,0.29375401840963294,0.49750063959830615,0.20874534199206093,0.5,0.5
20200913_Tottenham_Everton,63.443578806542284,36.556421193457695,20.03768577101933,56.008836389522656,19.18421052631579,19.18421052631579,50.0,0.528530506057619,0.30454120269522483,0.16692829124715622,0.27729174591099276,0.7227082540890072
20200914_Brighton_Chelsea,33.27883732079203,44.046359879562786,44.882486850703295,50.0,50.0,50.0,50.0,0.2723137876247471,0.36042217984558417,0.3672640325296689,0.5,0.5
20200914_SheffieldUnited_Wolves,30.52288263234481,53.61049222072178,35.17063282378162,20.711652290676337,50.0,22.252690418021203,50.00000000000001,0.25584121796662823,0.4493603631986395,0.29479841883473235,0.3079842465280843,0.6920157534719156
20200919_Everton_WestBrom,69.74827503053862,42.114669179469246,19.18421052631579,50.0,23.162564523348472,23.162564523348472,50.0,0.5322379960929117,0.32137034385986485,0.14639166004722354,0.3165903857287093,0.6834096142712908
20200919_Leeds_Fulham,37.274290039984685,44.360122549181355,36.367074893041256,79.46179975033213,50.0,67.21174297299146,50.0,0.315879831986059,0.37592850306967646,0.30819166494426453,0.5734215810482295,0.42657841895177057
20200919_ManUnited_CrystalPalace,70.93207695617131,29.627579407321164,21.259892075790177,66.52965984808397,19.18421052631579,19.18421052631579,50.0,0.5822717114365705,0.24320874430172554,0.17451954426170393,0.27729174591099276,0.7227082540890072
20200919_Arsenal_WestHam,69.99127469533876,49.66944239710578,20.869017190069417,49.99999999999999,50.00000000000001,50.0,50.0,0.4980531348236366,0.3534443628652482,0.14850250231111506,0.5,0.5
20200920_Newcastle_Brighton,43.38239231896183,49.99999999999999,25.0623164355277,50.0,50.0,76.25713203060772,50.0,0.3662670352703068,0.42213789476775426,0.21159506996193903,0.6039827675803786,0.3960172324196214
20200920_Southampton_Tottenham,35.599709463163826,63.4725253718266,30.26260707892949,50.0,50.0,49.99999999999999,49.99999999999999,0.2752522749195268,0.490761224373486,0.23398650070698712,0.5,0.5
20200920_Leicester_Burnley,34.34447940256873,65.48632503050568,33.67074287396832,49.99999999999999,50.00000000000001,50.00000000000001,50.00000000000001,0.2572590362835212,0.49052858451065323,0.25221237920582557,0.5,0.5
20200920_Chelsea_Liverpool,58.64181419782948,36.94112352295535,45.379555198506665,66.93815367294587,61.426866057887224,49.99999999999999,50.0,0.41601005333670593,0.26206349474896207,0.32192645191433206,0.49999999999999994,0.5
20200921_AstonVilla_SheffieldUnited,54.690089273422586,41.013551463270154,30.152854147642177,50.0,21.93808178266999,21.93808178266999,50.0,0.43454324167921626,0.3258755259389877,0.23958123238179613,0.3049578365037099,0.69504216349629
20200921_Wolves_ManCity,49.19477993979661,42.22498674491634,70.71618553708062,50.0,80.8157894736842,50.0,50.0,0.3034168502769867,0.26042951095235656,0.4361536387706568,0.5,0.5
20200926_Brighton_ManUnited,37.881214423538225,41.67779034831629,46.623911623862455,50.00000000000001,50.0,50.0,50.0,0.3002087406566237,0.3302966165214657,0.36949464282191063,0.5,0.5
20200926_CrystalPalace_Everton,33.71149134331157,56.41513615389654,32.86037379654171,50.0,55.13198690929741,50.0,50.0,0.2741061330765594,0.45870812004880995,0.2671857468746306,0.5,0.5
20200926_WestBrom_Chelsea,19.18421052631579,30.538815146833326,69.46118485316667,49.99999999999999,77.2811278301187,59.77685017528653,49.99999999999999,0.1609626849194083,0.25623205466541543,0.5828052604151763,0.5445305643205982,0.4554694356794018
20200926_Burnley_Southampton,38.90235730850856,63.27190845526917,27.627964904480685,50.0,50.0,50.0,50.0,0.2997048441173028,0.4874485448326087,0.21284661105008865,0.5,0.5
20200927_ManCity_Leicester,72.97504603318174,33.695895170209276,22.073017006323774,69.5465593643345,50.0,50.0,50.0,0.5668230730820826,0.26172797262704206,0.1714489542908755,0.5,0.5
20200927_WestHam_Wolves,29.320298243662954,50.0,37.685052310074674,50.0,50.0,50.0,50.0,0.25058937992922703,0.4273308849840696,0.32207973508670334,0.5,0.5
20200927_SheffieldUnited_Leeds,30.66111057659615,46.897874495615675,51.2979875338035,50.0,50.00000000000001,50.0,50.0,0.23794684879291372,0.3639529436952361,0.3981002075118502,0.5,0.5
20200927_Tottenham_Newcastle,64.36021052545611,40.18344212950174,20.25262290919812,79.73333917936432,28.79411655903471,36.22828723857762,50.0,0.515722205927287,0.32199231866374095,0.16228547540897192,0.4201438808397144,0.5798561191602856
20200928_Fulham_AstonVilla,21.78491274287918,32.06807221990848,66.71363955305411,21.554074015415402,50.0,21.554074015415402,49.999999999999986,0.18068775525864345,0.26597802126984915,0.5533342234715074,0.30122776811802304,0.698772231881977
20200928_Liverpool_Arsenal,69.34403041260785,34.93265711592572,37.71399302086754,80.53421388343986,68.04279973393571,50.0,50.0,0.4883702940523749,0.24602077390404523,0.2656089320435799,0.5,0.5
20201003_Chelsea_CrystalPalace,48.039152007925075,49.99999999999999,20.864301097463176,50.0,50.0,50.0,50.0,0.40401814037601,0.42050923412361507,0.17547262550037485,0.5,0.5
20201003_Everton_Brighton,60.48908976496753,45.921083082299866,19.78095815326326,68.76523712311452,49.99999999999999,50.0,50.0,0.47934501644741706,0.36390103423438497,0.15675394931819794,0.5,0.5
20201003_Leeds_ManCity,50.03058172975763,33.449973607264276,46.378415952903694,50.00000000000001,80.8157894736842,50.0,50.0,0.3852685820070021,0.25758692891986057,0.3571444890731374,0.5,0.5
20201003_Newcastle_Burnley,41.82261982163596,49.99999999999999,26.577906127268886,50.00000000000001,49.99999999999999,50.00000000000001,50.00000000000001,0.35323001723560166,0.4222954214035945,0.22447456136080382,0.5,0.5
20201004_Leicester_WestHam,60.51793584849998,49.99999999999999,20.266462976133585,49.99999999999999,53.79980463886435,50.0,50.0,0.4627305427281689,0.3823085968154664,0.15496086045636467,0.5,0.5
20201004_Southampton_WestBrom,62.28829046844312,55.98879384006865,20.531292628220893,50.0,49.999999999999986,50.0,50.0,0.4487358172686757,0.4033531338356311,0.14791104889569331,0.5,0.5
20201004_Arsenal_SheffieldUnited,69.2843449677286,30.715655032271403,19.18421052631579,50.00000000000001,50.0,50.0,50.0,0.5813215077884051,0.2577158072921866,0.16096268491940827,0.5,0.5
20201004_Wolves_Fulham,68.20543046360162,29.35939563403634,19.7477566300426,50.0,50.0,76.4518191539161,49.99999999999999,0.5813991038107813,0.25026638192928324,0.16833451425993542,0.6045924816697148,0.39540751833028526
20201004_ManUnited_Tottenham,50.0,66.64428507742399,20.99527725373099,50.00000000000001,50.0,50.0,50.0,0.3632676474203115,0.4841942530816877,0.1525380994980007,0.5,0.5
20201004_AstonVilla_Liverpool,29.456232393577615,30.252670355466343,61.46510194723102,50.00000000000001,80.8157894736842,50.0,50.0,0.24309035974679752,0.24966303978559803,0.5072466004676045,0.5,0.5
20201017_Everton_Liverpool,29.895065517868243,29.895065517868243,55.925266778045774,80.8157894736842,52.917222815837654,50.0,50.0,0.2583499351225287,0.2583499351225287,0.48330012975494263,0.5,0.5
20201017_Chelsea_Southampton,67.68356963193233,50.0,20.011070780902198,49.99999999999999,50.0,50.0,50.0,0.491548323369771,0.3631223397663886,0.14532933686384036,0.5,0.5
20201017_ManCity_Arsenal,48.51657800709564,49.999999999999986,41.49217638196406,50.00000000000001,64.9195840181334,50.0,50.0,0.34652531706893563,0.3571205259141067,0.2963541570169577,0.5,0.5
20201017_Newcastle_ManUnited,31.00379294018819,50.00000000000001,43.47163806947879,50.0,60.9494903878438,64.17541342297926,50.0,0.24907560221888594,0.401685694875135,0.3492387029059792,0.5620773465932828,0.43792265340671727
20201018_SheffieldUnited_Fulham,54.390467649210876,45.60953235078914,22.093191656752158,50.0,50.0,50.0,50.0,0.445483215821911,0.37356327352809254,0.18095351064999643,0.5,0.5
20201018_CrystalPalace_Brighton,50.0,50.0,20.540815763917106,50.0,50.0,79.9002271714025,50.0,0.41479725919498117,0.41479725919498117,0.17040548161003757,0.6150892027769488,0.38491079722305127
20201018_Tottenham_WestHam,49.99999999999999,49.99999999999999,19.71249922793049,50.0,50.00000000000001,50.0,49.99999999999999,0.417667330666958,0.417667330666958,0.164665338666084,0.5,0.49999999999999994
20201018_Leicester_AstonVilla,35.67010259629256,54.566140196476866,35.14489268484104,50.0,79.80891480529182,49.99999999999999,50.0,0.2844933766185443,0.435202153726075,0.2803044696553807,0.49999999999999994,0.5
20201019_WestBrom_Burnley,45.111739275784096,50.0,26.564171607057464,49.99999999999999,50.0,59.65099346126927,50.00000000000001,0.37075324892550815,0.4109276818822721,0.21831906919221988,0.5440077793945304,0.4559922206054696
20201019_Leeds_Wolves,54.540235112072345,53.638864939911294,26.353891667265135,49.99999999999999,50.00000000000001,50.0,50.0,0.40540416454790557,0.3987041710322475,0.19589166441984698,0.5,0.5
20201023_AstonVilla_Leeds,66.34863601071835,32.911073024566306,20.044200893221422,70.15081958645992,50.0,50.0,50.0,0.5561312789369465,0.2758591318950784,0.1680095891679752,0.5,0.5
20201024_Fulham_CrystalPalace,20.517092756178656,48.710785594390146,51.20872307379416,50.0,50.0,77.44570615304168,50.0,0.17035595918126165,0.4044516784623956,0.4251923623563427,0.607676072350699,0.392323927649301
20201024_WestHam_ManCity,28.58399941766698,29.808080057702593,57.8452269384145,50.000000000000014,50.0,50.0,50.0,0.2459107174757908,0.256441593300443,0.4976476892237662,0.5,0.5
20201024_Liverpool_SheffieldUnited,75.69204578673383,19.18421052631579,19.18421052631579,50.0,50.0,50.0,50.0,0.6636133261959473,0.16819333690202634,0.16819333690202634,0.5,0.5
20201024_ManUnited_Chelsea,50.0,50.0,38.556084679622714,77.28025415180838,80.26482161279682,64.54357737077095,21.397263478705554,0.36086470049736796,0.36086470049736796,0.2782705990052642,0.7510233403908347,0.24897665960916524
20201025_Southampton_Everton,41.6384037942133,58.72559015210379,32.4889065806094,50.0,69.75069068111907,50.0,50.0,0.3134173482781738,0.44203468587576183,0.2445479658460643,0.5,0.5
20201025_Wolves_Newcastle,49.99999999999999,53.02973101105522,19.184647754024837,50.0,48.34663021456436,46.90382165515428,50.0,0.40911716366950385,0.4339074628279929,0.1569753735025032,0.48402447761109,0.5159755223889101
20201025_Arsenal_Leicester,57.04132933806914,50.00000000000001,19.844913179772348,49.99999999999999,49.99999999999999,49.99999999999999,49.99999999999999,0.44954699742210863,0.39405375246232466,0.1563992501155667,0.5,0.5
20201026_Brighton_WestBrom,42.02745602337822,49.99999999999999,26.383600203138695,50.0,50.0,79.37975622615242,50.0,0.35492847849427944,0.42225786673460153,0.22281365477111895,0.6135407774876208,0.386459222512379
20201026_Burnley_Tottenham,19.367549938343277,30.864767707353195,69.1352322926468,50.0,49.99999999999999,50.0,50.0,0.16225138195721672,0.25856916493046667,0.5791794531123167,0.5,0.5
20201030_Wolves_CrystalPalace,54.82794470499859,57.07333081655374,19.834224439871438,50.00000000000001,41.280055624209716,39.64446914325232,50.00000000000001,0.41619718846517384,0.4332418431878011,0.15056096834702498,0.44224110558232266,0.5577588944176772
20201031_Burnley_Chelsea,20.18699625121689,35.27894263659534,64.72105736340467,50.0,50.00000000000001,50.0,50.0,0.1679632313051712,0.2935337743432301,0.5385029943515988,0.5,0.5
20201031_Liverpool_WestHam,70.18527924939018,29.814720750609823,19.18421052631579,50.00000000000001,80.62950610473716,49.99999999999999,50.0,0.588880682595899,0.2501566324846927,0.16096268491940827,0.49999999999999994,0.5
20201031_SheffieldUnited_ManCity,19.18421052631579,19.18421052631579,70.70864209097222,22.51918140470748,49.99999999999999,22.51918140470748,50.0,0.17587758574925236,0.17587758574925236,0.6482448285014953,0.31052724215176647,0.6894727578482335
20201101_AstonVilla_Southampton,52.21630216114786,53.5429499195052,28.05052601869121,53.68400949452933,59.005322999012805,49.99999999999999,49.99999999999999,0.3902278510796196,0.4001422816780501,0.20962986724233026,0.5,0.5
20201101_Newcastle_Everton,28.08619667398948,49.99999999999999,37.993356711236686,49.99999999999999,70.91971654920852,56.194151686204194,50.00000000000001,0.24195645016639172,0.4307390797246439,0.32730447010896435,0.5291642787660635,0.47083572123393647
20201101_ManUnited_Arsenal,50.0,50.0,28.341718076786403,50.0,50.0,50.0,50.0,0.38958493582020753,0.38958493582020753,0.22083012835958493,0.5,0.5
20201101_Tottenham_Brighton,69.41026667073758,30.589733329262433,21.424221438893756,73.6664857051832,50.0,50.0,50.0,0.5716344387323744,0.2519244757493182,0.17644108551830745,0.5,0.5
20201102_Fulham_WestBrom,22.524722165111594,49.60818975535454,45.834101173570346,50.0,50.0,79.65181860118979,50.0,0.19094085350076795,0.42052594580664476,0.3885332006925873,0.6143517264975629,0.385648273502437
20201102_Leeds_Leicester,37.33724120108796,64.22392678362546,31.906257917239145,50.0,49.99999999999999,50.00000000000001,50.00000000000001,0.2797479680811147,0.4811955153072739,0.23905651661161145,0.5,0.5
20201106_Brighton_Burnley,41.905545700915376,50.00000000000001,29.512867121365403,50.0,50.0,76.81279286446629,50.0,0.34513336755811663,0.41179915663355465,0.24306747580832871,0.6057180125869596,0.39428198741304044
20201106_Southampton_Newcastle,49.99999999999999,52.9775043157023,20.52707588570443,71.76206987442664,49.99999999999999,49.99999999999999,50.0,0.40484328531348257,0.42895173789756247,0.16620497678895496,0.49999999999999994,0.5
20201107_CrystalPalace_Leeds,33.896297190670914,60.9591327664922,33.56841755116324,50.0,55.141112149272615,63.41994844338804,50.0,0.263940832238913,0.47467144108526976,0.2613877266758172,0.5591604414724558,0.44083955852754414
20201107_Everton_ManUnited,33.61586062244346,61.14587195123514,31.60599120675656,50.0,49.999999999999986,50.0,50.0,0.2660161916095859,0.4838725437317882,0.250111264658626,0.5,0.5
20201107_WestHam_Fulham,57.28982657235564,42.71017342764436,20.743260687492782,58.752687374714654,50.0,49.99999999999999,50.0,0.4744763910313218,0.3537271826556569,0.17179642631302136,0.49999999999999994,0.5
20201107_Chelsea_SheffieldUnited,70.94425268471076,29.055747315289235,19.18421052631579,50.00000000000001,24.499999999999996,24.499999999999996,50.0,0.5952487529297877,0.2437885621508039,0.16096268491940827,0.32885906040268453,0.6711409395973155
20201108_Leicester_Wolves,36.66677830568089,49.99999999999999,31.082895477085856,50.000000000000014,49.99999999999999,50.0,50.0,0.31139600754500996,0.4246296265095704,0.2639743659454197,0.5,0.5
20201108_WestBrom_Tottenham,19.18421052631579,27.29221477304939,72.7077852269506,23.854870378063925,80.15859064846862,44.811360912134134,50.0,0.1609626849194083,0.22899186605782224,0.6100454490227696,0.4726370392854375,0.5273629607145625
20201108_Arsenal_AstonVilla,40.57848688252662,50.00000000000001,26.794557354725967,49.99999999999999,50.000000000000014,50.0,50.0,0.3457223687621418,0.4259921886232435,0.22828544261461478,0.5,0.5
20201108_ManCity_Liverpool,58.26173392459,50.0,34.49546267431791,79.3070234972858,76.07292396467709,50.0,50.0,0.4081176663077993,0.3502450397683314,0.24163729392386935,0.5,0.5
20201121_Newcastle_Chelsea,21.563979301070074,39.98523077300783,67.82429980419474,49.50280609323316,69.92269295363835,48.75055553160156,50.0,0.16668002067316248,0.3090681454853461,0.5242518338414914,0.49367373448345514,0.5063262655165448
20201121_AstonVilla_Brighton,49.99999999999999,61.63069934853123,20.048011826949203,49.99999999999999,50.0,50.0,50.0,0.3797121004121004,0.4680384459899493,0.15224945359795028,0.5,0.5
20201121_Tottenham_ManCity,46.08457281164102,52.325045665210034,30.743213420161496,78.35188859734124,50.000000000000014,50.0,49.99999999999999,0.35682200796331903,0.405140521478727,0.23803747055795388,0.5,0.49999999999999994
20201121_ManUnited_WestBrom,60.109968363666404,37.97875456001402,22.197301033110254,62.15910338485454,50.0,50.0,50.0,0.4997252913211197,0.31573705165994015,0.18453765701894015,0.5,0.5
20201122_Leeds_Arsenal,32.51641991913411,50.0,34.38235810204592,50.0,50.0,50.0,50.0,0.2781587666660014,0.42772046762491284,0.2941207657090858,0.5,0.5
20201122_Liverpool_Leicester,61.770724207432814,39.73156732954231,26.310730425501077,50.0,72.80742331886968,50.0,50.0,0.48328975607483626,0.310856959013197,0.20585328491196675,0.5,0.5
20201122_Fulham_Everton,38.90954770007296,38.90954770007296,41.80561340302675,50.0,52.42852490435582,63.1094047815797,50.0,0.32526346847032833,0.32526346847032833,0.34947306305934334,0.5579501094842407,0.4420498905157592
20201122_SheffieldUnited_WestHam,29.408984565188817,29.408984565188817,55.72237216297029,23.993568451998073,75.5,27.76552354971129,50.0,0.2567565648322089,0.2567565648322089,0.48648687033558224,0.3570415562361937,0.6429584437638063
20201123_Burnley_CrystalPalace,36.03952246936935,44.75114024645581,34.55023784256165,50.0,49.99999999999999,50.0,50.0,0.3124609075782771,0.3879902101492809,0.29954888227244203,0.5,0.5
20201123_Wolves_Southampton,45.28510819903404,55.279168274163,31.044064982982214,50.00000000000001,77.47572629268146,50.0,50.0,0.3440899543142736,0.4200278467346914,0.23588219895103493,0.5,0.5
20201127_CrystalPalace_Newcastle,50.0,65.73473717750863,19.816609740957077,50.00000000000001,49.99999999999999,49.99999999999999,49.99999999999999,0.3688639112533132,0.48494344521008825,0.14619264353659867,0.5,0.5
20201128_Brighton_Liverpool,19.18421052631579,30.19340502913904,69.80659497086096,49.99999999999999,66.6071045966889,50.0,50.0,0.1609626849194083,0.2533339348878966,0.5857033801926952,0.5,0.5
20201128_ManCity_Burnley,70.12925036209599,29.870749637904026,19.18421052631579,49.99999999999999,23.838318307575932,23.838318307575932,50.00000000000001,0.5884105793242762,0.2506267357563155,0.16096268491940824,0.3228448162683856,0.6771551837316143
20201128_Everton_Leeds,50.00000000000001,65.4777175447704,19.950206820278563,71.15400886258642,50.0,65.39499543709599,50.0,0.36920007623556206,0.4834875661851965,0.1473123575792415,0.5667056460238264,0.43329435397617355
20201128_WestBrom_SheffieldUnited,46.481027636503555,49.99999999999999,31.149739281732504,50.0,50.0,75.66133935906974,50.0,0.36418356450275535,0.3917550697789933,0.24406136571825135,0.6021051482100792,0.39789485178992084
20201129_Arsenal_Wolves,30.82323325885989,66.8931250381397,31.398339510167713,21.885578339679494,26.42530762266446,21.885578339679494,56.45360165754306,0.23872753282429834,0.5180907067454438,0.243181760430258,0.2793695101283346,0.7206304898716653
20201129_Southampton_ManUnited,43.42451498992654,49.99999999999999,32.71640945047257,65.32839499403758,50.0,50.0,50.0,0.34425397770447125,0.3963820641224547,0.25936395817307406,0.5,0.5
20201129_Chelsea_Tottenham,58.04717843529163,55.22987299401232,48.94727483198741,80.70223348497332,80.8157894736842,50.0,50.0,0.35782043157816074,0.3404537054760499,0.3017258629457893,0.5,0.5
20201130_Leicester_Fulham,71.18263431484775,28.81736568515226,19.18421052631579,50.0,50.00000000000001,50.00000000000001,50.00000000000001,0.5972488637589345,0.2417884513216573,0.16096268491940827,0.5,0.5
20201130_WestHam_AstonVilla,50.00000000000001,63.8992010650214,20.35833617957479,50.0,49.999999999999986,50.0,50.0,0.37241856975901355,0.47594498138757807,0.15163644885340843,0.5,0.5
20201205_Burnley_Everton,37.822147300390846,49.99999999999999,30.42274741639724,50.0,50.0,77.68137722048594,50.0,0.31986283543978633,0.42285123700060373,0.25728592755960994,0.6084002139665383,0.3915997860334617
20201205_ManCity_Fulham,69.74732964453366,30.252670355466336,19.18421052631579,55.50899700954556,50.0,50.0,50.0,0.5852061219899048,0.25383119309068686,0.16096268491940827,0.5,0.5
20201205_WestHam_ManUnited,42.05404313904423,50.0,39.001102390830624,52.749009440719625,71.95782381122851,50.0,50.0,0.3208881495573002,0.3815187858350985,0.29759306460760115,0.5,0.5
20201205_Chelsea_Leeds,64.77088168730737,50.0,19.950249604226446,64.7631115328721,24.500000000000004,24.500000000000004,50.0,0.4807774479501993,0.3711370259488172,0.1480855261009834,0.3288590604026846,0.6711409395973155
20201206_WestBrom_CrystalPalace,47.544045677418055,63.361218006619666,21.06731948919873,50.0,50.00000000000001,50.0,50.0,0.36025699076457735,0.4801089475034924,0.1596340617319303,0.5,0.5
20201206_SheffieldUnited_Leicester,19.18421052631579,30.037781010025434,69.73540550249156,50.0,50.0,50.0,50.0,0.1612695889777518,0.2525087279794784,0.5862216830427699,0.5,0.5
20201206_Tottenham_Arsenal,69.57326837210735,36.95859364762753,19.18421052631579,64.77760664114321,19.18421052631579,19.18421052631579,50.0,0.553415859747147,0.2939846345747823,0.15259950567807057,0.27729174591099276,0.7227082540890072
20201206_Liverpool_Wolves,65.90743177453687,34.09256822546314,20.833504262106107,70.90133988944613,49.99999999999999,50.0,50.0,0.5454400431156388,0.28214499309323354,0.17241496379112775,0.5,0.5
20201207_Brighton_Southampton,30.915083785232547,50.000000000000014,34.06726233815773,49.99999999999999,50.00000000000001,50.0,50.0,0.26886808999406603,0.4348493632782882,0.29628254672764587,0.5,0.5
20201211_Leeds_WestHam,32.47957952269678,51.56774813190434,30.686775035147672,50.0,50.00000000000001,50.0,50.0,0.2830856629482208,0.44945440739052195,0.2674599296612572,0.5,0.5
20201212_Wolves_AstonVilla,50.0,58.211431033609884,20.058223377108884,50.00000000000001,49.99999999999999,50.0,50.0,0.38980381002587144,0.45382075207918765,0.1563754378949409,0.5,0.5
20201212_Newcastle_WestBrom,50.0,57.71542441017354,20.392435355563542,50.0,50.0,50.0,49.99999999999999,0.3902961152534427,0.45052211874988907,0.15918176599666817,0.5,0.49999999999999994
20201212_ManUnited_ManCity,51.64994336934672,53.12214673262992,48.69990850343472,80.37076746706322,51.00215711628455,50.0,50.0,0.3365431077896028,0.346135759065803,0.31732113314459426,0.5,0.5
20201212_Everton_Chelsea,19.18421052631579,30.17928063191015,69.82071936808985,50.0,73.33485134071873,50.00000000000001,50.0,0.16096268491940827,0.25321542592461593,0.5858218891559758,0.5000000000000001,0.5
20201213_Southampton_SheffieldUnited,69.3233769966249,30.583102151738032,19.18421052631579,56.8852946004566,50.0,50.0,50.0,0.5821057648250781,0.25680514770115287,0.16108908747376893,0.5,0.5
20201213_CrystalPalace_Tottenham,20.412067004862,28.7634646102605,73.50699242959988,50.0,66.06704099843898,49.99999999999999,49.99999999999999,0.16638121169907652,0.23445445742357843,0.5991643308773451,0.5,0.5
20201213_Fulham_Liverpool,19.18421052631579,21.185722974369988,74.90896446790997,35.04622256378252,68.409623696236,29.95623753451097,50.0,0.16641563082553018,0.18377797973174065,0.6498063894427292,0.3746579186093038,0.6253420813906962
20201213_Arsenal_Burnley,32.44013774931332,50.0,32.00144264031202,50.0,50.0,50.0,50.0,0.2834646082207911,0.4369041377248643,0.2796312540543446,0.5,0.5
20201213_Leicester_Brighton,50.0,50.0,19.981043718723377,49.99999999999999,49.99999999999999,49.99999999999999,49.99999999999999,0.4167324974869956,0.4167324974869956,0.16653500502600876,0.5,0.5
20201215_Wolves_Chelsea,29.347407211960164,52.136634219285824,47.86336578071416,19.18421052631579,49.99999999999999,19.18421052631579,50.0,0.22688825268734528,0.4030744438027281,0.37003730350992653,0.27729174591099276,0.7227082540890072
20201215_ManCity_WestBrom,71.31218006594482,20.996395345840767,19.18421052631579,50.00000000000001,19.18421052631579,19.18421052631579,50.0,0.639612504664974,0.18832066280501375,0.17206683253001223,0.27729174591099276,0.7227082540890072
20201216_Arsenal_Southampton,30.329281769307876,30.329281769307876,52.78463805571958,23.313301726338757,50.704315933408694,23.313301726338757,50.0,0.26735213166641036,0.26735213166641036,0.46529573666717927,0.3179955230138428,0.6820044769861573
20201216_Leeds_Newcastle,38.772943055888256,40.40141654933063,39.18503064218126,50.0,50.0,50.0,50.0,0.3275865393936493,0.34134525756580664,0.3310682030405441,0.5,0.5
20201216_Leicester_Everton,50.00000000000001,61.03798160244235,20.61313937677581,50.0,49.99999999999999,50.0,50.0,0.3797916768812988,0.46363434772482887,0.15657397539387227,0.5,0.5
20201216_Fulham_Brighton,32.496822327936236,50.0,30.561390517082927,50.0,50.00000000000001,50.00000000000001,50.00000000000001,0.2874344243569732,0.4422500474913776,0.2703155281516492,0.5,0.5
20201216_Liverpool_Tottenham,59.8629681695071,50.0,40.81768736576469,50.0,49.99999999999999,50.0,50.0,0.39728369880561204,0.33182759805750806,0.27088870313687985,0.5,0.5
20201216_WestHam_CrystalPalace,49.99999999999999,63.9085207116315,20.161241159087208,56.82861489645528,49.999999999999986,50.00000000000001,50.00000000000001,0.37294017161165827,0.4766810936328615,0.15037873475548025,0.5,0.5
20201217_AstonVilla_Burnley,31.973844713524628,50.0,32.0246737124407,49.99999999999999,50.0,50.0,50.0,0.280475967188026,0.43860219141770485,0.2809218413942692,0.5,0.5
20201217_SheffieldUnited_ManUnited,19.18421052631579,19.18421052631579,69.25651867512333,22.636896146437294,76.59071160821622,32.008170212496445,50.0,0.17825060413361107,0.17825060413361107,0.6434987917327779,0.39030465049467744,0.6096953495053224
20201219_CrystalPalace_Liverpool,19.18421052631579,27.14489994783659,69.25651867512333,50.00000000000001,65.67859426610096,50.0,50.0,0.16597401136727735,0.23484666863542078,0.5991793199973018,0.5,0.5
20201219_Southampton_ManCity,53.67125473442528,46.32270380789452,32.478559331248434,50.0,49.99999999999999,50.0,50.00000000000001,0.40515010657266387,0.34967783923383194,0.2451720541935043,0.5,0.5000000000000001
20201219_Everton_Arsenal,69.27194933233902,46.30658400036357,19.18421052631579,50.00000000000001,23.841631123283076,23.841631123283076,50.0,0.5140289322456039,0.3436156216053827,0.14235544614901352,0.32287519601886944,0.6771248039811305
20201219_Newcastle_Fulham,50.0,50.0,19.35299710573098,49.99999999999999,50.0,50.0,50.0,0.4189253827929148,0.4189253827929148,0.16214923441417048,0.5,0.5
20201220_Tottenham_Leicester,57.072712764094085,50.0,20.75020298148173,50.0,50.0,50.0,50.0,0.44649828578229306,0.39116616694554307,0.16233554727216376,0.5,0.5
20201220_Brighton_SheffieldUnited,59.10335475096136,40.77305044658395,19.85847742941515,50.0,50.0,50.0,50.0,0.4936185132873983,0.3405277522475574,0.16585373446504434,0.5,0.5
20201220_WestBrom_AstonVilla,27.98029228801183,55.57822785560472,38.096925945102825,23.866166778870706,50.0,23.866166778870706,50.0,0.22999621626151212,0.4568494846919826,0.3131542990465052,0.32310011226543817,0.6768998877345618
20201220_ManUnited_Leeds,70.24482037904367,37.39434125965608,21.79647220351686,72.70103361682615,50.00000000000001,49.99999999999999,50.00000000000001,0.542700787208821,0.2889029871421665,0.16839622564901244,0.49999999999999994,0.5000000000000001
20201221_Burnley_Wolves,31.47045847072887,52.69359630648925,34.47240227126237,50.0,34.61214691931179,23.353014056420683,50.0,0.2652680234530988,0.4441602321700836,0.29057174437681754,0.3183647510170247,0.6816352489829753
20201221_Chelsea_WestHam,31.995467864574266,50.0,30.7706945558463,50.0,49.99999999999999,50.0,50.0,0.2837328785321888,0.4433954204594411,0.2728717010083701,0.5,0.5
20201226_Leicester_ManUnited,30.051694491743653,57.665086996984705,58.496211856481146,49.99999999999999,76.92600265949635,50.0,50.00000000000001,0.20553367935496317,0.3943909886369482,0.40007533200808865,0.5,0.5000000000000001
20201226_AstonVilla_CrystalPalace,50.0,50.0,19.58448258930072,76.73414435439061,50.0,50.0,50.0,0.4181144486088492,0.4181144486088492,0.16377110278230156,0.5,0.5
20201226_Fulham_Southampton,35.389045399963585,35.389045399963585,43.45665608634309,23.88298013770205,50.0,23.88298013770205,49.99999999999999,0.30979230369544375,0.30979230369544375,0.38041539260911245,0.3232541526233686,0.6767458473766313
20201226_Arsenal_Chelsea,22.77178939520471,37.399047258038415,62.77983399668118,19.18421052631579,50.0,19.18421052631579,50.0,0.1852107782318854,0.3041792863783898,0.5106099353897248,0.27729174591099276,0.7227082540890072
20201226_ManCity_Newcastle,70.14580281096775,29.854197189032224,19.18421052631579,50.00000000000001,50.0,50.0,50.0,0.5885494605468702,0.2504878545337215,0.1609626849194083,0.5,0.5
20201226_SheffieldUnited_Everton,19.18421052631579,30.533568633052308,69.33252201071359,22.979207354537376,50.0,22.979207354537376,50.0,0.16114373788024433,0.2564761981528329,0.5823800639669227,0.31487334800586425,0.6851266519941357
20201227_Leeds_Burnley,33.88856613302058,53.10427347698079,30.402247970164858,50.000000000000014,50.0,50.0,50.0,0.2886710750130742,0.45235515873453547,0.2589737662523903,0.5,0.5
20201227_WestHam_Brighton,50.0,61.01903490748516,20.60940067963898,49.99999999999999,50.0,50.0,50.00000000000001,0.3798571317586258,0.46357031165273554,0.15657255658863872,0.5,0.5000000000000001
20201227_Liverpool_WestBrom,77.00847673349892,19.18421052631579,19.18421052631579,79.33858572275678,19.18421052631579,29.05686276004108,50.0,0.6674514414163434,0.1662742792918283,0.1662742792918283,0.36754383801234947,0.6324561619876505
20201227_Wolves_Tottenham,34.19205279897125,61.73723425463074,30.978852616944266,29.18544211726192,50.0,29.18544211726192,49.99999999999999,0.2694236389228766,0.48647182454096877,0.24410453653615455,0.36857080464414915,0.6314291953558508
20201228_CrystalPalace_Leicester,20.313683549092705,41.69132188083611,58.308678119163865,45.11229938475537,75.49999999999997,45.11229938475537,50.0,0.16883934520053098,0.3465218639393118,0.48463879086015726,0.47430563319958996,0.5256943668004099
20201228_Chelsea_AstonVilla,37.18176409804159,37.18176409804159,41.91431417299087,50.0,64.52005176008647,50.0,50.0,0.3197665465792189,0.3197665465792189,0.3604669068415622,0.5,0.5
20201229_Brighton_Arsenal,30.830673598998235,53.557092140944334,31.443867515837923,50.00000000000001,50.0,50.00000000000001,50.0,0.2661679951530827,0.46237017156340243,0.2714618332835149,0.5000000000000001,0.5
20201229_Burnley_SheffieldUnited,66.70559911710805,43.309790271807465,20.468512709401566,50.0,22.530390703483803,22.530390703483803,50.0,0.5112170776962716,0.33191673130049704,0.15686619100323151,0.310633797570342,0.689366202429658
20201229_Southampton_WestHam,49.99999999999999,65.83842463896025,21.00106660196195,49.99999999999999,50.0,49.99999999999999,50.0,0.36539159526666937,0.48113614017348155,0.15347226455984897,0.49999999999999994,0.5
20201229_WestBrom_Leeds,25.10094643260725,50.0,42.16816946239532,50.0,64.48272393584445,68.34249309451164,50.00000000000001,0.21404566957835255,0.42636971907222126,0.35958461134942626,0.5774974931441693,0.42250250685583074
20201229_ManUnited_Wolves,66.97685513569694,36.04672684049859,19.322824333713008,63.02281515550198,50.0,50.0,50.00000000000001,0.547436227640735,0.2946284073860799,0.15793536497318517,0.5,0.5000000000000001
20201230_Newcastle_Liverpool,19.18421052631579,26.964011914400043,71.90362595419846,22.72678245864304,78.9173100339495,38.79489093046751,50.00000000000001,0.1625066509940581,0.22840821453467103,0.609085134471271,0.4369045394835449,0.5630954605164551
20210101_Everton_WestHam,68.68439582846239,46.84502723161323,20.24445532945892,50.00000000000001,21.839024331191528,29.258624864343407,50.0,0.5058734172077431,0.34502238418214065,0.1491041986101162,0.3691538291816387,0.6308461708183614
20210101_ManUnited_AstonVilla,66.60195723527171,50.0,19.810737465924674,79.48459050873134,54.900385169798696,50.0,50.0,0.4882387037449792,0.36653480168778957,0.14522649456723127,0.5,0.5
20210102_Tottenham_Leeds,34.699982957408515,53.47845849399628,30.778794082877866,49.99999999999999,50.00000000000001,50.0,50.0,0.29170132276155847,0.44956036725134013,0.25873830998710146,0.5,0.5
20210102_CrystalPalace_SheffieldUnited,50.0,54.1474571310081,19.826070037626188,50.00000000000002,50.0,75.99271274569732,50.0,0.4033119097433421,0.4367662868650525,0.15992180339160544,0.6031516513108215,0.39684834868917856
20210102_Brighton_Wolves,31.971343413636504,50.0,31.077766677423394,50.0,50.0,50.0,50.0,0.2828093329340135,0.4422856576201751,0.27490500944581137,0.5,0.5
20210102_WestBrom_Arsenal,21.549887977671176,36.115505239551744,63.88449476044824,23.216685992805942,50.0,23.216685992805942,50.00000000000001,0.1772925367206419,0.29712495700683983,0.5255825062725182,0.3170955592702891,0.6829044407297109
20210103_Newcastle_Leicester,23.18849602638044,49.99999999999999,44.74013509828868,24.407907671149175,49.99999999999999,24.407907671149175,50.0,0.1966316051092508,0.4239852487318548,0.37938314615889435,0.3280284103542004,0.6719715896457996
20210103_Chelsea_ManCity,25.849819181448364,31.00639543551104,68.99360456448898,50.0,49.99999999999999,50.0,50.0,0.2054021161856298,0.24637616197768614,0.548221721836684,0.5,0.5
20210104_Southampton_Liverpool,23.747539005546955,32.13462132639006,63.350686911090726,22.45842767467062,50.0,22.45842767467062,50.0,0.19916943656594274,0.26951148168835803,0.5313190817456992,0.3099491445702656,0.6900508554297344
20210112_SheffieldUnited_Newcastle,33.91340485739,50.0,35.955886296407485,50.0,50.0,50.0,49.99999999999999,0.28291987489838105,0.4171210117180708,0.2999591133835482,0.5,0.49999999999999994
20210112_Burnley_ManUnited,46.50706499207686,40.02394840013974,65.68457165774092,23.428628566784894,80.8157894736842,23.428628566784894,50.00000000000001,0.3055341867707773,0.2629425126671739,0.43152330056204874,0.3190666777260596,0.6809333222739403
20210112_Wolves_Everton,38.395190697950056,60.07767491901585,36.5845564636815,24.32994059217925,50.0,46.722986263331784,49.99999999999999,0.28428789848382396,0.4448306060746622,0.27088149544151385,0.48305979858941483,0.5169402014105852
20210113_ManCity_Brighton,80.8157894736842,19.18421052631579,19.18421052631579,63.486654473901304,24.34988289538168,46.22916024176082,50.0,0.6780746301611834,0.16096268491940827,0.16096268491940827,0.4804069798137824,0.5195930201862176
20210113_Tottenham_Fulham,69.34508629349658,30.654913706503415,19.18421052631579,49.99999999999999,19.18421052631579,19.18421052631579,50.0,0.581831150177273,0.25720616490331855,0.16096268491940827,0.27729174591099276,0.7227082540890072
20210114_Arsenal_CrystalPalace,51.77407217489367,54.15205791937733,19.668197572220574,49.99999999999999,50.0,49.99999999999999,49.99999999999999,0.412232567639334,0.43116643024814755,0.15660100211251837,0.5,0.5
20210116_Wolves_WestBrom,53.681879172480365,46.31812082751963,19.75162041896647,50.0,50.0,77.44521991947623,50.0,0.4482768499053908,0.3867849191974999,0.16493823089710924,0.6076745755424054,0.3923254244575946
20210116_Leeds_Brighton,50.00000000000001,57.852634258511884,19.99221181310551,49.99999999999999,50.0,50.0,50.0,0.3910990668485025,0.452522225464634,0.15637870768686343,0.5,0.5
20210116_WestHam_Burnley,50.00000000000001,66.69564874474331,20.930402597500645,21.828117116591212,22.70597776958609,21.828117116591212,62.4725057069184,0.36330331003729555,0.4846149990810007,0.15208169088170384,0.258931860590048,0.741068139409952
20210116_Fulham_Chelsea,31.82689321720767,31.82689321720767,48.34806355794915,50.0,50.0,50.0,50.0,0.2841639956784411,0.2841639956784411,0.43167200864311783,0.5,0.5
20210116_Leicester_Southampton,49.99999999999999,65.92173831177269,20.841952085573276,50.0,32.017179073421886,32.017179073421886,49.99999999999999,0.36559411240463496,0.48201198812526314,0.15239389947010187,0.3903716201304615,0.6096283798695384
20210117_SheffieldUnited_Tottenham,31.09813632163818,31.472799096999044,54.170505456489884,19.526945449766437,49.99999999999999,19.526945449766437,50.0,0.2663847224132038,0.26959406069575614,0.4640212168910401,0.28085435543655163,0.7191456445634484
20210117_Liverpool_ManUnited,39.934242796027185,36.729038996778314,52.21515463902566,49.99999999999999,80.60685525082964,50.0,50.00000000000001,0.3098597709722368,0.28498979358898213,0.4051504354387811,0.5,0.5000000000000001
20210117_ManCity_CrystalPalace,80.8157894736842,19.18421052631579,19.18421052631579,52.64382260265511,20.482696917372166,20.829984565706695,49.99999999999999,0.6780746301611834,0.16096268491940827,0.16096268491940827,0.2940842736790856,0.7059157263209144
20210118_Arsenal_Newcastle,69.28074960807483,31.669070686630636,19.18421052631579,50.0,19.18421052631579,19.18421052631579,50.0,0.576695455355952,0.26361448517291514,0.15969005947113285,0.27729174591099276,0.7227082540890072
20210119_WestHam_WestBrom,54.887610249172575,45.112389750827425,20.30743408910083,50.0,21.35246464796092,23.614027149787326,49.99999999999999,0.4562279186215732,0.37497591144215375,0.16879616993627303,0.3207816236128246,0.6792183763871754
20210119_Leicester_Chelsea,62.7712397926086,67.14010284647667,19.505993129120952,52.989191693197526,50.0,50.0,50.0,0.42010680668263783,0.44934613846034777,0.13054705485701437,0.5,0.5
20210120_ManCity_AstonVilla,71.90362595419846,20.38504914948707,29.651975599730203,77.42282822115476,50.0,50.0,49.999999999999986,0.5896608353278562,0.1671718908493249,0.24316727382281886,0.5000000000000001,0.49999999999999994
20210120_Fulham_ManUnited,19.18421052631579,21.50681834929013,71.90362595419846,19.18421052631579,71.47116859237973,19.18421052631579,50.0,0.1703829596113086,0.19101100653311975,0.6386060338555717,0.27729174591099276,0.7227082540890072
20210121_Liverpool_Burnley,71.17915335562554,28.82084664437446,19.18421052631579,50.0,19.18421052631579,19.18421052631579,50.0,0.5972196572121374,0.24181765786845427,0.16096268491940827,0.27729174591099276,0.7227082540890072
20210123_AstonVilla_Newcastle,53.95138295211555,52.25700474122921,20.54138072927045,50.0,22.444266500263332,22.444266500263332,50.0,0.42565271419059514,0.41228481433584463,0.1620624714735603,0.30981425562755543,0.6901857443724446
20210126_CrystalPalace_WestHam,30.363886730962278,44.62974871299671,55.370251287003285,21.1693574884335,50.0,21.1693574884335,50.000000000000014,0.2329163964988676,0.34234748466115533,0.42473611883997686,0.2974504510859741,0.7025495489140258
20210126_Newcastle_Leeds,30.46214304313454,55.24413112316815,37.89724013880767,50.0,49.99999999999999,76.895780839106,50.0,0.2464504606878729,0.4469462816955205,0.30660325761660656,0.6059758672087284,0.39402413279127163
20210126_Southampton_Arsenal,31.64715648539786,49.75197127909476,50.2888362375081,19.18421052631579,76.53192836863028,19.18421052631579,50.0,0.24031927841877068,0.37780196281521133,0.38187875876601807,0.27729174591099276,0.7227082540890072
20210126_WestBrom_ManCity,19.18421052631579,19.18421052631579,74.52848101265823,21.55834273261015,80.8157894736842,36.02032451886554,50.0,0.16992681088114622,0.16992681088114622,0.6601463782377075,0.41874202079958145,0.5812579792004184
20210127_Burnley_AstonVilla,39.77221153081337,64.02971072052502,28.109026540559796,20.29211112041907,50.0,20.29211112041907,50.0,0.30150803928760866,0.4854010323399148,0.21309092837247653,0.28868262450755217,0.7113173754924479
20210127_ManUnited_SheffieldUnited,74.01720052188097,19.18421052631579,19.18421052631579,62.82405953950105,19.18421052631579,22.29983442748261,50.0,0.6586002682986184,0.17069986585069077,0.17069986585069077,0.30843548403765086,0.6915645159623492
20210127_Chelsea_Wolves,49.99999999999998,62.172975089231066,20.84649986878678,50.0,49.99999999999999,49.99999999999999,49.99999999999999,0.37588480946703806,0.4673975379082907,0.15671765262467113,0.5,0.5
20210127_Everton_Leicester,34.03164124736176,61.6407163217833,48.17107458484454,50.0,77.20693528607367,50.0,50.0,0.23658807870302803,0.4285264568478503,0.33488546444912176,0.5,0.5
20210127_Brighton_Fulham,49.99999999999999,49.99999999999999,19.910921489420808,34.503373335039605,50.0,23.755289548901917,49.99999999999999,0.41697619682133186,0.41697619682133186,0.16604760635733637,0.32208252037505003,0.6779174796249499
20210128_Tottenham_Liverpool,40.49019106352912,40.05634486507557,37.14146148419315,50.0,23.588350419847835,41.59376168760085,50.0,0.34404690328366533,0.34036049338638585,0.3155926033299488,0.4541112944947587,0.5458887055052414
20210130_Everton_Newcastle,69.25651867512333,30.353256978430444,19.18421052631579,50.0,19.18421052631579,19.18421052631579,50.0,0.5829968410207225,0.25551173047153797,0.1614914285077394,0.27729174591099276,0.7227082540890072
20210130_CrystalPalace_Wolves,33.137000398936145,58.78889591852879,34.51223678578162,50.00000000000001,50.0,61.81695927907942,50.00000000000001,0.26208074720525343,0.4649617522470305,0.27295750054771606,0.5528406395383456,0.4471593604616544
20210130_ManCity_SheffieldUnited,69.43456614509245,19.18421052631579,19.18421052631579,70.19217346185319,20.42509257979379,20.42509257979379,50.0,0.6440875893145785,0.1779562053427107,0.1779562053427107,0.2900257824532007,0.7099742175467993
20210130_WestBrom_Fulham,37.59712672310568,50.0,30.82478169951287,19.844111494804572,50.0,19.844111494804572,49.99999999999999,0.31748455352476523,0.4222191709794302,0.2602962754958047,0.28412003632232763,0.7158799636776724
20210130_Arsenal_ManUnited,38.01977602752061,60.466111269102875,32.79778673657618,74.35520352293116,50.0,50.0,49.99999999999999,0.289600183019756,0.4605760138447368,0.24982380313550728,0.5,0.49999999999999994
20210130_Southampton_AstonVilla,50.0,64.88683274948887,19.842569223572657,50.0,50.000000000000014,50.0,50.0,0.37111424282872757,0.4816085561076169,0.14727720106365558,0.5,0.5
20210131_Chelsea_Burnley,31.173773481220927,58.28936555416939,32.45971090228874,19.551540781099852,50.0,19.551540781099852,50.000000000000014,0.2556844225438908,0.47808401447279186,0.26623156298331724,0.28110866504934195,0.7188913349506579
20210131_Leicester_Leeds,64.55995607631372,52.3954407167408,19.20897674719638,54.49430158757835,50.0,50.0,50.0,0.47413250909739224,0.38479551849333365,0.14107197240927422,0.5,0.5
20210131_WestHam_Liverpool,54.40464059169846,19.684622575757007,45.94491687353775,50.0,49.99999999999999,50.00000000000001,50.00000000000001,0.4532429060882373,0.16399181107443275,0.3827652828373299,0.5,0.5
20210131_Brighton_Tottenham,34.17032361419558,36.62268727410501,51.43650233836208,50.0,50.0,50.0,50.0,0.2795586983221479,0.29962229503599364,0.42081900664185845,0.5,0.5
20210202_SheffieldUnited_WestBrom,49.99999999999999,50.0,20.582788015478467,50.0,50.00000000000001,50.0,50.0,0.414652877271189,0.41465287727118905,0.17069424545762188,0.5,0.5
20210202_Wolves_Arsenal,27.05984464265253,29.72693653020587,60.2333086705669,20.536138708620513,57.11605055225055,21.158133667574717,50.0,0.23124101749416723,0.2540327611265807,0.5147262213792521,0.2973396374674177,0.7026603625325822
20210202_ManUnited_Southampton,53.12119324310703,46.507475776200074,20.890734487597474,49.99999999999999,19.701733350667656,19.701733350667656,50.0,0.4407688031750316,0.3858920175748767,0.17333917925009182,0.2826577246156668,0.7173422753843333
20210202_Newcastle_CrystalPalace,30.529250844195793,50.0,32.61735139423518,50.0,50.0,50.0,50.000000000000014,0.26982030604739043,0.44190456461641037,0.28827512933619925,0.49999999999999994,0.5000000000000001
20210203_Burnley_ManCity,19.18421052631579,19.18421052631579,76.25946547884186,19.870730701193587,74.84291239734362,19.870730701193587,50.0,0.16736076278479034,0.16736076278479034,0.6652784744304193,0.2843927707894164,0.7156072292105835
20210203_Fulham_Leicester,19.539660253656862,30.418586651148456,69.51051994873234,23.84050367305833,50.0,23.84050367305833,50.00000000000001,0.1635545487601077,0.2546153898821105,0.5818300613577817,0.32286485718754443,0.6771351428124556
20210203_Leeds_Everton,50.0,66.50849930880595,19.35940164367784,50.0,50.00000000000001,50.0,50.00000000000001,0.36800450768343124,0.4895085508980192,0.14248694141854948,0.5,0.5000000000000001
20210203_AstonVilla_WestHam,32.62045951830833,67.03509306959167,30.44999724480107,49.99999999999999,50.0,49.99999999999999,49.99999999999999,0.2507230441764708,0.5152362305511958,0.2340407252723334,0.5,0.5
20210203_Liverpool_Brighton,61.69470373951991,30.09631856900294,25.834321309780215,50.0,19.359657826877843,19.359657826877843,50.00000000000001,0.5245017939307419,0.25586593537755076,0.21963227069170718,0.2791198577593862,0.7208801422406138
20210204_Tottenham_Chelsea,34.99464382512167,63.50504366789168,30.343145166751498,50.00000000000001,50.000000000000014,50.000000000000014,50.00000000000001,0.27160722178106717,0.4928876706365917,0.23550510758234117,0.5,0.49999999999999994
20210206_Newcastle_Southampton,32.28552316138985,49.99999999999999,33.80547673048355,50.0,50.0,50.0,50.0,0.27810530697005303,0.43069660909605184,0.291198083933895,0.5,0.5
20210206_Burnley_Brighton,36.294453504455895,55.526615567639396,43.43297118777709,19.18421052631579,50.0,19.18421052631579,50.0,0.2683428416239618,0.4105357256681759,0.32112143270786214,0.27729174591099276,0.7227082540890072
20210206_ManUnited_Everton,66.49619563973783,50.0,20.358012303697876,50.0,24.32927888199329,24.32927888199329,50.0,0.48589076389395275,0.36535230265382773,0.14875693345221952,0.32731756917242477,0.6726824308275753
20210206_Fulham_WestHam,19.18421052631579,22.93568831839776,72.32687053449744,50.0,59.12763159004075,50.0,50.0,0.16762561870794548,0.20040485583653336,0.6319695254555212,0.5,0.5
20210206_AstonVilla_Arsenal,30.889361855872647,63.281912154976965,36.71808784502303,50.0,49.99999999999999,49.99999999999999,50.0,0.23599596955699215,0.48347635940542777,0.28052767103758014,0.49999999999999994,0.5
20210207_Tottenham_WestBrom,64.56955703461384,32.993255456048374,21.965678055183247,50.0,50.00000000000001,50.00000000000001,49.99999999999999,0.540202229106608,0.2760283787185761,0.1837693921748159,0.5000000000000001,0.49999999999999994
20210207_Wolves_Leicester,27.59897779282014,58.358447572849684,41.64155242715035,36.82484242598536,50.00000000000001,43.937829631190375,49.99999999999999,0.21629466215342283,0.4573582687128191,0.32634706913375816,0.4677330720083148,0.5322669279916852
20210207_Liverpool_ManCity,30.56543385490754,30.743481324876676,52.321190563203515,50.0,80.8157894736842,50.0,50.0,0.2689906310924451,0.2705575351167347,0.4604518337908203,0.5,0.5
20210207_SheffieldUnited_Chelsea,32.343458402956195,36.77616822904302,48.59541654439882,21.672668190305693,50.000000000000014,28.196699891458756,49.99999999999999,0.2747606213293314,0.312416894533465,0.4128224841372036,0.3605868269453481,0.639413173054652
20210208_Leeds_CrystalPalace,33.20933496884296,52.17486496057703,33.26691147461699,59.45080709060956,49.99999999999999,54.233232931919126,50.000000000000014,0.27989063545942516,0.43973347019825587,0.28037589434231897,0.5203065414592105,0.4796934585407896
20210213_Leicester_Liverpool,31.706797384731434,49.99999999999999,30.902245514130392,50.0,50.0,50.00000000000001,50.00000000000001,0.28156528613078113,0.4440140748279583,0.27442063904126063,0.5,0.5
20210213_CrystalPalace_Burnley,46.80476705504322,68.59680948815718,21.902722591218485,50.0,50.0,50.0,49.99999999999999,0.34088347815840814,0.499596953049532,0.15951956879205975,0.5,0.49999999999999994
20210213_ManCity_Tottenham,75.6408555448222,26.239524643540516,25.47151898734177,73.7867049819602,24.366484942867146,24.366484942867146,49.99999999999999,0.593951531421312,0.20603952366142925,0.20000894491725876,0.3276541167918177,0.6723458832081822
20210213_Brighton_AstonVilla,36.49305665855041,64.5177116976653,30.03264431687218,42.30348387184599,50.0,42.30348387184599,50.00000000000001,0.278480664644999,0.49233845777976415,0.22918087757523667,0.45830863687203915,0.5416913631279608
20210214_Southampton_Wolves,33.08497694153199,33.08497694153199,48.51912456957231,24.113633957845572,50.0,24.113633957845572,50.0,0.2884753926695405,0.2884753926695405,0.423049214660919,0.325360297021206,0.674639702978794
20210214_WestBrom_ManUnited,19.18421052631579,19.18421052631579,69.25651867512333,22.244151727705848,80.8157894736842,38.163881043209855,50.0,0.17825060413361107,0.17825060413361107,0.6434987917327779,0.4328743312071915,0.5671256687928085
20210214_Arsenal_Leeds,30.010210847634642,58.38794112472356,34.11512403054087,49.99999999999999,50.0,49.99999999999999,49.99999999999999,0.24495476593838286,0.4765846039684867,0.2784606300931304,0.5,0.5
20210214_Everton_Fulham,63.344925220974815,36.655074779025234,20.304853342172233,50.00000000000001,50.0,50.0,50.0,0.5265367394680955,0.30468492135367553,0.16877833917822885,0.5,0.5
20210215_WestHam_SheffieldUnited,50.0,50.0,20.37401578360655,50.0,32.331595113028854,32.331595113028854,50.00000000000001,0.4153720358543474,0.4153720358543474,0.16925592829130517,0.3926997292915611,0.6073002707084387
20210215_Chelsea_Newcastle,63.60451360916169,40.706466723408575,21.21685005107445,49.99999999999999,24.162633275366563,45.860030421866604,50.0,0.5066965103656317,0.324282404937609,0.1690210846967593,0.47840617429436455,0.5215938257056354
20210217_Burnley_Fulham,47.90136353794438,50.0,20.98380381314727,23.888164823173017,22.14589126112743,22.14589126112743,56.63350506844604,0.4029212777779257,0.4205739127433788,0.17650480947869557,0.28111273115727026,0.7188872688427297
20210217_Everton_ManCity,19.18421052631579,19.18421052631579,76.25946547884186,50.0,69.72519223525687,50.0,50.00000000000001,0.16736076278479034,0.16736076278479034,0.6652784744304193,0.5,0.5000000000000001
20210219_Wolves_Leeds,50.0,62.07897926548122,22.676661306050452,49.99999999999999,49.99999999999999,49.99999999999999,49.99999999999999,0.3710419822720426,0.4606781504817837,0.16827986724617372,0.5,0.5
20210220_Southampton_Chelsea,19.18421052631579,30.416225295652172,69.58377470434783,19.18421052631579,50.0,19.18421052631579,50.0,0.16096268491940827,0.2552034800695038,0.583833835011088,0.27729174591099276,0.7227082540890072
20210220_Burnley_WestBrom,50.0,50.0,19.677415949250015,50.0,22.089995987044947,22.089995987044947,50.00000000000001,0.4177897693011923,0.4177897693011923,0.16442046139761532,0.30642248878769063,0.6935775112123093
20210220_Liverpool_Everton,63.69954360783283,36.3004563921672,20.024359644589392,50.0,50.00000000000001,64.5125749112933,50.0,0.5307217951127335,0.3024424083549242,0.16683579653234226,0.5633667303461449,0.436633269653855
20210220_Fulham_SheffieldUnited,43.5488917105535,50.0,24.516181936007722,50.0,19.943066509783176,19.943066509783176,50.0,0.3688549912815127,0.4234952679543456,0.20764974076414158,0.28513285883731837,0.7148671411626816
20210221_WestHam_Tottenham,60.33963348295819,36.77842537476206,27.06913418389731,50.0,21.277323811805072,25.7430229397695,50.0,0.4858764579914226,0.2961531255677619,0.21797041644081536,0.33987319149171313,0.6601268085082869
20210221_AstonVilla_Leicester,34.27659928411835,55.05850545571105,36.248985514302255,21.906100323098183,49.99999999999999,29.681232437388147,50.0,0.2729374335137222,0.43841943150836055,0.28864313497791716,0.3724996655983081,0.6275003344016918
20210221_Arsenal_ManCity,19.18421052631579,20.703945657060128,76.25946547884186,50.0,78.55864324713608,50.0,50.0,0.16517092861451435,0.1782554421757481,0.6565736292097376,0.5,0.5
20210221_ManUnited_Newcastle,68.99060894935285,31.009391050647142,20.085372006016467,58.93027568619986,27.934810698614545,28.242315609593092,50.0,0.5745130135075596,0.25822788015424164,0.1672591063381988,0.3609596084874867,0.6390403915125134
20210222_Brighton_CrystalPalace,53.628113114310395,65.44653804507045,19.887478391610834,50.0,19.18421052631579,19.18421052631579,50.0,0.385918906738053,0.4709667177420095,0.14311437551993755,0.27729174591099276,0.7227082540890072
20210223_Leeds_Southampton,49.99999999999999,67.51977522845594,19.59981240368466,50.0,50.0,50.0,50.00000000000001,0.3646452039670522,0.49241524419979676,0.14293955183315105,0.5,0.5000000000000001
20210227_ManCity_WestHam,69.30989642807073,30.690103571929278,19.18421052631579,80.8157894736842,77.20538946101898,50.0,49.99999999999999,0.5815358940752235,0.25750142100536816,0.16096268491940827,0.5,0.49999999999999994
20210227_WestBrom_Brighton,27.649051574525217,50.0,38.90907402006109,19.18421052631579,50.0,19.18421052631579,50.0,0.2372125618311197,0.4289705221745803,0.3338169159943001,0.27729174591099276,0.7227082540890072
20210227_Leeds_AstonVilla,47.4956555726852,64.2389980061781,21.340460235841515,49.99999999999999,50.000000000000014,50.000000000000014,50.000000000000014,0.3569086225905368,0.48272735723995064,0.16036402016951268,0.5,0.5
20210227_Newcastle_Wolves,21.269997834290912,34.64859766825412,63.094379841901095,22.156948117593064,50.0,31.317393859934967,50.0,0.1787199905954078,0.2911329421684863,0.5301470672361059,0.3851254002787838,0.6148745997212163
20210228_CrystalPalace_Fulham,37.69436619199792,62.49491560566541,30.45350928315647,21.92696678998385,50.0,21.92696678998385,50.000000000000014,0.2885300128705837,0.47836482280146675,0.23310516432794945,0.30485043049302163,0.6951495695069784
20210228_Leicester_Arsenal,69.22178633390568,38.05404006607901,20.101743184512763,65.35670162458574,50.0,49.99999999999999,50.0,0.543437801174143,0.29874993054279786,0.15781226828305928,0.49999999999999994,0.5
20210228_Tottenham_Burnley,36.307300808534194,51.03539506128649,34.42951948400233,21.863819857638116,50.00000000000001,25.92618314283976,50.0,0.2981575123934405,0.4191054167241464,0.28273707088241307,0.341465645574003,0.6585343544259971
20210228_Chelsea_ManUnited,52.500785887566664,62.7716192219949,31.227668605059396,50.00000000000001,50.0,50.0,50.0,0.35836695884424663,0.42847500093599056,0.21315804021976284,0.5,0.5
20210228_SheffieldUnited_Liverpool,30.65596958739215,30.65596958739215,51.17797187039839,50.0,50.0,50.0,50.0,0.2725219471022506,0.2725219471022506,0.4549561057954989,0.5,0.5
20210301_Everton_Southampton,63.14061742730739,36.85938257269258,21.46663835815412,50.0,50.0,50.0,50.0,0.5198185961245774,0.30345272636927473,0.176728677506148,0.5,0.5
20210302_ManCity_Wolves,69.25651867512333,30.739806335678615,19.18421052631579,80.08132422687677,23.373084096384343,23.373084096384343,50.0,0.5811059529393875,0.25792639877931217,0.1609676482813004,0.3185512014961916,0.6814487985038084
20210303_SheffieldUnited_AstonVilla,20.44244936886425,36.79277220251376,62.79736179328384,21.905390612652166,50.0,21.905390612652166,49.99999999999999,0.1703075014786577,0.3065232053761306,0.5231692931452118,0.3046418415366732,0.6953581584633268
20210303_CrystalPalace_ManUnited,26.86583244293909,34.077715156876465,58.10172091787738,19.642622700703125,49.99999999999999,19.642622700703125,50.0,0.22567744839809567,0.2862584593339946,0.4880640922679098,0.2820488651772847,0.7179511348227152
20210303_Burnley_Leicester,24.640161726803367,50.0,43.229880517709184,50.0,50.0,50.0,50.0,0.2090451590378597,0.4241959962674719,0.3667588446946684,0.5,0.5
20210304_Fulham_Tottenham,35.98312277786072,35.98312277786072,44.119810298464145,50.0,50.0,50.0,50.00000000000001,0.30996938015586234,0.30996938015586234,0.3800612396882753,0.5,0.5000000000000001
20210304_WestBrom_Everton,34.630537129978556,46.40385417178997,35.482511235456315,50.0,50.00000000000001,50.0,50.0,0.29721470770229913,0.39825856301805534,0.3045267292796456,0.5,0.5
20210304_Liverpool_Chelsea,30.83961552892797,30.83961552892797,52.867195983387994,22.96419467809994,50.00000000000001,33.831270579595,50.00000000000001,0.26923245294961284,0.26923245294961284,0.4615350941007743,0.4035638532696857,0.5964361467303142
20210306_Burnley_Arsenal,30.8443100521912,52.606545067384666,34.502609508668385,21.70620711102293,50.0,21.70620711102293,50.0,0.26149558344389195,0.44599406412677683,0.29251035242933127,0.30271029504342833,0.6972897049565716
20210306_SheffieldUnited_Southampton,33.5951897247701,61.392158900441714,31.900555884336768,50.0,50.0,50.0,50.0,0.2647627435776748,0.4838298743898149,0.25140738203251034,0.5,0.5
20210306_AstonVilla_Wolves,37.73992545900053,67.71655576566933,29.253914245034043,50.0,27.879555100634427,22.060689892828204,50.0,0.2801559993006491,0.5026824806619964,0.21716152003735442,0.3061404203267804,0.6938595796732195
20210306_Brighton_Leicester,20.600307470789176,43.525250648336424,55.3359806936214,24.496098859540062,50.0,24.496098859540062,49.99999999999999,0.17244301116093647,0.36434530377648305,0.46321168506258054,0.3288239147358126,0.6711760852641875
20210307_WestBrom_Newcastle,35.133740352825384,59.35222161526076,33.00545170185121,50.0,50.00000000000001,50.0,50.0,0.27557730627870486,0.4655389716590467,0.25888372206224847,0.5,0.5
20210307_Liverpool_Fulham,55.47287261819786,29.547124223111066,30.0737019593943,20.686203100008747,50.0,20.686203100008747,50.0,0.48198010139768765,0.25672234475907324,0.26129755384323916,0.29264838388251446,0.7073516161174854
20210307_ManCity_ManUnited,70.63820289842732,36.41576613680932,27.153058045525032,80.8157894736842,50.0,50.0,50.0,0.5263375877920269,0.2713402340318248,0.2023221781761484,0.5,0.5
20210307_Tottenham_CrystalPalace,50.0,50.0,19.719487503552617,49.99999999999999,22.3548552281359,22.3548552281359,50.0,0.4176429505557003,0.4176429505557003,0.1647140988885995,0.308961370424289,0.6910386295757109
20210308_Chelsea_Everton,64.41485180930337,60.779792893122725,20.561758253,32.9569031291515,50.0,32.9569031291515,50.0,0.44193497165954443,0.4169956973465505,0.14106933099390503,0.3972774041220238,0.6027225958779763
20210308_WestHam_Leeds,68.61858871382675,49.99999999999999,20.4188395037758,50.0,50.00000000000001,50.0,50.0,0.4935260209677802,0.3596153973859957,0.14685858164622406,0.5,0.5
20210310_ManCity_Southampton,69.25651867512333,25.917230656103353,19.18421052631579,80.38741382018013,19.601868663554395,31.442758564774746,50.00000000000001,0.6056117017249807,0.22663250278676583,0.16775579548825342,0.3860718757428512,0.6139281242571488
20210312_Newcastle_AstonVilla,33.538191181878574,52.57520796445118,30.377632606312314,20.030025537251987,50.0,20.030025537251987,50.0,0.28790363238514205,0.45132408197817125,0.26077228563668664,0.28602053738502714,0.7139794626149729
20210313_Leeds_Chelsea,19.18421052631579,30.166695453471,69.833304546529,23.47597429090246,50.00000000000001,40.73960475089785,50.0,0.16096268491940827,0.253109831581342,0.5859274834992497,0.4489726934863548,0.5510273065136451
20210313_CrystalPalace_WestBrom,36.17764171383762,60.62979071071088,31.199035683620686,22.105073692025414,50.0,22.105073692025414,50.0,0.2826235443295449,0.47364630558728443,0.24373015008317078,0.3065675209825098,0.6934324790174903
20210313_Everton_Burnley,50.0,50.0,19.907066459647325,50.0,50.0,50.0,49.99999999999999,0.4169896026672177,0.4169896026672177,0.16602079466556466,0.5,0.49999999999999994
20210313_Fulham_ManCity,26.155807938271526,30.252670355466343,61.22188347737842,22.969157789998416,77.60984249600169,22.969157789998416,50.0,0.22235592532789428,0.25718419887487565,0.52045987579723,0.31477898999605425,0.6852210100039458
20210314_Southampton_Brighton,50.00000000000001,50.00000000000001,28.582461739662104,27.010700455456778,50.0,22.56541529808654,50.00000000000001,0.3888555198237986,0.3888555198237986,0.22228896035240284,0.31096652868851643,0.6890334713114835
20210314_Leicester_SheffieldUnited,73.02720126630756,19.7626499848725,19.7626499848725,49.999999999999986,24.499999999999996,24.499999999999996,50.0,0.6488278844478994,0.17558605777605032,0.17558605777605032,0.32885906040268453,0.6711409395973155
20210314_Arsenal_Tottenham,33.05399755214644,68.15111790965884,31.45289810945313,50.00000000000001,50.0,50.0,50.00000000000001,0.24916698706928248,0.5137354018425043,0.23709761108821317,0.5,0.5000000000000001
20210314_ManUnited_WestHam,62.8066883426447,50.0,19.509040592265823,50.0,50.0,49.99999999999999,49.99999999999999,0.47467288166126426,0.3778840233317709,0.1474430950069649,0.5,0.5
20210315_Wolves_Liverpool,35.75970162924254,42.70915896601372,37.17445218131102,50.0,23.62230938350131,23.62230938350131,50.0,0.3092241200175001,0.3693180171042959,0.32145786287820394,0.32085803313302536,0.6791419668669746
20210319_Fulham_Leeds,30.316102644068366,50.0,33.83927236971097,23.143247212552435,24.887447018589658,21.30231411457329,59.35709661822133,0.26556877098786635,0.4379995247176461,0.29643170429448756,0.26410203001783356,0.7358979699821665
20210320_Brighton_Newcastle,48.82958894016203,50.0,20.178658459464387,50.00000000000001,23.004924899078027,21.36214683953678,49.99999999999999,0.410304243673076,0.42013894912762956,0.1695568071992944,0.2993484331065767,0.7006515668934232
20210321_WestHam_Arsenal,37.236916935500794,50.00000000000001,33.46470551668744,50.000000000000014,50.0,49.99999999999999,49.99999999999999,0.30850386414856107,0.414244638839099,0.2772514970123398,0.5,0.5
20210321_AstonVilla_Tottenham,27.284578333329517,58.31310589936322,40.41719514997846,50.0,50.0,50.0,50.0,0.21651870371969362,0.4627477817304651,0.3207335145498412,0.5,0.5
20210403_Chelsea_WestBrom,73.03598808559997,26.964011914400032,19.18421052631579,28.5413321674318,19.18421052631579,19.18421052631579,64.51540859463421,0.6127991934759989,0.2262381216045929,0.16096268491940827,0.2292030803460847,0.7707969196539153
20210403_Leeds_SheffieldUnited,55.49872169347362,44.50127830652638,20.380227403770647,50.0,22.932543769470872,22.932543769470872,49.999999999999986,0.46102855004023063,0.36967265527139614,0.16929879468837322,0.31443499135252023,0.6855650086474798
20210403_Leicester_ManCity,43.352455990386815,39.997778000010086,48.671779801707316,70.72004958684415,72.47630243250626,50.0,49.99999999999999,0.32837293376432025,0.3029629442177333,0.36866412201794646,0.5,0.49999999999999994
20210403_Arsenal_Liverpool,41.4865364107359,59.65764643176468,30.733988250250313,50.0,50.0,50.0,50.0,0.31458228505123953,0.45236937953747486,0.23304833541128553,0.5,0.5
20210404_Southampton_Burnley,38.07770617698906,40.747602159368455,38.39551300514219,50.000000000000014,50.0,50.00000000000001,50.00000000000001,0.3248373944254936,0.347614030451624,0.3275485751228824,0.5,0.5
20210404_Newcastle_Tottenham,19.75942382339619,24.96051000693213,75.03948999306789,20.726543868228543,64.94618558056068,23.311759815175744,50.0,0.16499264268784825,0.20842209498051914,0.6265852623316327,0.3179811789260874,0.6820188210739125
20210404_AstonVilla_Fulham,49.99999999999999,49.99999999999999,19.282796976110482,23.53905290639264,21.288646076977937,21.288646076977937,56.56940889588797,0.4191719281198094,0.4191719281198094,0.16165614376038126,0.2734289481595345,0.7265710518404656
20210404_ManUnited_Brighton,69.84271203344619,30.15728796655378,19.82987473679304,76.16737031104154,50.0,49.99999999999999,50.00000000000001,0.5828489113157808,0.2516675247536929,0.16548356393052627,0.49999999999999994,0.5000000000000001
20210405_Everton_CrystalPalace,37.40968541067716,50.0,32.110777237029914,49.99999999999999,50.0,50.0,49.99999999999999,0.3129981643473403,0.418338407435534,0.2686634282171258,0.5,0.49999999999999994
20210405_Wolves_WestHam,34.421597498782276,67.01808627289496,31.96445651316901,50.0,50.00000000000001,50.0,50.0,0.25802495653646756,0.5023688629887879,0.23960618047474455,0.5,0.5
20210409_Fulham_Wolves,33.080446967150706,50.0,30.30799867640263,50.0,50.0,50.0,50.0,0.29174442580456594,0.4409620373241507,0.2672935368712833,0.5,0.5
20210410_ManCity_Leeds,69.30989642807073,30.690103571929278,19.18421052631579,72.71567324925815,50.0,50.0,50.00000000000001,0.5815358940752235,0.25750142100536816,0.16096268491940827,0.5,0.5000000000000001
20210410_Liverpool_AstonVilla,61.25126865553468,38.7487313444653,19.844944264702725,44.36138686761551,24.297304722103867,24.297304722103867,53.18277483540831,0.5110876310330489,0.32332387137567187,0.1655884975912793,0.3135942149371231,0.686405785062877
20210410_CrystalPalace_Chelsea,33.98323239935196,50.0,30.79564964381838,22.86850201136758,49.99999999999999,22.86850201136758,50.0,0.2960756525453025,0.4356202039081904,0.26830414354650706,0.3138324705481123,0.6861675294518876
20210411_Burnley_Newcastle,49.99999999999999,62.63977142704022,19.640722920362013,50.0,49.99999999999999,49.99999999999999,49.99999999999999,0.3779846775344464,0.4735374760736247,0.14847784639192896,0.5,0.5
20210411_WestHam_Leicester,48.63427222023117,54.61991708598104,27.882689592700046,49.99999999999999,49.99999999999999,50.0,50.0,0.3708664765288583,0.4165107294347395,0.21262279403640227,0.5,0.5
20210411_Tottenham_ManUnited,37.57456264081621,59.122518311569415,61.949573416476134,50.0,64.70144850024774,49.999999999999986,50.0,0.23684434311141153,0.37266791756040735,0.3904877393281811,0.49999999999999994,0.5000000000000001
20210411_SheffieldUnited_Arsenal,21.18869881811312,30.648908718807196,65.69928210752992,50.0,50.0,77.30653073132197,50.0,0.18027275421537065,0.26075990960387263,0.5589673361807568,0.6072471717454617,0.3927528282545383
20210412_WestBrom_Southampton,33.016876442135754,61.30333755951088,32.849076108706164,50.0,50.00000000000001,50.0,50.0,0.25962932099003566,0.48206086159885075,0.2583098174111136,0.5,0.5
20210412_Brighton_Everton,34.720726890613285,62.12569341579279,30.045061128218745,50.00000000000001,33.34994879098248,33.34994879098248,50.00000000000001,0.2736253568644921,0.48959703766876017,0.23677760546674775,0.40011960744708414,0.5998803925529158
20210416_Everton_Tottenham,33.88797149611736,49.99999999999999,40.9875341155202,50.0,50.00000000000001,50.0,50.0,0.2713740483382614,0.40039877920894945,0.32822717245278915,0.5,0.5
20210417_Newcastle_WestHam,24.64016172680337,50.0,47.62444833115462,49.99999999999999,55.593320228441605,50.0,50.0,0.20153143019163938,0.40894908163775384,0.38951948817060683,0.5,0.5
20210417_Wolves_SheffieldUnited,55.826442942235346,44.17355705776467,19.361684845059052,50.0,24.500000000000004,24.500000000000004,50.00000000000001,0.4677082349725751,0.37008154765162243,0.1622102173758024,0.32885906040268453,0.6711409395973154
20210418_Arsenal_Fulham,67.63915037631166,20.101743184512767,20.101743184512767,50.0,50.0,50.0,50.0,0.6272023053000526,0.18639884734997364,0.18639884734997364,0.5,0.5
20210418_ManUnited_Burnley,80.8157894736842,19.18421052631579,19.18421052631579,70.49778704026681,50.0,50.00000000000001,50.0,0.6780746301611834,0.16096268491940827,0.16096268491940827,0.5000000000000001,0.5
20210419_Leeds_Liverpool,43.15315804671226,46.31919763036709,35.294671954456994,50.00000000000001,50.000000000000014,49.99999999999999,49.99999999999999,0.34586988939219376,0.37124550059137074,0.28288461001643556,0.5,0.5
20210420_Chelsea_Brighton,55.830238681501044,44.169761318498956,20.109331173103694,50.00000000000001,37.39299535423477,37.39299535423477,50.000000000000014,0.46482848698106155,0.3677462932071507,0.16742521981178773,0.42787176709835506,0.5721282329016449
20210421_Tottenham_Southampton,49.99999999999999,49.99999999999999,19.716876543927263,77.90581603590854,50.00000000000001,53.0483155452239,49.99999999999999,0.41765205912011655,0.41765205912011655,0.164695881759767,0.5147907102076119,0.48520928979238814
20210421_AstonVilla_ManCity,23.347152658889783,30.71151604870564,64.978125930575,25.923480300299772,49.99999999999999,21.797886459663648,49.999999999999986,0.1961339158186915,0.25800019348687725,0.5458658906944314,0.3036006703610948,0.6963993296389053
20210422_Leicester_WestBrom,42.254514729399496,38.52064140858161,37.733833291853074,50.0,49.99999999999999,50.000000000000014,50.000000000000014,0.3565511353416544,0.32504404597415454,0.3184048186841911,0.5,0.5
20210423_Arsenal_Everton,49.99999999999999,63.23530124183544,19.612650011036127,49.999999999999986,50.000000000000014,50.000000000000014,50.000000000000014,0.37637012485669946,0.47599756447481223,0.14763231066848834,0.5,0.5
20210424_Liverpool_Newcastle,69.25773862762419,30.7422613723758,31.20302475623919,50.00000000000001,50.00000000000001,50.0,50.0,0.5278669356617156,0.2343106146332491,0.23782244970503527,0.5,0.5
20210424_WestHam_Chelsea,38.86764264051121,50.0,30.4766514084689,50.00000000000001,49.99999999999999,50.0,50.0,0.3256765893186275,0.4189559324845434,0.2553674781968292,0.5,0.5
20210424_SheffieldUnited_Brighton,22.07585884269753,30.73259420298694,66.39872490953033,19.18421052631579,50.0,19.18421052631579,50.0,0.18518900641193986,0.2578082522390802,0.5570027413489799,0.27729174591099276,0.7227082540890072
20210425_Leeds_ManUnited,23.985019894639542,40.31407548035794,64.78457361234273,50.0,71.93300145310097,50.0,49.99999999999999,0.18580987109215075,0.312309649986101,0.5018804789217483,0.5,0.49999999999999994
20210425_AstonVilla_WestBrom,30.534284669070978,49.99999999999999,33.167290392723395,38.99828214098048,50.00000000000001,38.99828214098048,50.0,0.2685475962182252,0.4397476461766345,0.29170475760514036,0.4381914032812908,0.5618085967187092
20210425_Wolves_Burnley,56.83728337169158,59.184551519952194,21.469622448279086,50.0,50.0,50.00000000000001,50.00000000000001,0.41338774401940936,0.4304598457606646,0.15615241021992596,0.5,0.5
20210426_Leicester_CrystalPalace,54.69982063903123,45.30017936096876,19.700498619214493,65.58889040841599,50.0,49.99999999999999,50.0,0.45697237079220265,0.3784460372640178,0.16458159194377942,0.49999999999999994,0.5
20210430_Southampton_Leicester,25.970058283758807,31.924896455560503,68.0751035444395,49.99999999999999,80.8157894736842,50.0,50.0,0.20616056416564427,0.2534324179135237,0.540407017920832,0.5,0.5
20210501_CrystalPalace_ManCity,19.18421052631579,19.18421052631579,74.78179668587829,22.318759772215298,72.61577576016516,35.66108679151912,50.0,0.1695463862972893,0.1695463862972893,0.6609072274054214,0.4163043935960166,0.5836956064039833
20210501_Brighton_Leeds,27.20040380641542,44.903442707916426,55.09655729208356,19.18421052631579,21.84975344262517,19.18421052631579,63.12592526874684,0.21383897371749974,0.35301336602873035,0.4331476602537699,0.23307227404023495,0.766927725959765
20210501_Chelsea_Fulham,69.33252201071359,19.18421052631579,19.18421052631579,50.0,19.18421052631579,19.18421052631579,50.0,0.6437503705973596,0.17812481470132013,0.17812481470132013,0.27729174591099276,0.7227082540890072
20210501_Everton_AstonVilla,50.00000000000001,60.16356129200917,20.115940483438408,50.00000000000001,40.45485602266578,46.87797264096912,50.00000000000001,0.38379023037853666,0.46180374097306814,0.15440602864839517,0.4838868048436503,0.5161131951563498
20210502_Newcastle_Arsenal,40.264673368526864,50.81475449268072,32.39476275611347,50.00000000000001,49.99999999999999,50.0,50.0,0.32609789274357476,0.4115415070844156,0.26236060017200963,0.5,0.5
20210502_Tottenham_SheffieldUnited,70.61667867133126,29.383321328668735,19.823440493479698,64.23869478302954,50.0,50.0,50.0,0.5893394345922985,0.24522181309146818,0.16543875231623323,0.5,0.5
20210503_WestBrom_Wolves,32.07378456576496,59.151212039550536,33.179646540705924,50.0,50.0,50.0,50.0,0.2578182273158244,0.4754743114380474,0.26670746124612826,0.5,0.5
20210503_Burnley_WestHam,35.375080249830134,52.789010885228166,29.78943676846215,56.558807711496684,52.79084290921636,54.26516159483807,45.734838405161945,0.29990692841985206,0.4475407545962228,0.2525523169839251,0.5426516159483806,0.45734838405161937
20210507_Leicester_Newcastle,56.863520858025495,43.13647914197448,19.437141543788428,51.0705895309052,50.0,50.0,50.0,0.476095795018487,0.36116469788553723,0.16273950709597587,0.5,0.5
20210508_Leeds_Tottenham,29.510457170421354,59.86601671158443,37.86672969049876,24.25636493251259,50.00000000000001,24.25636493251259,50.0,0.23192167708671355,0.4704849849011553,0.29759333801213117,0.32665704757508435,0.6733429524249157
20210508_SheffieldUnited_CrystalPalace,33.90762624246194,60.883301608001275,30.068715568904015,50.0,50.0,78.31627940727505,50.0,0.2715659384720176,0.48761393145671555,0.24082013007126685,0.6103378290660976,0.38966217093390254
20210508_ManCity_Chelsea,65.92758025750345,41.28069032878323,37.784526318001326,79.08424705744429,50.0,50.0,50.0,0.4546955549869368,0.28470855939163137,0.26059588562143177,0.5,0.5
20210508_Liverpool_Southampton,78.8802229406432,21.119777059356807,20.412067004861996,50.0,23.77465086530759,42.90430171114732,50.0,0.6550856978267648,0.1753958518003352,0.1695184503728999,0.46181178826942687,0.5381882117305731
20210509_Wolves_Brighton,50.0,53.69393493547962,20.065346892915812,19.18421052631579,50.0,19.18421052631579,50.00000000000001,0.40401010139449567,0.4338578419510514,0.1621320566544529,0.27729174591099276,0.7227082540890073
20210509_AstonVilla_ManUnited,21.123568931874253,32.15176450490117,71.88916644990442,50.0,49.99999999999999,49.99999999999999,49.99999999999999,0.16876645495327264,0.25687606736742774,0.5743574776792997,0.5,0.5
20210509_WestHam_Everton,50.0,65.96297509581356,21.065084536491174,50.00000000000001,50.00000000000001,50.00000000000001,50.00000000000001,0.3648887690168559,0.48138297566801863,0.1537282553151254,0.5,0.5
20210509_Arsenal_WestBrom,53.0903393217829,43.19010913971793,26.893589159388718,49.99999999999999,50.00000000000001,49.99999999999999,49.99999999999999,0.4310189090755202,0.35064295994461386,0.21833813097986593,0.5,0.5
20210510_Fulham_Burnley,28.83641386217492,49.99999999999999,35.955886296407485,50.0,49.99999999999999,50.0,50.0,0.25120512283784024,0.4355692840976823,0.3132255930644775,0.5,0.5
20210511_ManUnited_Leicester,69.87366570954165,35.18525359419609,25.63708044934989,68.70944812173443,50.0,50.00000000000001,50.0,0.5346274242635412,0.2692144645640912,0.19615811117236756,0.5000000000000001,0.5
20210511_Southampton_CrystalPalace,38.788371270423944,63.10233781498996,27.12322304122527,50.00000000000001,50.0,50.00000000000001,49.99999999999999,0.30065257783438115,0.4891125847792094,0.2102348373864096,0.5000000000000001,0.49999999999999994
20210512_Chelsea_Arsenal,68.88834948696085,64.06176925926358,26.41314007810927,50.00000000000001,75.49999999999997,50.00000000000001,50.0,0.43227246979742395,0.40198581361767294,0.16574171658490305,0.5000000000000001,0.5
20210513_AstonVilla_Everton,32.51353720538974,50.0,34.033253475200425,50.0,50.0,50.0,50.00000000000001,0.27897411001643807,0.4290122422764152,0.2920136477071467,0.5,0.5000000000000001
20210513_ManUnited_Liverpool,46.978522652848326,53.53122056790408,44.90085310685186,50.0,50.0,50.0,50.00000000000001,0.3230749604176548,0.3681383745053929,0.3087866650769524,0.5,0.5000000000000001
20210514_Newcastle_ManCity,28.994881167709625,28.994881167709625,57.493905087280055,49.99999999999999,53.057614947656,50.0,50.0,0.2510734358788681,0.2510734358788681,0.49785312824226374,0.5,0.5
20210515_Burnley_Leeds,34.53831800740959,50.00000000000001,32.36564121833778,49.99999999999999,49.99999999999999,50.0,50.0,0.2954418159671939,0.4277015109766087,0.27685667305619743,0.5,0.5
20210515_Southampton_Fulham,50.0,54.389685568118736,19.393907034831397,50.0,50.0,76.01112000521617,50.0,0.40393075486490887,0.43939333496790484,0.15667591016718627,0.6032096215164957,0.39679037848350424
20210515_Brighton_WestHam,31.852939605186645,56.65902628457217,31.031351566287757,50.0,50.0,50.0,50.0,0.26645520873133094,0.47396230496451164,0.2595824863041575,0.5,0.5
20210516_CrystalPalace_AstonVilla,30.706473720101805,50.000000000000014,35.02651862412319,50.00000000000001,50.0,50.00000000000001,50.00000000000001,0.26532169520659626,0.4320289226712885,0.30264938212211523,0.5,0.5
20210516_Tottenham_Wolves,32.86739390291552,50.00000000000001,32.852322476033336,50.0,50.00000000000001,50.0,50.0,0.28402587675970653,0.43207848726715126,0.28389563597314227,0.5,0.5
20210516_WestBrom_Liverpool,19.18421052631579,19.18421052631579,71.90362595419846,50.0,67.14791848197791,50.0,50.0,0.17397165507526635,0.17397165507526635,0.6520566898494674,0.5,0.5
20210516_Everton_SheffieldUnited,65.86974687500141,28.936155172317356,30.43429523970611,50.0,19.18421052631579,19.18421052631579,50.0,0.5259473260333617,0.23104526980264664,0.2430074041639917,0.27729174591099276,0.7227082540890072
20210518_Southampton_Leeds,44.41404026079381,50.0,33.17031164418853,50.0,60.09642601356147,50.0,50.0,0.3481151065756943,0.39189758973919614,0.2599873036851096,0.5,0.5
20210518_ManUnited_Fulham,69.25651867512333,28.3298385157739,19.18421052631579,77.43717837681395,50.0,50.0,50.0,0.593099100475764,0.24261112255942066,0.1642897769648153,0.5,0.5
20210518_Chelsea_Leicester,47.73958522420619,64.75207775768905,21.125158991335724,49.999999999999986,50.0,50.0,50.0,0.35728723763367476,0.4846102219873303,0.1581025403789949,0.5,0.5
20210518_Brighton_ManCity,21.29634164639501,30.72619210772792,67.24072225169196,50.0,50.0,50.0,50.00000000000001,0.1785658245432832,0.2576333494218019,0.5638008260349149,0.5,0.5000000000000001
20210519_Everton_Wolves,47.13856973099725,50.0,21.660424213466214,50.0,19.5406216539441,19.5406216539441,50.0,0.39679266773112354,0.4208789850810872,0.1823283471877893,0.2809957861921964,0.7190042138078035
20210519_Newcastle_SheffieldUnited,49.99999999999999,50.00000000000003,19.515300199805637,64.11100263608957,50.0,64.54377619073948,50.0,0.41835647750882105,0.4183564775088213,0.16328704498235758,0.5634856675517709,0.43651433244822907
20210519_Tottenham_AstonVilla,67.73951647614484,41.94429010391886,19.51079272664885,68.23490921272901,50.0,50.0,50.0,0.5243215803110224,0.32465977934837376,0.15101864034060386,0.5,0.5
20210519_CrystalPalace_Arsenal,20.92242210109981,47.795093887695614,61.15936669312592,50.0,53.30280611491157,50.0,50.0,0.16109427381576794,0.36800308800719783,0.4709026381770341,0.5,0.5
20210519_Burnley_Liverpool,19.86369581813101,20.391074001148272,69.25651867512333,50.0,75.1995126245786,49.99999999999999,50.00000000000001,0.18138491557558736,0.1862006582288593,0.6324144261955534,0.49999999999999994,0.5000000000000001
20210519_WestBrom_WestHam,30.348292639341043,49.91494392601947,37.653923838717,50.0,50.0,50.0,50.0,0.25736960197602937,0.42330517250391175,0.31932522552005876,0.5,0.5
20210523_ManCity_Everton,69.1602222084552,30.83977779154479,23.851332205136014,50.0,50.0,50.0,50.0,0.5584132279974553,0.24900642764556305,0.19258034435698157,0.5,0.5
20210523_Arsenal_Brighton,65.45108705439695,48.081655871061024,20.663814437787686,69.49643185372804,50.0,49.99999999999998,49.99999999999999,0.4877255299272154,0.3582927670857661,0.15398170298701852,0.49999999999999994,0.5000000000000001
20210523_Wolves_ManUnited,36.809478803888666,38.211529682244816,43.887040484304734,50.0,50.00000000000001,50.0,50.00000000000001,0.30956254957172735,0.3213536006443483,0.36908384978392433,0.5,0.5000000000000001
20210523_Fulham_Newcastle,23.00486253630418,44.84622746615554,50.35796693550353,50.0,72.04536771342838,63.67700346488979,50.00000000000001,0.19461167470760937,0.3793806382339306,0.42600768705846004,0.5601573011603621,0.439842698839638
20210523_AstonVilla_Chelsea,20.092976049623577,50.0,63.888405194481734,50.0,49.99999999999999,49.99999999999999,49.99999999999999,0.1499684199628864,0.37318618106274987,0.4768453989743638,0.5,0.5
20210523_WestHam_Southampton,49.99999999999999,52.54181447296812,19.255570306723094,60.14266433985624,50.0,50.0,50.0,0.41051784560432625,0.43138704963170166,0.158095104763972,0.5,0.5
20210523_SheffieldUnited_Burnley,30.644627003339703,53.27543645092677,31.984936378701917,50.0,50.0,76.13647643960297,50.00000000000001,0.2643943492299894,0.45964743995256824,0.27595821081744243,0.603603958098979,0.396396041901021
20210523_Leicester_Tottenham,38.90840330375394,68.53587698534672,27.593329893008658,50.0,56.224629948159496,50.0,50.0,0.2881301235358265,0.5075317675788282,0.20433810888534523,0.5,0.5
20210523_Leeds_WestBrom,69.63027824451262,26.338901685365506,19.18421052631579,78.32689721611074,50.0,49.99999999999999,50.00000000000001,0.6046741478358905,0.22872884229479307,0.16659700986931647,0.49999999999999994,0.5000000000000001
20210523_Liverpool_CrystalPalace,69.43456614509245,19.18421052631579,19.18421052631579,80.8157894736842,50.0,50.0,50.0,0.6440875893145785,0.1779562053427107,0.1779562053427107,0.5,0.5
20210813_Brentford_Arsenal,19.18421052631579,30.630075654692902,69.3699243453071,50.0,66.43413153866085,50.0,50.0,0.16096268491940827,0.2569977643802893,0.5820395507003024,0.5,0.5
20210814_Everton_Southampton,50.0,61.49501364940593,20.705950172691416,50.0,49.99999999999999,50.0,50.0,0.37821206861460505,0.46516312643650376,0.15662480494889117,0.5,0.5
20210814_ManUnited_Leeds,36.5707924031501,47.73213139366768,33.56712185136773,50.0,69.2610015254551,50.0,50.0,0.3102636653955777,0.4049555689164397,0.2847807656879826,0.5,0.5
20210814_Chelsea_CrystalPalace,62.24504779212125,37.754952207878716,19.616768355744558,50.0,38.53815558691175,38.58287382865763,49.999999999999986,0.5203705855603978,0.3156326050842148,0.1639968093553873,0.4355568086816304,0.5644431913183695
20210814_Norwich_Liverpool,19.18421052631579,19.18421052631579,69.25651867512333,19.18421052631579,80.8157894736842,30.743481324876676,50.0,0.17825060413361107,0.17825060413361107,0.6434987917327779,0.3807549639973816,0.6192450360026183
20210814_Leicester_Wolves,49.99999999999999,51.96128450312323,19.74384912914851,49.99999999999999,50.0,50.0,50.0,0.41082901359833707,0.4269440651544135,0.16222692124724938,0.5,0.5
20210814_Burnley_Brighton,34.359345548799965,49.65450584315674,30.892655672301842,50.0,50.0,50.0,50.00000000000001,0.2990200157210015,0.43212962530824056,0.26885035897075793,0.5,0.5000000000000001
20210814_Watford_AstonVilla,27.135662902637762,59.064463711071475,40.93553628892851,50.000000000000014,75.5,50.000000000000014,50.000000000000014,0.2134386393487296,0.4645782494271796,0.3219831112240907,0.5,0.5
20210815_Newcastle_WestHam,31.1028302974527,56.65901632623336,35.38231930058086,49.99999999999999,54.88380246140187,50.0,50.0,0.2525725036505651,0.4601031311631798,0.2873243651862551,0.5,0.5
20210815_Tottenham_ManCity,39.129561620254016,40.84150460260807,35.831839838906504,50.0,49.99999999999999,50.0,50.0,0.33789792459424584,0.35268117175594416,0.30942090364981006,0.5,0.5
20210821_Liverpool_Burnley,70.42805797624642,19.18421052631579,19.18421052631579,80.8157894736842,20.995487807553946,33.95644172352503,50.0,0.64733765839566,0.17633117080216995,0.17633117080216995,0.40445308336608865,0.5955469166339113
20210821_AstonVilla_Newcastle,39.63072945839415,65.39485901300772,28.598704956525278,72.09648200297818,71.9307994421468,65.49371876898822,24.359369784164592,0.29658326672290136,0.4893934877813195,0.21402324549577914,0.7288978022190661,0.2711021977809338
20210821_CrystalPalace_Brentford,25.113743328330568,32.99734075493632,62.904219964056125,20.369682115822794,79.83950617283949,32.727351307173784,50.0,0.20752535000457334,0.2726708081651616,0.5198038418302651,0.395604969699251,0.6043950303007488
20210821_Leeds_Everton,65.89632742960175,50.00000000000001,19.715695662149663,53.23733833390107,50.0,50.0,50.0,0.4859180323931756,0.36869887241613786,0.1453830951906864,0.5,0.5
20210821_ManCity_Norwich,69.25651867512333,24.682707215111353,19.18421052631579,80.8157894736842,50.0,50.0,50.0,0.6122207817317578,0.21819269284061601,0.16958652542762617,0.5,0.5
20210821_Brighton_Watford,59.82248030859259,49.99999999999999,21.094399919364538,50.0,49.99999999999999,50.00000000000001,50.00000000000001,0.45695009080897403,0.3819217194370826,0.16112818975394325,0.5,0.5
20210822_Wolves_Tottenham,19.18421052631579,30.311947638051386,69.6880523619486,50.0,49.99999999999999,50.0,50.0,0.1609626849194083,0.2543285516109412,0.5847087634696505,0.5,0.5
20210822_Arsenal_Chelsea,45.115387491526,67.64016920000543,26.22680558731532,50.00000000000001,50.0,50.0,50.0,0.324612323116288,0.48668167737929097,0.18870599950442102,0.5,0.5
20210822_Southampton_ManUnited,19.18421052631579,29.92341908858687,70.07658091141313,49.99999999999999,80.8157894736842,50.0,50.0,0.16096268491940827,0.2510686521011925,0.5879686629793992,0.5,0.5
20210823_WestHam_Leicester,58.21777191734619,61.6712946370444,19.61691981920399,70.27397583964084,49.99999999999999,49.99999999999999,50.0,0.4173137901153577,0.4420691630529013,0.14061704683174114,0.49999999999999994,0.5
20210828_WestHam_CrystalPalace,72.72496317306822,27.275036826931785,19.18421052631579,80.8157894736842,24.259415751015563,46.81374759784604,50.0,0.6101895784006607,0.22884773667993105,0.16096268491940827,0.48354442173135725,0.5164555782686427
20210828_Liverpool_Chelsea,69.78712724480941,43.96665241358619,20.397605134073803,80.8157894736842,50.0,50.0,50.0,0.5202117544501629,0.3277390873124573,0.15204915823737977,0.5,0.5
20210828_ManCity_Arsenal,61.45523668048363,38.54476331951637,21.302972885187355,50.0,49.999999999999986,50.0,50.00000000000001,0.506625973121456,0.3177561308080948,0.17561789607044923,0.5,0.5000000000000001
20210828_AstonVilla_Brentford,40.94046847875783,61.89605169925376,28.430848750018352,50.0,49.99999999999999,49.99999999999999,49.99999999999999,0.31188610553476004,0.4715265660058255,0.21658732845941442,0.5,0.5
20210828_Brighton_Everton,54.368831819405635,50.0,28.004053377899158,50.0,50.00000000000001,50.0,50.0,0.41072483793314357,0.3777208597174101,0.21155430234944625,0.5,0.5
20210828_Newcastle_Southampton,50.00000000000001,53.607886268590036,19.596173440312192,75.60050870379087,50.0,72.84712606710083,50.0,0.40583078283407575,0.4351146090092398,0.1590546081566844,0.5929900714755891,0.40700992852441087
20210828_Norwich_Leicester,19.18421052631579,26.44178744775732,69.25651867512333,50.0,50.0,80.8157894736842,50.0,0.16698981782316288,0.23016372045974212,0.602846461717095,0.6177831422249044,0.3822168577750955
20210829_Burnley_Leeds,19.18421052631579,30.525769422756103,69.47423057724389,50.0,79.21596538816652,51.673642821598335,50.0,0.1609626849194083,0.2561225961723851,0.5829147189082067,0.5082304655127533,0.49176953448724664
20210829_Tottenham_Watford,74.01720052188097,23.162380336857993,19.18421052631579,77.9419936379305,50.00000000000001,49.99999999999999,50.0,0.636084469583443,0.19905144084049556,0.1648640895760614,0.49999999999999994,0.5
20210829_Wolves_ManUnited,19.18421052631579,19.30029785231612,69.7465231861989,50.0,50.00000000000001,50.0,50.0,0.17725240394502176,0.1783249921327338,0.6444226039222444,0.5,0.5
20210911_CrystalPalace_Tottenham,19.18421052631579,24.764776292832753,75.23522370716724,21.120582915398085,70.74189385293609,27.346047069882594,50.00000000000001,0.1609626849194083,0.20778571409309884,0.6312516009874929,0.35355455263505947,0.6464454473649406
20210911_Arsenal_Norwich,69.25651867512333,29.465276493323245,19.18421052631579,50.0,50.0,77.46928912415021,50.0,0.5873875403295071,0.24990479763688708,0.16270766203360576,0.6077486558248402,0.39225134417515983
20210911_Brentford_Brighton,68.46309443448415,49.99999999999999,20.69165501517887,50.00000000000001,24.01669565863566,35.32588298981375,50.00000000000001,0.4919925098154812,0.3593122059990248,0.1486952841854941,0.4140113380840251,0.585988661915975
20210911_Leicester_ManCity,24.59579951572967,35.756506013923776,58.34031303516845,50.00000000000001,79.33272039945994,49.99999999999999,50.0,0.20722265472892154,0.30125298814935136,0.49152435712172704,0.49999999999999994,0.5
20210911_ManUnited_Newcastle,73.5560879713774,26.443912028622627,19.336487578478266,78.70576739721767,49.99999999999999,49.99999999999999,49.99999999999999,0.6163755064686758,0.22159117102581496,0.1620333225055092,0.5,0.5
20210911_Southampton_WestHam,19.18421052631579,29.611725607376698,70.3882743926233,49.99999999999999,80.07845665048306,49.999999999999986,50.0,0.16096268491940827,0.2484534274851655,0.5905838875954262,0.49999999999999994,0.5000000000000001
20210911_Watford_Wolves,38.01507643142478,65.0232124755196,29.692766313877964,50.000000000000014,50.0,50.0,49.99999999999999,0.28640679732546204,0.489886954995887,0.22370624767865083,0.5,0.49999999999999994
20210911_Chelsea_AstonVilla,64.52421819101538,50.00000000000001,19.74384912914851,49.99999999999999,50.0,50.0,50.0,0.48056264962209194,0.3723893625486868,0.14704798782922118,0.5,0.5
20210912_Leeds_Liverpool,41.76564958272258,44.815601353694824,70.63288779944405,50.0,69.69655877498765,50.0,50.0,0.26566089995820197,0.28506088392590684,0.4492782161158911,0.5,0.5
20210913_Everton_Burnley,69.26721342499206,32.125437173012,19.18421052631579,49.99999999999999,50.0,50.0,50.0,0.5744652230876588,0.2664311947869443,0.1591035821253968,0.5,0.5
20210917_Newcastle_Leeds,29.810814101406095,50.0,34.912789845722166,50.00000000000001,50.0,62.72751884588942,50.0,0.25984900295796814,0.43583010191209737,0.3043208951299346,0.5564525813048777,0.44354741869512226
20210918_Wolves_Brentford,32.62202177603868,49.99999999999999,32.05208219958961,19.18421052631579,23.374902262213855,19.18421052631579,57.30842041497666,0.2844759247734941,0.4360182313752938,0.279505843851212,0.2507981525833454,0.7492018474166546
20210918_Burnley_Arsenal,20.83503646723234,49.48998787289141,56.15874631478456,50.0,50.0,50.0,49.99999999999999,0.16472497901788175,0.39127539933891836,0.4439996216431999,0.5,0.49999999999999994
20210918_Liverpool_CrystalPalace,76.0493635274341,23.9506364725659,19.18421052631579,69.69695307336725,50.0,50.0,50.0,0.6380825378764619,0.20095477720412988,0.16096268491940827,0.5,0.5
20210918_ManCity_Southampton,80.8157894736842,19.18421052631579,19.18421052631579,68.78142131047656,21.7867480173635,21.7867480173635,50.0,0.6780746301611834,0.16096268491940827,0.16096268491940827,0.30349261693946367,0.6965073830605365
20210918_Norwich_Watford,30.885100333226365,50.0,39.81953484716064,50.0,50.0,80.8157894736842,50.0,0.25587335802863026,0.41423429949709484,0.3298923424742749,0.6177831422249044,0.3822168577750955
20210918_AstonVilla_Everton,32.49736505927876,62.51131939012372,37.48868060987626,50.0,56.42668150722774,49.99999999999999,49.99999999999999,0.24526801000713927,0.47179292480387386,0.2829390651889869,0.5,0.5
20210919_Brighton_Leicester,33.398855454631295,60.113878675594,30.662953985038296,50.00000000000001,50.00000000000001,49.99999999999999,49.99999999999999,0.2689645288990022,0.48410344720453247,0.24693202389646532,0.5,0.5
20210919_WestHam_ManUnited,34.55742149593578,53.713014639751314,59.81535210350333,61.69033454905458,76.50348823759222,50.0,49.99999999999999,0.23336082352560464,0.36271552644196503,0.40392365003243025,0.5,0.49999999999999994
20210919_Tottenham_Chelsea,52.74813798068703,50.00000000000001,34.56865183005418,50.0,58.14036855858357,50.0,50.00000000000001,0.3841346571922332,0.36412153290878124,0.2517438098989854,0.5,0.5000000000000001
20210925_Leeds_WestHam,30.70800565521273,66.51282378468036,33.487176215319614,49.99999999999999,63.02839491563672,49.99999999999999,50.0,0.23493592072864802,0.5088657228856418,0.25619835638571026,0.49999999999999994,0.5
20210925_ManUnited_AstonVilla,74.54804368227373,31.169979671382162,21.893339809136506,69.29785506021449,50.0,50.0,50.0,0.5841802942514893,0.24425708572377652,0.17156262002473413,0.5,0.5
20210925_Everton_Norwich,69.25651867512333,19.18421052631579,19.18421052631579,50.0,50.0,50.0,50.0,0.6434987917327778,0.17825060413361105,0.17825060413361105,0.5,0.5
20210925_Brentford_Liverpool,20.52797813872534,31.949914876070537,70.7161855370806,21.98763710629164,80.8157894736842,21.98763710629164,50.0,0.1666312080907452,0.2593461897814883,0.5740226021277665,0.30543629420460505,0.6945637057953948
20210925_Leicester_Burnley,50.0,50.0,19.55900220948813,50.0,50.0,78.14682138732415,50.0,0.4182035570386521,0.4182035570386521,0.16359288592269583,0.6098225499571709,0.39017745004282894
20210925_Watford_Newcastle,41.034270994715534,67.09870607824031,26.900430406811836,50.0,50.000000000000014,64.56428583524509,49.99999999999999,0.3038823633393372,0.49690448704920553,0.1992131496114573,0.5635638136661106,0.4364361863338895
20210925_Chelsea_ManCity,51.60027086959221,50.0,33.30663084181378,80.8157894736842,75.49999999999999,50.0,50.0,0.3824879988718142,0.37062596031565853,0.2468860408125272,0.5,0.5
20210926_Southampton_Wolves,47.57963175808769,68.77291301895156,21.279542923951468,24.27610554548341,50.0,24.27610554548341,50.00000000000001,0.3457015914882849,0.4996866222676393,0.15461178624407576,0.3268360042196584,0.6731639957803416
20210926_Arsenal_Tottenham,49.591765265295884,64.9142496632129,19.52457244640096,50.00000000000001,49.99999999999999,50.00000000000001,50.00000000000001,0.370003342047424,0.4843241452164576,0.14567251273611834,0.5,0.5
20210927_CrystalPalace_Brighton,35.87205075855052,53.335255681719616,46.31130574494009,39.037192158195886,50.0,42.52771696818987,49.99999999999999,0.26470202269725873,0.39356406342788935,0.3417339138748519,0.45962138007588027,0.5403786199241197
20211002_Chelsea_Southampton,67.70835803559493,32.291641964405066,20.307616192135267,49.99999999999999,19.18421052631579,19.18421052631579,50.0,0.5627936133940383,0.26840895852207924,0.1687974280838823,0.27729174591099276,0.7227082540890072
20211002_ManUnited_Everton,43.65238975085714,50.0,24.812163017324966,50.0,49.99999999999999,49.99999999999999,49.99999999999999,0.36848482293499657,0.42206718239035373,0.20944799467464972,0.5,0.5
20211002_Burnley_Norwich,50.0,50.0,27.116136880660882,50.0,50.0,78.41270820338451,50.0,0.39334109128049555,0.39334109128049555,0.21331781743900888,0.6106304375980587,0.38936956240194126
20211002_Wolves_Newcastle,49.99999999999999,49.99999999999999,20.31069720127033,50.0,50.00000000000001,50.0,50.0,0.4155906429197558,0.4155906429197558,0.16881871416048844,0.5,0.5
20211002_Brighton_Arsenal,39.32999630221771,54.164966854999655,30.931374771444677,50.0,50.000000000000014,49.99999999999999,49.99999999999999,0.31609060394244637,0.43531753611566,0.2485918599418936,0.5,0.5
20211002_Leeds_Watford,37.60856369619988,50.0,28.784592640761023,50.0,50.0,60.03567439579594,49.99999999999999,0.3231166236898174,0.42957852139733055,0.24730485491285206,0.5456019125201971,0.454398087479803
20211003_CrystalPalace_Leicester,31.308935879839588,55.805608906459526,32.24614726121896,50.0,50.0,59.60341404534708,50.00000000000001,0.2623052475883379,0.46753757831969533,0.2701571740919666,0.5438098307839835,0.4561901692160165
20211003_Tottenham_AstonVilla,34.163266853712294,51.02863294892968,48.80291113493718,28.894841567791133,49.999999999999986,28.894841567791133,50.000000000000014,0.25495962578451703,0.3808254408650282,0.3642149333504548,0.36624500402808924,0.6337549959719108
20211003_WestHam_Brentford,50.0,62.56931042806066,20.644273577437097,50.000000000000014,50.0,50.0,50.00000000000001,0.3753370977387448,0.4696916676716574,0.15497123458959788,0.5,0.5000000000000001
20211003_Liverpool_ManCity,50.26702474210666,50.0,55.557226825614656,78.11540200263619,80.8157894736842,50.0,49.99999999999999,0.3225879427391993,0.320874315114358,0.3565377421464428,0.5,0.49999999999999994
20211016_AstonVilla_Wolves,31.821508288933696,50.0,33.93190582334563,50.00000000000001,50.0,50.0,50.0,0.27490772978900857,0.4319527020732247,0.2931395681377667,0.5,0.5
20211016_Leicester_ManUnited,20.56099579374411,50.00000000000001,66.722642939482,50.00000000000001,74.57923272772912,50.0,50.0,0.1497701837121238,0.3642094605108886,0.4860203557769877,0.5,0.5
20211016_Southampton_Leeds,25.369401304800924,50.532758887605915,41.86244138508525,50.0,50.0,50.0,50.0,0.21542467740704932,0.42909973124949674,0.3554755913434539,0.5,0.5
20211016_Watford_Liverpool,19.18421052631579,26.387688440873248,73.61231155912675,24.673269349973488,52.488835290995056,23.856840016306503,50.0,0.16096268491940827,0.22140255260613456,0.6176347624744571,0.3230146322404162,0.6769853677595837
20211016_Brentford_Chelsea,32.47133884826991,50.0,32.24891874801055,50.0,50.000000000000014,50.0,50.0,0.2830479945620582,0.4358428149277546,0.2811091905101872,0.5,0.5
20211016_Norwich_Brighton,19.7834554855548,22.96781945421179,68.21117043659048,19.46583104918402,50.0,19.46583104918402,49.99999999999999,0.17828964942557124,0.206987322389216,0.6147230281852127,0.28022166805147114,0.7197783319485289
20211016_ManCity_Burnley,80.0919482045199,19.9080517954801,19.18421052631579,61.99469461713605,19.18421052631579,19.18421052631579,50.0,0.6720013318109419,0.16703598326964977,0.16096268491940827,0.27729174591099276,0.7227082540890072
20211017_Everton_WestHam,63.15199274348635,49.99999999999999,26.97312947583751,50.0,49.999999999999986,50.00000000000001,50.00000000000001,0.4506828735866567,0.3568239528222497,0.19249317359109358,0.5,0.5
20211017_Newcastle_Tottenham,30.701578075166196,49.99999999999999,40.68603343363234,50.00000000000001,50.0,53.13970665651106,49.99999999999999,0.252921840157806,0.41190364797956214,0.33517451186263186,0.5152206495359121,0.48477935046408793
20211018_Arsenal_CrystalPalace,66.26187702694641,49.30462960419087,19.57721945860126,50.00000000000001,50.00000000000001,50.00000000000001,50.00000000000001,0.4903067196989004,0.3648310656423034,0.14486221465879617,0.5,0.5
20211022_Arsenal_AstonVilla,62.91033171675821,44.955918769836245,20.269565270902966,49.99999999999999,49.99999999999999,49.99999999999999,49.99999999999999,0.49096602183279286,0.35084584668284524,0.15818813148436184,0.5,0.5
20211023_Everton_Watford,50.0,50.0,19.9035258175737,50.0,50.0,50.0,50.0,0.4170019159909619,0.4170019159909619,0.1659961680180762,0.5,0.5
20211023_CrystalPalace_Newcastle,51.438843128628655,66.71190542276949,20.14215050213362,50.0,50.0,59.38610386846496,50.00000000000001,0.3719557799472929,0.48239574034055055,0.14564847971215641,0.5429035477840567,0.4570964522159433
20211023_Chelsea_Norwich,76.24624570299672,19.18421052631579,19.18421052631579,68.55493515030827,19.18421052631579,25.70425043924706,50.0,0.665239867298681,0.16738006635065947,0.16738006635065947,0.33953510258812764,0.6604648974118723
20211023_Leeds_Wolves,29.926647568390383,45.88833569496217,54.73721794461645,28.8473301850754,49.999999999999986,28.8473301850754,50.0,0.2292312752407551,0.35149415536749384,0.41927456939175106,0.3658631194913402,0.6341368805086597
20211023_Brighton_ManCity,31.458434521718726,29.829111758786688,59.958667397637164,19.81093224235741,78.97633262021583,19.81093224235741,50.0,0.25945910859721827,0.24602097545058493,0.49451991595219685,0.2837797978915576,0.7162202021084424
20211023_Southampton_Burnley,50.0,63.37023191785508,19.380562582356113,50.0,50.0,50.0,50.0,0.37664558007538296,0.4773623552042415,0.1459920647203756,0.5,0.5
20211024_Brentford_Leicester,40.185865372462075,50.0,26.369372460768222,50.0,50.00000000000001,50.0,50.0,0.34477957507118523,0.42898115030695627,0.22623927462185853,0.5,0.5
20211024_WestHam_Tottenham,49.99999999999999,58.53689489140472,33.14578454669884,61.63890923173862,49.99999999999999,50.0,50.0,0.3529012875694755,0.4131549115499156,0.23394380088060893,0.5,0.5
20211024_ManUnited_Liverpool,29.366227918384965,50.512842632087626,53.91776382422345,50.0,63.950412857000856,50.0,50.0,0.2194837273664135,0.37753391452167817,0.40298235811190836,0.5,0.5
20211030_Newcastle_Chelsea,19.18421052631579,19.18421052631579,78.54029353601834,50.0,80.24076082112609,50.0,50.0,0.16409564157656292,0.16409564157656292,0.6718087168468742,0.5,0.5
20211030_Watford_Southampton,44.631141368695715,50.00000000000001,23.94898660869787,50.0,50.0,49.99999999999999,49.99999999999999,0.37637960196167364,0.4216558107403302,0.2019645872979962,0.5,0.5
20211030_Leicester_Arsenal,36.344754481284156,67.66023094325824,42.76821816685831,49.99999999999999,50.0,50.0,50.0,0.24762527213389485,0.4609849024731813,0.2913898253929238,0.5,0.5
20211030_Burnley_Brentford,30.42132855764754,49.99999999999999,35.110365293782934,50.0,49.99999999999999,50.0,50.0,0.2633158706801984,0.4327816751678389,0.30390245415196265,0.5,0.5
20211030_Liverpool_Brighton,74.52514541965016,25.474854580349856,19.18421052631579,67.9672306954917,19.194136959184597,19.194136959184597,50.0,0.6252937791889391,0.21374353589165254,0.16096268491940824,0.27739542398666817,0.722604576013332
20211030_ManCity_CrystalPalace,75.95249248063523,24.04750751936476,19.18421052631579,68.95151931097544,50.0,50.0,50.0,0.6372697536463102,0.2017675614342815,0.1609626849194083,0.5,0.5
20211030_Tottenham_ManUnited,34.60970830800812,62.34872580875501,30.83697494206316,50.0,49.99999999999999,50.96338156202889,50.00000000000001,0.2708212177800277,0.48787923030986885,0.24129955191010347,0.5047709454018089,0.49522905459819105
20211031_Norwich_Leeds,25.664718441177552,31.526327298482595,62.05745276311626,50.0,50.0,50.0,50.0,0.2152204745838373,0.26437504617929075,0.5204044792368719,0.5,0.5
20211031_AstonVilla_WestHam,24.42593790046083,46.984272136508174,53.01572786349184,50.0,50.0,50.0,50.0,0.19630905189560452,0.3776083421938518,0.4260826059105437,0.5,0.5
20211101_Wolves_Everton,64.32122176843383,32.447116230415276,22.93974052294508,50.0,50.0,50.00000000000001,50.00000000000001,0.5373173019122801,0.2710520178010201,0.19163068028669963,0.5,0.5
20211105_Southampton_AstonVilla,59.73338198405532,51.33177130680726,26.55027382497141,50.0,50.000000000000014,50.00000000000001,50.00000000000001,0.4340602157472969,0.3730088434314865,0.19293094082121656,0.5,0.5
20211106_ManUnited_ManCity,23.62025850493956,55.42041997870164,51.114280734211704,50.0,68.8966270924102,50.0,50.00000000000001,0.18147797553686798,0.4258033678604527,0.3927186566026793,0.5,0.5000000000000001
20211106_Brentford_Norwich,66.81361493458404,33.18638506541597,20.276942789324085,50.0,50.0,50.0,50.00000000000001,0.5554981144774699,0.27591643332292637,0.16858545219960389,0.5,0.5000000000000001
20211106_Chelsea_Burnley,71.07730900047594,28.922690999524075,19.18421052631579,69.69139884421128,50.0,50.0,50.0,0.596365145069129,0.2426721700114627,0.16096268491940824,0.5,0.5
20211106_CrystalPalace_Wolves,31.513528672240888,67.29671321301994,32.70328678698008,50.00000000000001,50.0,49.99999999999999,49.99999999999999,0.23962195365299005,0.511709433184911,0.24866861316209893,0.5,0.5
20211106_Brighton_Newcastle,49.99999999999999,62.381920298109534,19.606826119134784,50.0,49.99999999999999,49.99999999999999,49.99999999999999,0.3788201748802086,0.47263059913386185,0.14854922598592962,0.5,0.5
20211107_Arsenal_Watford,77.36987693530058,22.630123064699422,19.18421052631579,50.00000000000001,49.99999999999999,49.99999999999999,49.99999999999999,0.649162138119104,0.18987517696148776,0.16096268491940827,0.5,0.5
20211107_Everton_Tottenham,32.57899236503749,65.01715985148755,34.98284014851249,50.0,50.0,78.29910962186466,50.0,0.24573268949982544,0.4904031829754143,0.26386412752476035,0.6102856820490434,0.3897143179509566
20211107_Leeds_Leicester,42.42069709848147,62.05027272122433,25.326792858145026,50.00000000000001,49.99999999999999,50.00000000000001,50.00000000000001,0.32682148153637086,0.47805348444432644,0.19512503401930276,0.5,0.5
20211107_WestHam_Liverpool,48.505871091420964,50.0,34.88857021481481,75.47764715170226,50.00000000000001,50.0,49.999999999999986,0.3636273791953987,0.3748282125580794,0.2615444082465217,0.5000000000000001,0.49999999999999994
20211120_Leicester_Chelsea,19.894842480480165,50.0,69.4458543215098,50.0,71.73046674643308,50.00000000000001,50.0,0.1427784052835025,0.35883271109984816,0.49838888361664935,0.5000000000000001,0.5
20211120_AstonVilla_Brighton,36.33723132763984,46.09284176457554,42.623625305889895,50.00000000000001,50.0,50.00000000000001,50.0,0.29057302417367287,0.3685843949839864,0.34084258084234076,0.5000000000000001,0.5
20211120_Burnley_CrystalPalace,29.5298420620178,64.70520246644591,34.78705832519603,50.0,51.35210448373564,50.0,50.0,0.2288742890472908,0.5015047889882578,0.26962092196445153,0.5,0.5
20211120_Newcastle_Brentford,35.119891515796475,49.99999999999999,32.385059953105674,50.000000000000014,50.0,66.49123472179903,50.00000000000001,0.29888009889601125,0.42551398366589316,0.2756059174380956,0.5707831570383082,0.42921684296169194
20211120_Norwich_Southampton,21.791270043606765,41.739135948376344,58.26086405162366,19.18421052631579,50.0,19.18421052631579,50.0,0.17892308730998951,0.3427104088284148,0.4783665038615957,0.27729174591099276,0.7227082540890072
20211120_Watford_ManUnited,29.970070523598984,29.970070523598984,56.42329519070298,50.0,50.0,66.40528756416853,50.00000000000001,0.2575557365143999,0.2575557365143999,0.48488852697120033,0.570466247313401,0.42953375268659905
20211120_Wolves_WestHam,21.81946034062731,50.0,64.20980139444676,49.11814299934563,69.48926177585204,24.5,50.0,0.16040269617225555,0.3675679729658336,0.472029330861911,0.3288590604026846,0.6711409395973155
20211120_Liverpool_Arsenal,37.72772660524323,49.714781503593606,47.57228144400942,50.0,50.0,50.0,50.0,0.27943402889559876,0.3682173017359309,0.35234866936847026,0.5,0.5
20211121_ManCity_Everton,80.8157894736842,19.18421052631579,19.18421052631579,49.99999999999999,22.623664569145635,22.623664569145635,50.0,0.6780746301611834,0.16096268491940827,0.16096268491940827,0.3115191818447201,0.68848081815528
20211121_Tottenham_Leeds,32.792284463707475,67.30615344625541,32.6537313080722,23.93894518676242,50.0,23.93894518676242,49.99999999999999,0.24701882204160977,0.5070060537821443,0.245975124176246,0.3237663876093313,0.6762336123906687
20211127_Liverpool_Southampton,69.35085239737049,30.649147602629508,19.18421052631579,49.99999999999999,41.09662911201059,24.21916852948096,49.99999999999999,0.5818795299404015,0.25715778514019016,0.16096268491940827,0.3263195884478381,0.673680411552162
20211127_Arsenal_Newcastle,70.82159809302645,37.03875174770847,21.59257387632103,50.0,49.999999999999986,49.99999999999999,49.99999999999999,0.5470838051353754,0.2861175374351816,0.16679865742944297,0.5,0.5
20211127_Norwich_Wolves,33.82544480816506,35.769875788678206,47.97028675484176,24.424793383695,50.0,24.424793383695,50.0,0.28771547708659245,0.3042545910699582,0.40802993184344927,0.32818086921348427,0.6718191307865157
20211127_Brighton_Leeds,35.10615785586721,58.93855285285566,32.78941378703347,50.0,50.0,50.0,50.00000000000001,0.2767879543098971,0.4646900279177442,0.2585220177723586,0.5,0.5000000000000001
20211127_CrystalPalace_AstonVilla,66.39898773269321,39.71867086761705,19.42010261703541,59.13969048276586,49.999999999999986,49.99999999999999,50.0,0.5289164558043656,0.31638823635584384,0.15469530783979057,0.49999999999999994,0.5
20211128_Brentford_Everton,46.070469980109536,50.0,22.515602873741013,49.99999999999999,50.0,77.83040199897322,50.0,0.38849815051121833,0.4216346725776278,0.18986717691115376,0.6088567412906859,0.3911432587093141
20211128_Leicester_Watford,47.605472627441834,49.99999999999999,21.016966921679217,50.000000000000014,49.99999999999999,50.000000000000014,50.000000000000014,0.40131928502219527,0.42150540985371665,0.1771753051240881,0.5,0.5
20211128_ManCity_WestHam,66.46380711968912,42.66691249543486,27.219496196975516,69.94252261067756,50.0,50.0,50.000000000000014,0.487449225685723,0.31292148854559176,0.19962928576868524,0.49999999999999994,0.5000000000000001
20211128_Chelsea_ManUnited,70.16443395956532,36.69524329105775,19.18421052631579,80.8157894736842,50.0,50.0,50.0,0.5566666912380236,0.2911306842264156,0.15220262453556083,0.5,0.5
20211130_Newcastle_Norwich,33.12325252200866,50.0,30.291074104435843,49.99999999999999,50.0,50.0,50.0,0.29205527650053875,0.44086141043438193,0.2670833130650794,0.5,0.5
20211130_Leeds_CrystalPalace,38.76751665692144,63.69184632692707,29.42024055998031,50.0,50.00000000000001,50.0,50.0,0.29396142856948654,0.48295448739167424,0.22308408403883928,0.5,0.5
20211201_WestHam_Brighton,49.99999999999999,49.99999999999999,19.927210592802886,50.0,50.0,50.0,50.00000000000001,0.4169195610641561,0.4169195610641561,0.16616087787168765,0.5,0.5000000000000001
20211201_Southampton_Leicester,30.51866154443457,55.18125607399196,33.82181621260362,50.0,50.00000000000001,50.0,50.00000000000001,0.2553398496342038,0.46168386539641915,0.28297628496937705,0.5,0.5000000000000001
20211201_Watford_Chelsea,19.18421052631579,24.4387370338174,71.90362595419846,50.0,80.1680009303665,50.0,50.0,0.16605885505585338,0.21154212654619806,0.6223990183979485,0.5,0.5
20211201_AstonVilla_ManCity,19.18421052631579,28.329838515773908,71.6701614842261,50.0,66.80675071467986,50.0,50.00000000000001,0.16096268491940827,0.23769791644941674,0.601339398631175,0.5,0.5000000000000001
20211201_Everton_Liverpool,19.18421052631579,19.18421052631579,76.25946547884186,21.14298791690945,62.4099772259572,28.664811324087136,50.00000000000001,0.16736076278479034,0.16736076278479034,0.6652784744304193,0.36439178892824703,0.635608211071753
20211201_Wolves_Burnley,59.70193094797215,59.46233741432301,26.12152421566277,50.0,50.0,50.0,50.0,0.4109275235287518,0.4092784047168034,0.17979407175444495,0.5,0.5
20211202_Tottenham_Brentford,50.00000000000001,61.99462175413542,20.81054766836937,49.99999999999999,50.0,49.99999999999999,49.99999999999999,0.376491368652455,0.4668087998661141,0.1566998314814308,0.5,0.5
20211202_ManUnited_Arsenal,31.985954505452625,31.985954505452625,49.46432501870867,50.0,50.0,49.99999999999999,49.99999999999999,0.28197299371823553,0.28197299371823553,0.4360540125635288,0.5,0.5
20211204_WestHam_Chelsea,29.141747159353873,46.78986149047026,60.00526199372656,50.0,66.53378449278958,50.0,50.0,0.2143770635692242,0.3442028735026653,0.4414200629281105,0.5,0.5
20211204_Newcastle_Burnley,32.117998731642885,50.0,32.90362328452095,49.99999999999999,50.0,49.99999999999999,49.99999999999999,0.2792344445214778,0.43470087730960333,0.28606467816891895,0.5,0.5
20211204_Southampton_Brighton,41.0636174295992,65.3281875911073,26.612912309447758,48.19444875447746,50.0,24.500000000000004,50.0,0.3087380527088225,0.49117195917904766,0.20008998811212989,0.3288590604026846,0.6711409395973155
20211204_Wolves_Liverpool,41.11030238643311,30.441770004816135,62.426686610759766,21.74380393686423,77.30911003909202,21.74380393686423,49.99999999999999,0.30684194041397755,0.2272134048081432,0.4659446547778792,0.30307570471171486,0.696924295288285
20211204_Watford_ManCity,19.18421052631579,19.18421052631579,69.25651867512333,50.0,79.51414264756099,49.99999999999999,50.0,0.17825060413361107,0.17825060413361107,0.6434987917327779,0.49999999999999994,0.5
20211205_Tottenham_Norwich,67.70512349896781,30.715281963533606,20.841736997039444,49.99999999999999,50.0,50.0,50.00000000000001,0.5677000438084236,0.2575442745710662,0.17475568162051014,0.5,0.5000000000000001
20211205_ManUnited_CrystalPalace,56.689716830814,43.31028316918601,21.483987789347243,49.99999999999999,50.0,49.99999999999999,49.99999999999999,0.4666435294263944,0.3565102196372239,0.1768462509363818,0.5,0.5
20211205_AstonVilla_Leicester,36.277481670323574,53.61081967600785,29.324795856942497,50.0,51.7218607020355,54.71595852786215,50.00000000000001,0.3043078530915586,0.4497057868112796,0.24598636009716185,0.5225178597138437,0.4774821402861563
20211205_Leeds_Brentford,50.0,64.20829897497221,20.499500192148354,50.0,50.0,50.0,50.0,0.3711737576379615,0.47664871204164216,0.15217753032039638,0.5,0.5
20211206_Everton_Arsenal,20.11368067820749,32.70551829021716,67.29448170978286,50.0,50.0,50.0,50.0,0.16745536865274632,0.272288036679497,0.5602565946677567,0.5,0.5
20211210_Brentford_Watford,50.0,50.0,19.742870715776263,50.0,50.0,63.87013553913768,50.00000000000001,0.4175613938526734,0.4175613938526734,0.16487721229465327,0.5609033065318976,0.4390966934681023
20211211_ManCity_Wolves,80.8157894736842,19.18421052631579,19.18421052631579,80.8157894736842,19.40075998040236,19.40075998040236,50.0,0.6780746301611834,0.16096268491940827,0.16096268491940827,0.27954679438497243,0.7204532056150277
20211211_Arsenal_Southampton,43.39242626741931,48.2151766585106,26.636849321062417,49.99999999999999,50.00000000000001,50.00000000000001,50.00000000000001,0.36697219567460126,0.4077584676682961,0.2252693366571027,0.5,0.5
20211211_Chelsea_Leeds,55.4953302349469,44.50466976505313,19.774385773480525,50.0,34.838373519903335,22.844093908682243,50.0,0.46333220476622317,0.3715708452825728,0.16509694995120403,0.3136025542073421,0.6863974457926579
20211211_Liverpool_AstonVilla,69.27009144875787,30.729908551242126,19.18421052631579,70.17782989387227,50.0,50.0,50.0,0.5812019154455286,0.2578353996350631,0.16096268491940827,0.5,0.5
20211211_Norwich_ManUnited,29.88092155874152,29.88092155874152,54.675441640653474,50.0,50.0,76.20438118487608,50.0,0.26111176634341615,0.26111176634341615,0.4777764673131677,0.6038172404906033,0.39618275950939674
20211212_Burnley_WestHam,37.26272131337066,40.56992944183002,40.31494897664227,49.99999999999999,50.00000000000001,50.00000000000001,50.00000000000001,0.3153912681928795,0.3433834418465606,0.3412252899605598,0.5,0.5
20211212_Leicester_Newcastle,33.52801900474553,50.83335392304488,30.615730031402226,50.0,50.0,50.00000000000001,50.00000000000001,0.29160605148179114,0.4421171921603079,0.26627675635790093,0.5,0.5
20211212_CrystalPalace_Everton,35.845170664764694,65.89313442528653,30.401372429466676,50.0,50.0,50.0,50.0,0.27126727821376834,0.4986627458323688,0.23006997595386286,0.5,0.5
20211214_Norwich_AstonVilla,22.88310759866875,38.38731140893812,57.064875300599034,50.0,50.0,50.0,50.0,0.19337516953369283,0.3243944389824885,0.4822303914838187,0.5,0.5
20211214_ManCity_Leeds,69.25651867512333,19.18421052631579,19.18421052631579,68.47984464689466,50.0,50.0,50.0,0.6434987917327778,0.17825060413361105,0.17825060413361105,0.5,0.5
20211215_Brighton_Wolves,47.091277373580034,65.16981957181349,21.72037075663841,19.18421052631579,24.156676412326053,19.18421052631579,53.323964791240314,0.35147605248144226,0.4864092078521479,0.16211473966640988,0.2645799655321184,0.7354200344678816
20211215_CrystalPalace_Southampton,50.0,66.76450525679618,20.895916787756455,49.99999999999999,50.0,50.0,50.00000000000001,0.36321260139546807,0.48499419270404687,0.1517932059004851,0.5,0.5000000000000001
20211215_Arsenal_WestHam,45.775468929067195,50.0,28.535944426591524,50.0,49.99999999999999,50.0,50.0,0.36823222979616677,0.40221568277844677,0.22955208742538646,0.5,0.5
20211216_Chelsea_Everton,79.42220393184651,21.18098767577963,20.18996179826707,80.8157894736842,50.0,50.0,50.0,0.6575058411213867,0.1753492402388616,0.16714491863975173,0.5,0.5
20211216_Liverpool_Newcastle,80.8157894736842,19.18421052631579,19.18421052631579,80.8157894736842,20.08260528414702,32.09989604360642,50.0,0.6780746301611834,0.16096268491940827,0.16096268491940827,0.39098583056130704,0.609014169438693
20211218_Leeds_Arsenal,24.020320707734758,54.72110746162142,45.278892538378564,34.41444947570424,78.1004776438977,38.535883782883595,50.0,0.19368052405170635,0.44122694691764847,0.3650925290306451,0.43525723284566836,0.5647427671543317
20211219_Wolves_Chelsea,27.208933649608944,38.800026779124686,52.05887783573471,24.5,50.0,24.5,50.00000000000001,0.23045169666494414,0.3286248596524128,0.440923443682643,0.3288590604026846,0.6711409395973156
20211219_Tottenham_Liverpool,39.68678629186135,36.85165361209731,66.57542493259606,50.0,76.328826410195,50.0,50.0,0.2773091645396218,0.25749883600854656,0.46519199945183154,0.5,0.5
20211219_Newcastle_ManCity,19.18421052631579,19.18421052631579,80.39955708065814,20.3244937922056,80.8157894736842,32.97773552913513,50.0,0.16152679221991917,0.16152679221991917,0.6769464155601618,0.3974287237274147,0.6025712762725852
20211226_ManCity_Leicester,80.8157894736842,19.18421052631579,19.18421052631579,70.43982405910599,50.0,50.0,50.0,0.6780746301611834,0.16096268491940827,0.16096268491940827,0.5,0.5
20211226_Norwich_Arsenal,19.18421052631579,19.18421052631579,69.40689317584906,22.245285320276242,57.60639951941843,29.01899178378411,50.0,0.17800189833495453,0.17800189833495453,0.6439962033300909,0.3672407243968309,0.632759275603169
20211226_Tottenham_CrystalPalace,65.66338644644638,37.7810796679677,19.3736356036983,56.89871900436723,50.0,50.0,50.0,0.534639320490025,0.3076181697929305,0.15774250971704448,0.5,0.5
20211226_WestHam_Southampton,53.60382615052956,46.39617384947045,20.724245332830954,49.99999999999999,50.0,50.0,50.0,0.4440187304774313,0.38431529409488896,0.17166597542767986,0.5,0.5
20211226_AstonVilla_Chelsea,38.349405011829724,41.77245134705987,35.90369399078351,50.0,50.00000000000001,50.0,50.0,0.33052551697668175,0.3600280388342718,0.3094464441890464,0.5,0.5
20211226_Brighton_Brentford,35.53980297010901,45.3287254180669,35.720812954824474,50.0,50.0,50.0,50.0,0.30482891969989406,0.3887896174377717,0.30638146286233414,0.5,0.5
20211227_Newcastle_ManUnited,19.18421052631579,19.18421052631579,74.70438305190783,50.0,50.0,50.0,50.0,0.16966246373955116,0.16966246373955116,0.6606750725208976,0.5,0.5
20211228_CrystalPalace_Norwich,58.87793647424674,41.0753507123668,19.57721945860126,50.0,50.0,75.83286099275679,50.0,0.49257664948250945,0.3436390580547345,0.163784292462756,0.6026475150805154,0.39735248491948466
20211228_Southampton_Tottenham,28.51865222543073,42.0008701484364,59.61288192960062,50.0,79.28224908749516,50.0,50.00000000000001,0.21915104372409394,0.3227548923978281,0.45809406387807794,0.5,0.5000000000000001
20211228_Watford_WestHam,31.364519588864372,42.07946668928403,50.57321782343741,50.0,50.0,50.89932216295142,50.0,0.2529045854248807,0.3393034619198125,0.4077919526553069,0.5044565322326895,0.49554346776731056
20211228_Leicester_Liverpool,20.183227335423037,24.707541220534395,76.81186546446162,50.0,80.8157894736842,50.0,50.0,0.16584051362468236,0.2030156653502586,0.631143821025059,0.5,0.5
20211229_Chelsea_Brighton,66.03479612763485,32.29538324127156,20.763372413098498,50.00000000000001,22.448243514460163,22.448243514460163,50.0,0.5544783503351081,0.2711765898155991,0.1743450598492928,0.30985214306789444,0.6901478569321057
20211229_Brentford_ManCity,19.18421052631579,19.18421052631579,71.90362595419846,23.432032683250984,74.16022122727037,38.15554564383959,50.0,0.17397165507526635,0.17397165507526635,0.6520566898494674,0.4328207075932941,0.5671792924067058
20211230_ManUnited_Burnley,72.79479481836968,27.551918415090235,21.506017768115466,50.00000000000001,50.00000000000001,50.00000000000001,50.00000000000001,0.5973997810309934,0.22610833740553607,0.17649188156347043,0.5,0.5
20220101_CrystalPalace_WestHam,36.913558812170706,50.0,32.01133667475801,49.99999999999999,49.99999999999999,50.0,50.00000000000001,0.3103938722084305,0.42043341552060143,0.26917271227096806,0.5,0.5000000000000001
20220101_Arsenal_ManCity,55.12500605066134,41.774282368191265,58.83936047892115,80.8157894736842,80.8157894736842,50.0,50.0,0.3539584197038025,0.2682332398787647,0.3778083404174328,0.5,0.5
20220101_Watford_Tottenham,19.18421052631579,25.042614871402748,69.25651867512333,50.0,77.28757501520163,50.00000000000001,50.0,0.16904868888955166,0.2206721618577663,0.610279149252682,0.5000000000000001,0.5
20220102_Brentford_AstonVilla,35.842217622233655,61.12720461899673,30.271130475897735,50.0,50.0,50.0,50.0,0.28168863508409503,0.48040662598260053,0.23790473893330452,0.5,0.5
20220102_Everton_Brighton,32.08541512135393,53.092720226345214,30.574810691961318,21.90357999210853,50.0,21.90357999210853,50.0,0.2771887560456604,0.4586727339808185,0.26413850997352123,0.30462433156335833,0.6953756684366416
20220102_Leeds_Burnley,43.12021806549426,62.94509129461907,25.307429612653586,50.0,50.0,50.0,49.99999999999999,0.3282280509842527,0.4791335842336922,0.19263836478205515,0.5,0.49999999999999994
20220102_Chelsea_Liverpool,33.83435861303781,61.747997279146816,32.32713552789625,50.000000000000014,49.99999999999999,50.0,49.99999999999999,0.26451796686391993,0.48274757872622437,0.25273445440985565,0.5,0.49999999999999994
20220103_ManUnited_Wolves,70.0299543950799,32.34315204874067,25.67802034651303,50.0,50.0,50.0,50.0,0.5468905752757997,0.252579987848902,0.20052943687529837,0.5,0.5
20220111_Southampton_Brentford,42.339663712092936,67.32279782062328,25.350899643319003,50.00000000000001,50.0,50.00000000000001,50.00000000000001,0.3135961014768678,0.4986380402221483,0.18776585830098402,0.5,0.5
20220112_WestHam_Norwich,69.25651867512333,19.18421052631579,19.18421052631579,79.57259281349793,50.0,54.48895267762761,50.0,0.6434987917327778,0.17825060413361105,0.17825060413361105,0.5214805133107088,0.4785194866892912
20220114_Brighton_CrystalPalace,50.0,63.45084424972915,19.68956491497402,50.0,49.99999999999999,50.00000000000001,50.00000000000001,0.3755433854656914,0.47657089720399165,0.14788571733031683,0.5,0.5
20220115_ManCity_Chelsea,69.78948684646552,36.41576613680932,20.40017131184947,70.0267977303938,50.0,50.0,50.0,0.5512361514920745,0.28763195842164024,0.16113189008628517,0.5,0.5
20220115_Newcastle_Watford,50.0,65.78089695975714,20.879577404202458,50.0,50.0,80.8157894736842,50.00000000000001,0.3658702359457499,0.48134544582778815,0.15278431822646202,0.6177831422249044,0.38221685777509556
20220115_Norwich_Everton,20.476760070267897,37.46527034680037,61.96692572776129,50.0,50.0,80.8157894736842,50.00000000000001,0.17076922966067243,0.3124476398706091,0.5167831304687185,0.6177831422249044,0.38221685777509556
20220115_Wolves_Southampton,38.07083348690605,66.12135607816734,30.089796199957,50.0,50.0,50.0,50.0,0.28351407875009565,0.49240674913661137,0.22407917211329298,0.5,0.5
20220115_AstonVilla_ManUnited,20.506663963752413,49.99999999999999,61.41926602067051,49.48609099332997,50.0,49.67114331076389,50.00000000000001,0.1554407383459319,0.3790005498229478,0.4655587118311204,0.49835029137665865,0.5016497086233414
20220116_Liverpool_Brentford,69.73232456419414,30.267675435805867,19.18421052631579,78.93188200220919,41.03392085550906,42.53247034091286,50.0,0.5850802237666984,0.2539570913138933,0.16096268491940824,0.4596491392071622,0.5403508607928379
20220116_WestHam_Leeds,58.54834231151315,46.5321798952428,19.5294234898772,79.22597944497784,50.0,49.999999999999986,50.0,0.46985288360570304,0.3734226801488772,0.15672443624541976,0.49999999999999994,0.5000000000000001
20220118_Brighton_Chelsea,38.22310425599405,38.22310425599405,40.935141284795236,49.99999999999999,50.00000000000002,49.99999999999999,49.99999999999999,0.32563183437716353,0.32563183437716353,0.34873633124567294,0.5,0.5
20220119_Leicester_Tottenham,37.62495760843904,59.151979425156185,43.91243962207479,50.0,50.0,50.0,50.0,0.2674328261509337,0.42044382334515273,0.31212335050391343,0.5,0.5
20220119_Brentford_ManUnited,21.550744761983108,39.17643855975129,60.82356144024871,50.00000000000001,50.0,50.00000000000001,50.00000000000001,0.17729833580356177,0.322305212003969,0.5003964521924692,0.5,0.5
20220121_Watford_Norwich,34.82665583420381,50.0,31.499250316719163,50.0,50.0,79.92933181170562,49.99999999999999,0.29938864855279257,0.42982686878990867,0.27078448265729876,0.6151754241878169,0.384824575812183
20220122_Leeds_Newcastle,50.0,51.041319712167365,19.471924835897962,76.44730489786451,50.0,74.74652789118947,50.0,0.4148921571857446,0.42353286481976776,0.16157497799448764,0.5991872411582256,0.4008127588417743
20220122_Everton_AstonVilla,40.67979701510593,50.0,27.5973851776762,50.00000000000002,50.0,50.00000000000002,50.00000000000002,0.3439361359556334,0.4227358064593058,0.2333280575850608,0.5,0.5
20220122_ManUnited_WestHam,50.0,65.29881735888259,19.77114796344718,57.41503948318819,50.0,50.0,50.0,0.37017852104041366,0.48344439271198497,0.1463770862476013,0.5,0.5
20220122_Southampton_ManCity,37.11949229855158,20.66133643228945,79.33866356771054,50.0,80.8157894736842,49.99999999999999,50.0,0.27070908502002733,0.1506812495141342,0.5786096654658385,0.49999999999999994,0.5
20220122_Brentford_Wolves,27.06976296113092,39.78138993503261,60.21861006496738,19.844838685109647,50.0,19.844838685109647,50.0,0.21303071895562778,0.3130673183611844,0.4739019626831878,0.2841274897144319,0.7158725102855681
20220123_Arsenal_Burnley,70.04763547023599,22.019791792533574,19.18421052631579,61.31302362006046,28.791503255767175,34.454598128159134,50.0,0.6296323978891409,0.19792779890826814,0.17243980320259078,0.40796592360636863,0.5920340763936314
20220123_CrystalPalace_Liverpool,23.302754220062585,30.71402671772169,65.02974551667673,50.0,54.34615169779876,50.0,50.0,0.19574493195294207,0.25800019229851917,0.5462548757485387,0.5,0.5
20220123_Leicester_Brighton,31.432290514596893,65.28886679931507,34.711133200684905,50.00000000000001,50.0,50.0,50.0,0.2391519647989854,0.4967490602475964,0.2640989749534182,0.5,0.5
20220123_Chelsea_Tottenham,38.02046237811287,49.81877928518623,46.801276422023015,50.0,66.41659189893359,50.0,50.0,0.28238499761282243,0.37001327678801643,0.34760172559916097,0.5,0.5
20220205_Burnley_Watford,50.0,63.065020616006755,30.972598241994145,50.0,50.0,50.0,50.0,0.347131536861161,0.43783715057230455,0.2150313125665344,0.5,0.5
20220208_Newcastle_Everton,56.434724892389156,53.45613020957129,26.355996350728812,50.0,50.0,76.10615706730879,49.99999999999999,0.4142093875247143,0.39234763695169533,0.1934429755235903,0.60350865363923,0.39649134636077005
20220208_WestHam_Watford,66.4257579720371,33.574242027962896,20.224282526712138,68.6968474261194,50.0,49.99999999999999,50.0,0.5525153203328806,0.27926340105629804,0.1682212786108213,0.49999999999999994,0.5
20220208_Burnley_ManUnited,20.81582152154273,25.26745799296669,74.73254200703332,20.016823721917884,53.74847445065363,20.016823721917884,50.00000000000001,0.17229383750729244,0.20914030691304147,0.618565855579666,0.2858859150968865,0.7141140849031136
20220209_Norwich_CrystalPalace,33.47979722414441,49.99999999999999,30.124269366640778,49.99999999999999,50.0,72.69749186094207,49.99999999999999,0.29470597513680974,0.44012508971272746,0.26516893515046286,0.5924937075595076,0.40750629244049247
20220209_ManCity_Brentford,71.58815870423463,19.18421052631579,19.18421052631579,80.8157894736842,20.118235799845532,32.541114020558624,50.0,0.6510584347251336,0.17447078263743318,0.17447078263743318,0.3942412748688316,0.6057587251311684
20220209_AstonVilla_Leeds,48.38065139860538,64.95572623203994,20.579780432506325,50.0,49.99999999999999,50.00000000000001,50.00000000000001,0.3612756824743302,0.48504771322224144,0.1536766043034284,0.5,0.5
20220209_Tottenham_Southampton,68.32336058215193,50.0,20.015811471802515,53.99612910715965,50.000000000000014,49.99999999999999,49.99999999999999,0.493882965813217,0.3614305280105277,0.14468650617625523,0.5,0.5
20220210_Liverpool_Leicester,69.1913506942121,32.55510906974431,19.699778608201424,79.56877880944498,50.0,50.0,50.0,0.5697282321926125,0.268061897232115,0.16220987057527256,0.5,0.5
20220210_Wolves_Arsenal,31.935804422678814,58.57928098387092,33.038073222937484,28.386802159872346,50.0,23.592846084187467,49.99999999999999,0.2584782516038162,0.4741220834308188,0.26739966496536505,0.32058613492401333,0.6794138650759867
20220212_ManUnited_Southampton,67.49402185207448,47.276858513043145,19.59107848878253,49.99999999999999,50.0,50.0,50.0,0.5023298441597208,0.3518619326207511,0.14580822321952813,0.5,0.5
20220212_Brentford_CrystalPalace,39.07657724486686,39.07657724486686,40.283257435663636,50.0,50.0,76.31570047959134,50.0,0.32993719253738496,0.32993719253738496,0.34012561492523014,0.6041663877874118,0.39583361221258817
20220212_Everton_Leeds,30.079514103323174,33.80585943675774,55.2712479815635,50.0,76.70139778635182,75.38243241590627,50.000000000000014,0.2524367821041261,0.28370944900126277,0.46385376889461116,0.6012200510343831,0.39877994896561686
20220212_Watford_Brighton,20.236224515631427,37.56952019889785,62.43047980110216,21.609047047093696,50.0,21.609047047093696,49.99999999999999,0.16830389175269383,0.312464237381419,0.5192318708658872,0.30176420352141403,0.6982357964785858
20220212_Norwich_ManCity,19.18421052631579,28.728333651480757,71.27166634851923,21.439089909312546,71.74359665962851,25.44119951843856,50.0,0.1609626849194083,0.24104143933677827,0.5979958757438134,0.3372321712915034,0.6627678287084965
20220213_Newcastle_AstonVilla,35.034820808180775,62.43222417292208,29.398257793343756,49.999999999999986,50.00000000000001,49.999999999999986,49.999999999999986,0.2761576257810149,0.4921142566767851,0.2317281175422,0.5,0.5
20220213_Tottenham_Wolves,29.116331116993894,64.0665249586621,35.93347504133793,50.0,49.99999999999999,49.99999999999999,49.99999999999999,0.22550463496837764,0.4961922663416653,0.278303098689957,0.5,0.5
20220213_Burnley_Liverpool,19.18421052631579,21.506818349290118,78.4931816507099,19.18421052631579,66.23402238849724,19.18421052631579,49.99999999999999,0.16096268491940824,0.18045023123714382,0.6585870838434479,0.2772917459109928,0.7227082540890072
20220213_Leicester_WestHam,32.260240376097144,65.20455968941617,34.79544031058385,50.0,50.0,50.0,50.0,0.24391487785264454,0.4930019747733675,0.263083147373988,0.5,0.5
20220215_ManUnited_Brighton,50.72974462816801,49.99999999999999,22.741041181975216,50.0,50.0,50.00000000000001,50.00000000000001,0.41086435382515013,0.40495409235414825,0.18418155382070164,0.5,0.5
20220219_WestHam_Newcastle,36.006847654175516,42.207004468547744,38.98785182038462,50.0,49.99999999999999,49.99999999999999,49.99999999999999,0.3072211959619118,0.36012278873552805,0.3326560153025601,0.5,0.5
20220219_Arsenal_Brentford,70.9293810615479,24.004251939010224,19.18421052631579,72.45528489356334,19.18421052631579,27.928274440690377,50.0,0.6215450526353886,0.21034617547217668,0.1681087718924346,0.35838435588543693,0.6416156441145632
20220219_AstonVilla_Watford,50.00000000000001,50.00000000000001,19.273371535123985,50.00000000000001,50.0,50.0,50.0,0.41920505269925945,0.41920505269925945,0.16158989460148113,0.5,0.5
20220219_Brighton_Burnley,50.0,60.30852486164331,19.954251347739127,42.63126200597956,22.495424227341278,22.495424227341278,58.00818119283032,0.3838395085302861,0.46297589086159413,0.1531846006081197,0.2794337484629558,0.7205662515370442
20220219_CrystalPalace_Chelsea,23.985019894639553,32.68228540139642,62.50505954991332,36.10733842202137,50.0,41.511429058630746,50.0,0.20126327043727213,0.2742438269446434,0.5244929026180846,0.45362015964185914,0.5463798403581409
20220219_Liverpool_Norwich,80.48861773270544,19.511382267294557,19.18421052631579,78.37434771627993,19.18421052631579,28.623607943607137,50.0,0.6753295371699727,0.16370777791061894,0.16096268491940827,0.36405869295819454,0.6359413070418054
20220219_Southampton_Everton,56.158616600338256,61.88261996398697,20.851765973894913,63.15782490540521,49.99999999999999,53.015293711982785,50.00000000000001,0.4043300639633354,0.4455416675649898,0.15012826847167474,0.5146351750469845,0.48536482495301553
20220219_ManCity_Tottenham,80.8157894736842,19.18421052631579,19.18421052631579,70.07391919808198,50.0,50.0,50.0,0.6780746301611834,0.16096268491940827,0.16096268491940827,0.5,0.5
20220220_Leeds_ManUnited,20.989107436904334,38.85071326352893,64.89244003004676,50.0,50.0,49.99999999999999,49.99999999999999,0.16827328642954165,0.31147285422395327,0.5202538593465051,0.5,0.5
20220220_Wolves_Leicester,63.28139879661869,43.77997698804266,19.69945362666272,50.0,50.0,50.00000000000001,50.00000000000001,0.49921887613466104,0.3453746491826884,0.15540647468265056,0.5,0.5
20220223_Burnley_Tottenham,30.21987155337193,50.0,41.16024437272095,50.0,50.0,50.0,50.00000000000001,0.2489688803046827,0.4119290842533425,0.33910203544197476,0.5,0.5000000000000001
20220223_Watford_CrystalPalace,32.272391543251196,50.0,33.06228723381851,50.0,50.0,50.0,50.0,0.27981515954650965,0.43352095423653936,0.28666388621695105,0.5,0.5
20220223_Liverpool_Leeds,69.43456614509245,19.18421052631579,19.18421052631579,80.8157894736842,50.0,50.0,50.0,0.6440875893145785,0.1779562053427107,0.1779562053427107,0.5,0.5
20220224_Arsenal_Wolves,48.91522528773163,59.62338365432816,27.92234953307679,76.07292396467709,50.0,50.0,50.0,0.35845582380724716,0.4369263144607887,0.20461786173196408,0.5,0.5
20220225_Southampton_Norwich,64.37922230805181,39.24539117591733,19.985923899353775,78.03655317448828,50.0,50.00000000000001,50.0,0.5208230921964879,0.3174922786252054,0.16168462917830662,0.5000000000000001,0.5
20220226_Leeds_Tottenham,28.82492732925672,50.0,39.88783443216246,49.99999999999999,50.0,52.024907292721025,50.00000000000001,0.24281237249948825,0.42118470885621034,0.3360029186443013,0.5099235929071287,0.4900764070928713
20220226_Brentford_Newcastle,30.65366470688872,30.65366470688872,51.21646511023292,24.231138613607037,49.999999999999986,24.231138613607037,50.0,0.27241940103919826,0.27241940103919826,0.4551611979216035,0.32642822225503776,0.6735717777449621
20220226_CrystalPalace_Burnley,31.412234333220706,50.0,31.248631431537117,50.0,50.0,50.0,50.0,0.2788211693562803,0.4438098328163285,0.2773689978273911,0.5,0.5
20220226_ManUnited_Watford,80.8157894736842,19.18421052631579,19.18421052631579,74.25475181513106,21.781167830173953,32.95359115038306,50.0,0.6780746301611834,0.16096268491940827,0.16096268491940827,0.3972533400108368,0.6027466599891632
20220226_Brighton_AstonVilla,50.0,54.8358233331878,19.45932894671456,50.0,50.000000000000014,50.0,49.99999999999999,0.40226830317086026,0.44117427210437044,0.15655742472476938,0.5,0.49999999999999994
20220226_Everton_ManCity,19.18421052631579,22.632743667927706,74.01720052188097,32.75609396709427,70.56473776591122,43.72683410536596,50.0,0.16561790927149825,0.19538920729722525,0.6389928834312765,0.4665348458927896,0.5334651541072105
20220227_WestHam_Wolves,35.099100228787385,67.07186263467129,31.760429130728713,50.0,50.0,49.99999999999999,49.99999999999999,0.2620677625026901,0.5007926941995959,0.23713954329771406,0.5,0.5
20220301_Burnley_Leicester,51.9435581734259,46.4361135457191,32.56247910339998,50.0,50.0,50.0,50.0,0.3966908886644201,0.35463075300061403,0.2486783583349658,0.5,0.5
20220305_Leicester_Leeds,60.41911142320989,48.101317177507724,20.149945575556554,50.0,50.0,51.72798641688747,50.0,0.4695650557480908,0.3738336620643576,0.1566012821875515,0.5084931712390633,0.4915068287609367
20220305_AstonVilla_Southampton,36.85212775454252,43.93067236733609,34.92004778515544,50.0,67.8318785006344,50.0,49.99999999999999,0.3185066609955253,0.3796853159797233,0.30180802302475135,0.5,0.49999999999999994
20220305_Burnley_Chelsea,24.92035744091515,31.014617504860688,63.04340233580371,19.358067949139862,50.0,19.358067949139862,50.00000000000001,0.2094528267261329,0.2606744033116211,0.529872769962246,0.27910333320321284,0.7208966667967872
20220305_Newcastle_Brighton,69.27070825315678,39.356771741723236,19.18421052631579,50.0,21.658787757005463,21.658787757005463,50.0,0.5419747440213162,0.3079277926865106,0.15009746329217322,0.30224887184039856,0.6977511281596015
20220305_Norwich_Brentford,30.931441508104847,50.0,35.46295284933705,50.0,50.0,78.88373262079665,50.0,0.26574683152794965,0.4295739522167388,0.30467921625531147,0.6120534455103761,0.38794655448962384
20220305_Wolves_CrystalPalace,32.72177709167588,61.62278410410713,33.236345013098294,49.99999999999999,50.0,49.99999999999999,49.99999999999999,0.25647863825408396,0.4830094560013195,0.2605119057445965,0.5,0.5
20220305_Liverpool_WestHam,72.5421104348222,34.82001756758977,22.205201821557974,73.52454979448716,50.0,50.0,50.00000000000001,0.5598796435287958,0.268740720480203,0.17137963599100128,0.5,0.5000000000000001
20220306_Watford_Arsenal,19.18421052631579,19.97680813290821,72.7223729656116,19.18421052631579,63.117204741878304,19.18421052631579,50.0,0.17146611528048572,0.17855025525051932,0.649983629468995,0.27729174591099276,0.7227082540890072
20220306_ManCity_ManUnited,62.34263068369694,44.49666760497904,20.864301097463148,50.0,50.0,50.0,50.0,0.488182251583925,0.3484370669180111,0.16338068149806392,0.5,0.5
20220307_Tottenham_Everton,49.99999999999999,49.99999999999999,20.239864580172792,50.0,50.00000000000001,50.00000000000001,50.00000000000001,0.41583546500637736,0.41583546500637736,0.16832906998724523,0.5,0.5
20220310_Southampton_Newcastle,50.264399219985904,50.0,31.858840829891612,50.0,49.99999999999999,50.0,50.0,0.3804357144209506,0.37843455837992335,0.24112972719912604,0.5,0.5
20220310_Norwich_Chelsea,19.18421052631579,19.18421052631579,69.25651867512333,19.2851923238107,77.0766456216116,25.852721660516973,50.0,0.17825060413361107,0.17825060413361107,0.6434987917327779,0.3408278713613237,0.6591721286386762
20220310_Leeds_AstonVilla,28.719761525242742,28.719761525242742,57.423156263589135,21.152777775770648,77.40751581437965,30.511187096067868,50.0,0.2500356225080985,0.2500356225080985,0.49992875498380285,0.3789682924394245,0.6210317075605755
20220310_Wolves_Watford,56.2268149390255,43.7731850609745,19.6829312282962,50.0,23.66077857447089,23.66077857447089,50.0,0.4697981104070085,0.3657429226685364,0.16445896692445514,0.32121271363633347,0.6787872863636664
20220312_Brighton_Liverpool,19.18421052631579,19.18421052631579,74.1199660223188,19.18421052631579,72.4138795803146,23.264040629897284,50.0,0.17054392035627158,0.17054392035627158,0.6589121592874567,0.31753695851172853,0.6824630414882715
20220312_Brentford_Burnley,42.38023070972558,50.0,24.992088408700592,50.00000000000001,50.0,50.0,50.0,0.36107517537388717,0.4259948203762683,0.2129300042498445,0.5,0.5
20220312_ManUnited_Tottenham,34.62956483022668,66.46917511934183,32.846503123184824,50.0,50.0,50.0,50.0,0.25853523451681953,0.49624140129589084,0.24522336418728963,0.5,0.5
20220313_Southampton_Watford,49.99999999999999,49.99999999999999,19.78088713779836,50.0,50.0,75.49999999999999,50.0,0.41742886694835535,0.41742886694835535,0.16514226610328933,0.6015936254980079,0.39840637450199207
20220313_WestHam_AstonVilla,41.68834110063543,55.82838669627191,34.64546249509732,50.0,50.00000000000001,50.0,50.00000000000001,0.3154331886338102,0.4224232859104586,0.2621435254557313,0.5,0.5000000000000001
20220313_Chelsea_Newcastle,69.27996784921659,33.26876316705345,19.417667218769452,79.94849637773694,75.5,50.0,49.99999999999999,0.5680250368278341,0.2727699075194608,0.15920505565270507,0.5,0.49999999999999994
20220313_Everton_Wolves,24.400628372540247,53.6217876278518,43.70700716902005,21.224259755689353,50.0,21.224259755689353,50.0,0.20044971657001645,0.44049980877035627,0.35905047465962736,0.29799200200173326,0.7020079979982666
20220313_Leeds_Norwich,50.0,50.0,29.862522871402764,50.0,50.0,80.8157894736842,50.00000000000001,0.3850225522687006,0.3850225522687006,0.22995489546259876,0.6177831422249044,0.38221685777509556
20220313_Arsenal_Leicester,69.33784490492393,44.49007145275187,19.639521933404627,69.6497389262316,50.0,50.0,50.0,0.5195113189608416,0.33334026652795296,0.14714841451120536,0.5,0.5
20220314_CrystalPalace_ManCity,26.853321882880095,29.9888245403527,60.47011886413819,50.0,77.99191501662295,50.0,50.00000000000001,0.2289046402530847,0.2556324734407893,0.5154628863061259,0.5,0.5000000000000001
20220316_Brighton_Tottenham,19.18421052631579,30.074361731196326,69.92563826880367,50.0,66.40079031331798,50.00000000000001,50.00000000000001,0.1609626849194083,0.25233511719705465,0.5867021978835371,0.5,0.5
20220316_Arsenal_Liverpool,52.939819903543636,50.0,50.00000000000001,80.8157894736842,80.8157894736842,50.0,50.0,0.34614804657761344,0.3269259767111932,0.3269259767111933,0.5,0.5
20220317_Everton_Newcastle,28.012093245027405,29.112386783743286,58.17715869964261,19.18421052631579,50.0,19.18421052631579,50.00000000000001,0.2429461849281115,0.25248892474387047,0.504564890328018,0.27729174591099276,0.7227082540890073
20220318_Wolves_Leeds,49.99999999999999,55.1289308475207,19.372190755373143,50.0,19.767708126870755,19.767708126870755,49.99999999999999,0.4016028077199091,0.4427986682992205,0.15559852398087046,0.2833360684705838,0.7166639315294162
20220319_AstonVilla_Arsenal,28.555825298472737,49.99999999999999,40.32974052400474,50.00000000000001,60.9693344192832,50.0,49.99999999999999,0.24019589847528605,0.4205725030964742,0.33923159842823974,0.5,0.49999999999999994
20220320_Leicester_Brentford,39.7029318567036,55.691928321262786,27.051216486178074,49.99999999999999,49.99999999999999,49.99999999999999,49.99999999999999,0.3242482971961951,0.45482819734616203,0.22092350545764283,0.5,0.5
20220320_Tottenham_WestHam,50.0,67.15891045228439,19.417667218769452,50.00000000000001,49.99999999999999,50.0,50.0,0.3660949838736298,0.49173080477999204,0.14217421134637825,0.5,0.5
20220402_Brighton_Norwich,50.0,50.0,29.551531542398,50.0,50.0,77.69129246760993,50.0,0.3859468074573601,0.3859468074573601,0.2281063850852797,0.608430621745935,0.39156937825406507
20220402_Chelsea_Brentford,80.8157894736842,19.18421052631579,19.18421052631579,66.33591873019623,23.475312771488404,24.279256939844032,50.0,0.6780746301611834,0.16096268491940827,0.16096268491940827,0.32686456408021,0.67313543591979
20220402_Burnley_ManCity,19.18421052631579,19.18421052631579,69.48976981158548,19.18421052631579,49.99999999999999,19.18421052631579,50.0,0.17786512431370968,0.17786512431370968,0.6442697513725807,0.27729174591099276,0.7227082540890072
20220402_Wolves_AstonVilla,39.463697289897894,57.394733255918155,27.22722318385597,50.0,50.0,49.99999999999999,49.99999999999999,0.3180359381099116,0.4625412489743254,0.21942281291576296,0.5,0.5
20220402_Leeds_Southampton,46.52472485349448,50.0,22.222166136194296,50.000000000000014,50.0,58.71785192860611,49.99999999999999,0.3917974143637528,0.4210636555052349,0.18713893013101224,0.5400939301777735,0.4599060698222264
20220402_ManUnited_Leicester,69.18684348655513,49.99999999999999,19.66241754094545,49.99999999999999,50.0,50.0,50.0,0.4982874447769077,0.36010274473190723,0.14160981049118512,0.5,0.5
20220402_Liverpool_Watford,80.8157894736842,19.18421052631579,19.18421052631579,80.8157894736842,19.464259054317417,30.42414616328986,50.0,0.6780746301611834,0.16096268491940827,0.16096268491940827,0.3782961661976234,0.6217038338023766
20220403_WestHam_Everton,51.61500148830105,48.38499851169894,19.715695662149667,49.99999999999999,50.0,50.0,49.999999999999986,0.4311464858706918,0.4041658718523135,0.16468764227699467,0.5000000000000001,0.49999999999999994
20220403_Tottenham_Newcastle,65.65601115766825,49.182848303834376,20.403377101688843,79.08424705744429,46.65884506115159,24.31356485077763,49.99999999999999,0.48546972326201293,0.36366485466139026,0.1508654220765969,0.3271753265988452,0.6728246734011548
20220404_CrystalPalace_Arsenal,30.983017397605103,47.28861850488216,59.507416488194295,24.38238612132905,50.0,47.60181628103787,49.99999999999999,0.22487465881062035,0.3432206687762097,0.43190467241316993,0.48771445137836006,0.51228554862164
20220406_Burnley_Everton,33.49666291758814,49.99999999999999,30.72406103577916,50.0,50.0,76.02823076733513,50.0,0.2932625688072487,0.4377489326754172,0.26898849851733403,0.6032634934603927,0.39673650653960735
20220408_Newcastle_Wolves,32.875347000186714,44.97129389195517,39.556901370634975,47.85703835380107,50.0,47.85703835380107,50.0,0.2800200604390958,0.3830488673953192,0.33693107216558493,0.4890505492387217,0.5109494507612783
20220409_Southampton_Chelsea,20.292567605258938,20.96494987793742,75.97253120772561,48.227458224289634,54.17985568418729,47.98586737937031,50.0,0.17310039389952372,0.1788359734730785,0.6480636326273979,0.489722331013147,0.510277668986853
20220409_Arsenal_Brighton,64.53851690331713,28.678514695198952,21.57005805226115,50.0,50.0,50.0,50.0,0.5622454328240749,0.24984094276149954,0.18791362441442558,0.5,0.5
20220409_AstonVilla_Tottenham,20.386372146240895,31.85263924813635,68.14736075186364,50.0,72.22705566477228,50.0,50.00000000000001,0.16934119521000507,0.26458675247263824,0.5660720523173567,0.5,0.5000000000000001
20220409_Watford_Leeds,26.635689121211755,50.000000000000014,41.20101647075426,50.0,50.0,78.9822978344273,49.999999999999986,0.22603898324723487,0.42431600364945166,0.34964501310331353,0.6123499050684903,0.3876500949315096
20220409_Everton_ManUnited,20.510617592312453,27.139564641941536,68.70115251019617,50.0,75.96936375283208,50.0,50.0,0.17628175591935605,0.2332552927007661,0.5904629513798778,0.5,0.5
20220410_Norwich_Burnley,30.239559105224167,50.0,37.24639845137303,50.0,50.00000000000001,77.56895764589709,49.99999999999999,0.2573887103967866,0.4255827763578741,0.31702851324533915,0.6080551184027949,0.391944881597205
20220410_ManCity_Liverpool,45.9277529224836,50.0,51.05634740238771,76.4256288467522,80.8157894736842,50.0,50.0,0.3124674901637108,0.34017284787597846,0.3473596619603109,0.5,0.5
20220410_Brentford_WestHam,31.291874046026194,50.62671046613559,39.210939737958725,50.0,50.0,50.0,50.0,0.25833399610661034,0.4179551664183575,0.32371083747503215,0.5,0.5
20220410_Leicester_CrystalPalace,40.17902121302472,61.29322749516758,32.33686611606963,24.324031068573788,49.99999999999999,47.165947301510634,49.99999999999999,0.3002711830639773,0.4580646660406279,0.24166415089539467,0.4854164304615116,0.5145835695384884
20220416_Tottenham_Brighton,74.57331810671775,25.912017220181095,19.783455485554796,69.27237208898892,19.59216335144304,19.59216335144304,50.0,0.62005544084173,0.2154508833516762,0.1644936758065938,0.28152829870371865,0.7184717012962812
20220416_ManUnited_Norwich,68.74149512871833,30.73744295693793,19.74627580096214,50.0,50.00000000000001,50.00000000000001,50.00000000000001,0.5765684362209708,0.25780992086261917,0.1656216429164102,0.5,0.5
20220416_Southampton_Arsenal,22.180138353970563,44.70774770511797,62.30249843392341,50.00000000000001,50.0,50.00000000000001,50.00000000000001,0.17168567491313808,0.34606095399875725,0.4822533710881046,0.5,0.5
20220416_Watford_Brentford,19.18421052631579,30.003960751254954,69.99603924874505,22.066717293764555,77.41789333762846,33.15249381234729,50.0,0.16096268491940827,0.2517444267051641,0.5872928883754276,0.3986951237705932,0.6013048762294068
20220417_Newcastle_Leicester,28.082964692301854,48.1340580780739,41.71254193434012,39.78876938769212,50.0,39.78876938769212,49.99999999999999,0.23813337022500555,0.40815938054716716,0.3537072492278273,0.44313748433160066,0.5568625156683993
20220417_WestHam_Burnley,53.13950935115943,46.86049064884055,20.402620433263976,50.0,50.0,50.0,50.00000000000001,0.4413484454070772,0.38919826229873544,0.16945329229418737,0.5,0.5000000000000001
20220419_Liverpool_ManUnited,71.52941895979762,40.35098265036654,33.75292954991876,69.77312023073628,50.0,50.0,50.0,0.4911610439039612,0.277072441651506,0.23176651444453258,0.5,0.5
20220420_Chelsea_Arsenal,69.46543181946963,36.24219172063946,23.74053452115813,61.391261492789745,22.171051846553965,21.039045063432237,50.0,0.536627425680263,0.27997456482529626,0.18339800949444054,0.2961617100095593,0.7038382899904406
20220420_Everton_Leicester,30.915947503718964,50.6613727600374,32.88312202675864,50.0,50.0,50.0,50.0,0.27010159042763787,0.44261031799486206,0.2872880915775001,0.5,0.5
20220420_Newcastle_CrystalPalace,40.66215898851138,50.0,29.963803992837033,24.5,50.0,48.598112970232066,49.99999999999999,0.337092927455416,0.41450446292172743,0.24840260962285654,0.49289090334725183,0.5071090966527482
20220420_ManCity_Brighton,69.68079955653002,30.319200443469985,19.18421052631579,62.682849849394806,19.18421052631579,19.18421052631579,50.00000000000001,0.5846479097257983,0.25438940535479343,0.16096268491940827,0.27729174591099276,0.7227082540890073
20220421_Burnley_Southampton,38.64900431848582,59.508453942480166,28.23496235208296,50.0,50.00000000000001,76.85624394904079,50.0,0.3057857752151923,0.47082296275237584,0.22339126203243184,0.605853062935669,0.394146937064331
20220423_ManCity_Watford,69.97236571538535,19.18421052631579,19.18421052631579,80.8157894736842,19.18421052631579,30.743481324876676,50.0,0.6458543250679231,0.17707283746603844,0.17707283746603844,0.3807549639973816,0.6192450360026183
20220423_Arsenal_ManUnited,43.53569665503178,66.89516292720158,23.929914373320898,50.0,50.0,50.0,50.0,0.3240208832782783,0.497877177674863,0.17810193904685884,0.5,0.5
20220423_Norwich_Newcastle,22.568293679365848,35.09973853925733,61.200413196768444,37.55362488732574,50.0,37.65453182509497,50.0,0.18985941643722046,0.29528222074916155,0.514858362813618,0.42957883683904063,0.5704211631609593
20220423_Brentford_Tottenham,30.56753410251696,50.0,37.53104302187007,78.22103783021477,58.22266480411231,50.0,50.00000000000001,0.25883067219617545,0.42337512625014634,0.31779420155367827,0.5,0.5000000000000001
20220423_Leicester_AstonVilla,66.15526224772022,33.844737752279784,35.63974190909597,49.99999999999999,50.0,50.0,50.0,0.48772772136396897,0.24951933169381948,0.26275294694221163,0.5,0.5
20220424_Brighton_Southampton,50.0,50.0,19.618339859186833,50.0,50.0,50.0,50.0,0.4179961037651865,0.4179961037651865,0.16400779246962707,0.5,0.5
20220424_Burnley_Wolves,32.516667651293695,58.32126623331456,30.91346575949505,38.687403135514664,50.0,38.687403135514664,50.00000000000001,0.2670742820726871,0.47901926716075494,0.25390645076655805,0.436222076278411,0.5637779237215891
20220424_Chelsea_WestHam,50.00000000000001,53.43352472936283,21.124114384426058,49.99999999999999,50.000000000000014,50.0,50.0,0.4014205821155843,0.42898633202696584,0.1695930858574499,0.5,0.5
20220424_Liverpool_Everton,74.27099450097084,25.729005499029142,19.18421052631579,69.26855550333399,21.179929263244276,21.179929263244276,50.0,0.6231613581445997,0.21587595693599193,0.1609626849194083,0.29755479504502846,0.7024452049549715
20220425_CrystalPalace_Leeds,35.24881984600134,62.507650951438016,35.93306716927105,49.99999999999999,50.0,49.99999999999999,49.99999999999999,0.26366176727141155,0.4675582839324558,0.2687799487961326,0.5,0.5
20220428_ManUnited_Chelsea,33.4140887930003,42.43067221309066,42.96008948062319,49.99999999999999,80.8157894736842,50.0,50.00000000000001,0.2812518904414342,0.3571459585973356,0.36160215096123016,0.5,0.5000000000000001
20220430_Newcastle_Liverpool,30.48197742934506,30.48197742934506,52.436636562563145,50.0,80.8157894736842,50.0,50.0,0.26879910454886924,0.26879910454886924,0.4624017909022615,0.5,0.5
20220430_AstonVilla_Norwich,46.02078454996684,36.07808403051051,36.07808403051051,50.0,50.0,50.0,50.0,0.3894226711147053,0.30528866444264735,0.30528866444264735,0.5,0.5
20220430_Southampton_CrystalPalace,37.97390769024127,59.445129549986746,28.427077944198324,21.046777540561287,50.0,24.31671501583215,50.0,0.30174874794180856,0.47236364398591446,0.225887608072277,0.3272038465458519,0.6727961534541481
20220430_Watford_Burnley,21.630354632021373,30.739615798542694,66.87575102225064,50.0,50.0,50.0,50.0,0.18139312982043101,0.25778380493681946,0.5608230652427495,0.5,0.5
20220430_Wolves_Brighton,29.210071200344064,64.1719439043644,35.8280560956356,50.000000000000014,24.272484034280716,24.272484034280716,49.99999999999999,0.22606652042667,0.49664815836889287,0.2772853212044372,0.3268031808802527,0.6731968191197474
20220430_Leeds_ManCity,30.159357660534788,30.159357660534788,53.77725228117367,50.0,68.35792661764901,50.0,50.0,0.2643332476540724,0.2643332476540724,0.47133350469185514,0.5,0.5
20220501_Everton_Chelsea,22.23111929531508,30.829596366831076,66.14333810698618,24.499999999999996,49.999999999999986,24.499999999999996,50.0,0.18649633626026724,0.25862875793251205,0.5548749058072208,0.32885906040268453,0.6711409395973155
20220501_Tottenham_Leicester,50.0,61.70159017015535,20.749527254365944,50.00000000000001,21.64808542095066,21.64808542095066,49.99999999999999,0.37749775896374027,0.4658442402746558,0.15665800076160388,0.30214464620739934,0.6978553537926007
20220501_WestHam_Arsenal,26.74221937432566,49.99999999999999,39.20298382786358,50.0,50.0,50.0,50.0,0.23064532758368328,0.4312381937250847,0.33811647869123196,0.5,0.5
20220502_ManUnited_Brentford,34.76599166417418,35.47428958182637,45.17503969279307,50.0,50.0,49.999999999999986,49.999999999999986,0.30122510063123314,0.30736204945129325,0.39141284991747355,0.5,0.5
20220507_Brentford_Southampton,56.87707885198443,60.62977354948493,21.120760323344097,50.0,50.0,50.0,50.0,0.4102867944850918,0.4373571206902317,0.1523560848246766,0.5,0.5
20220507_Burnley_AstonVilla,51.3586559086671,45.323669226326544,31.034977133561878,44.909228295208926,49.99999999999999,45.65690846895856,49.99999999999999,0.4021276287270264,0.35487493410268656,0.24299743717028702,0.47729859975324834,0.5227014002467516
20220507_Chelsea_Wolves,59.570682168313304,40.429317831686696,20.578129524733907,49.99999999999999,24.500000000000004,24.500000000000004,50.0,0.4940421816387002,0.33529561282001413,0.1706622055412857,0.3288590604026846,0.6711409395973155
20220507_CrystalPalace_Watford,69.25651867512333,25.736095342471224,19.18421052631579,50.0,19.291272176534175,19.291272176534175,50.00000000000001,0.6065724717058366,0.2254055973729904,0.16802193092117299,0.2784083993635674,0.7215916006364327
20220507_Brighton_ManUnited,32.648481146994854,49.99999999999999,49.26537772270958,49.99999999999999,50.0,49.99999999999999,49.99999999999999,0.24749849202154575,0.37903523123667093,0.3734662767417833,0.5,0.5
20220507_Liverpool_Tottenham,69.26628349628896,37.58828942018924,19.31841970421937,80.8157894736842,50.0,50.0,50.0,0.5489786844044978,0.2979107385776884,0.1531105770178138,0.5,0.5
20220508_Arsenal_Leeds,60.812898610845615,39.187101389154385,20.518411188947386,74.78807935410413,50.0,50.0,50.0,0.5045942608345861,0.32515448056909163,0.1702512585963223,0.5,0.5
20220508_Leicester_Everton,32.2169622847981,50.0,31.935041111002587,50.0,50.0,50.0,50.0,0.28222861909038793,0.4380124615652549,0.27975891934435715,0.5,0.5
20220508_Norwich_WestHam,30.740506652208794,30.740506652208794,50.11005026593387,50.0,50.0,50.0,50.0,0.27547462734620104,0.27547462734620104,0.44905074530759803,0.5,0.5
20220508_ManCity_Newcastle,69.45357227621122,30.54642772378878,19.18421052631579,78.68586321825757,50.0,50.0,50.0,0.5827413880538808,0.2562959270267109,0.16096268491940827,0.5,0.5
20220510_AstonVilla_Liverpool,24.04076672458248,30.65920784729851,64.16792708835813,50.0,69.46737849006207,50.0,50.0,0.20224775897279954,0.2579267188120467,0.5398255222151538,0.5,0.5
20220511_Leeds_Chelsea,36.298708627578286,36.298708627578286,52.603211090693954,50.00000000000001,64.15026883904167,50.0,50.0,0.2899243327062848,0.2899243327062848,0.42015133458743026,0.5,0.5
20220511_Leicester_Norwich,68.73401028209754,31.197911796387437,19.54843495644421,50.0,50.0,50.0,49.99999999999999,0.57527456385156,0.26111331243567476,0.16361212371276537,0.5,0.49999999999999994
20220511_Watford_Everton,19.18421052631579,30.11805998260531,69.25651867512333,50.0,50.0,50.0,50.00000000000001,0.16181179529874612,0.2540348142038767,0.5841533904973772,0.5,0.5000000000000001
20220511_Wolves_ManCity,19.18421052631579,19.18421052631579,71.90362595419846,22.397510954953383,70.57714261501775,22.397510954953383,50.00000000000001,0.17397165507526635,0.17397165507526635,0.6520566898494674,0.3093685219218294,0.6906314780781706
20220512_Tottenham_Arsenal,46.30259691735978,49.99999999999999,51.53585542781503,50.0,77.47675713985784,50.0,50.0,0.31319725134332427,0.3382070037046888,0.3485957449519869,0.5,0.5
20220515_AstonVilla_CrystalPalace,38.34024021379289,53.587566264195445,29.01852399160315,50.0,49.99999999999999,49.99999999999999,49.99999999999999,0.31700209559836506,0.44306897163505526,0.23992893276657976,0.5,0.5
20220515_Watford_Leicester,20.65463817777913,35.11045976301514,64.19734930575937,50.0,50.0,50.0,50.00000000000001,0.17217586546336908,0.29267875546798516,0.5351453790686458,0.5,0.5000000000000001
20220515_Leeds_Brighton,28.747774524342876,28.747774524342876,57.08627236232172,21.837992931644774,77.3480739063706,33.09563002446294,50.0,0.2508929790985255,0.2508929790985255,0.4982140418029491,0.39828364036375624,0.6017163596362438
20220515_Wolves_Norwich,64.97999476269837,33.02197078306414,21.19083593168961,50.0,50.0,80.8157894736842,50.0,0.5451671070504265,0.2770466871634942,0.17778620578607937,0.6177831422249044,0.3822168577750955
20220515_WestHam_ManCity,19.18421052631579,19.18421052631579,76.25946547884186,50.0,71.2949781434243,50.0,50.0,0.16736076278479034,0.16736076278479034,0.6652784744304193,0.5,0.5
20220515_Everton_Brentford,55.848262506918665,51.04761370397964,28.07254730800751,21.10739121571552,50.0,21.10739121571552,50.00000000000001,0.41378761825054344,0.37821893723778366,0.20799344451167295,0.2968382168835713,0.7031617831164287
20220515_Tottenham_Burnley,68.84876074030888,34.50285572583204,25.52763717304082,50.0,24.356655510201108,24.356655510201108,50.0,0.5342113551732856,0.2677145836243617,0.19807406120235269,0.32756523734260184,0.6724347626573982
20220516_Newcastle_Arsenal,24.29020338061889,49.99999999999999,49.8767959094167,50.00000000000001,50.0,63.32222546481734,50.00000000000001,0.19562527498857082,0.4026834850313766,0.4016912399800525,0.5587802852007766,0.44121971479922345
20220517_Southampton_Liverpool,19.18421052631579,19.18421052631579,74.94047155177294,19.18421052631579,78.32015469531324,28.527262380245272,50.0,0.16930895788818315,0.16930895788818315,0.6613820842236338,0.36327845280165705,0.636721547198343
20220519_Everton_CrystalPalace,29.706032432892634,62.42344990973458,37.576550090265386,23.590542987486707,50.000000000000014,39.59798011767993,50.000000000000014,0.22902583538866603,0.48126867146315094,0.28970549314818317,0.4419517054477241,0.5580482945522758
20220519_AstonVilla_Burnley,50.0,50.0,20.68742381028953,50.0,49.99999999999999,49.99999999999999,49.99999999999999,0.41429337391935545,0.41429337391935545,0.17141325216128914,0.5,0.5
20220519_Chelsea_Leicester,49.99999999999999,49.99999999999999,19.9291923852486,49.99999999999999,49.99999999999999,50.0,50.0,0.41691267159862944,0.41691267159862944,0.16617465680274116,0.5,0.5
20220522_Chelsea_Watford,69.25651867512333,22.743412780367407,19.18421052631579,76.57985193858248,24.030431315725842,40.986639158592126,50.0,0.6228992502047281,0.20455626472423555,0.17254448507103623,0.45046876703678795,0.549531232963212
20220522_Arsenal_Everton,35.156391780839265,44.60147003783222,36.22399625772488,50.0,50.0,50.0,50.0,0.3031197496222385,0.38455557427312104,0.3123246761046405,0.5,0.5
20220522_Brentford_Leeds,70.94556541790597,29.82343633006695,19.18421052631579,65.87800038951364,26.93972870268875,38.362516876808115,50.0,0.5914436476755591,0.24862557462714513,0.15993077769729572,0.4341492097864502,0.5658507902135498
20220522_Burnley_Newcastle,30.57320452215875,60.70578549194256,36.67889595288372,50.00000000000001,50.00000000000001,50.00000000000001,50.00000000000001,0.23893177267751262,0.47442004088443224,0.2866481864380551,0.5,0.5
20220522_Brighton_WestHam,35.69417080222736,63.226533679379806,29.409122757128877,49.99999999999999,50.00000000000001,49.99999999999999,49.99999999999999,0.2781439948159859,0.49268774874727667,0.22916825643673747,0.5,0.5
20220522_Liverpool_Wolves,80.8157894736842,19.18421052631579,19.18421052631579,78.95944697164535,23.214003033844985,41.0083096905708,50.0,0.6780746301611834,0.16096268491940827,0.16096268491940827,0.4505996191996036,0.5494003808003963
20220522_Leicester_Southampton,68.23096282303162,32.238781196412155,19.52417463351854,78.48772348802423,24.001849637259664,44.78246232682647,50.0,0.5686201733303189,0.2686701256057052,0.16270970106397592,0.4724762495872783,0.5275237504127216
20220522_ManCity_AstonVilla,70.63288779944405,29.36711220055594,19.18421052631579,69.86017106650866,23.554842716554226,23.554842716554226,50.0,0.5926362853563423,0.24640102972424946,0.1609626849194083,0.32023510412935713,0.6797648958706429
20220522_Norwich_Tottenham,19.18421052631579,19.18421052631579,69.33252201071359,19.18421052631579,79.45173353499315,30.077499755169057,50.0,0.17812481470132016,0.17812481470132016,0.6437503705973597,0.37560488086077554,0.6243951191392244
20220522_CrystalPalace_ManUnited,39.17123554410183,53.21653005448066,30.554700864439177,50.0,50.00000000000001,49.99999999999999,49.99999999999999,0.3186143622381584,0.4328571858486912,0.24852845191315032,0.5,0.5
20220805_CrystalPalace_Arsenal,49.854517526586974,50.00000000000001,34.93706066243409,50.0,50.0,50.0,50.0,0.36986374220409324,0.37094305647110937,0.25919320132479723,0.5,0.5
20220806_Fulham_Liverpool,19.18421052631579,19.18421052631579,69.25651867512333,19.18421052631579,80.8157894736842,29.6553901371632,50.0,0.17825060413361107,0.17825060413361107,0.6434987917327779,0.37229608801234765,0.6277039119876524
20220806_Bournemouth_AstonVilla,30.057596525504554,50.0,33.82652774829102,49.99999999999999,50.0,50.0,50.0,0.26393140147648064,0.4390427578807388,0.29702584064278054,0.5,0.5
20220806_Leeds_Wolves,44.9365855382568,51.59283236212678,23.66611156880822,50.0,50.0,50.0,50.0,0.37386237022879315,0.42924085937281814,0.19689677039838868,0.5,0.5
20220806_Newcastle_Nott'mForest,68.11065843977025,50.0,20.56151808940289,50.0,49.99999999999999,50.0,50.0,0.4911631168163102,0.36056259627165554,0.14827428691203434,0.5,0.5
20220806_Tottenham_Southampton,69.35285070826305,19.18421052631579,19.18421052631579,80.8157894736842,19.416926795151255,31.16781122823761,50.0,0.6438176005032997,0.17809119974835008,0.17809119974835008,0.38399225945117743,0.6160077405488226
20220806_Everton_Chelsea,23.53007708522826,34.01695035707694,61.38958272800427,50.0,77.52789312976672,50.0,49.99999999999999,0.19783712560442682,0.28600907919241086,0.5161537952031624,0.5,0.49999999999999994
20220807_Leicester_Brentford,63.214906088290775,54.89701225961533,19.815606093274678,56.696462878908214,50.0,50.0,50.0,0.4583197323696532,0.39801346744990096,0.1436668001804458,0.5,0.5
20220807_ManUnited_Brighton,29.65154532720738,29.65154532720738,55.6289268739355,24.955281398797613,79.39050385766826,35.55506997467855,50.0,0.25799203707437957,0.25799203707437957,0.4840159258512409,0.41558109864443643,0.5844189013555635
20220807_WestHam_ManCity,19.18421052631579,19.18421052631579,80.8157894736842,50.00000000000001,72.43325626324813,50.0,50.0,0.1609626849194083,0.1609626849194083,0.6780746301611835,0.5,0.5
20220813_Brighton_Newcastle,48.63023187948649,60.572500583813216,20.36098682793486,72.07241063973248,50.00000000000001,50.0,49.99999999999999,0.3753383442950954,0.46751128259646346,0.15715037310844127,0.5,0.49999999999999994
20220813_Arsenal_Leicester,43.438078275702196,57.42645039937525,30.506288251068355,50.0,61.283609031556516,50.0,50.0,0.33065241803377277,0.43713247540859335,0.23221510655763383,0.5,0.5
20220813_Wolves_Fulham,40.78763634420814,49.999999999999986,26.457068607047496,50.0,50.0,78.78680151568062,50.0,0.34788467727532396,0.4264584914157739,0.22565683130890218,0.6117614583827351,0.38823854161726484
20220813_AstonVilla_Everton,37.80104353094697,60.79694932701449,30.34969869319858,49.99999999999999,50.00000000000001,56.93509446234096,50.0,0.29315021522467033,0.47148536430288307,0.2353644204724466,0.5324266532760359,0.467573346723964
20220813_Southampton_Leeds,28.926142178961502,28.926142178961502,56.39407420306005,50.0,50.0,50.0,50.0,0.25319093355190964,0.25319093355190964,0.49361813289618073,0.5,0.5
20220813_Brentford_ManUnited,33.68777333478516,61.14298421901751,31.440062769794206,77.53356646775188,50.0,50.0,50.0,0.266789850960442,0.4842210105416683,0.24898913849788967,0.5,0.5
20220813_ManCity_Bournemouth,69.56070250522961,30.439297494770383,19.18421052631579,69.5051751571599,50.0,50.0,50.0,0.5836402506510764,0.2553970644295152,0.16096268491940827,0.5,0.5
20220814_Nott'mForest_WestHam,30.021948675284843,63.59038726757756,36.40961273242243,50.0,50.0,77.29807266634882,50.0,0.23089908266381456,0.489074251812572,0.28002666552361355,0.6072210760719752,0.3927789239280248
20220814_Chelsea_Tottenham,57.16865339289345,63.598026598194046,51.150874046714044,76.1315889456617,80.8157894736842,50.0,50.0,0.3325352882831447,0.36993329130433067,0.29753142041252456,0.5,0.5
20220815_Liverpool_CrystalPalace,71.98270502137674,28.017294978623262,19.18421052631579,67.28364680164327,27.355404445382526,21.590089899706495,50.0,0.6039617555337418,0.23507555954685005,0.16096268491940827,0.30157930978928704,0.698420690210713
20220820_Leicester_Southampton,63.28375557437869,36.580408545073375,19.951810839693024,80.8157894736842,50.0,60.47878373412717,50.0,0.5281746077345464,0.30530493581967333,0.1665204564457803,0.5474244166162477,0.4525755833837522
20220820_Bournemouth_Arsenal,19.306259913636982,30.55809313972899,69.441906860271,49.99999999999999,79.16774351674931,49.99999999999999,50.0,0.1618210136468307,0.25613151532743783,0.5820474710257314,0.49999999999999994,0.5
20220820_Tottenham_Wolves,76.7024879423007,23.052488669280276,19.18421052631579,78.48832272636065,19.18421052631579,28.475781610319068,50.0,0.6448882810454446,0.19381743918052405,0.16129427977403132,0.36286075813451574,0.6371392418654842
20220820_CrystalPalace_AstonVilla,46.259030128971155,63.642832564073366,22.438402377951224,50.00000000000001,49.99999999999999,50.00000000000001,50.00000000000001,0.3495461498747556,0.4809030156463061,0.16955083447893834,0.5,0.5
20220820_Everton_Nott'mForest,34.35021212773577,53.848601699040614,46.291177350535605,26.279244226309903,50.0,23.291115716240782,49.999999999999986,0.255410918143703,0.4003911460448121,0.3441979358114849,0.317789072913235,0.682210927086765
20220820_Fulham_Brentford,21.720071139606652,38.893086001079254,59.19440383415928,24.25681133368826,50.0,24.25681133368826,50.0,0.1812913222076777,0.3246296451126757,0.49407903267964653,0.3266610954338624,0.6733389045661375
20220821_Newcastle_ManCity,45.37175644962302,30.611579966341097,63.63872958541512,50.0,80.8157894736842,50.0,50.0,0.3249612167261214,0.2192460034650877,0.4557927798087909,0.5,0.5
20220821_Leeds_Chelsea,31.328386949755117,35.30344129586297,51.691997629919285,50.0,50.0,50.0,50.0,0.26476820469538287,0.2983629124112163,0.4368688828934008,0.5,0.5
20220821_WestHam_Brighton,30.719646312222952,30.719646312222952,50.626981103327985,21.538726916116282,64.64629920909381,27.37199486221233,50.0,0.2741203512025899,0.2741203512025899,0.4517592975948202,0.3537713472550069,0.6462286527449931
20220822_ManUnited_Liverpool,19.18421052631579,19.18421052631579,80.8157894736842,22.06293975833834,78.74782769978967,36.070995566348735,50.0,0.1609626849194083,0.1609626849194083,0.6780746301611835,0.41908421447899985,0.5809157855210002
20220827_Southampton_ManUnited,31.62699526841709,49.99999999999999,38.472561285362715,50.0,50.0,75.42181689357878,50.00000000000001,0.26333981719786553,0.4163212707418309,0.3203389120603035,0.6013452743837595,0.3986547256162405
20220827_Brentford_Everton,49.99999999999999,59.657646431764675,19.79946928274746,69.80629563184753,49.99999999999999,49.99999999999999,50.0,0.3862282866726576,0.46082941136527317,0.1529423019620693,0.49999999999999994,0.5
20220827_Brighton_Leeds,56.511324928307374,56.387004743950655,19.18421052631579,65.08798436002907,76.18600909407829,50.0,50.0,0.4278485622955756,0.42690733127314207,0.1452441064312824,0.5,0.5
20220827_Chelsea_Leicester,57.60273825650468,49.99999999999999,19.354640637563502,50.00000000000001,50.00000000000001,50.0,50.0,0.45371713529599383,0.39383295745038527,0.15244990725362093,0.5,0.5
20220827_Liverpool_Bournemouth,69.95657657393753,30.04342342606248,19.18421052631579,76.79028900453007,45.909479202367365,45.1795433179292,50.0,0.5869617818082636,0.2520755332723281,0.16096268491940827,0.47467703398213956,0.5253229660178604
20220827_ManCity_CrystalPalace,69.35980661697154,30.640193383028475,19.18421052631579,68.48444226756426,50.0,50.0,50.00000000000001,0.5819546591841285,0.25708265589646323,0.16096268491940824,0.5,0.5000000000000001
20220827_Arsenal_Fulham,70.5626096090561,29.437390390943914,19.18421052631579,70.3410421579426,41.83852669241504,23.861199376817066,50.0,0.5920466251146238,0.24699068996596787,0.16096268491940824,0.32305458858154446,0.6769454114184555
20220828_Wolves_Newcastle,25.715489115159237,35.439524212755316,62.12592539231611,50.0,50.00000000000001,50.0,50.0,0.208592580346237,0.28746961680086247,0.5039378028529006,0.5,0.5
20220828_Nott'mForest_Tottenham,37.17664368280755,37.36722479077306,72.71563389385949,19.18421052631579,78.2015972372113,19.18421052631579,50.00000000000001,0.25245667060618504,0.25375085607402653,0.4937924733197885,0.27729174591099276,0.7227082540890073
20220828_AstonVilla_WestHam,40.197283742039915,65.45226225087616,26.345296390413534,50.0,50.0,76.23186749535904,50.0,0.30453677595448736,0.4958698466474514,0.1995933773980614,0.6039035071564772,0.3960964928435228
20220830_Fulham_Brighton,19.34359200145046,25.16984528332532,74.83015471667467,23.055628904127502,56.788243552764285,37.62797298808431,50.0,0.16208320595223386,0.21090236066482243,0.6270144333829437,0.42940595000640924,0.5705940499935908
20220830_CrystalPalace_Brentford,50.0,58.12963101683655,19.905544529918444,50.0,53.70840512106074,50.0,50.0,0.39051768224226274,0.4540129754858591,0.15546934227187806,0.5,0.5
20220830_Leeds_Everton,63.19016526576393,54.22802166540499,21.15486174836373,50.0,50.0,50.0,50.0,0.45600617052092884,0.3913316635676683,0.15266216591140294,0.5,0.5
20220830_Southampton_Chelsea,20.06977311893439,29.424609525367018,69.26292348187982,50.0,50.0,50.0,50.0,0.1689982180768734,0.24777094130194377,0.5832308406211828,0.5,0.5
20220831_Arsenal_AstonVilla,75.22357419754401,24.776425802455986,19.18421052631579,71.5118400014468,36.889382813623584,28.369789824048688,50.00000000000001,0.63115385725473,0.20788345782586165,0.16096268491940827,0.36199905458140047,0.6380009454185995
20220831_Bournemouth_Wolves,33.72035084995739,62.46948658451655,32.56646799473257,50.0,50.0,75.49999999999999,50.000000000000014,0.26189281167668865,0.4851761346854105,0.2529310536379008,0.6015936254980079,0.3984063745019921
20220831_ManCity_Nott'mForest,76.25946547884186,19.18421052631579,19.18421052631579,69.75960898454944,50.0,50.0,50.00000000000001,0.6652784744304193,0.16736076278479034,0.16736076278479034,0.5,0.5000000000000001
20220831_WestHam_Tottenham,19.18421052631579,29.35941045295334,70.64058954704666,19.59863355527387,69.33151446638605,19.59863355527387,50.0,0.16096268491940827,0.2463364091879503,0.5927009058926413,0.2815950910833475,0.7184049089166525
20220831_Liverpool_Newcastle,62.5491996022754,30.194313720524885,25.450429776611013,50.0,50.0,50.0,50.00000000000001,0.5292081638199186,0.25546413740616863,0.2153276987739127,0.5,0.5000000000000001
20220901_Leicester_ManUnited,30.742129081722645,64.01290767417262,35.98709232582738,63.798107717347044,50.0,64.5057340916338,50.0,0.235135600878174,0.48961194164246963,0.27525245747935634,0.5633406449323556,0.4366593550676444
20220903_Brentford_Leeds,40.27780486377914,67.09426586067495,27.326094021592038,50.0,50.00000000000001,50.0,50.0,0.2990226699800781,0.49810824065176734,0.20286908936815456,0.5,0.5
20220903_Chelsea_WestHam,50.0,53.13971564879379,19.200617411198817,49.99999999999999,50.0,50.0,50.0,0.4086959610898007,0.43435974318245,0.15694429572774923,0.5,0.5
20220903_Newcastle_CrystalPalace,50.00000000000001,58.152963027221425,19.6238085715339,50.0,50.000000000000014,50.000000000000014,50.000000000000014,0.39130742915472955,0.455113729198241,0.15357884164702948,0.5,0.5
20220903_Everton_Liverpool,19.18421052631579,29.502295923394332,69.25651867512333,35.63199148370243,49.99999999999999,23.14757033886877,50.00000000000001,0.16265659207919084,0.2501402341695786,0.5872031737512305,0.31645029673075464,0.6835497032692454
20220903_Wolves_Southampton,30.518884523010883,50.000000000000036,32.81246757716518,50.0,50.00000000000001,50.0,50.00000000000001,0.2692889827700508,0.4411841831358716,0.28952683409407765,0.5,0.5000000000000001
20220903_AstonVilla_ManCity,19.18421052631579,19.18421052631579,69.25651867512333,34.95403783441662,74.99358354573731,36.96404694522041,50.0,0.17825060413361107,0.17825060413361107,0.6434987917327779,0.42504975611938184,0.5749502438806181
20220903_Tottenham_Fulham,69.8095797748622,30.190420225137807,19.18421052631579,64.07935331478548,50.0,50.0,50.00000000000001,0.5857284238120476,0.25330889126854417,0.16096268491940827,0.5,0.5000000000000001
20220903_Nott'mForest_Bournemouth,47.87622831816874,57.828656765682034,21.005691476468357,50.0,50.0,80.8157894736842,50.0,0.37783924292521714,0.4563838184269753,0.16577693864780765,0.6177831422249044,0.3822168577750955
20220904_Brighton_Leicester,69.88183365371012,30.118166346289886,19.18421052631579,51.08229038423993,50.0,49.99999999999999,49.99999999999999,0.5863346608171748,0.252702654263417,0.16096268491940827,0.5,0.5
20220904_ManUnited_Arsenal,39.217976942970445,59.142692333241484,60.35910896782007,31.291269948493632,69.40816419387954,22.812374910126852,50.00000000000001,0.2470894136625665,0.3726233301706702,0.38028725616676334,0.31330354130440635,0.6866964586955936
20220916_AstonVilla_Southampton,30.744096314404448,65.48865174511528,34.511348254884716,50.00000000000001,50.00000000000001,64.19839037918882,49.99999999999999,0.23514710936142888,0.5008918459127414,0.2639610447258299,0.5621654575517393,0.4378345424482607
20220916_Nott'mForest_Fulham,31.309294677696663,49.99999999999999,32.268578741956,50.0,50.0,75.72920368095201,50.0,0.27566368109406014,0.4402265907485143,0.28410972815742547,0.6023199182357105,0.3976800817642895
20220917_Wolves_ManCity,21.26436301024972,30.724765054428016,67.27402912046341,23.394609270756813,69.51216206127214,23.394609270756813,50.00000000000001,0.17829783742215924,0.2576215973113277,0.564080565266513,0.31875105683106497,0.6812489431689351
20220917_Newcastle_Bournemouth,50.0,50.0,19.205566297065587,50.0,45.96541556030078,44.56282055787019,50.00000000000001,0.41944350044357637,0.41944350044357637,0.1611129991128473,0.4712509662357079,0.5287490337642922
20220917_Tottenham_Leicester,73.6067975735896,26.393202426410387,19.18421052631579,80.35307900999172,50.0,50.0,50.0,0.6175884980782524,0.22144881700233932,0.1609626849194083,0.5,0.5
20220918_Brentford_Arsenal,44.26009595829283,49.999999999999986,37.564647829779645,49.99999999999999,53.23674878559358,50.0,50.0,0.33574953143430647,0.3792914635235878,0.2849590050421058,0.5,0.5
20220918_Everton_WestHam,32.0606560861362,60.681791171624965,34.97979108850795,50.0,50.0,50.0,49.99999999999999,0.25101858925472487,0.4751074829045034,0.2738739278407717,0.5,0.49999999999999994
20221001_Arsenal_Tottenham,46.721805904388894,50.0,52.14906055481168,77.23352110447544,70.99919503770776,50.0,49.99999999999999,0.31384116325536016,0.33586155027654757,0.35029728646809216,0.5,0.49999999999999994
20221001_Bournemouth_Brentford,32.02697896148706,58.17660832365288,32.43462223029836,50.0,80.36989801324049,60.84773266939821,50.0,0.2611500859970998,0.47437587806864806,0.264474035934252,0.5489307828322995,0.4510692171677006
20221001_CrystalPalace_Chelsea,31.64782289147275,49.99999999999999,32.43818024297822,49.99999999999999,50.0,49.99999999999999,49.99999999999999,0.2774032047925776,0.4382658575660217,0.28433093764140066,0.5,0.5
20221001_Fulham_Newcastle,33.88727307807624,50.00000000000001,30.55393090261754,49.99999999999999,49.999999999999986,49.999999999999986,49.999999999999986,0.29611077041616074,0.43690557474766695,0.2669836548361723,0.5,0.5
20221001_Liverpool_Brighton,60.71826763968874,30.810572085273858,26.799977648516087,50.0,50.0,50.0,50.0,0.5131317035650326,0.26038096863612786,0.22648732779883954,0.5,0.5
20221001_Southampton_Everton,33.4670062647541,53.394820392787636,32.83305182097907,23.424895021801827,50.00000000000001,23.424895021801827,50.0,0.2796026587784183,0.4460911032410573,0.27430623798052434,0.31903205329536183,0.6809679467046381
20221001_WestHam_Wolves,32.243620224031055,50.00000000000001,34.89195043465076,50.0,50.0,50.0,50.0,0.2752675386538635,0.4268558194478231,0.2978766418983135,0.5,0.5
20221002_ManCity_ManUnited,63.11692466159786,31.578488553940804,43.271514131578044,67.92072065354772,49.99999999999999,50.0,50.0,0.4574786572060083,0.22888448094876515,0.3136368618452265,0.5,0.5
20221002_Leeds_AstonVilla,44.69333934899848,64.08575715576927,23.40628431030741,50.0,49.99999999999999,50.00000000000001,50.00000000000001,0.338111060946472,0.48481728282361297,0.17707165622991516,0.5,0.5
20221003_Leicester_Nott'mForest,39.63072945839415,59.07691194367987,28.598704956525278,76.68348500291465,50.0,74.9636736917659,50.0,0.3113020724572634,0.46405315707726563,0.2246447704654709,0.5998837220220535,0.40011627797794647
20221008_Bournemouth_Leicester,31.721027450591222,56.94134768663811,32.08165021143102,50.0,79.57221242513671,67.35659185337737,50.0,0.2627130192073157,0.47158728990701043,0.2656996908856738,0.5739480909392047,0.42605190906079526
20221008_Chelsea_Wolves,70.60189699978899,34.91570661679727,21.31995022505258,50.0,50.0,50.0,50.0,0.5566324393794124,0.27527893403235104,0.16808862658823656,0.5,0.5
20221008_ManCity_Southampton,69.97236571538535,19.18421052631579,19.18421052631579,71.2925585674186,50.0,50.0,50.0,0.6458543250679231,0.17707283746603844,0.17707283746603844,0.5,0.5
20221008_Newcastle_Brentford,50.8730273539687,63.752179509678676,20.557259101888253,50.0,50.000000000000014,50.0,50.0,0.3763285940274135,0.47160095101336663,0.1520704549592198,0.5,0.5
20221008_Brighton_Tottenham,50.466839769670585,50.0,31.52774443186635,50.0,50.0,50.0,50.0,0.3823402306613953,0.37880342062866096,0.23885634870994385,0.5,0.5
20221009_CrystalPalace_Leeds,46.66003975596241,63.43653585163766,22.082283883583962,50.0,50.0,50.0,50.0,0.3530068267768229,0.47992951441579584,0.1670636588073813,0.5,0.5
20221009_WestHam_Fulham,50.51637622594069,49.483623774059325,21.07406608444936,50.0,49.99999999999999,50.0,50.0,0.41723531603130787,0.4087053931065998,0.17405929086209232,0.5,0.5
20221009_Arsenal_Liverpool,45.491343043964044,50.0,31.735335942342708,66.28046965118345,50.0,50.0,50.0,0.35756134960388475,0.3929993331460097,0.24943931725010557,0.5,0.5
20221009_Everton_ManUnited,32.3677023641376,50.0,33.23887119457433,50.0,56.079369266875375,49.99999999999999,49.99999999999999,0.279981504232537,0.43250135749942464,0.2875171382680384,0.5,0.5
20221010_Nott'mForest_AstonVilla,31.376668466992463,31.376668466992463,52.72466721610318,23.161694231743596,50.0,23.161694231743596,49.99999999999999,0.2717112120002684,0.2717112120002684,0.4565775759994632,0.3165822562607379,0.6834177437392622
20221014_Brentford_Brighton,34.07704587288715,64.42059605187767,33.32740808703656,50.0,78.17055688063796,49.99999999999999,50.0,0.258502051543591,0.4886825079611996,0.25281544049520926,0.49999999999999994,0.5
20221015_Leicester_CrystalPalace,30.499926718433322,66.42567087161494,32.366299784883225,50.0,50.0,49.999999999999986,49.999999999999986,0.23589975348561157,0.5137651486309944,0.2503350978833942,0.5,0.5
20221015_Fulham_Bournemouth,35.52683959184314,53.42102835838881,46.092985175445065,49.999999999999986,50.0,65.32367011502895,49.99999999999999,0.2630821619497602,0.39559160892350137,0.34132622912673843,0.5664376623625681,0.43356233763743196
20221015_Wolves_Nott'mForest,49.99999999999999,65.65386789602314,25.996459024155538,50.0,50.0,76.10124391253379,50.00000000000001,0.3529818891852997,0.46349252644520705,0.18352558436949312,0.6034932055493366,0.39650679445066345
20221015_Tottenham_Everton,69.50718581735602,31.55881298919501,20.50586548948914,49.99999999999999,36.511528472199544,23.643954239084078,50.00000000000001,0.5717374346427622,0.25958977574240377,0.16867278961483406,0.32105764123317315,0.6789423587668268
20221016_AstonVilla_Chelsea,21.105091513474324,40.813265966389395,69.5019067370925,23.283716831563584,65.9244999314075,23.283716831563584,49.999999999999986,0.16059236860635748,0.3105553485953466,0.5288522827982959,0.31772019540274193,0.6822798045972581
20221016_Leeds_Arsenal,19.18421052631579,19.18421052631579,76.28847297895675,50.00000000000001,69.04490768577355,50.0,50.0,0.16731842152492357,0.16731842152492357,0.6653631569501528,0.5,0.5
20221016_ManUnited_Newcastle,63.474226725790054,53.1699942364056,21.036649913572603,62.41311230492822,79.66124383963161,50.0,50.0,0.46102429714483656,0.3861828727418624,0.1527928301133011,0.5,0.5
20221016_Southampton_WestHam,19.681918868694492,34.4082614001726,65.59173859982737,22.930976957157885,50.0,22.930976957157885,50.0,0.16445189929055146,0.28749757461628456,0.548050526093164,0.3144202630197634,0.6855797369802367
20221016_Liverpool_ManCity,34.57795893303695,36.729038996778314,60.132509353540534,50.00000000000001,70.73888019336776,50.0,50.0,0.26307127626775245,0.27943682805808356,0.45749189567416404,0.5,0.5
20221018_Brighton_Nott'mForest,50.00000000000001,53.46152978092405,19.24838009354701,50.0,50.0,50.0,50.00000000000001,0.40746505356534496,0.43567410191739003,0.156860844517265,0.5,0.5000000000000001
20221018_CrystalPalace_Wolves,49.999999999999986,64.45928809297814,21.33115895880612,50.00000000000001,23.06502487635516,23.06502487635516,50.0,0.3682144148250155,0.47469678090386086,0.1570888042711237,0.31567805410847566,0.6843219458915245
20221019_Bournemouth_Southampton,69.33156207239843,45.03397743150939,19.18421052631579,50.0,50.0,77.57041583826123,50.00000000000001,0.5191440796909618,0.33720750073525235,0.14364841957378593,0.6080595985248495,0.3919404014751505
20221019_Brentford_Chelsea,27.17474589339994,39.52092189218763,71.90362595419846,50.0,69.56921600468084,50.0,50.00000000000001,0.19606698678002865,0.2851451896023827,0.5187878236175885,0.5,0.5000000000000001
20221019_Liverpool_WestHam,69.39646515913532,30.603534840864683,19.18421052631579,50.00000000000001,50.00000000000001,50.0,50.0,0.5822622380320472,0.25677507704854446,0.16096268491940827,0.5,0.5
20221019_Newcastle_Everton,60.860955158346925,54.2495845587416,19.372284404702448,49.99999999999999,19.469194545725763,19.469194545725763,50.00000000000001,0.45255559998672945,0.4033941502419063,0.14405024977136432,0.28025651762682835,0.7197434823731717
20221019_ManUnited_Tottenham,40.64447002921375,58.48536945384074,53.8454425951622,50.0,66.33848268949397,50.0,50.00000000000001,0.2656930549631679,0.38231908226805555,0.35198786276877636,0.5,0.5000000000000001
20221020_Fulham_AstonVilla,27.668801720103694,54.4324480748234,38.269527881345354,50.0,50.0,50.0,50.0,0.22986311340877696,0.45220649999632884,0.31793038659489414,0.5,0.5
20221020_Leicester_Leeds,50.0,62.532157251694656,20.490453126181464,50.0,50.0,50.00000000000001,50.00000000000001,0.3758759496446917,0.4700866798062384,0.15403737054907,0.5,0.5
20221022_Everton_CrystalPalace,31.084164358876812,52.46595343932251,44.414826619108325,23.405998965753692,49.99999999999999,23.405998965753692,50.0,0.2429115606654582,0.41000254935621516,0.3470858899783266,0.31885675960452986,0.6811432403954701
20221022_Nott'mForest_Liverpool,19.18421052631579,22.49728033853272,69.25651867512333,23.054985366357712,77.59659853110863,39.852741830941696,50.0,0.17292730062371967,0.20279145472162785,0.6242812446546525,0.4435339536541333,0.5564660463458667
20221022_Chelsea_ManUnited,70.28839482382942,49.99999999999999,33.51875501730925,50.00000000000001,50.0,50.0,50.0,0.45699042532435935,0.32508241685541295,0.21792715782022784,0.5,0.5
20221022_ManCity_Brighton,70.3887576901372,29.611242309862792,19.18421052631579,49.99999999999999,47.91162037831435,24.5,50.0,0.5905879426419107,0.24844937243868098,0.1609626849194083,0.3288590604026846,0.6711409395973155
20221023_AstonVilla_Brentford,33.828489701736814,66.2485916393186,33.70654070906642,50.0,49.99999999999999,50.0,50.00000000000001,0.25285972365932075,0.49519209170834577,0.2519481846323335,0.5,0.5000000000000001
20221023_Leeds_Fulham,31.8760339963817,45.43494025956728,52.78089291854679,50.0,49.99999999999999,50.0,50.0,0.24502710806376163,0.3492527338286578,0.4057201581075805,0.5,0.5
20221023_Southampton_Arsenal,19.18421052631579,19.18421052631579,80.8157894736842,21.768113426921957,69.27822784580817,21.768113426921957,50.0,0.1609626849194083,0.1609626849194083,0.6780746301611835,0.3033117687994876,0.6966882312005124
20221023_Wolves_Leicester,33.79459545539573,62.48153401481484,37.51846598518513,50.0,50.0,50.0,50.0,0.2525856544531511,0.46699594854446014,0.2804183970023886,0.5,0.5
20221023_Tottenham_Newcastle,41.425752422041505,50.0,32.39876968816685,50.0,59.53090320027596,50.0,50.0,0.33455208803609243,0.40379723779994214,0.26165067416396537,0.5,0.5
20221024_WestHam_Bournemouth,49.99999999999999,49.99999999999999,19.41766721876946,49.99999999999999,23.661653753966547,23.661653753966547,50.00000000000001,0.4186985155923499,0.4186985155923499,0.16260296881530015,0.32122077835772733,0.6787792216422726
20221029_Leicester_ManCity,30.58387791413311,30.58387791413311,51.8615733608425,58.224531236476565,61.49764058836395,50.0,50.0,0.2705835567949218,0.2705835567949218,0.4588328864101564,0.5,0.5
20221029_Brighton_Chelsea,19.18421052631579,30.321312441503796,69.67868755849621,23.59581135572729,49.99999999999999,41.652299336261414,49.999999999999986,0.16096268491940827,0.25440712580639085,0.5846301892742009,0.45445994959105257,0.5455400504089475
20221029_Brentford_Wolves,49.999999999999986,63.47553782701495,19.954251347739127,50.0,50.0,79.28454222179339,50.0,0.37472891405467623,0.4757223871790769,0.1495486987662469,0.6132561624094025,0.3867438375905974
20221029_Bournemouth_Tottenham,30.640951399601583,30.640951399601583,51.46587206252656,50.0,50.0,50.0,50.0,0.2717654644375791,0.2717654644375791,0.4564690711248418,0.5,0.5
20221029_CrystalPalace_Southampton,50.0,54.886777911961374,19.774385773480525,49.99999999999999,50.0,50.0,50.0,0.4010872233325628,0.4402877070075925,0.15862506965984471,0.5,0.5
20221029_Liverpool_Leeds,70.09219752925566,22.08196871906025,19.18421052631579,50.0,28.029245499752786,28.029245499752786,50.00000000000001,0.6294290520335889,0.19829643138342415,0.17227451658298687,0.3592146165227445,0.6407853834772556
20221029_Fulham_Everton,41.82648201798054,59.39967210394169,31.029687577606,49.99999999999999,50.0,50.0,50.0,0.3162543255594413,0.44912702033148505,0.23461865410907354,0.5,0.5
20221029_Newcastle_AstonVilla,68.37525927727269,31.702881125785122,19.363126081675805,65.41979097718972,23.48986387474516,34.28705937380599,50.000000000000014,0.5724592621094827,0.26542653187487114,0.16211420601564622,0.40678912787484695,0.593210872125153
20221030_Arsenal_Nott'mForest,75.58737032060418,25.18932709416194,19.67498098530682,70.01824694662685,22.291569119949788,22.699831371022317,50.0,0.6275327278507927,0.20912391947331044,0.16334335267589686,0.3122404955133132,0.6877595044866869
20221030_ManUnited_WestHam,59.538904715736386,51.04770340226426,25.511104991234955,50.0,50.0,50.00000000000001,50.00000000000001,0.4374717499327038,0.37508127238914024,0.18744697767815593,0.5,0.5
20221105_Leeds_Bournemouth,50.0,50.0,22.02913159187222,50.0,50.00000000000001,61.66340852651177,50.00000000000001,0.40973822682952094,0.40973822682952094,0.1805235463409581,0.552225741092896,0.447774258907104
20221105_ManCity_Fulham,69.8349793404274,30.16502065957259,19.18421052631579,66.6954887535443,50.0,50.0,50.0,0.585941535645008,0.2530957794355837,0.1609626849194083,0.5,0.5
20221105_Nott'mForest_Brentford,39.74657797619617,55.836100555878936,26.36081527643634,50.0,50.0,76.89840821038116,49.99999999999999,0.3259425881188089,0.45788503192764574,0.21617237995354535,0.6059840252912673,0.39401597470873284
20221105_Wolves_Brighton,30.720012650532677,50.75239787125161,33.325199575077285,50.0,64.65768011153466,50.0,50.0,0.2676014999320315,0.4421032618050915,0.290295238262877,0.5,0.5
20221105_Everton_Leicester,32.914101823998315,65.98171478993348,34.01828521006652,50.00000000000001,50.0,50.00000000000001,50.00000000000001,0.2476343847064654,0.4964237344605081,0.25594188083302644,0.5,0.5
20221106_Southampton_Newcastle,19.18421052631579,27.80637524418473,72.19362475581526,19.18421052631579,70.16141813370233,19.18421052631579,50.0,0.1609626849194083,0.2333058642700419,0.6057314508105498,0.27729174591099276,0.7227082540890072
20221106_Chelsea_Arsenal,39.602389602600745,39.873523513153145,56.67449919984525,50.0,69.31243362921883,50.0,50.0,0.29087234426291475,0.2928637734913765,0.4162638822457087,0.5,0.5
20221106_WestHam_CrystalPalace,31.158123882690116,50.0,31.924548278521463,46.605024942248704,22.13712112644516,31.180945461630913,52.731209030755494,0.2755340255691061,0.4421543906277665,0.2823115838031274,0.37159033337012043,0.6284096666298796
20221106_Tottenham_Liverpool,43.77225675439867,53.53122056790408,30.5662088670202,49.99999999999999,50.000000000000014,50.0,50.0,0.3423192631409901,0.4186388671404584,0.23904186971855151,0.5,0.5
20221106_AstonVilla_ManUnited,19.18421052631579,28.015816990770134,71.98418300922987,20.59614936890613,49.999999999999986,21.529856323749424,50.0,0.16096268491940827,0.23506315867724994,0.6039741564033417,0.3009911864816798,0.6990088135183202
20221112_Newcastle_Chelsea,63.34074077418451,30.28664597241633,24.84918779164989,70.26660371525713,23.750660798116815,23.750660798116815,50.0,0.5346267059209637,0.2556340448772693,0.20973924920176698,0.3220399728096169,0.6779600271903832
20221112_Wolves_Arsenal,19.18421052631579,19.18421052631579,77.00847673349892,19.18421052631579,80.8157894736842,30.679996062271865,50.0,0.1662742792918283,0.1662742792918283,0.6674514414163434,0.38026769409596756,0.6197323059040324
20221112_ManCity_Brentford,73.03598808559995,26.964011914400032,19.18421052631579,75.64951851124734,23.33171402717107,39.77352077681894,50.0,0.6127991934759988,0.22623812160459292,0.1609626849194083,0.443042897645707,0.5569571023542931
20221112_Bournemouth_Everton,28.70749697635292,50.00000000000002,37.18533134049401,50.00000000000001,50.0,50.0,50.0,0.24770727743279872,0.4314330811161305,0.3208596414510707,0.5,0.5
20221112_Liverpool_Southampton,69.34223450082933,30.657765499170672,19.18421052631579,52.00030436264556,23.969011118010826,27.54274027005123,50.0,0.5818072225726462,0.2572300925079456,0.16096268491940827,0.3551943118611822,0.6448056881388178
20221112_Nott'mForest_CrystalPalace,28.381162494479085,56.32630006837515,43.67369993162487,24.02810591867066,50.0,24.02810591867066,49.99999999999999,0.2210695240876915,0.4387427171863894,0.34018775872591905,0.3245808550750793,0.6754191449249206
20221112_Tottenham_Leeds,47.8239656642128,35.2571626440303,35.2571626440303,75.90095927339478,50.0,51.55392799741859,49.99999999999999,0.4041292575663486,0.2979353712168257,0.2979353712168257,0.5076507527973615,0.4923492472026385
20221112_WestHam_Leicester,33.8212822336618,45.621866561388785,47.2666251805578,29.214820399306912,50.00000000000001,32.30803521540269,49.99999999999999,0.2669192846967937,0.3600500981887237,0.3730306171144826,0.3925258953254267,0.6074741046745733
20221113_Brighton_AstonVilla,59.09684751815154,59.77889408315945,20.544928111724246,50.00000000000001,49.99999999999999,50.0,50.0,0.42387436267368783,0.42876636732702755,0.14735926999928464,0.5,0.5
20221113_Fulham_ManUnited,34.38031067424909,34.38031067424909,45.22278763356686,49.999999999999986,50.00000000000001,49.999999999999986,49.999999999999986,0.30162556973233473,0.30162556973233473,0.3967488605353305,0.5,0.5
20221226_Brentford_Tottenham,33.98517050392515,48.285072184083646,34.250677123588574,49.99999999999999,58.41882979358713,63.87004851915776,50.0,0.29166582755161696,0.4143897272880763,0.29394444516030666,0.5609029709723196,0.4390970290276805
20221226_CrystalPalace_Fulham,61.30187275048476,49.99999999999999,19.909765978747323,50.0,50.000000000000014,50.0,50.0,0.4671984386765195,0.3810637568758655,0.151737804447615,0.5,0.5
20221226_Everton_Wolves,50.0,64.87630415864295,23.19492035622488,50.0,50.0,50.0,50.0,0.36213193716273506,0.4698756340185635,0.16799242881870147,0.5,0.5
20221226_Leicester_Newcastle,29.362494647300935,63.4873349708523,52.51479518243906,78.15283140683218,80.8157894736842,50.0,50.0,0.2019920230770017,0.4367454259104834,0.36126255101251487,0.5,0.5
20221226_Southampton_Brighton,20.26646297613359,50.0,50.0,50.0,77.60372437890196,64.14503790721544,50.0,0.16851300416272647,0.41574349791863674,0.41574349791863674,0.5619608095391473,0.43803919046085277
20221226_AstonVilla_Liverpool,43.732624614828254,30.655969587392153,51.34639417004131,50.0,49.99999999999999,49.99999999999999,49.99999999999999,0.34781587194607855,0.2438141521644674,0.4083699758894541,0.5,0.5
20221226_Arsenal_WestHam,80.22175365316963,19.77824634683037,19.18421052631579,70.50657985377127,19.72632912175581,19.72632912175581,50.0,0.6730904479621209,0.16594686711847076,0.16096268491940827,0.28291076513306446,0.7170892348669355
20221227_Chelsea_Bournemouth,53.44960073062771,31.597119126808746,31.550198158865246,50.0,50.0,50.0,50.0,0.45841349531344205,0.2709944624984948,0.2705920421880631,0.5,0.5
20221227_ManUnited_Nott'mForest,69.02149649638831,44.64165118346592,20.526895339121292,49.99999999999999,50.0,50.0,50.0,0.5143563184239245,0.3326748406895826,0.15296884088649282,0.5,0.5
20221228_Leeds_ManCity,26.287213272067362,30.208262964880472,61.28155878358716,50.00000000000001,80.8157894736842,50.0,50.0,0.22319472779633193,0.2564868691049449,0.5203184030987231,0.5,0.5
20221230_WestHam_Brentford,36.2498554341926,54.1420470290959,42.8579867491146,50.0,50.00000000000001,50.0,50.0,0.2720441694057214,0.4063196401071099,0.3216361904871686,0.5,0.5
20221230_Liverpool_Leicester,69.8955000897799,30.10449991022011,19.693468630300615,50.00000000000001,49.99999999999999,50.0,50.0,0.5839541696771057,0.2515133052347611,0.16453252508813312,0.5,0.5
20221231_Wolves_ManUnited,21.950359614610754,31.54845772357259,68.14237237376162,24.195628482476437,77.58204544221141,36.37007543040778,50.0,0.18045170115970402,0.25935670144530476,0.5601915973949912,0.42109579329605623,0.5789042067039437
20221231_Bournemouth_CrystalPalace,29.912603175826916,58.711643890245334,36.73160387341204,50.0,50.0,50.0,50.0,0.23862151588175382,0.468359820863794,0.2930186632544521,0.5,0.5
20221231_Fulham_Southampton,65.11248719474104,40.86809438040112,20.20139896297076,77.39041936054507,50.0,50.00000000000001,50.0,0.516020488163712,0.3238821756174371,0.1600973362188509,0.5000000000000001,0.5
20221231_ManCity_Everton,73.48817414530998,19.18421052631579,19.18421052631579,61.74586168271523,22.373672602333198,22.373672602333198,50.0,0.6569856164070185,0.17150719179649074,0.17150719179649074,0.3091410425620975,0.6908589574379025
20221231_Newcastle_Leeds,74.06986053632399,25.93013946367602,19.18421052631579,80.8157894736842,50.0,50.0,50.0,0.6214737691279115,0.21756354595268024,0.16096268491940827,0.5,0.5
20221231_Brighton_Arsenal,20.9224221010998,45.35150145737468,70.33164181929536,50.0,71.0759221118317,50.00000000000001,50.0,0.1531593683115385,0.3319886809293558,0.5148519507591057,0.5000000000000001,0.5
20230101_Tottenham_AstonVilla,51.564856408447916,42.9053710662502,24.115491674005508,65.83700576135995,50.0,64.74206458488484,50.0,0.43483192393332654,0.3618089207895927,0.20335915527708076,0.5642400179838966,0.43575998201610344
20230101_Nott'mForest_Chelsea,38.1785174183605,38.74613762786104,42.82704568664797,21.001867364070073,49.999999999999986,21.001867364070073,49.999999999999986,0.3188139891518153,0.32355396533609293,0.35763204551209166,0.2957931691624481,0.7042068308375521
20230102_Brentford_Liverpool,28.269641449742124,29.095084587085623,58.19593179474028,50.0,66.94506217088609,50.0,50.0,0.24463032644678862,0.2517732689743969,0.5035964045788145,0.5,0.5
20230103_Arsenal_Newcastle,69.27954116545003,50.0,47.776216537831,80.8157894736842,80.8157894736842,50.0,50.0,0.414709089455642,0.2993012673577427,0.2859896431866153,0.5,0.5
20230103_Everton_Brighton,21.055171457562885,44.751009435311225,52.84989764348517,50.0,50.0,50.0,50.0,0.17744705300631555,0.3771488994691356,0.4454040475245489,0.5,0.5
20230103_Leicester_Fulham,31.174461995581076,53.52865711916729,30.85411337072567,50.00000000000001,50.00000000000001,50.0,50.0,0.26977508309140075,0.4632220413023134,0.26700287560628577,0.5,0.5
20230103_ManUnited_Bournemouth,71.31218006594482,19.18421052631579,19.18421052631579,50.17273329527335,24.198563372041953,46.077269675678366,49.99999999999999,0.6501804269731232,0.1749097865134384,0.1749097865134384,0.4795855443354951,0.5204144556645048
20230104_Southampton_Nott'mForest,32.49377622467131,34.02566230800908,51.9800215287826,50.0,50.0,76.04964580523108,50.0,0.27421033148857826,0.28713769911154646,0.4386519693998752,0.6033308964845581,0.39666910351544193
20230104_Leeds_WestHam,61.54879020624951,33.47006470932069,24.671499109091744,50.0,50.0,75.63814863372575,50.0,0.5142335045108775,0.279638781103649,0.20612771438547367,0.6020317033979421,0.39796829660205785
20230104_AstonVilla_Wolves,55.42381058370275,52.99578949055501,20.074119379641964,50.0,50.0,50.0,50.00000000000001,0.4313347828925398,0.41243875354988496,0.15622646355757525,0.5,0.5000000000000001
20230104_CrystalPalace_Tottenham,30.491180042038405,50.0,35.27989219648755,50.0,49.99999999999999,50.00000000000001,50.00000000000001,0.2633747744792126,0.43188681795210276,0.3047384075686846,0.5,0.5
20230105_Chelsea_ManCity,26.9942068082789,36.68462619870034,64.23268378418567,32.52512798410881,50.00000000000001,22.388991783458,50.00000000000001,0.21103812608485492,0.2867968977226155,0.5021649761925295,0.30928724425989623,0.6907127557401037
20230112_Fulham_Chelsea,52.14009840666647,33.62159735549411,46.38317662677169,50.0,21.154915651430645,21.154915651430645,49.99999999999999,0.3945677003130803,0.25442982953237975,0.35100247015453995,0.29730785930606757,0.7026921406939324
20230113_AstonVilla_Leeds,50.0,64.9297128581819,20.476760070267897,50.0,49.99999999999999,49.99999999999999,49.99999999999999,0.3692585658472954,0.47951705301777886,0.15122438113492573,0.5,0.5
20230114_ManUnited_ManCity,57.60053169808667,37.19620759743403,45.88283328672575,77.78311429071478,50.0,50.0,50.0,0.40944488699246856,0.2644037575227048,0.32615135548482677,0.5,0.5
20230114_Brighton_Liverpool,33.09769539454627,36.13419885950305,57.839942671819195,50.0,67.60307855550208,50.0,50.0,0.2604644443273051,0.28436040379728755,0.4551751518754073,0.5,0.5
20230114_Everton_Southampton,50.0,50.0,34.299166514670254,50.0,50.0,79.4579854586294,50.0,0.3723031296291643,0.3723031296291643,0.2553937407416714,0.6137743081443331,0.38622569185566685
20230114_Nott'mForest_Leicester,45.17408988051572,56.77106066558745,32.849135674219426,22.895369779848117,50.00000000000001,22.895369779848117,49.99999999999999,0.33513356646793047,0.42116815376576566,0.24369827976630395,0.3140853781110461,0.6859146218889539
20230114_Wolves_WestHam,37.1288343919172,50.0,28.96312046033268,50.0,50.0,75.50000000000001,49.99999999999999,0.31982263059633237,0.43069306623042874,0.24948430317323897,0.6015936254980081,0.39840637450199196
20230114_Brentford_Bournemouth,69.97236571538535,28.40278691434213,19.18421052631579,77.65947745544302,50.0,50.0,50.0,0.5952087850502135,0.2416037834148649,0.16318743153492155,0.5,0.5
20230115_Chelsea_CrystalPalace,36.78704841970034,50.00000000000001,29.04945721355982,50.0,24.499999999999996,24.499999999999996,50.0,0.3175773321077951,0.43164285495887317,0.2507798129333318,0.32885906040268453,0.6711409395973155
20230115_Newcastle_Fulham,51.292492944673384,39.04182366881771,33.088238883089865,75.97644844534639,77.02789180922183,49.99999999999999,50.0,0.41558443461409517,0.31632648920398704,0.26808907618191774,0.49999999999999994,0.5
20230115_Tottenham_Arsenal,29.44054499629177,47.96860387784948,60.92293477305081,50.0,70.08661460328791,50.0,50.0,0.2128251394765235,0.34676412451207356,0.4404107360114029,0.5,0.5
20230118_CrystalPalace_ManUnited,19.18421052631579,28.256194062731485,71.74380593726852,19.18421052631579,65.65125720328265,19.18421052631579,50.0,0.16096268491940827,0.23708001200790382,0.6019573030726879,0.27729174591099276,0.7227082540890072
20230119_ManCity_Tottenham,60.985561923233014,39.07417936667057,19.94704516386494,49.99999999999999,49.99999999999999,49.99999999999999,49.99999999999999,0.5081842762844676,0.32559974749197645,0.16621597622355588,0.5,0.5
20230121_Liverpool_Chelsea,50.265408794196375,50.0,19.33328622716201,49.99999999999999,50.0,50.0,50.0,0.4202839235429767,0.4180647622540598,0.1616513142029635,0.5,0.5
20230121_Bournemouth_Nott'mForest,23.531465736574024,33.19627442727721,64.8025855724857,22.34389572033593,50.0,22.34389572033593,50.0,0.19362628705222204,0.2731521883624121,0.5332215245853658,0.3088566837306087,0.6911433162693914
20230121_Leicester_Brighton,26.189281937085973,30.100655531305673,61.17655936307597,50.0,50.00000000000001,50.0,50.0,0.22295107663473143,0.25624885685057847,0.5208000665146901,0.5,0.5
20230121_Southampton_AstonVilla,19.73176368746006,33.055174522414816,66.94482547758518,50.000000000000014,50.0,50.000000000000014,50.000000000000014,0.16479974135323489,0.27607690310734817,0.5591233555394169,0.5,0.5
20230121_WestHam_Everton,50.0,50.0,21.98835972337564,50.0,50.0,75.80770586152627,50.0,0.4098751726261543,0.4098751726261543,0.1802496547476914,0.6025680648287643,0.3974319351712357
20230121_CrystalPalace_Newcastle,19.47684807745594,30.028617684511758,69.97138231548826,19.18421052631579,49.999999999999986,19.18421052631579,50.0,0.16301775943092545,0.25133419710774785,0.5856480434613267,0.27729174591099276,0.7227082540890072
20230122_Leeds_Brentford,22.50926186873575,30.716631841121124,65.94093008722982,50.000000000000014,78.41942058141403,49.99999999999999,50.0,0.188888661722358,0.25776160564138545,0.5533497326362565,0.49999999999999994,0.5
20230122_ManCity_Wolves,70.50911392151987,29.490886078480134,25.47151898734177,49.99999999999999,50.0,50.0,50.0,0.5619531387727378,0.23504048023404683,0.20300638099321547,0.5,0.5
20230122_Arsenal_ManUnited,69.31247650391121,50.0,51.06824607130367,80.8157894736842,77.07989411870642,50.0,50.0,0.4068093822839206,0.2934604293506703,0.2997301883654091,0.5,0.5
20230123_Fulham_Tottenham,60.750659765127466,28.179116632881016,38.102226754155915,50.0,50.0,50.00000000000001,50.00000000000001,0.47823114063908534,0.22182690923268253,0.29994195012823205,0.5,0.5
20230203_Chelsea_Fulham,49.15976942855867,40.85698506233133,28.15358770986648,20.74608412875408,23.04615751683372,20.74608412875408,59.495184618811265,0.4160076759788207,0.34574652405525297,0.2382457999659262,0.2585463122974804,0.7414536877025196
20230204_Brighton_Bournemouth,69.33252201071359,21.79960155312885,19.18421052631579,79.21352093743572,50.0,49.999999999999986,50.0,0.628488270413792,0.1976099163639057,0.17390181322230225,0.49999999999999994,0.5000000000000001
20230204_Everton_Arsenal,19.18421052631579,19.18421052631579,69.25651867512333,19.18421052631579,80.8157894736842,30.179438105449584,50.0,0.17825060413361107,0.17825060413361107,0.6434987917327779,0.37639872289649245,0.6236012771035077
20230204_AstonVilla_Leicester,69.44146430981208,37.949892008812824,19.18421052631579,50.0,39.10433973735819,39.10433973735819,49.999999999999986,0.5486166567587265,0.2998200439054933,0.1515632993357801,0.43886010325222324,0.5611398967477768
20230204_ManUnited_CrystalPalace,66.0040578351332,47.810787375535966,19.297215461768975,50.0,23.920857865310595,23.920857865310595,50.0,0.4958533246476879,0.35917697565503587,0.14496969969727627,0.3236009234213192,0.6763990765786808
20230204_Wolves_Liverpool,30.646722388337263,30.646722388337263,51.42457646251719,50.0,50.0,50.0,50.00000000000001,0.27188839948941096,0.27188839948941096,0.45622320102117814,0.5,0.5000000000000001
20230204_Newcastle_WestHam,70.21166843878925,46.11355094333457,21.35566116681053,49.999999999999986,20.588810549299698,21.48289919977473,50.000000000000014,0.5099594668399489,0.3349306799860636,0.1551098531739876,0.30053200751883363,0.6994679924811663
20230204_Brentford_Southampton,72.31659394290051,27.68340605709949,19.18421052631579,50.0,19.385477812023183,19.385477812023183,50.0,0.6067632081762463,0.23227410690434544,0.16096268491940827,0.2793881143910498,0.7206118856089502
20230205_Nott'mForest_Leeds,68.16925847540674,45.11658781860537,20.296315079554958,50.00000000000001,50.0,50.00000000000001,50.00000000000001,0.5103170795744881,0.33774410710749986,0.15193881331801198,0.5,0.5
20230205_Tottenham_ManCity,20.9224221010998,38.322018183088666,70.33164181929536,50.00000000000001,68.1016395152444,50.0,50.0,0.16146824137181776,0.29574916574868665,0.5427825928794956,0.5,0.5
20230208_ManUnited_Leeds,76.07948162522437,27.910067774865674,21.473562215277227,49.99999999999999,40.65472864801304,31.013815755021493,50.0,0.6063892457765715,0.22245636518588563,0.1711543890375428,0.38282131838851396,0.617178681611486
20230211_Arsenal_Brentford,49.2532230477491,42.20856703586115,38.05789185101968,50.0,78.19316716482939,50.0,50.0,0.3802759728255646,0.3258853512098979,0.29383867596453744,0.5,0.5
20230211_CrystalPalace_Brighton,22.339985684155934,33.87442760440079,66.12557239559919,50.0,56.467328082678485,50.0,50.0,0.18260575689317868,0.27688762112376003,0.5405066219830613,0.5,0.5
20230211_Southampton_Wolves,27.457695706484593,41.30172188821742,49.24966754021917,50.0,50.0,50.0,49.99999999999999,0.23267442227089452,0.34998764579012437,0.41733793193898117,0.5,0.49999999999999994
20230211_WestHam_Chelsea,32.29379387748396,50.0,37.239653639414655,21.25562315739552,50.0,21.25562315739552,49.99999999999999,0.27016533487765876,0.41829296350656525,0.3115417016157761,0.2983009931783809,0.701699006821619
20230211_Bournemouth_Newcastle,19.18421052631579,19.18421052631579,69.25651867512333,19.18421052631579,50.00000000000001,19.18421052631579,50.0,0.17825060413361107,0.17825060413361107,0.6434987917327779,0.27729174591099276,0.7227082540890072
20230211_Leicester_Tottenham,20.150132507801032,50.0,69.18794268801611,49.99999999999999,50.0,49.99999999999999,49.99999999999999,0.14461325434188235,0.35883946243503856,0.4965472832230791,0.5,0.5
20230211_Fulham_Nott'mForest,38.50479679294304,57.08097823865882,41.634143125649615,20.148427320502623,22.64104296617073,20.148427320502623,60.694987537912624,0.28060646960026064,0.4159817248487576,0.30341180555098174,0.24922781101948108,0.750772188980519
20230212_Leeds_ManUnited,20.58665491619463,37.586858344383224,62.41314165561676,50.0,50.31919233004518,50.00000000000001,50.00000000000001,0.17072083913847644,0.31169998347251077,0.5175791773890127,0.5,0.5
20230212_ManCity_AstonVilla,60.58268214180416,29.76294056718116,26.844473124107264,50.00000000000001,49.99999999999999,50.00000000000001,50.00000000000001,0.5169607696890081,0.25397146709028107,0.22906776322071082,0.5,0.5
20230213_Liverpool_Everton,60.405436450114685,29.71518754910376,26.96117401868807,50.000000000000014,50.0,75.75649589745525,50.00000000000001,0.5159250837681555,0.2537985242126117,0.23027639201923275,0.6024062244802753,0.3975937755197247
20230215_Arsenal_ManCity,41.694907098931125,50.0,33.043454072366735,50.000000000000014,50.0,50.0,50.0,0.33425889764315,0.40083900037244463,0.26490210198440534,0.5,0.5
20230218_Chelsea_Southampton,69.76935576351174,27.972153005543248,19.296275749230873,50.0,19.18421052631579,19.18421052631579,50.0,0.5961267641101925,0.23900104671900133,0.16487218917080615,0.27729174591099276,0.7227082540890072
20230218_AstonVilla_Arsenal,34.970970212790284,34.970970212790284,44.44314221004726,50.000000000000014,50.0,50.0,50.0,0.3057301652190946,0.3057301652190946,0.3885396695618108,0.5,0.5
20230218_Brighton_Fulham,59.28640994745678,50.0,19.655544340377993,77.47426616493023,50.000000000000014,50.0,50.0,0.45979146411192756,0.3877713834582181,0.15243715242985445,0.5,0.5
20230218_Brentford_CrystalPalace,67.59199833901386,32.408001660986145,20.346009796186937,64.67352394894758,19.18421052631579,19.18421052631579,50.0,0.5616471909079902,0.2692902051000362,0.16906260399197368,0.27729174591099276,0.7227082540890072
20230218_Everton_Leeds,41.4659252890855,50.0,27.030765291814273,50.0,50.00000000000001,76.47619297782315,50.00000000000001,0.3499331929508696,0.42195271239127236,0.22811409465785792,0.6046686825182411,0.39533131748175887
20230218_Wolves_Bournemouth,69.4856052823346,36.39377157807626,19.18421052631579,50.0,24.07871128671094,24.07871128671094,50.0,0.5556022079189877,0.29100214009964365,0.1533956519813685,0.32504225395495573,0.6749577460450443
20230218_Newcastle_Liverpool,45.60149505487614,50.0,30.272568740537963,50.0,24.296204895835345,46.32859375017941,50.0,0.3622787227160097,0.3972224181247227,0.2404988591592676,0.48094332063363193,0.5190566793663681
20230218_Nott'mForest_ManCity,46.90520382931238,30.33170417669418,61.628571435965085,22.317204778943744,68.81341354375868,22.317204778943744,49.999999999999986,0.3377743987764279,0.21842508518734513,0.443800516036227,0.30860159552850613,0.6913984044714938
20230219_ManUnited_Leicester,68.1797334810861,50.00000000000001,19.26842752085065,50.0,50.000000000000014,50.0,50.0,0.49603961947606845,0.36377351021302834,0.14018687031090318,0.5,0.5
20230219_Tottenham_WestHam,37.32887369814002,50.00000000000001,30.591694648083482,50.00000000000001,50.0,50.0,50.0,0.31655947916176663,0.424014238577924,0.25942628226030934,0.5,0.5
20230224_Fulham_Wolves,49.99999999999999,65.04670616399177,19.788060326725418,40.62157752508687,23.346715657275272,38.07028284505903,59.378422474913116,0.3708242414128576,0.482417909393346,0.14675784919379634,0.3906699706276807,0.6093300293723193
20230225_Bournemouth_ManCity,21.045246624360693,30.715042769659213,67.5019913237921,21.71165468962766,50.0,21.71165468962766,50.0,0.1764618829834063,0.25754197039325843,0.5659961466233353,0.3027632646826656,0.6972367353173343
20230225_CrystalPalace_Liverpool,26.886720681459206,32.055109841933316,60.45706737371932,24.27268743443845,49.99999999999999,24.27268743443845,50.0,0.22518399378047835,0.2684707347094257,0.5063452715100959,0.32680502446965165,0.6731949755303482
20230225_Everton_AstonVilla,33.569893792051545,62.05311146868886,32.50060864578474,50.0,49.99999999999999,50.0,50.0,0.26201176167683704,0.48432220709884766,0.2536660312243154,0.5,0.5
20230225_Leeds_Southampton,30.152032672630803,50.5358743371904,34.98541706964006,50.0,50.0,50.0,50.0,0.2606653946584781,0.4368844306961821,0.3024501746453399,0.5,0.5
20230225_Leicester_Arsenal,39.412197556089076,39.412197556089076,39.73359665950466,49.999999999999986,71.13241811320448,49.99999999999999,50.0,0.3324296993153231,0.3324296993153231,0.33514060136935364,0.49999999999999994,0.5
20230225_WestHam_Nott'mForest,32.63900183933636,52.57370155346403,30.590646187657185,21.154517015210416,50.0,21.154517015210416,49.99999999999999,0.28184851265169586,0.45399119925228937,0.2641602880960148,0.29730392254209664,0.7026960774579032
20230226_Tottenham_Chelsea,50.0,64.31959601574769,19.739072673610554,50.0,50.0,50.0,50.0,0.3729710319282699,0.47978692198405715,0.14724204608767286,0.5,0.5
20230301_Arsenal_Everton,69.45357227621122,30.54642772378878,19.18421052631579,50.0,50.0,50.0,50.00000000000001,0.5827413880538808,0.2562959270267109,0.16096268491940827,0.5,0.5000000000000001
20230301_Liverpool_Wolves,70.64956382600751,29.350436173992506,19.18421052631579,33.66321219349525,28.302731974065683,34.08994677937374,64.03948386218477,0.5927762034418823,0.24626111163870945,0.16096268491940824,0.3473977842987342,0.6526022157012658
20230304_ManCity_Newcastle,67.88024832415567,32.1197516758443,20.561756056451884,76.4256288467522,21.719928575856464,21.719928575856464,50.0,0.5630330093431238,0.2664174173176819,0.17054957333919427,0.30284370058851645,0.6971562994114834
20230304_Arsenal_Bournemouth,71.90362595419846,26.626221356478705,19.18421052631579,63.51065560781714,22.07700692663391,29.242845658269413,50.0,0.6108329563642138,0.22619406590629923,0.16297297772948693,0.369028212141417,0.6309717878585829
20230304_AstonVilla_CrystalPalace,48.829588940162026,50.0,20.17865845946441,50.00000000000001,50.0,50.0,50.0,0.4103042436730759,0.4201389491276295,0.16955680719929456,0.5,0.5
20230304_Brighton_WestHam,41.28838410839562,60.39158859821117,27.01837557267903,49.999999999999986,50.0,50.0,50.0,0.3208151826377483,0.4692491349396073,0.20993568242264438,0.5,0.5
20230304_Chelsea_Leeds,36.15580019003057,50.0,31.626192395698133,23.898057408404355,20.66293758658983,20.66293758658983,54.73008470640325,0.3069722238203284,0.424513110215953,0.2685146659637187,0.27406962817181313,0.7259303718281869
20230304_Wolves_Tottenham,22.21423007716947,32.229275218290304,71.29368513983627,50.0,50.0,50.0,50.0,0.17667191385671085,0.25632253358544216,0.567005552557847,0.5,0.5
20230304_Southampton_Leicester,24.406467508491218,49.37060909097853,44.07811954035706,50.0,50.0,50.0,50.0,0.20708859946688038,0.41890905711449344,0.37400234341862626,0.5,0.5
20230305_Nott'mForest_Everton,49.99999999999999,49.99999999999999,19.466737230881893,50.0,50.0,50.0,50.0,0.4185265385072817,0.4185265385072817,0.16294692298543653,0.5,0.5
20230305_Liverpool_ManUnited,62.40471239766247,50.0,36.622409172292464,24.17596305076527,77.20538946101898,24.17596305076527,50.00000000000001,0.41874735108782885,0.33550939904941707,0.24574324986275406,0.3259271879519715,0.6740728120480285
20230306_Brentford_Fulham,69.05887217371385,50.0,19.6829312282962,50.0,22.447150150850476,33.27407112051212,50.0,0.4977510056836507,0.3603816497549982,0.14186734456135117,0.39957300841409243,0.6004269915859076
20230311_CrystalPalace_ManCity,19.18421052631579,19.18421052631579,80.8157894736842,19.304059756084555,77.52050550251502,19.304059756084555,49.99999999999999,0.1609626849194083,0.1609626849194083,0.6780746301611835,0.2785415432230831,0.721458456776917
20230311_Leicester_Chelsea,32.16501192998254,50.0,44.30091811237083,22.704071734333507,50.0,22.704071734333507,49.99999999999999,0.25433736911759947,0.39536339932229203,0.35029923156010856,0.3122806081246179,0.6877193918753821
20230311_Leeds_Brighton,21.01454349290036,49.241392201848996,50.758607798151004,20.89072160886612,50.000000000000014,20.89072160886612,50.0,0.17365304108372093,0.406904746988017,0.4194422119282621,0.29468908109200814,0.7053109189079919
20230311_Everton_Brentford,21.291024715059432,33.02411240110035,66.97588759889965,20.194321483829377,78.60037951482258,30.940076912560972,50.0,0.17553668760798216,0.2722716909901751,0.5521916214018427,0.38225905006224953,0.6177409499377505
20230311_Tottenham_Nott'mForest,59.19740360053084,41.799007293867525,19.79946928274746,49.99999999999999,31.31940305301934,31.31940305301934,50.0,0.49006144509000227,0.3460300734807325,0.16390848142926528,0.3851405922470857,0.6148594077529143
20230311_Bournemouth_Liverpool,19.18421052631579,19.18421052631579,80.39955708065814,19.96819723992375,80.8157894736842,31.879599583676228,50.0,0.16152679221991917,0.16152679221991917,0.6769464155601618,0.3893472824216381,0.6106527175783619
20230312_Fulham_Arsenal,27.629958549295807,29.21659270818009,70.78340729181991,46.30089238523676,77.07376026870229,24.256386189305452,50.0,0.21648489792954065,0.22891641617900763,0.5545986858914518,0.32665724032768645,0.6733427596723134
20230312_ManUnited_Southampton,69.50021739935167,30.499782600648334,19.18421052631579,50.0,50.0,50.0,50.0,0.5831327580426945,0.2559045570378973,0.16096268491940827,0.5,0.5
20230312_WestHam_AstonVilla,35.62659649466983,67.39406124022284,31.02364107596861,49.99999999999999,50.0,49.99999999999999,49.99999999999999,0.26578225863182403,0.5027745442222572,0.23144319714591874,0.5,0.5
20230312_Newcastle_Wolves,31.69713072836733,49.99999999999999,32.91185946929634,21.353074882582593,20.953955967963626,20.953955967963626,64.85818303661641,0.2765675770609266,0.43626595011234337,0.2871664728267299,0.2441840538067144,0.7558159461932856
20230315_Brighton_CrystalPalace,56.288862979479184,49.52840442328477,19.63162166549632,50.000000000000014,23.147638558340578,23.147638558340578,50.0,0.4486995731692039,0.3948094302878599,0.15649099654293633,0.31645093422774884,0.6835490657722512
20230315_Southampton_Brentford,35.59702069098553,46.97758944829463,32.09865657343405,20.42035302503328,50.0,20.42035302503328,50.0,0.3104212665377812,0.4096647003698383,0.2799140330923804,0.2899779985166246,0.7100220014833755
20230317_Nott'mForest_Newcastle,21.880087128393715,47.87559958500704,48.5774423894556,27.602686917302435,50.0,21.577495422864228,50.0,0.18490246386855302,0.4045832299709837,0.4105143061604633,0.301456418604606,0.698543581395394
20230318_Southampton_Tottenham,25.38549467572909,30.453814624329667,62.50054273795903,22.87119714823497,50.000000000000014,22.87119714823497,50.00000000000001,0.214513490075801,0.25734200355892023,0.5281445063652787,0.3138578484131427,0.6861421515868572
20230318_Brentford_Leicester,69.69225891805448,30.3077410819455,19.73747217350445,50.0,23.101104409946707,37.99493659781352,50.0,0.5820421765466002,0.25311826391347536,0.16483955953992463,0.4317854875158534,0.5682145124841466
20230318_Chelsea_Everton,62.046097161480716,37.9539028385193,20.041863544102235,50.00000000000001,19.34693938079828,19.34693938079828,50.0,0.516870492756767,0.3161722229060147,0.16695728433721826,0.27898764608139753,0.7210123539186025
20230318_Wolves_Leeds,47.067215872090614,64.95535575066698,21.724783826884007,50.0,24.126663976133262,24.126663976133262,49.999999999999986,0.35191137584632326,0.4856571222084754,0.16243150194520145,0.32547888549120985,0.6745211145087902
20230318_AstonVilla_Bournemouth,50.0,52.823011984014286,19.2140484167133,49.99999999999999,49.99999999999999,49.99999999999999,49.99999999999999,0.40971160593197886,0.4328440214026931,0.15744437266532804,0.5,0.5
20230319_Arsenal_CrystalPalace,80.8157894736842,19.18421052631579,19.18421052631579,80.8157894736842,21.675092612133025,21.675092612133025,50.0,0.6780746301611834,0.16096268491940827,0.16096268491940827,0.30240759826327596,0.697592401736724
20230401_ManCity_Liverpool,69.3543779851918,50.0,19.686722902970175,80.8157894736842,50.0,50.0,50.0,0.49880486807262236,0.35960589840422524,0.14158923352315253,0.5,0.5
20230401_Arsenal_Leeds,80.22205793255186,19.777942067448137,19.18421052631579,69.27723173743003,50.00000000000001,50.0,50.0,0.67309300097968,0.16594431410091173,0.16096268491940827,0.5,0.5
20230401_Chelsea_AstonVilla,31.309508682173224,61.01505246808266,33.67748798575119,46.87864807496571,61.716601665263944,46.201337876715804,50.0,0.24848412305086903,0.48423857299513273,0.26727730395399835,0.4802567084454051,0.519743291554595
20230401_Bournemouth_Fulham,35.35654424981654,63.12497981180551,30.246449303328163,50.0,50.0,50.0,50.00000000000001,0.27466092509340584,0.49037499901317516,0.23496407589341883,0.5,0.5000000000000001
20230401_CrystalPalace_Leicester,40.391935317204016,52.95447512232123,27.866899860936087,50.0,49.99999999999999,50.0,50.00000000000001,0.33323019738575926,0.4368701340723939,0.22989966854184682,0.5,0.5000000000000001
20230401_Nott'mForest_Wolves,37.64590921667448,67.8104110120724,28.461444980510848,50.00000000000001,50.0,64.69493604755647,49.99999999999999,0.28111213742142127,0.5063585918277008,0.21252927075087805,0.564060962732755,0.4359390372672449
20230401_Brighton_Brentford,68.51273249500689,49.999999999999986,20.148891963336848,50.0,50.0,49.99999999999999,49.99999999999999,0.49410017200245093,0.3605900348803488,0.14530979311720033,0.5,0.5
20230402_WestHam_Southampton,50.0,57.183011454290686,19.224546212133856,50.0,50.000000000000014,50.000000000000014,50.00000000000001,0.39554596990113855,0.4523701945511065,0.1520838355477549,0.5,0.49999999999999994
20230402_Newcastle_ManUnited,43.4921548546513,66.65276161870409,23.912343024427393,50.0,50.0,50.0,50.0,0.3244296878631226,0.49719621203957615,0.17837410009730123,0.5,0.5
20230403_Everton_Tottenham,23.549266834092577,34.508219514192824,60.80634141459257,50.0,53.26174135675261,50.0,50.0,0.19811970788178826,0.29031724927312147,0.5115630428450902,0.5,0.5
20230404_Bournemouth_Brighton,28.864166827083288,40.65775409636803,48.17493949886018,45.26990766795651,56.044419619848824,41.66038496014843,50.0,0.24524160392651886,0.3454446783922933,0.40931371768118785,0.45450807323426895,0.545491926765731
20230404_Leeds_Nott'mForest,50.0,67.79050543358458,19.510592047873338,50.00000000000001,50.0,70.26126279849234,50.0,0.3641631488543079,0.4937360784223846,0.14210077272330748,0.584238525053748,0.415761474946252
20230404_Leicester_AstonVilla,29.282390263713246,29.282390263713246,56.25077368063393,31.151458763002726,67.76392100472911,38.368470292327764,50.0,0.2550385308479182,0.2550385308479182,0.4899229383041635,0.4341873313570185,0.5658126686429814
20230404_Chelsea_Liverpool,32.526197491909436,49.99999999999999,43.80326651242669,50.0,49.99999999999999,50.0,50.0,0.2574711904959322,0.3957904863609949,0.34673832314307285,0.5,0.5
20230405_ManUnited_Brentford,31.464873997833354,50.0,35.01309893208519,47.472138342964044,66.42701152764396,47.439397063059,50.0,0.2701358308902308,0.4292657121538642,0.3005984569559051,0.48686053580933036,0.5131394641906696
20230405_WestHam_Newcastle,40.28940825754851,50.00000000000001,37.208479543744836,24.169441929607608,48.125503995443225,45.90291439134205,51.87969694206222,0.3160005938321106,0.39216335942698494,0.2918360467409044,0.46943841819512544,0.5305615818048744
20230408_ManUnited_Everton,62.23114461136683,35.16105707382352,21.944293612303742,50.00000000000001,50.000000000000014,50.000000000000014,50.0,0.5214762211361306,0.2946379226754605,0.183885856188409,0.5000000000000001,0.49999999999999994
20230408_Brentford_Newcastle,26.107998486602284,31.145270253438568,62.56243075099784,50.00000000000001,67.1972291586768,50.0,50.0,0.2179013150822941,0.25994314923452916,0.5221555356831769,0.5,0.5
20230408_Fulham_WestHam,31.423565282829074,63.473923125471224,32.1706379165665,49.99999999999999,49.99999999999999,49.99999999999999,50.000000000000014,0.24729699092666632,0.4995267102876105,0.25317629878572323,0.49999999999999994,0.5000000000000001
20230408_AstonVilla_Nott'mForest,69.33940509893111,30.660594901068894,19.18421052631579,77.8847947137197,25.198537505260113,32.13259144776544,50.00000000000001,0.5817834828349265,0.2572538322456652,0.16096268491940827,0.3912282673827609,0.608771732617239
20230408_Tottenham_Brighton,42.338490102050464,50.0,43.55263187169978,50.00000000000001,66.03594632379522,50.0,50.0,0.3115618554553467,0.3679416232184644,0.3204965213261889,0.5,0.5
20230408_Wolves_Chelsea,20.908537000751107,50.0,48.223138332740255,34.80323728752818,50.0,23.350265431408282,50.0,0.17550778952970128,0.41970365866200116,0.4047885518082976,0.3183392083733319,0.6816607916266683
20230408_Leicester_Bournemouth,33.99542330851793,50.0,31.22762637300783,50.0,50.0,76.66793838857872,50.00000000000001,0.2950401278431755,0.4339409531183128,0.2710189190385116,0.6052671209772499,0.39473287902275006
20230408_Southampton_ManCity,19.18421052631579,19.18421052631579,80.8157894736842,19.18421052631579,69.42052577774618,19.18421052631579,50.0,0.1609626849194083,0.1609626849194083,0.6780746301611835,0.27729174591099276,0.7227082540890072
20230409_Leeds_CrystalPalace,42.66461721447108,63.74342383521567,25.78138469981986,50.0,50.0,50.0,50.0,0.3227536315599005,0.4822127297534886,0.19503363868661097,0.5,0.5
20230409_Liverpool_Arsenal,29.719925485434914,30.743481324876676,55.148269198529654,50.0,79.58060308574167,50.0,49.999999999999986,0.2570668163582554,0.26592021140257155,0.47701297223917305,0.5000000000000001,0.49999999999999994
20230415_Wolves_Brentford,32.233641543084175,57.70883941952413,31.13285619875106,49.99999999999999,50.0,49.99999999999999,49.99999999999999,0.26622797258970915,0.47663579365147246,0.25713623375881844,0.5,0.5
20230415_ManCity_Leicester,78.53232836749099,19.18421052631579,19.18421052631579,71.67993754666611,20.19155185321939,23.235276792297803,50.0,0.6717863551520818,0.16410682242395905,0.16410682242395905,0.3172689147908221,0.6827310852091778
20230415_AstonVilla_Newcastle,31.400078574727925,57.36281155723963,53.67790329897772,73.4123871475703,79.5565323757236,50.0,50.0,0.22044301929524535,0.40271336725633233,0.3768436134484224,0.5,0.5
20230415_Chelsea_Brighton,30.618450824046363,57.75745942738322,39.9058944153775,24.5,50.00000000000001,24.5,50.00000000000001,0.2386811668542802,0.45023890626889473,0.31107992687682506,0.3288590604026846,0.6711409395973156
20230415_Everton_Fulham,56.19833350366958,50.24329997640215,24.192823075170406,50.0,50.0,50.0,50.00000000000001,0.43019533272911553,0.3846098594604363,0.18519480781044814,0.5,0.5000000000000001
20230415_Southampton_CrystalPalace,19.87539787438285,44.548915056576746,55.45108494342324,50.0,50.0,50.0,50.0,0.16580047471634035,0.37162683792098405,0.46257268736267565,0.5,0.5
20230415_Tottenham_Bournemouth,68.29364700809475,32.3979443794025,19.998168467410828,50.00000000000001,50.0,50.0,50.0,0.5658611558279396,0.26843987773569983,0.16569896643636053,0.5,0.5
20230416_WestHam_Arsenal,19.18421052631579,29.06890867369737,70.93109132630262,47.12067332962664,70.05618439696418,24.364235766558384,50.0,0.1609626849194083,0.24389899085901967,0.5951383242215721,0.32763378141936056,0.6723662185806395
20230416_Nott'mForest_ManUnited,19.558546736376204,22.356861368299732,69.01777003334037,50.0,50.0,50.0,50.0,0.17630926170746367,0.20153448899196494,0.6221562493005715,0.5,0.5
20230417_Leeds_Liverpool,29.945105752842437,29.945105752842437,54.67368256915653,50.0,50.0,50.00000000000001,50.00000000000001,0.2613834489012754,0.2613834489012754,0.47723310219744913,0.5,0.5
20230421_Arsenal_Southampton,69.25651867512333,19.18421052631579,19.18421052631579,72.28416063010567,50.0,49.99999999999999,50.0,0.6434987917327778,0.17825060413361105,0.17825060413361105,0.49999999999999994,0.5
20230422_Fulham_Leeds,40.199013862893885,50.0,28.049835922513154,50.0,49.99999999999999,50.0,50.0,0.33995268398673933,0.4228370938976393,0.23721022211562143,0.5,0.5
20230422_Brentford_AstonVilla,29.449144446578167,44.525149017994195,55.84820463304497,22.33860027981337,69.8691486879201,22.33860027981337,50.0,0.22684160972187192,0.3429694365033281,0.43018895377480015,0.3088060896036874,0.6911939103963127
20230422_CrystalPalace_Everton,60.78352942853305,40.1157420546731,19.478257839739832,74.22147372102177,23.174944878632427,29.26202166999528,50.0,0.5049408288274836,0.33324942188380974,0.16180974928870676,0.36918086434669445,0.6308191356533056
20230422_Leicester_Wolves,30.73259257872818,30.73259257872818,50.37692453683895,22.97231605292089,50.0,22.97231605292089,50.0,0.27478552275821155,0.27478552275821155,0.4504289544835768,0.3148086465593464,0.6851913534406536
20230422_Liverpool_Nott'mForest,69.28245586497478,24.355210609922466,19.18421052631579,80.21178385310841,22.634395642197074,39.45513817014043,50.0,0.6140870698705878,0.21587312015435273,0.1700398099750594,0.44106061403759933,0.5589393859624007
20230423_Bournemouth_WestHam,35.207845973707684,63.82519074410516,31.377134994126525,49.99999999999999,50.0,50.0,50.0,0.2699777594916265,0.48941880764552204,0.24060343286285138,0.5,0.5
20230423_Newcastle_Tottenham,63.268517458687455,54.924959200131255,19.930309681800175,54.0411998700154,49.99999999999999,49.99999999999999,49.99999999999999,0.4580566398800038,0.397650257463143,0.14429310265685316,0.5,0.5
20230425_AstonVilla_Fulham,60.09674492422658,39.90325507577345,19.578620154176892,66.69965632148306,50.0,50.0,50.0,0.5025709850702553,0.33369890892138393,0.16373010600836077,0.5,0.5
20230425_Leeds_Leicester,34.60427580083342,61.72120850076854,34.6062425030065,50.0,50.0,77.16279830865572,50.0,0.26429251828683165,0.47139994260425594,0.2643075391089125,0.606803242260857,0.3931967577391429
20230425_Wolves_CrystalPalace,30.522513153252156,62.07027998401163,35.044564414771514,24.018620546601493,50.0,44.696303653366236,50.0,0.23913463690133754,0.48630182553494783,0.2745635375637146,0.4719962863278812,0.5280037136721187
20230426_Nott'mForest_Brighton,19.18421052631579,26.12968566240587,69.26392272964226,24.01622669712192,77.49489394592482,40.59611018176635,50.0,0.1674338952112925,0.22805186823309256,0.604514236555615,0.4480999250444292,0.5519000749555708
20230426_Chelsea_Brentford,44.085585875880696,50.00000000000001,24.41277264180202,50.0,50.00000000000001,50.0,50.00000000000001,0.37203541405429763,0.4219467731490883,0.2060178127966141,0.5,0.5000000000000001
20230426_WestHam_Liverpool,34.42847856935502,34.42847856935502,46.284188754107475,50.0,50.0,50.0,50.00000000000001,0.29901108159374906,0.29901108159374906,0.40197783681250193,0.5,0.5000000000000001
20230426_ManCity_Arsenal,69.27145230291995,42.38008981170411,19.378482099061138,70.52864463592893,50.0,50.0,50.0,0.528668545385837,0.3234380064113412,0.1478934482028218,0.5,0.5
20230427_Everton_Newcastle,19.38237899876951,19.38237899876951,75.96382549942642,50.0,61.94680973916745,50.0,50.0,0.1689411514374896,0.1689411514374896,0.6621176971250208,0.5,0.5
20230427_Southampton_Bournemouth,38.06945613204237,40.75093086606122,39.962943720878044,50.0,50.0,71.76230512325466,50.0,0.32049493730822665,0.34306944096785796,0.3364356217239154,0.5893638844190147,0.4106361155809853
20230427_Tottenham_ManUnited,34.334948322672645,37.5192927034126,48.367116729200795,50.0,50.0,49.999999999999986,49.999999999999986,0.2855977420631232,0.31208508541206276,0.4023171725248139,0.5,0.5
20230429_Brentford_Nott'mForest,49.99999999999999,50.69057202878249,19.52158105000762,50.0,50.0,50.0,50.0,0.41593132407526817,0.4216759348412852,0.1623927410834467,0.5,0.5
20230429_Brighton_Wolves,31.293668627883754,54.564568046778064,31.135565383963556,50.00000000000001,50.0,49.99999999999999,49.99999999999999,0.26748142275265624,0.4663885358596677,0.2661300413876761,0.5,0.5
20230429_CrystalPalace_WestHam,49.8149094409545,67.74865949563228,19.338503166641765,49.99999999999999,49.99999999999999,49.99999999999999,49.99999999999999,0.36387257457573363,0.49486949652995477,0.1412579288943115,0.5,0.5
20230430_ManUnited_AstonVilla,49.436681860650665,50.0,42.40177614235692,50.0,64.50296551524866,50.0,50.0,0.3485421553271708,0.35251370258791015,0.29894414208491904,0.5,0.5
20230430_Fulham_ManCity,19.18421052631579,19.18421052631579,80.8157894736842,24.077462164316454,69.53900816768429,24.077462164316454,50.0,0.1609626849194083,0.1609626849194083,0.6780746301611835,0.32503087256024693,0.674969127439753
20230430_Liverpool_Tottenham,69.14908765845101,31.716199428105245,29.013157756352133,80.8157894736842,50.00000000000001,50.0,50.0,0.5324138870163465,0.2441991006780754,0.2233870123055782,0.5,0.5
20230430_Newcastle_Southampton,69.25651867512333,19.18421052631579,19.18421052631579,79.08424705744429,50.0,50.0,50.0,0.6434987917327778,0.17825060413361105,0.17825060413361105,0.5,0.5
20230430_Bournemouth_Leeds,58.61876153546075,43.21534795717703,19.187671960792834,50.0,50.0,61.557006581438166,50.0,0.4843653830861625,0.357087355996378,0.15854726091745958,0.5517986585315974,0.4482013414684025
20230501_Leicester_Everton,50.0,50.0,20.088962784775703,50.0,50.0,50.0,50.0,0.4163579969427362,0.4163579969427362,0.16728400611452765,0.5,0.5
20230502_Arsenal_Chelsea,66.05154150814539,33.948458491854616,21.995554280750092,50.0,50.0,50.0,50.0,0.541425807666237,0.27827619368594814,0.18029799864781473,0.5,0.5
20230503_Liverpool_Fulham,69.25651867512333,19.18421052631579,19.18421052631579,69.5200194394104,49.99999999999999,50.0,50.0,0.6434987917327778,0.17825060413361105,0.17825060413361105,0.5,0.5
20230503_ManCity_WestHam,71.90362595419846,19.18421052631579,19.18421052631579,80.8157894736842,50.0,50.00000000000001,50.0,0.6520566898494673,0.17397165507526632,0.17397165507526632,0.5000000000000001,0.5
20230504_Brighton_ManUnited,47.841025833632045,51.088311006396815,58.26554858771902,49.99999999999999,50.0,50.0,50.0,0.30434212731190546,0.3249998297805862,0.3706580429075082,0.5,0.5
20230506_Tottenham_CrystalPalace,35.045210816889615,41.32528960677686,45.09378464399175,50.00000000000001,76.48116471911204,50.0,50.0,0.28852276039305447,0.3402258497941003,0.37125138981284533,0.5,0.5
20230506_ManCity_Leeds,69.25651867512333,19.18421052631579,19.18421052631579,80.8157894736842,50.0,50.0,50.0,0.6434987917327778,0.17825060413361105,0.17825060413361105,0.5,0.5
20230506_Liverpool_Brentford,69.25651867512333,32.56830664496621,21.665511102302663,71.78531274611322,50.0,50.0,50.0,0.560825410971714,0.2637316213437789,0.17544296768450707,0.5,0.5
20230506_Wolves_AstonVilla,35.30124446879964,49.99999999999999,34.93120379322736,23.41884168433169,50.0,40.3477967423565,50.0,0.2936082977522535,0.4158611150546744,0.29053058719307207,0.44658307338048014,0.5534169266195198
20230506_Bournemouth_Chelsea,51.143010264622085,34.775959301198384,30.6789433475961,53.07671044313034,50.0,50.0,50.00000000000001,0.4386271502355272,0.29825541840549374,0.263117431358979,0.5,0.5000000000000001
20230507_Newcastle_Arsenal,53.943832599710795,47.399552663548256,33.96778178423283,80.24076082112609,50.0,50.0,50.0,0.3986650457369674,0.3503003757769071,0.25103457848612537,0.5,0.5
20230507_WestHam_ManUnited,21.28357876264359,35.338438799519466,65.76577600346491,50.0,50.0,50.00000000000001,50.0,0.1739027899970327,0.2887415302619207,0.5373556797410467,0.5000000000000001,0.5
20230508_Fulham_Leicester,34.494578808423526,50.0,30.941763331468948,50.0,49.99999999999999,50.0,50.0,0.29881905619134214,0.43313915767884514,0.2680417861298127,0.5,0.5
20230508_Brighton_Everton,71.97992401409996,26.3803058599747,20.884863533933338,80.30266332910048,31.560264095754633,38.01115958264862,50.0,0.6036300694386986,0.22122760028131364,0.17514233027998782,0.4318902257724884,0.5681097742275116
20230508_Nott'mForest_Southampton,50.0,62.047285384262004,29.292948285221893,50.0,50.0,76.59604777214625,49.99999999999999,0.35375631341407116,0.43899237869774616,0.2072513078881827,0.6050429623996443,0.3949570376003557
20230513_Chelsea_Nott'mForest,31.75971953983271,50.0,30.738007009339352,50.0,50.00000000000001,49.99999999999999,49.99999999999999,0.2823143232672416,0.4444534261600861,0.2732322505726723,0.5,0.5
20230513_Leeds_Newcastle,19.357347191264264,19.357347191264264,68.94283953261477,50.0,80.8157894736842,50.0,50.0,0.1798048542196955,0.1798048542196955,0.640390291560609,0.5,0.5
20230513_AstonVilla_Tottenham,39.70803506570244,50.0,27.946362256032284,50.0,50.0,50.0,50.0,0.3374972459135366,0.42497349132877094,0.23752926275769254,0.5,0.5
20230513_ManUnited_Wolves,32.467925487218125,47.46339327283291,35.25367028327773,50.0,37.43348501582257,23.718750406615044,50.00000000000001,0.281876360425791,0.4120623152985565,0.3060613242756525,0.32174650649648934,0.6782534935035107
20230513_Southampton_Fulham,21.20587300886772,45.178460828281416,52.142028561823416,50.0,75.9829750522502,61.96021673530465,50.00000000000001,0.17891271257854396,0.3811680364930616,0.43991925092839435,0.553412797349173,0.44658720265082696
20230513_CrystalPalace_Bournemouth,36.136574841728454,58.78046677313272,30.32090214213472,50.0,50.00000000000001,50.00000000000001,50.00000000000001,0.28854334203894044,0.4693503023906778,0.24210635557038176,0.5,0.5
20230514_Brentford_WestHam,49.99999999999999,65.83897616580516,21.136515417864814,50.0,49.99999999999999,50.0,50.0,0.36502880494835127,0.4806624557765369,0.1543087392751119,0.5,0.5
20230514_Everton_ManCity,19.18421052631579,19.18421052631579,80.8157894736842,50.0,75.28195292578519,49.99999999999999,50.0,0.1609626849194083,0.1609626849194083,0.6780746301611835,0.49999999999999994,0.5
20230514_Arsenal_Brighton,69.41733972873674,39.25087852425722,20.938853840368203,70.24854035326716,51.8571322042496,52.2531234651411,24.495455792717003,0.535598394497579,0.30284519116351105,0.16155641433891008,0.6808350587127127,0.3191649412872874
20230515_Leicester_Liverpool,19.18421052631579,19.18421052631579,80.8157894736842,49.999999999999986,80.78063874851543,50.0,50.0,0.1609626849194083,0.1609626849194083,0.6780746301611835,0.5,0.5
20230518_Newcastle_Brighton,63.95936075895057,53.53425664709558,23.90512654854907,50.0,50.0,50.0,50.0,0.45233330205174,0.3786048952760574,0.16906180267220253,0.5,0.5
20230520_Fulham_CrystalPalace,41.06068265352074,64.68998950993952,26.537221852808013,50.0,50.0,50.0,50.0,0.31038881493170684,0.48900914169806187,0.20060204337023133,0.5,0.5
20230520_Tottenham_Brentford,36.943726198253884,46.31443656484136,43.907255720960514,50.0,50.0,49.99999999999999,49.99999999999999,0.2905170811267842,0.36420622144729037,0.34527669742592554,0.5,0.5
20230520_Bournemouth_ManUnited,28.85725484797089,31.20336987011572,57.661309219746876,50.0,50.0,50.000000000000014,50.000000000000014,0.24513065562794617,0.2650599495468157,0.4898093948252381,0.5,0.5
20230520_Wolves_Everton,49.61532587289137,50.00000000000001,19.50474339859809,50.0,50.0,72.98981751008739,50.00000000000001,0.41651525369593145,0.41974455107177433,0.16374019523229416,0.5934622799493211,0.406537720050679
20230520_Nott'mForest_Arsenal,30.570205171390338,30.570205171390338,51.963056625477975,74.9585430770859,79.93219865468734,64.10825543549063,21.919944715967052,0.2702853059311573,0.2702853059311573,0.4594293881376853,0.7452004728987042,0.25479952710129594
20230520_Liverpool_AstonVilla,71.96307546048044,28.26803270183337,19.31505018770027,80.8157894736842,50.000000000000014,50.0,49.99999999999999,0.6019689503512345,0.23646123883854644,0.16156981081021912,0.5,0.49999999999999994
20230521_WestHam_Leeds,49.99999999999999,58.80372973045638,19.401808150531558,50.0,50.0,63.62373655513288,50.00000000000001,0.3899987537700169,0.45866762623813767,0.1513336199918453,0.5599511025080676,0.4400488974919324
20230521_Brighton_Southampton,69.18684943430745,19.22241039095475,19.22241039095475,79.97094982826447,50.0,67.42982191574724,50.0,0.6428112589474897,0.17859437052625515,0.17859437052625515,0.5742137799044466,0.42578622009555345
20230521_ManCity_Chelsea,80.8157894736842,19.18421052631579,19.18421052631579,73.08264006116494,50.0,49.99999999999999,50.0,0.6780746301611834,0.16096268491940827,0.16096268491940827,0.49999999999999994,0.5
20230522_Newcastle_Leicester,71.8313185611262,31.291992831478918,21.498287708730093,80.8157894736842,50.0,50.0,50.0,0.576395416838754,0.25109606245731164,0.17250852070393435,0.5,0.5
20230524_Brighton_ManCity,36.72971561287082,26.127954801260184,71.90362595419846,50.0,74.90629609173835,50.0,50.0,0.27255389049153395,0.19388322541694228,0.5335628840915239,0.5,0.5
20230525_ManUnited_Chelsea,67.59842080519539,44.77813100727232,19.234391205983666,50.0,21.860336774358167,29.388387991274993,50.0,0.5136231019613494,0.3402310627087794,0.1461458353298713,0.37018496955127567,0.6298150304487243
20230528_CrystalPalace_Nott'mForest,35.1561823003022,50.0,35.84330470570249,60.81980189197787,50.00000000000001,50.0,50.0,0.29054819297339296,0.41322489241230187,0.2962269146143053,0.5,0.5
20230528_Arsenal_Wolves,56.71373940933366,29.934100491888444,29.33246979530139,50.00000000000001,50.0,50.0,50.0,0.4889945505209636,0.2580964007616003,0.2529090487174361,0.5,0.5
20230528_AstonVilla_Brighton,47.011789124343686,49.99999999999999,27.806878979879958,49.99999999999999,50.0,50.0,50.0,0.37664068875569817,0.40058110504952654,0.2227782061947753,0.5,0.5
20230528_Chelsea_Newcastle,19.773088318013095,43.40480747448498,69.14936593214189,44.355898325931555,80.2010303113734,48.349422282911426,50.0,0.1494256592353505,0.3280110757887979,0.5225632649758515,0.491608604917167,0.5083913950828329
20230528_Brentford_ManCity,36.08113873893053,30.24230278508974,53.48576426527469,50.0,77.72998686202222,50.0,50.0,0.30115497804388586,0.2524205263348128,0.44642449562130126,0.5,0.5
20230528_Leicester_WestHam,31.436836769819227,49.99999999999999,34.18342746673411,50.0,50.0,63.457119596002435,50.00000000000001,0.27189729220390824,0.43245014470562415,0.2956525630904675,0.5593048706150856,0.44069512938491445
20230528_Leeds_Tottenham,37.971162959860365,40.50499522141597,40.900807236570145,50.0,50.0,70.57349048886788,50.0,0.31807780359429205,0.33930327412528277,0.3426189222804252,0.5853151484851778,0.4146848515148222
20230528_ManUnited_Fulham,69.44567459285875,40.12922698561113,29.225489310362033,50.0,50.0,50.0,50.0,0.5003276586481605,0.28911465399079067,0.21055768736104877,0.5,0.5
20230528_Southampton_Liverpool,19.18421052631579,19.18421052631579,69.25651867512333,23.876489726512435,80.8157894736842,45.16116780993312,50.0,0.17825060413361107,0.17825060413361107,0.6434987917327779,0.47457559474400546,0.5254244052559945
20230528_Everton_Bournemouth,50.00000000000001,50.00000000000001,20.50164225038012,49.99999999999999,49.99999999999999,55.48264974356331,50.00000000000001,0.4149321043783723,0.4149321043783723,0.1701357912432554,0.5259883959916254,0.47401160400837455
20230811_Burnley_ManCity,19.18421052631579,27.024953966818256,72.97504603318174,22.752710606247486,50.0,32.70707179298782,50.0,0.1609626849194083,0.2267494481649578,0.612287866915634,0.39545677393648015,0.6045432260635198
20230812_Everton_Fulham,39.63731278663613,50.0,28.667534702300557,49.99999999999999,49.99999999999999,49.99999999999999,49.99999999999999,0.33504386023018057,0.42263695073590085,0.24231918903391858,0.5,0.5
20230812_Arsenal_Nott'mForest,63.70898975668918,30.382222293962307,24.53322929647254,50.00000000000001,49.99999999999999,50.0,50.0,0.5370646136091056,0.25612109906639324,0.20681428732450116,0.5,0.5
20230812_Brighton_Luton,42.44794688677308,57.409573535015944,25.602123026154146,49.99999999999999,50.0,49.99999999999999,49.99999999999999,0.3383394509995237,0.45759394780072715,0.2040666011997492,0.5,0.5
20230812_Newcastle_AstonVilla,46.86992895965187,61.82613242954174,26.310730425501077,50.0,50.0,50.0,50.0,0.3471671930696924,0.4579483120701216,0.19488449486018608,0.5,0.5
20230812_Bournemouth_WestHam,24.13995567029485,50.0,43.99655275301623,50.0,49.99999999999999,50.0,50.0,0.20433950514091437,0.4232391888613989,0.3724213059976867,0.5,0.5
20230812_SheffieldUnited_CrystalPalace,31.946223873828494,49.99999999999999,35.35312621218808,24.281818116664983,50.0,24.281818116664983,50.0,0.2723478335591976,0.4262598212465336,0.3013923451942687,0.3268877732438997,0.6731122267561004
20230813_Brentford_Tottenham,63.332525902374115,36.6674740976259,19.473853851903307,50.0,50.0,50.0,50.0,0.5300952790966252,0.30690793772399727,0.16299678317937738,0.5,0.5
20230813_Chelsea_Liverpool,21.634528230542255,29.714282562339434,69.94886778609846,49.99999999999999,73.650808969638,50.0,50.0,0.17835896353494873,0.2449699195437749,0.5766711169212764,0.5,0.5
20230814_ManUnited_Wolves,75.4832096008797,24.516790399120293,19.18421052631579,77.09900792087431,19.18421052631579,25.74814454150151,50.0,0.6333322951718765,0.20570501990871518,0.16096268491940827,0.33991782501542867,0.6600821749845712
20230818_Nott'mForest_SheffieldUnited,56.50770831839832,50.0,19.352701317018962,49.999999999999986,50.0,50.0,50.0,0.44897127287353894,0.3972655114093156,0.15376321571714546,0.5,0.5
20230819_Fulham_Brentford,30.391671251516414,53.06252034209354,33.60533896953632,50.00000000000001,50.00000000000001,49.99999999999999,49.99999999999999,0.25962577421342053,0.4532951745733308,0.2870790512132487,0.5,0.5
20230819_ManCity_Newcastle,64.22574290212353,36.91222816277151,25.307429612653593,50.0,50.0,50.0,49.99999999999999,0.507932614060887,0.29192226814878186,0.20014511779033117,0.5,0.49999999999999994
20230819_Liverpool_Bournemouth,69.33252201071359,19.18421052631579,19.18421052631579,50.0,50.0,50.0,50.0,0.6437503705973596,0.17812481470132013,0.17812481470132013,0.5,0.5
20230819_Tottenham_ManUnited,27.863647970018175,40.983131755264,59.28206815439131,50.0,75.5,49.99999999999999,50.0,0.21746584341556774,0.31985873933520015,0.46267541724923206,0.49999999999999994,0.5
20230819_Wolves_Brighton,20.393193453958716,49.99999999999999,49.99999999999999,50.0,79.44584399469949,52.076077587954906,50.0,0.1693882591606607,0.41530587041966965,0.41530587041966965,0.5101692660857097,0.48983073391429044
20230820_AstonVilla_Everton,51.66061063844475,48.339389361555256,19.65710605660253,50.0,50.00000000000001,50.00000000000001,50.00000000000001,0.43173876037088216,0.4039826045825379,0.16427863504658005,0.5,0.5
20230820_WestHam_Chelsea,38.402001196435094,66.68089517591685,29.733139421213306,50.0,50.00000000000001,50.808614389811396,50.00000000000001,0.28484742909395067,0.49460655613714105,0.22054601476890826,0.5040106413261698,0.4959893586738302
20230821_CrystalPalace_Arsenal,56.29283538006942,36.881502779713834,41.04197748200908,50.0,50.0,50.0,50.0,0.41941872052506957,0.27479150059629304,0.3057897788786374,0.5,0.5
20230825_Chelsea_Luton,50.0,50.00000000000003,19.354640637563502,50.0,50.0,74.76167091275119,49.99999999999999,0.41891961412570244,0.41891961412570267,0.16216077174859483,0.5992358900437764,0.4007641099562235
20230826_ManUnited_Nott'mForest,67.44589841303122,38.10314332717188,21.330288426014228,50.00000000000001,50.0,49.99999999999999,49.99999999999999,0.5315751456496044,0.3003100920950255,0.16811476225537006,0.5,0.5
20230826_Brighton_WestHam,62.77274522278157,53.69270785471191,19.283676386510436,50.71999543597983,50.0,50.0,50.0,0.46241729483375266,0.39552892947979745,0.1420537756864497,0.5,0.5
20230826_Bournemouth_Tottenham,20.046053355314086,21.200662972643855,67.60677676535734,50.0,66.90735830822732,64.8732431030663,50.0,0.18415627083395011,0.19476327649374986,0.6210804526723,0.5647376303710768,0.43526236962892323
20230826_Arsenal_Fulham,69.32955848316267,30.67044151683734,19.18421052631579,50.0,50.0,50.0,50.0,0.5817008660543566,0.2573364490262351,0.16096268491940824,0.5,0.5
20230826_Brentford_CrystalPalace,64.77202438094174,43.994469481954994,19.46432904879165,73.5444342886201,23.01566576481917,27.667783739240626,50.0,0.5051205545608153,0.34308810068429224,0.15179134475489242,0.3562324352157591,0.6437675647842408
20230826_Everton_Wolves,42.48745088907531,50.00000000000001,25.316037756059036,50.0,50.0,78.85102965282654,50.0,0.36066377471266997,0.42443564766250375,0.21490057762482628,0.6119549829386779,0.38804501706132216
20230827_Burnley_AstonVilla,19.18421052631579,28.335045811852915,69.34521083349577,50.0,54.81402825044749,50.0,50.0,0.16415777173857074,0.24246074531988426,0.593381482941545,0.5,0.5
20230827_SheffieldUnited_ManCity,19.18421052631579,25.287477111768514,73.27012047522011,19.18421052631579,51.171171651662455,19.18421052631579,50.0,0.16293456703038384,0.21477058588597567,0.6222948470836405,0.27729174591099276,0.7227082540890072
20230827_Newcastle_Liverpool,39.89178136222325,55.22199512990018,38.19129854693283,50.0,50.00000000000001,50.0,50.0,0.29925178280373493,0.4142527590470282,0.28649545814923694,0.5,0.5
20230901_Luton_WestHam,28.945589659146616,43.20850239695091,56.981427216247546,50.0,78.17620127439362,49.99999999999999,50.0,0.22414893920936466,0.3345981232771811,0.44125293751345424,0.49999999999999994,0.5
20230902_SheffieldUnited_Everton,34.941002160012665,50.0,32.8260565574478,50.0,50.0,50.0,50.0,0.2966958888210071,0.42456694210183976,0.2787371690771532,0.5,0.5
20230902_Brentford_Bournemouth,69.25651867512333,19.18421052631579,19.18421052631579,68.78658633752268,19.18421052631579,26.341602438398947,50.0,0.6434987917327778,0.17825060413361105,0.17825060413361105,0.34504911603937494,0.6549508839606251
20230902_Burnley_Tottenham,19.18421052631579,22.223754267024656,69.25651867512333,50.0,77.05305301881185,49.99999999999999,50.0,0.17335471982555944,0.20082101836546135,0.6258242618089793,0.49999999999999994,0.5
20230902_Chelsea_Nott'mForest,49.49257249022962,61.48816437610808,19.60830742266875,50.0,54.46542820237797,56.24108173582093,50.0,0.3789948288517807,0.47085239585664396,0.15015277529157522,0.5293722618117725,0.4706277381882274
20230902_ManCity_Fulham,73.19010831288915,26.809891687110838,19.18421052631579,58.31539485890642,50.0,49.99999999999999,49.99999999999999,0.6140923196930421,0.22494499538754956,0.1609626849194083,0.5,0.5
20230902_Brighton_Newcastle,35.567977555462804,64.97324731509458,31.814312099750055,50.0,68.50172887021364,50.0,50.0,0.268730559896728,0.4908993518697343,0.24037008823353764,0.5,0.5
20230903_CrystalPalace_Wolves,50.00000000000001,64.84262029780363,20.949640703333976,50.0,21.869885685076298,21.869885685076298,50.0,0.3682094961183474,0.477513370936952,0.15427713294470047,0.30429832295694825,0.6957016770430517
20230903_Liverpool_AstonVilla,64.34079876239667,50.0,26.96761242335702,57.52758554517112,54.596156048351,50.0,50.0,0.4553217902777137,0.3538359789090945,0.1908422308131918,0.5,0.5
20230903_Arsenal_ManUnited,53.32984678287761,58.09668042783583,40.533764680796274,53.02305411514762,50.00000000000001,50.0,50.0,0.35094593540891483,0.3823148778189587,0.26673918677212655,0.5,0.5
20230916_ManUnited_Brighton,43.99458893933073,50.0,30.810017627839272,50.00000000000001,50.0,50.0,50.0,0.3525077330831758,0.4006262378872204,0.24686602902960383,0.5,0.5
20230916_AstonVilla_CrystalPalace,53.423269241046725,49.99999999999999,26.742659614330737,50.0,49.99999999999999,50.0,50.0,0.41042436919421016,0.38412509663379846,0.2054505341719915,0.5,0.5
20230916_Fulham_Luton,50.0,63.43699392638475,19.569645353192737,50.0,50.0,80.8157894736842,50.0,0.3759210838708655,0.47694607028632136,0.1471328458428132,0.6177831422249044,0.3822168577750955
20230916_Newcastle_Brentford,33.629286604014894,50.86062404470351,48.67533260249444,49.99999999999999,50.00000000000001,49.99999999999999,49.99999999999999,0.25253801805155796,0.38193617796166407,0.36552580398677803,0.5,0.5
20230916_Tottenham_SheffieldUnited,80.0506903242362,19.18421052631579,19.18421052631579,69.48753280989717,50.0,50.0,50.0,0.675994688640042,0.16200265567997896,0.16200265567997896,0.5,0.5
20230916_WestHam_ManCity,40.16059721868864,29.762940567181165,55.0104759766033,77.85805005886829,69.38123640200615,50.0,50.0,0.3214544703177689,0.23822928337007584,0.4403162463121552,0.5,0.5
20230916_Wolves_Liverpool,19.18421052631579,19.18421052631579,74.01720052188097,21.9242879255059,80.8157894736842,37.10839171813994,50.0,0.17069986585069077,0.17069986585069077,0.6586002682986184,0.42600248938372126,0.5739975106162788
20230917_Bournemouth_Chelsea,27.76877128465984,49.99999999999999,39.53411209392867,50.0,50.00000000000001,50.0,50.0,0.23672709898389865,0.42624698182931947,0.3370259191867819,0.5,0.5
20230917_Everton_Arsenal,19.18421052631579,19.18421052631579,80.0506903242362,37.95961391401569,75.92713514401396,42.52283686446164,50.0,0.16200265567997896,0.16200265567997896,0.675994688640042,0.4595928778832636,0.5404071221167364
20230918_Nott'mForest_Burnley,67.60677676535734,31.52166758079977,20.04605335531409,75.66746700950402,50.00000000000001,50.00000000000001,50.00000000000001,0.5672923156320779,0.2645001085698777,0.16820757579804443,0.5,0.5
20230923_CrystalPalace_Fulham,43.65238975085713,61.37102493151605,24.81216301732497,50.0,50.0,49.99999999999999,49.99999999999999,0.33621285108633686,0.47268265000109233,0.19110449891257084,0.5,0.5
20230923_Luton_Wolves,31.654853898224783,50.00000000000001,31.626146674799006,50.0,50.0,80.8157894736842,50.0,0.27943656692738394,0.44138028219276493,0.2791831508798512,0.6177831422249044,0.3822168577750955
20230923_ManCity_Nott'mForest,80.8157894736842,19.18421052631579,19.18421052631579,69.3687764842838,50.0,50.0,50.0,0.6780746301611834,0.16096268491940827,0.16096268491940827,0.5,0.5
20230923_Brentford_Everton,61.34483185284318,36.41588373740368,21.72853099343301,50.0,21.750938919905536,21.750938919905536,50.0,0.5133920717282504,0.3047628533828035,0.18184507488894608,0.3031450075403999,0.6968549924596001
20230923_Burnley_ManUnited,24.50491162029924,33.88507819018368,60.91284357461002,50.0,50.0,64.82014787834335,50.0,0.20540091903099061,0.28402576224495324,0.5105733187240561,0.5645363559975811,0.4354636440024189
20230924_Arsenal_Tottenham,66.22827246668525,51.02739315654674,49.10884402628725,66.24762879320367,80.8157894736842,50.0,50.0,0.3980913513718077,0.30672042531214344,0.2951882233160488,0.5,0.5
20230924_Brighton_Bournemouth,80.47001966366952,19.52998033633046,19.52998033633046,65.99872093936901,50.0,50.0,50.0,0.6732203873642831,0.1633898063178585,0.1633898063178585,0.5,0.5
20230924_Chelsea_AstonVilla,25.875857671231568,59.07004288818626,40.92995711181373,50.00000000000001,49.99999999999999,50.00000000000001,50.00000000000001,0.20556648550364076,0.4692722177311249,0.32516129676523436,0.5,0.5
20230924_Liverpool_WestHam,69.66327661612222,32.922878587634656,20.239864580172792,70.076164724548,50.0,50.0,50.0,0.567170349887352,0.2680448218183019,0.164784828294346,0.5,0.5
20230924_SheffieldUnited_Newcastle,19.18421052631579,29.773316167093167,69.25651867512333,50.0,49.99999999999999,50.0,50.0,0.16228368182908398,0.25185937994317725,0.5858569382277388,0.5,0.5
20230930_ManUnited_CrystalPalace,50.0,50.0,19.617601288386606,49.999999999999986,50.00000000000001,50.00000000000001,50.00000000000001,0.41799868465389783,0.41799868465389783,0.16400263069220425,0.5,0.5
20230930_AstonVilla_Brighton,60.58129593788854,50.0,48.35728543901272,64.98588270139328,68.42183634062573,50.0,50.0,0.3811616752399987,0.31458692764742746,0.3042513971125739,0.5,0.5
20230930_Bournemouth_Arsenal,19.18421052631579,19.18421052631579,72.51456735074053,22.23990562216172,70.71748021108735,34.35122226998259,50.0,0.173013108706334,0.173013108706334,0.6539737825873321,0.4072403617345909,0.592759638265409
20230930_Everton_Luton,42.617377633155144,50.0,24.786899282333717,50.0,50.0,50.0,49.99999999999999,0.36299680686958635,0.4258788633057338,0.21112432982467985,0.5,0.49999999999999994
20230930_WestHam_SheffieldUnited,63.679467982229816,28.57898884933968,21.665511102302673,75.64316700752924,50.0,74.08245404344002,50.0,0.5589646247152569,0.2508601953359676,0.19017517994877553,0.5970421411677149,0.402957858832285
20230930_Wolves_ManCity,19.18421052631579,19.18421052631579,80.8157894736842,20.820913087135043,80.8157894736842,34.029935584497366,50.0,0.1609626849194083,0.1609626849194083,0.6780746301611835,0.404973957766255,0.595026042233745
20230930_Tottenham_Liverpool,50.32569603440465,49.99999999999999,58.384669662561805,76.78871506725136,69.47756101205131,50.0,50.0,0.3170914250836898,0.31503928417295357,0.3678692907433566,0.5,0.5
20230930_Newcastle_Burnley,69.25651867512333,25.474854580349866,19.18421052631579,80.8157894736842,22.08744297106183,37.62871203202328,50.0,0.6079635145248227,0.22362923258285913,0.16840725289231812,0.4294107622884168,0.5705892377115831
20231001_Nott'mForest_Brentford,29.951519453125904,50.0,35.198670342643425,50.0,50.0,50.0,50.0,0.2601082942741822,0.43421552399244956,0.3056761817333682,0.5,0.5
20231002_Fulham_Chelsea,43.29751579632624,67.87661863212827,25.18813779704745,43.226948024236606,50.0,23.87432356020622,50.0,0.3175182921910046,0.4977668494690443,0.18471485833995116,0.323174851689154,0.676825148310846
20231003_Luton_Burnley,50.0,50.0,20.628322128812286,50.0,50.0,76.71825306634585,50.0,0.41449635639139354,0.41449635639139354,0.17100728721721295,0.6054238533905489,0.39457614660945106
20231007_Everton_Bournemouth,50.0,49.99999999999999,20.818106166102048,50.0,50.0,50.0,49.999999999999986,0.4138452553730602,0.41384525537306016,0.17230948925387962,0.5000000000000001,0.49999999999999994
20231007_Burnley_Chelsea,27.36804506069677,49.99999999999999,38.89570751886526,20.406342128842343,50.0,20.406342128842343,50.0,0.235396195748698,0.4300566504232161,0.334547153828086,0.2898367037943699,0.7101632962056301
20231007_Luton_Tottenham,19.18421052631579,24.26598849309672,75.73401150690326,50.0,75.38208797486263,50.00000000000001,50.0,0.1609626849194083,0.2036006983302441,0.6354366167503476,0.5000000000000001,0.5
20231007_Fulham_SheffieldUnited,50.0,49.999999999999986,20.51961904521792,50.0,50.0,75.5,50.0,0.4148702128011244,0.4148702128011243,0.17025957439775127,0.601593625498008,0.398406374501992
20231007_CrystalPalace_Nott'mForest,50.0,63.93000086717147,19.23202349004681,49.99999999999999,30.124161408448543,35.01393561378018,50.00000000000001,0.375482426325022,0.4800918368113261,0.14442573686365187,0.4118611303074958,0.5881388696925043
20231007_ManUnited_Brentford,50.00000000000001,66.26130679220405,20.825985769622175,50.0,50.0,50.0,50.0,0.3647311072063813,0.4833511958252459,0.1519176969683727,0.5,0.5
20231008_Brighton_Liverpool,45.716657460583036,49.99999999999999,39.92783816337667,49.99999999999999,80.8157894736842,50.0,50.0,0.33703289801984293,0.36861060797197726,0.2943564940081798,0.5,0.5
20231008_WestHam_Newcastle,41.713096243170426,49.99999999999999,36.07895343158297,50.0,49.99999999999999,50.0,50.0,0.32641386024666974,0.39126064670890087,0.28232549304442944,0.5,0.5
20231008_Wolves_AstonVilla,21.153682998252666,44.77708779280226,68.48260929416746,49.99999999999999,80.24076082112609,50.0,50.0,0.15737780706683033,0.33312969113946955,0.5094925017937001,0.5,0.5
20231008_Arsenal_ManCity,48.14145207438165,50.0,36.40526918687227,79.48459050873134,75.74647913206933,50.0,50.0,0.3578047210894405,0.3716181229189027,0.2705771559916568,0.5,0.5
20231021_ManCity_Brighton,53.42182390201669,31.146523124007388,31.146523124007388,76.71196941637483,50.0,50.0,50.0,0.4616677513680999,0.26916612431595005,0.26916612431595005,0.5,0.5
20231021_Liverpool_Everton,70.75445251950524,29.245547480494764,19.18421052631579,50.0,50.00000000000001,50.0,50.0,0.5936562587196288,0.2453810563609629,0.16096268491940827,0.5,0.5
20231021_Brentford_Burnley,41.61111091662663,41.5807777130249,33.75960320459915,50.0,50.0,50.0,50.0,0.3557980344158407,0.35553866873246215,0.2886632968516973,0.5,0.5
20231021_Bournemouth_Wolves,24.174234859872367,48.44045550343561,45.48307745293349,50.0,50.0,77.155312677803,50.0,0.20469679746603808,0.4101724901253706,0.3851307124085914,0.6067800947751646,0.39321990522483535
20231021_Newcastle_CrystalPalace,64.80684163268216,50.00000000000001,20.23545762004392,75.49999999999999,21.95092120247035,21.95092120247035,50.0,0.4799003126523997,0.3702543593872545,0.14984532796034594,0.30508186463242515,0.6949181353675747
20231021_Chelsea_Arsenal,21.43069605694639,34.94138781849782,71.04270143512345,50.0,80.02331159717897,50.0,50.00000000000001,0.16819630472798,0.27423338455839175,0.5575703107136283,0.5,0.5000000000000001
20231021_SheffieldUnited_ManUnited,19.18421052631579,24.73743453065133,69.25651867512333,50.0,50.0,50.0,50.0,0.16950452184157777,0.2185707358639297,0.6119247422944926,0.5,0.5
20231021_Nott'mForest_Luton,50.0,50.0,19.71948750355262,50.0,22.235927973352762,22.235927973352762,49.99999999999999,0.4176429505557003,0.4176429505557003,0.16471409888859953,0.30782366333765954,0.6921763366623405
20231022_AstonVilla_WestHam,66.20339601303125,50.0,19.19139379954211,51.461571923376525,49.999999999999986,50.0,50.0,0.4889656101588284,0.36929042889475194,0.14174396094641975,0.5,0.5
20231023_Tottenham_Fulham,73.55821255224268,35.071101727148935,22.627792344818307,70.13399606304326,40.05996502220699,23.75422701000831,50.0,0.5604131802389976,0.26719392670720493,0.1723928930537974,0.3220727539695441,0.677927246030456
20231027_CrystalPalace_Tottenham,19.18421052631579,29.666976349617443,70.33302365038257,19.18421052631579,69.27237668374984,19.18421052631579,50.0,0.16096268491940824,0.2489170018294243,0.5901203132511674,0.27729174591099276,0.7227082540890072
20231028_Chelsea_Brentford,42.50692224609417,53.83962051804385,27.240152414689284,49.99999999999999,50.00000000000001,49.99999999999999,49.99999999999999,0.34394416150207396,0.4356425296439804,0.22041330885394553,0.5,0.5
20231028_Arsenal_SheffieldUnited,69.25651867512333,19.18421052631579,19.18421052631579,80.8157894736842,20.129038180588736,32.56312722267158,50.0,0.6434987917327778,0.17825060413361105,0.17825060413361105,0.3944027838825592,0.6055972161174408
20231028_Bournemouth_Burnley,35.13019873577845,50.0,32.9558336676304,50.0,50.0,80.8157894736842,50.0,0.2974966473237552,0.4234201029736403,0.2790832497026045,0.6177831422249044,0.3822168577750955
20231028_Wolves_Newcastle,22.00793368788601,39.5740179488863,66.57542493259608,50.0,71.49356935792761,49.99999999999999,50.0,0.1717258442472382,0.3087923536532903,0.5194818020994716,0.49999999999999994,0.5
20231029_AstonVilla_Luton,74.19625462124894,25.80374537875107,19.18421052631579,72.69517359771446,48.62715811318784,48.559624486814606,50.0,0.6225342626644865,0.2165030524161052,0.16096268491940824,0.4926928723567829,0.5073071276432171
20231029_WestHam_Everton,38.66147810165486,55.7439611140974,27.76442612141571,50.0,50.0,50.0,50.0,0.31645674647308303,0.4562824143274087,0.22726083919950826,0.5,0.5
20231029_Brighton_Fulham,44.90323521620923,50.00000000000001,23.663812631743298,52.171755404902015,50.0,63.07460646452659,50.0,0.3787159757388245,0.4217023271433626,0.19958169711781293,0.5578140701671525,0.4421859298328475
20231029_ManUnited_ManCity,32.23412330824405,32.72483446132503,51.70138961524977,49.99999999999999,50.00000000000001,50.0,50.0,0.2763074517677865,0.28051377520228055,0.44317877302993297,0.5,0.5
20231029_Liverpool_Nott'mForest,69.72679130387618,30.27320869612381,19.18421052631579,50.000000000000014,42.52503391225993,24.026492614319398,50.0,0.5850337976478902,0.25400351743270144,0.16096268491940827,0.3245661352550939,0.6754338647449062
20231104_Fulham_ManUnited,28.615765069284123,50.0,39.25942395733968,50.00000000000001,50.00000000000001,50.00000000000001,50.00000000000001,0.24276325922006234,0.4241774746058459,0.33305926617409176,0.5,0.5
20231104_Brentford_WestHam,53.68543725309718,58.26587843748077,20.732711017948542,62.04380582619111,50.00000000000001,50.0,50.0,0.40461115467222447,0.4391325759616588,0.15625626936611672,0.5,0.5
20231104_Burnley_CrystalPalace,27.401728760544117,50.0,39.856832652946515,50.0,50.0,50.0,50.0,0.23368638016900947,0.4264080967502598,0.33990552308073063,0.5,0.5
20231104_Everton_Brighton,36.44570218535569,45.12011664130018,42.28823252274541,50.0,49.99999999999999,50.0,50.0,0.2942633025587489,0.36430069222372913,0.34143600521752193,0.5,0.5
20231104_ManCity_Bournemouth,73.55821255224268,26.44178744775731,19.18421052631579,80.71123067877636,19.968385523042762,32.224878746087946,50.0,0.6171808516196119,0.22185646346097987,0.1609626849194083,0.39191153866701356,0.6080884613329866
20231104_SheffieldUnited_Wolves,19.18421052631579,28.3729000907129,69.25651867512333,50.0,50.0,50.0,50.0,0.1642292140272082,0.242890322496119,0.5928804634766728,0.5,0.5
20231104_Newcastle_Arsenal,44.833314136067315,50.0,48.81771162747687,77.47426616493023,71.25061076824713,50.0,50.000000000000014,0.3120988095822225,0.34806573593356843,0.33983545448420915,0.49999999999999994,0.5000000000000001
20231105_Nott'mForest_AstonVilla,19.18421052631579,27.412034618918728,72.58796538108126,24.200100697967635,70.53038058781571,24.200100697967635,50.0,0.1609626849194083,0.22999719927553802,0.6090401158050537,0.32614646705769884,0.6738535329423012
20231105_Luton_Liverpool,19.18421052631579,19.18421052631579,70.5112154711998,21.76728046546197,79.19824287942272,35.717602118800706,50.0,0.17619649678125796,0.17619649678125796,0.6476070064374841,0.41668923576860833,0.5833107642313917
20231106_Tottenham_Chelsea,70.0580211214159,32.113225264650005,20.29692548405619,70.48512030811258,50.0,50.0,50.00000000000001,0.5720508443264154,0.2622169072524916,0.165732248421093,0.5,0.5000000000000001
20231111_CrystalPalace_Everton,44.229701934124975,54.91195932252509,24.471439474251753,31.362963898568456,50.0,31.362963898568456,49.99999999999998,0.3578075598185207,0.44422443088831726,0.19796800929316208,0.3854697812836226,0.6145302187163774
20231111_Arsenal_Burnley,69.40282816420554,19.18421052631579,19.18421052631579,80.8157894736842,19.18421052631579,30.743481324876676,50.0,0.6439827752628734,0.17800861236856327,0.17800861236856327,0.3807549639973816,0.6192450360026183
20231111_Bournemouth_Newcastle,19.18421052631579,19.18421052631579,74.01720052188097,20.22422453836771,80.8157894736842,32.764295126063075,50.0,0.17069986585069077,0.17069986585069077,0.6586002682986184,0.3958747558492208,0.6041252441507792
20231111_ManUnited_Luton,66.46650354426767,33.53349645573234,21.82992803219587,50.0,50.0,50.0,50.000000000000014,0.5455679455601634,0.27524843031074003,0.17918362412909658,0.49999999999999994,0.5000000000000001
20231111_Wolves_Tottenham,24.89198403993785,42.21663892153281,50.79201633650113,49.99999999999999,57.98941061295423,50.0,49.99999999999999,0.2111267944614619,0.35806963535488695,0.4308035701836511,0.5,0.49999999999999994
20231112_AstonVilla_Fulham,69.72267032113005,38.35164480486227,21.335488176804237,50.0,24.40943612590978,24.40943612590978,50.0,0.5387742546674851,0.2963581106380794,0.1648676346944357,0.3280422134177453,0.6719577865822548
20231112_Brighton_SheffieldUnited,69.80568627947511,30.19431372052489,19.18421052631579,76.14200410573096,50.0,72.56634742395103,50.0,0.5856957559328889,0.25334155914770273,0.16096268491940827,0.5920576809958085,0.40794231900419153
20231112_Liverpool_Brentford,54.75077527494257,46.456210637599995,44.30310862635016,50.0,77.30911003909202,50.0,50.0,0.3762678833275617,0.31926452102732245,0.3044675956451158,0.5,0.5
20231112_WestHam_Nott'mForest,33.89691487802453,63.66329658448612,31.44015944293668,49.99999999999999,50.0,50.00000000000001,50.00000000000001,0.26276602648584446,0.4935125080465779,0.24372146546757753,0.5,0.5
20231112_Chelsea_ManCity,30.687304966298203,30.687304966298203,50.93100660441531,50.0,50.0,50.0,49.99999999999999,0.2732481768281359,0.2732481768281359,0.45350364634372814,0.5,0.49999999999999994
20231125_Newcastle_Chelsea,57.15534569371542,49.99999999999999,22.741041181975195,52.20844063161625,49.99999999999999,50.0,50.0,0.4400072016507468,0.3849221768412191,0.17507062150803407,0.5,0.5
20231125_ManCity_Liverpool,55.54332385565509,50.0,47.49649388904591,75.49999999999999,66.65185412580935,50.0,50.0,0.36293380816952964,0.32671235980827773,0.31035383202219263,0.5,0.5
20231125_Luton_CrystalPalace,34.735188370754365,49.99999999999999,33.01827367833144,50.0,49.99999999999999,50.0,50.0,0.29498231106169026,0.4246159656788467,0.28040172325946305,0.5,0.5
20231125_Brentford_Arsenal,33.205856488794794,50.0,33.995874714497454,50.0,49.99999999999999,50.0,50.0,0.2833222354983612,0.4266148587282598,0.290062905773379,0.5,0.5
20231125_Nott'mForest_Brighton,31.23934293464924,50.51296219326271,31.954663085277673,50.0,49.99999999999999,50.722243201755546,50.0,0.2747355190763549,0.44423805319086307,0.28102642773278197,0.5035853212696466,0.4964146787303534
20231125_Burnley_WestHam,21.048525038728062,42.48506290399774,56.67585260316098,50.0,76.66810600384333,75.4979738505278,50.0,0.17509876880837277,0.3534253442247757,0.47147588696685155,0.6015871932757126,0.39841280672428736
20231125_SheffieldUnited_Bournemouth,35.43434502344166,50.46945426752159,32.49737786101949,50.0,50.0,79.6452535212578,50.00000000000001,0.2992735872714951,0.4262580447383367,0.27446836799016816,0.6143321977321633,0.3856678022678366
20231126_Tottenham_AstonVilla,31.75093331246325,53.53328899381261,30.800847313383528,50.00000000000001,49.99999999999999,50.0,50.0,0.2735143581900055,0.4611556780661703,0.2653299637438241,0.5,0.5
20231126_Everton_ManUnited,35.94401221086333,43.51484938957822,49.939883152267974,50.0,49.99999999999999,49.99999999999999,49.99999999999999,0.27777713206998234,0.3362849421200977,0.3859379258099199,0.5,0.5
20231127_Fulham_Wolves,38.89008012351136,47.23241153307985,38.73783957380843,50.0,49.99999999999999,50.0,50.0,0.3114686605447898,0.37828196567830513,0.31024937377690504,0.5,0.5
20231202_Arsenal_Wolves,69.89724881734021,30.102751182659787,19.18421052631579,70.64264860773422,50.0,50.0,50.0,0.586463999792212,0.25257331528837973,0.16096268491940827,0.5,0.5
20231202_Newcastle_ManUnited,53.36185221085095,49.99999999999999,50.11203161885757,50.0,50.0,50.0,50.0,0.34769337218350566,0.32578832797037294,0.3265182998461214,0.5,0.5
20231202_Brentford_Luton,50.0,50.0,19.738591650942137,50.00000000000001,50.00000000000001,50.00000000000001,50.00000000000001,0.41757631612837315,0.41757631612837315,0.16484736774325362,0.5,0.5
20231202_Nott'mForest_Everton,30.65605608168677,65.59364366553524,32.61623246133811,49.99999999999999,50.0,50.0,50.0,0.23789108227667324,0.509006861172406,0.25310205655092083,0.5,0.5
20231202_Burnley_SheffieldUnited,34.1256977844485,48.24406213487342,35.117814756225954,50.0,50.0,80.8157894736842,49.99999999999999,0.29046218613916897,0.4106311860475763,0.29890662781325467,0.6177831422249045,0.38221685777509556
20231203_Bournemouth_AstonVilla,28.91340341740773,30.89100459248211,57.530975801977135,50.0,80.8157894736842,50.0,50.0,0.24641674555534634,0.2632710064852396,0.490312247959414,0.5,0.5
20231203_Chelsea_Brighton,30.267498689388205,50.0,48.858608666439764,61.39647041192633,77.25025091014838,61.98831897425486,23.287428854784174,0.2344026263099622,0.3872183636901318,0.378379009999906,0.7269161579037589,0.27308384209624115
20231203_Liverpool_Fulham,77.08016712387374,22.91983287612626,19.18421052631579,65.68236632247644,24.343060578912578,45.624357290570835,50.0,0.6467313646957832,0.19230595038480855,0.16096268491940827,0.4771206686590686,0.5228793313409315
20231203_WestHam_CrystalPalace,50.80725229720269,66.9881003056113,20.27179769546948,60.688005280414,50.0,60.688005280414,50.0,0.36798943258724126,0.48518492748556524,0.14682563992719355,0.548279871217018,0.45172012878298196
20231203_ManCity_Tottenham,78.98594878657465,30.96955280984253,19.967159405939398,60.008168912839,50.0,50.0,50.0,0.6079458977917793,0.2383691387700318,0.15368496343818905,0.5,0.5
20231205_Wolves_Burnley,49.22715015437672,54.72821016695208,21.706689652148405,50.0,49.99999999999999,62.22595384896781,49.99999999999999,0.39174237699263076,0.43551899860382076,0.17273862440354834,0.5544702603527047,0.4455297396472952
20231205_Luton_Arsenal,19.18421052631579,19.18421052631579,71.90362595419846,23.028254704416078,72.12570636399187,33.870419565006465,50.0,0.17397165507526635,0.17397165507526635,0.6520566898494674,0.40384225738556256,0.5961577426144373
20231206_Fulham_Nott'mForest,50.0,66.59355479372563,19.61915070410115,50.0,50.0,62.00141406660436,49.99999999999999,0.36707295268280044,0.4888938557555345,0.14403319156166502,0.5535770649264635,0.4464229350735365
20231206_Brighton_Brentford,37.65891244183577,63.19242888775191,28.551308909633605,50.0,50.0,49.99999999999999,49.99999999999999,0.2910211836636831,0.4883395260524471,0.2206392902838697,0.5,0.5
20231206_CrystalPalace_Bournemouth,36.411995408394,36.411995408394,44.555129193823745,50.0,49.99999999999999,50.00000000000001,50.0,0.31020845449430995,0.31020845449430995,0.3795830910113801,0.5000000000000001,0.5
20231206_ManUnited_Chelsea,50.00000000000001,61.730690040143855,20.301751599581014,50.0,50.0,50.0,50.00000000000001,0.3786948069659601,0.4675418349725558,0.15376335806148406,0.5,0.5000000000000001
20231206_SheffieldUnited_Liverpool,19.18421052631579,19.18421052631579,71.90362595419846,24.5,80.8157894736842,48.91566116242835,50.00000000000001,0.17397165507526635,0.17397165507526635,0.6520566898494674,0.49451887181044524,0.5054811281895547
20231206_AstonVilla_ManCity,54.38536209945068,35.500514352442224,45.513886278731576,58.46085668901028,50.0,50.0,50.0,0.4016651211394619,0.2621903734282747,0.33614450543226343,0.5,0.5
20231207_Everton_Newcastle,35.64153650555297,35.64153650555297,51.643049416106855,50.0,54.45094995818762,50.0,50.0,0.2899427379779029,0.2899427379779029,0.42011452404419425,0.5,0.5
20231207_Tottenham_WestHam,33.456512585521246,54.100212352644675,30.374350368484208,65.54892079249697,50.0,65.94624302633346,50.00000000000001,0.28369547634943537,0.45874433190718106,0.25756019174338346,0.5687656736868645,0.4312343263131356
20231209_CrystalPalace_Liverpool,19.18421052631579,19.18421052631579,71.90362595419846,21.40068130178219,69.39587642937073,21.40068130178219,50.0,0.17397165507526635,0.17397165507526635,0.6520566898494674,0.2997265699934998,0.7002734300065002
20231209_Brighton_Burnley,71.34897640870015,25.762890512300498,19.550847724750316,64.57001669170322,50.0,64.5969593478504,49.99999999999999,0.6115833719912396,0.22083225639425683,0.16758437161450354,0.5636882489331259,0.4363117510668741
20231209_ManUnited_Bournemouth,64.59980019817317,35.39327073147295,19.6829312282962,49.99999999999999,76.4256288467522,50.0,50.0,0.5397890891518722,0.2957424219833372,0.16446848886479068,0.5,0.5
20231209_SheffieldUnited_Brentford,27.351614230037548,29.741476725610518,59.715498161114574,50.0,50.0,50.0,50.0,0.2341575601319582,0.25461720709494007,0.5112252327731016,0.5,0.5
20231209_Wolves_Nott'mForest,50.00000000000002,49.99999999999999,20.58031937102994,50.0,50.0,50.0,50.0,0.4146613664718223,0.414661366471822,0.1706772670563557,0.5,0.5
20231209_AstonVilla_Arsenal,45.25710471595081,50.0,56.72107577654513,57.89518862419868,75.09835353300092,50.0,50.00000000000001,0.29778685709548564,0.32899459539501985,0.3732185475094945,0.5,0.5000000000000001
20231210_Fulham_WestHam,31.42798361393931,62.63648556119367,35.18031234848242,51.52122805078147,58.491514793075716,54.06633031096188,48.30504194836651,0.24316636419240523,0.4846345424766634,0.2721990933309313,0.5281391576348162,0.4718608423651839
20231210_Everton_Chelsea,33.45644366378854,61.746119513690125,32.45007030484508,75.5,50.000000000000014,50.00000000000001,50.00000000000001,0.2620897254612558,0.4837042357002388,0.25420603883850534,0.5,0.5
20231210_Tottenham_Newcastle,32.59559718694222,32.59559718694222,52.458808174933765,50.00000000000001,77.79180428353035,50.0,50.0,0.2770556436955185,0.2770556436955185,0.445888712608963,0.5,0.5
20231210_Luton_ManCity,25.99881806645336,30.298559925130974,61.68474585043434,50.00000000000001,80.8157894736842,50.0,50.0,0.2203623499884313,0.2568063613238696,0.5228312886876992,0.5,0.5
20231215_Nott'mForest_Tottenham,21.384820910206994,41.13880049437757,63.972984605241,50.00000000000001,79.87872705066805,60.903176543771224,50.000000000000014,0.1690545033954977,0.32521663459636324,0.505728862008139,0.5491562860666481,0.4508437139333518
20231216_Chelsea_SheffieldUnited,58.13236335506639,32.47977073190493,28.68367866409209,77.7741726522262,50.0,72.587864959933,50.0,0.48729592442923525,0.27226245400315113,0.2404416215676137,0.5921292860729555,0.40787071392704455
20231216_ManCity_CrystalPalace,74.52848101265823,22.202297954621507,19.18421052631579,62.31629781865345,50.0,49.99999999999999,50.0,0.6429580966038567,0.19153948985905928,0.16550241353708395,0.49999999999999994,0.5
20231216_Newcastle_Fulham,34.36695457863366,49.210444120163096,31.66296015315549,50.0,67.18858358162659,50.0,50.0,0.29821978099516705,0.42702439154483285,0.27475582746000016,0.5,0.5
20231216_Burnley_Everton,19.18421052631579,30.578642961767265,69.42135703823274,50.0,52.44453994961596,49.99999999999999,49.99999999999999,0.16096268491940827,0.2565662248944924,0.5824710901860993,0.5,0.5
20231217_WestHam_Wolves,49.99999999999999,66.55630736792959,21.07054204888542,50.0,50.0,49.99999999999999,49.99999999999999,0.36330120330351096,0.4835997310841431,0.153099065612346,0.5,0.5
20231217_Brentford_AstonVilla,23.76403100036529,35.46451168479391,64.5354883152061,50.0,66.36878259784845,49.99999999999999,49.99999999999999,0.19201080320578076,0.28654942310895837,0.521439773685261,0.5,0.5
20231217_Liverpool_ManUnited,71.5649080070875,36.25344734112369,21.72678914021886,70.43163333171294,30.143817889529938,22.676105035809613,50.0,0.5524321910303562,0.2798518422615335,0.16771596670811018,0.3120159648709358,0.6879840351290641
20231217_Arsenal_Brighton,66.56603479394633,50.0,20.654975262769877,60.623755921663616,49.99999999999999,50.0,50.0,0.48510089501916104,0.36437568838280665,0.1505234165980323,0.5,0.5
20231221_CrystalPalace_Brighton,21.266356080953305,50.0,56.615080327681355,50.0,50.0,50.89451542401139,50.0,0.16629744455636553,0.3909871628297097,0.44271539261392484,0.5044329239317528,0.4955670760682473
20231222_AstonVilla_SheffieldUnited,74.01720052188097,19.18421052631579,19.18421052631579,77.27754974231274,20.30573622279321,28.25683272717693,50.0,0.6586002682986184,0.17069986585069077,0.17069986585069077,0.36107815435985485,0.6389218456401452
20231223_Tottenham_Everton,32.99044007001139,49.999999999999986,31.550183728433353,50.0,61.39062749475608,50.0,50.0,0.2880239252761896,0.43652634621568126,0.2754497285081291,0.5,0.5
20231223_Liverpool_Arsenal,64.63858084981631,50.0,39.04136498967093,75.04997192816047,77.60984249600169,50.0,49.99999999999999,0.42060517718641577,0.32535149415150805,0.25404332866207624,0.5,0.49999999999999994
20231223_WestHam_ManUnited,32.58997550876658,58.402977368751266,30.498936789132166,50.0,50.000000000000014,50.000000000000014,50.000000000000014,0.26824815712544353,0.48071502985917514,0.25103681301538144,0.5,0.5
20231223_Fulham_Burnley,61.51634691952053,49.99999999999999,20.271951290385882,59.17855896601441,50.00000000000001,63.95777196385459,50.0,0.4667815561404404,0.3793963552087323,0.15382208865082725,0.5612409830559068,0.43875901694409336
20231223_Luton_Newcastle,21.47917135399825,29.2982443804052,69.13404120986824,49.99999999999999,76.53449002821579,50.00000000000001,50.00000000000001,0.1791252637684204,0.24433231925470997,0.5765424169768697,0.5,0.5
20231223_Nott'mForest_Bournemouth,30.268127243747795,30.268127243747795,53.006860833570926,50.0,79.53648944663051,50.00000000000001,50.0,0.2665782699211523,0.2665782699211523,0.46684346015769534,0.5000000000000001,0.5
20231224_Wolves_Chelsea,30.557712468792957,56.69589222443407,36.2143585415858,50.0,57.362115971601725,63.72830981999632,49.99999999999999,0.24749507214821337,0.4591951688439952,0.29330975900779144,0.5603557277942706,0.43964427220572944
20231226_Newcastle_Nott'mForest,63.273134616469314,36.33323255006015,20.304853342172233,50.0,50.0,50.0,50.0,0.5276665048361985,0.30300110695165117,0.16933238821215027,0.5,0.5
20231226_Bournemouth_Fulham,69.29137565608171,49.31080842284267,19.18421052631579,76.63907681796083,49.99999999999999,50.0,50.0,0.5028898234444875,0.35787864661179924,0.1392315299437133,0.5,0.5
20231226_SheffieldUnited_Luton,31.67805186405259,50.00000000000001,33.713660213630725,50.0,50.0,77.39389884750602,50.0,0.2745262315089534,0.43330668294737923,0.2921670855436672,0.6075165258906836,0.3924834741093164
20231226_Burnley_Liverpool,20.132926740473344,30.656517676831925,68.45663924954468,50.0,56.47185654124404,50.0,50.0,0.16883511911989305,0.2570861594287674,0.5740787214513395,0.5,0.5
20231226_ManUnited_AstonVilla,28.29365500912378,41.78671830310851,58.213281696891464,20.51691092498534,54.79962298406,20.51691092498534,50.00000000000001,0.22053822542597018,0.3257114960216606,0.45375027855236927,0.2909502225191184,0.7090497774808815
20231227_Brentford_Wolves,38.82017841139979,49.39195287898561,40.23601450401867,49.99999999999999,49.99999999999999,49.99999999999999,49.99999999999999,0.30222451380135856,0.3845283446757034,0.31324714152293803,0.5,0.5
20231227_Chelsea_CrystalPalace,50.0,62.177934721290406,20.163539436860162,50.325965502662626,50.0,61.9998612527177,49.99999999999999,0.3778105111648451,0.46982954600450194,0.15235994283065302,0.5535708755283236,0.4464291244716764
20231227_Everton_ManCity,42.114374272536445,30.732941640618694,50.3977723527662,50.00000000000001,49.99999999999999,50.0,50.0,0.34171239491238653,0.24936443369091812,0.4089231713966953,0.5,0.5
20231228_Brighton_Tottenham,36.15454227069775,56.15195245123613,43.58486009100386,50.00000000000001,60.39357878653814,50.0,50.0,0.266054763531253,0.4132121026281069,0.32073313384064,0.5,0.5
20231228_Arsenal_WestHam,62.34245021204816,34.93422074801174,27.8668998609361,50.00000000000001,60.88098296703545,49.99999999999999,49.99999999999999,0.498167423248791,0.2791531400201235,0.22267943673108553,0.5,0.5
20231230_CrystalPalace_Brentford,36.31312681125603,50.0,30.904012344698504,50.0,49.99999999999999,59.49388168719829,50.0,0.309793662195955,0.42655878107958445,0.2636475567244605,0.5433534803082439,0.456646519691756
20231230_Luton_Chelsea,33.40129398362131,60.44492087931583,31.27798531500609,57.46080712487239,64.71635074545496,61.83780548229925,44.50671266245069,0.26694511482287386,0.4830793786761884,0.24997550650093783,0.581485595695015,0.418514404304985
20231230_AstonVilla_Burnley,69.43456614509245,29.547124223111076,19.18421052631579,49.99999999999999,50.000000000000014,50.000000000000014,50.000000000000014,0.5876023930716963,0.2500478056650733,0.16234980126323043,0.5,0.5
20231230_Nott'mForest_ManUnited,29.675771820004073,45.120965103109405,53.59824005869604,50.0,50.0,50.0,50.0,0.23112875999976554,0.3514231332390983,0.4174481067611362,0.5,0.5
20231230_ManCity_SheffieldUnited,73.51283381984553,26.48716618015446,19.18421052631579,80.8157894736842,50.0,50.0,50.0,0.6168001071216892,0.22223720795890253,0.1609626849194083,0.5,0.5
20231230_Wolves_Everton,66.005794446544,50.0,19.536090359988165,51.30165647726947,50.0,50.00000000000001,50.0,0.4869771033563419,0.36888966146050195,0.1441332351831562,0.5000000000000001,0.5
20231231_Fulham_Arsenal,27.48233635664983,29.66638601181218,59.50996224382037,49.99999999999999,50.0,49.999999999999986,49.999999999999986,0.23557900080896646,0.2543007073190397,0.5101202918719939,0.5,0.5
20231231_Tottenham_Bournemouth,36.345051212642204,42.87192203428067,37.39431571154693,49.99999999999999,80.8157894736842,50.0,50.0,0.31167695286848435,0.3676481275286235,0.3206749196028922,0.5,0.5
20240101_Liverpool_Newcastle,72.49594265102328,27.50405734897672,19.18421052631579,62.436532767297244,50.0,50.0,50.0,0.6082680107615113,0.23076930431908044,0.16096268491940827,0.5,0.5
20240102_WestHam_Brighton,42.95742996980647,50.0,26.375488193644248,65.14773211586491,50.0,49.99999999999999,49.99999999999999,0.35997971583136457,0.41899587112681536,0.2210244130418201,0.5,0.5
20240112_Burnley_Luton,29.288195218911675,50.00000000000001,38.60830705546838,50.0,55.16414862862804,55.16414862862804,50.0,0.24842293582848943,0.4241007920967427,0.3274762720747679,0.5245528000557703,0.4754471999442296
20240113_Chelsea_Fulham,68.00938096227603,50.00000000000001,19.89712509311611,76.46565288549617,64.66751049143483,62.910778412984186,23.309560472041927,0.493155710398167,0.36256447523887514,0.14427981436295792,0.7296512542925055,0.27034874570749456
20240113_Newcastle_ManCity,19.18421052631579,25.525667766585965,80.8157894736842,50.00000000000001,80.8157894736842,50.0,50.0,0.15283097766098871,0.2033501850318833,0.643818837307128,0.5,0.5
20240114_Everton_AstonVilla,22.00524124608008,37.17431689794376,62.82568310205625,49.99999999999999,53.11510380905573,50.0,50.0,0.18036308130153456,0.30469442556950915,0.5149424931289563,0.5,0.5
20240114_ManUnited_Tottenham,31.9560355599477,46.81443621157137,51.39564089563229,49.99999999999999,61.33282629324318,50.0,50.0,0.2455019582682222,0.3596514887963265,0.39484655293545123,0.5,0.5
20240120_Arsenal_CrystalPalace,47.665721922503245,33.45695239981618,33.45695239981618,50.0,50.0,50.00000000000001,50.00000000000001,0.41600521214906977,0.29199739392546514,0.29199739392546514,0.5,0.5
20240120_Brentford_Nott'mForest,28.740968219127723,28.740968219127723,57.63036210471738,49.99999999999999,50.0,69.60160858509191,50.000000000000014,0.24967765028511155,0.24967765028511155,0.500644699429777,0.581945422043158,0.418054577956842
20240121_SheffieldUnited_WestHam,19.18421052631579,19.18421052631579,71.30005931190526,20.840299002387095,50.0,20.840299002387095,50.0,0.1749291178517992,0.1749291178517992,0.6501417642964017,0.29418705589716443,0.7058129441028356
20240121_Bournemouth_Liverpool,44.70896247978588,29.592335451124942,55.469136941834996,67.9858037934178,67.03076686003364,50.0,50.0,0.34452348505750124,0.22803603517352378,0.427440479768975,0.5,0.5
20240122_Brighton_Wolves,35.86476979481133,53.225248024910016,31.86327735767834,50.00000000000001,60.6356649578608,50.0,50.0,0.29651750902866447,0.44004793707228607,0.26343455389904946,0.5,0.5
20240130_CrystalPalace_SheffieldUnited,55.90168941745639,44.098310582543604,20.422107750234154,50.0,50.0,78.25067988658061,50.0,0.4642145073012783,0.36619779711884226,0.1695876955798795,0.6101385189987465,0.3898614810012536
20240130_AstonVilla_Newcastle,67.91819096653128,32.08180903346871,20.49901301633281,50.0,50.0,50.0,50.0,0.5636410561912689,0.2662412598277485,0.17011768398098256,0.5,0.5
20240130_Nott'mForest_Arsenal,30.070223167786512,30.070223167786512,54.08939392894738,49.99999999999999,79.6815285827223,50.00000000000001,50.0,0.2632431516857007,0.2632431516857007,0.4735136966285985,0.5000000000000001,0.5
20240130_Fulham_Everton,42.67911108715294,49.999999999999986,25.888063646139788,50.0,50.00000000000001,50.00000000000001,50.00000000000001,0.35995722410655523,0.4217018758562051,0.2183409000372396,0.5,0.5
20240130_Luton_Brighton,34.149003222982365,50.0,41.737008452812276,50.000000000000014,49.99999999999999,50.00000000000001,50.00000000000001,0.27126924404380454,0.39718471762191826,0.33154603833427715,0.5,0.5
20240131_Tottenham_Brentford,63.44211044049756,38.03376295778258,19.371422187756266,80.8157894736842,49.99999999999999,60.60818135514702,50.0,0.5249774943894412,0.3147258097365092,0.1602966958740497,0.5479538729648111,0.45204612703518887
20240131_Liverpool_Chelsea,69.07364228697725,33.084088806611476,19.417667218769452,69.30017182035988,76.68398782299556,50.0,50.0,0.5681547685289869,0.2721281547571822,0.15971707671383084,0.5,0.5
20240131_ManCity_Burnley,80.8157894736842,19.18421052631579,19.18421052631579,69.70122974652128,49.99999999999999,50.0,50.0,0.6780746301611834,0.16096268491940827,0.16096268491940827,0.5,0.5
20240201_WestHam_Bournemouth,64.34940332123016,49.99999999999999,19.79773048000065,50.0,50.000000000000014,49.99999999999999,49.99999999999999,0.47969271871718333,0.3727250712198314,0.1475822100629854,0.5,0.5
20240201_Wolves_ManUnited,49.230248012146596,45.42312250292736,35.3193827513216,51.67790196758556,50.0,49.999999999999986,49.999999999999986,0.37877360273535937,0.34948188263602403,0.27174451462861654,0.5,0.5
20240203_Everton_Tottenham,19.897484810534092,30.918226971900204,69.08177302809979,50.0,50.00000000000001,50.0,50.0,0.16595414692790886,0.25787218990255045,0.5761736631695408,0.5,0.5
20240203_Brighton_CrystalPalace,38.402430013918256,57.49631804053713,28.43597055931076,50.0,50.0,52.34625076017829,50.0,0.3088632880829667,0.46243172206102723,0.22870498985600612,0.5114623190529769,0.48853768094702305
20240203_Burnley_Fulham,31.615658628996215,50.0,33.45543808280764,50.0,49.99999999999999,50.0,50.0,0.2747489120415511,0.43451397812975795,0.290737109828691,0.5,0.5
20240203_Newcastle_Luton,34.6779049507038,34.6779049507038,46.2669262541675,49.99999999999999,80.56345370653736,50.0,50.0,0.2999228880385884,0.2999228880385884,0.4001542239228232,0.5,0.5
20240203_SheffieldUnited_AstonVilla,24.324180615244476,30.630057287651013,63.82310666764949,49.99999999999999,50.0,49.99999999999999,49.99999999999999,0.20478804862317584,0.25787794295619243,0.5373340084206317,0.5,0.5
20240204_Bournemouth_Nott'mForest,49.99999999999999,65.18382728940743,20.344338233523672,76.5695322292496,49.99999999999999,50.0,50.0,0.36892700352783936,0.4809614816071458,0.15011151486501492,0.5,0.5
20240204_Chelsea_Wolves,60.264047285574335,50.0,22.90170402617562,49.99999999999999,75.33390425064533,50.00000000000001,49.99999999999998,0.45254914789983924,0.3754719175724594,0.17197893452770147,0.5000000000000001,0.49999999999999983
20240204_ManUnited_WestHam,40.44561307614509,62.97494106059154,32.48301503271206,50.0,49.99999999999999,50.0,50.0,0.29760523085097396,0.4633795966173079,0.23901517253171806,0.5,0.5
20240204_Arsenal_Liverpool,45.01395125968309,40.64936438445132,59.371175804575635,50.0,73.25712581888112,50.0,50.00000000000001,0.3103672154813037,0.28027377473052023,0.4093590097881761,0.5,0.5000000000000001
20240205_Brentford_ManCity,19.18421052631579,19.18421052631579,80.8157894736842,50.0,80.8157894736842,50.0,50.0,0.1609626849194083,0.1609626849194083,0.6780746301611835,0.5,0.5
20240210_ManCity_Everton,80.8157894736842,19.18421052631579,19.18421052631579,71.1289454749755,50.00000000000001,50.0,50.0,0.6780746301611834,0.16096268491940827,0.16096268491940827,0.5,0.5
20240210_Fulham_Bournemouth,46.52076662063345,61.54133890685171,22.22570146162235,49.99999999999999,50.0,50.0,50.0,0.3570615523870376,0.47234918085617,0.17058926675679245,0.5,0.5
20240210_Liverpool_Burnley,74.31971347723277,19.18421052631579,19.18421052631579,67.16731045702026,49.99999999999999,50.0,50.0,0.6595167609020692,0.17024161954896533,0.17024161954896533,0.5,0.5
20240210_Luton_SheffieldUnited,69.25651867512333,27.141413299624176,19.18421052631579,80.8157894736842,50.0,67.31788531637356,50.0,0.599197394826681,0.23482358703788941,0.16597901813542956,0.5738075241881153,0.4261924758118847
20240210_Tottenham_Brighton,66.9743401059332,50.0,19.885524755093346,50.0,50.00000000000001,50.0,50.0,0.4893643594777903,0.3653372013100566,0.14529843921215305,0.5,0.5
20240210_Wolves_Brentford,68.4571295308492,43.906007752228525,19.695088611000795,80.8157894736842,50.00000000000001,50.0,50.0,0.5183859548874858,0.3324746145495301,0.14913943056298415,0.5,0.5
20240210_Nott'mForest_Newcastle,33.620742532550466,50.00000000000001,44.27951331463984,50.0,75.91279037822702,66.00325022665605,50.0,0.26286689037369143,0.3909296323827361,0.3462034772435724,0.5689775941423524,0.4310224058576476
20240211_WestHam_Arsenal,20.10525341728592,38.81750922326273,61.047391565433806,43.25568157537783,49.99999999999999,23.894808518650557,50.0,0.1675854594865841,0.32355971766623814,0.5088548228471779,0.32336247968786147,0.6766375203121384
20240211_AstonVilla_ManUnited,31.044979638607085,64.74723537571994,36.00421736802756,50.929274941279836,55.05615051308254,49.99999999999999,50.0,0.23555250379268616,0.4912669804891361,0.2731805157181777,0.49999999999999994,0.5
20240212_CrystalPalace_Chelsea,35.055128295897845,65.80236421715347,32.95907142736281,50.0,75.5,70.8952745274935,49.99999999999999,0.26196404438771276,0.49173556904699756,0.24630038656528974,0.5864189051605222,0.41358109483947786
20240217_Brentford_Liverpool,19.348263650327123,28.620786833704248,71.37921316629576,50.0,80.63021337567453,50.00000000000001,50.0,0.1621160045278471,0.23980899225780902,0.5980750032143438,0.5000000000000001,0.5
20240217_Burnley_Arsenal,19.18421052631579,19.18421052631579,71.47046235965027,25.233705783988427,80.8157894736842,44.84169066935926,50.0,0.1746577344045603,0.1746577344045603,0.6506845311908793,0.47280568653808674,0.5271943134619133
20240217_Fulham_AstonVilla,47.20212064195753,48.518911884205934,32.63696626190026,49.999999999999986,50.0,50.0,50.0,0.3677380536283879,0.37799679289420185,0.25426515347741024,0.5,0.5
20240217_Newcastle_Bournemouth,61.054877968175695,38.94512203182431,20.901561493373695,72.6286335317385,50.0,65.58247278401485,50.0,0.5049966039646391,0.32212257270108785,0.17288082333427313,0.5674084591230943,0.43259154087690566
20240217_Nott'mForest_WestHam,32.65789756862923,50.0,30.545298621600935,50.0,50.0,78.84414191328703,50.0,0.2884891828826978,0.4416836421824914,0.26982717493481073,0.6119342388600768,0.3880657611399231
20240217_Tottenham_Wolves,65.9900525491899,41.53431010904913,20.45891472366003,67.13052251871058,53.73395509076084,56.15808342244513,24.5,0.5156146482503112,0.3245291959910648,0.15985615575862394,0.6962486714235233,0.3037513285764767
20240217_ManCity_Chelsea,77.91803128093973,22.081968719060267,19.18421052631579,80.8157894736842,50.0,49.99999999999999,50.0,0.6537613576232523,0.1852759574573394,0.16096268491940827,0.49999999999999994,0.5
20240218_SheffieldUnited_Brighton,30.621041387994634,30.621041387994634,51.6324125499114,50.0,50.0,50.00000000000001,50.00000000000001,0.2712839716322364,0.2712839716322364,0.4574320567355273,0.5,0.5
20240218_Luton_ManUnited,22.21423007716947,34.40105509593079,65.86098525186878,50.0,80.35531978879155,49.99999999999999,50.0,0.1813757881432083,0.28087934892665956,0.5377448629301322,0.49999999999999994,0.5
20240219_Everton_CrystalPalace,43.60650724949564,67.17917030554497,24.85443442245563,50.0,50.0,50.0,50.0,0.3214868125199595,0.4952751020781413,0.1832380854018992,0.5,0.5
20240220_ManCity_Brentford,71.90362595419846,19.18421052631579,19.18421052631579,80.8157894736842,50.000000000000014,50.0,50.0,0.6520566898494673,0.17397165507526632,0.17397165507526632,0.5,0.5
20240221_Liverpool_Luton,76.25946547884186,19.18421052631579,19.18421052631579,80.8157894736842,49.99999999999999,50.0,50.00000000000001,0.6652784744304193,0.16736076278479034,0.16736076278479034,0.5,0.5000000000000001
20240224_AstonVilla_Nott'mForest,59.26827248298012,40.73172751701989,20.351693280214036,51.02269536174993,49.99999999999999,50.0,50.0,0.492458983065458,0.3384391727849186,0.16910184414962343,0.5,0.5
20240224_Brighton_Everton,56.8172589394051,49.99999999999999,19.26609764657677,50.0,50.0,50.0,50.0,0.450632505969643,0.39656304649458446,0.15280444753577258,0.5,0.5
20240224_CrystalPalace_Burnley,50.0,55.431418948506035,19.56505874605865,50.0,50.0,77.33150493351901,50.0,0.4000112716950118,0.4434638477090175,0.15652488059597067,0.6073242044370286,0.39267579556297144
20240224_ManUnited_Fulham,72.6003389590029,27.399661040997103,19.18421052631579,68.41028450776219,49.99999999999999,50.0,50.0,0.6091439347410267,0.229893380339565,0.16096268491940827,0.5,0.5
20240224_Bournemouth_ManCity,19.18421052631579,19.18421052631579,76.25946547884186,50.0,77.44794728276744,49.99999999999999,50.0,0.16736076278479034,0.16736076278479034,0.6652784744304193,0.49999999999999994,0.5
20240224_Arsenal_Newcastle,70.68457702970748,37.89902037609504,21.192715633248724,80.8157894736842,50.0,50.0,50.0,0.5446647032454809,0.29203341880032274,0.16330187795419632,0.5,0.5
20240225_Wolves_SheffieldUnited,64.11053515995228,35.88946484004774,19.497394876481472,79.33070902803719,49.99999999999999,50.0,50.0,0.5365015298134336,0.300336797108798,0.16316167307776844,0.5,0.5
20240226_WestHam_Brentford,43.63062321293585,67.80993551506505,23.792341047422894,50.0,50.0,80.8157894736842,50.0,0.3226332000969557,0.5014307585482117,0.17593604135483262,0.6177831422249044,0.3822168577750955
20240302_Everton_WestHam,39.64144415722336,66.63284602993511,28.343557379612786,50.0,50.00000000000001,50.0,50.0,0.2944739116970428,0.494977800004452,0.21054828829850525,0.5,0.5
20240302_Newcastle_Wolves,34.03706183032208,57.42977035050361,32.8650384674821,50.0,77.75783112698088,49.99999999999999,50.0,0.27375975003707015,0.46190707218547955,0.26433317777745036,0.49999999999999994,0.5
20240302_Fulham_Brighton,29.860455655580864,53.877426481728335,34.42015257672655,50.0,50.00000000000001,50.00000000000001,50.00000000000001,0.25271625182196605,0.4559776794876595,0.2913060686903745,0.5,0.5
20240302_Tottenham_CrystalPalace,61.025808595446925,47.90730849248584,19.90897358639745,79.41888536275027,56.96740311651887,56.79401334553627,23.870435366434876,0.47364807786067203,0.3718296423300016,0.15452227980932634,0.7040773755031894,0.2959226244968106
20240302_Nott'mForest_Liverpool,19.18421052631579,19.18421052631579,78.54029353601834,50.0,80.62511468156882,49.99999999999999,50.0,0.16409564157656292,0.16409564157656292,0.6718087168468742,0.49999999999999994,0.5
20240302_Luton_AstonVilla,20.65452492046192,26.83385239652124,67.45890545501831,50.00000000000001,80.8157894736842,50.0,50.0,0.17968693493547191,0.23344486054312677,0.5868682045214013,0.5,0.5
20240302_Brentford_Chelsea,35.30846350036165,42.31634078479823,39.68519276406492,50.0,76.44129455832638,64.4611292279236,49.99999999999999,0.3009842672278455,0.3607223753235774,0.338293357448577,0.5631704812169357,0.4368295187830642
20240303_Burnley_Bournemouth,25.0667695877062,50.00000000000001,41.694437424388326,50.0,50.0,77.26778303855697,50.0,0.21468405670994561,0.42822441870458594,0.35709152458546844,0.6071275950108125,0.39287240498918746
20240303_ManCity_ManUnited,69.66829582330581,32.948779645081224,26.359100753042245,65.44423114812507,75.74647913206933,50.0,50.0,0.5401640664528438,0.25546407569498725,0.204371857852169,0.5,0.5
20240304_SheffieldUnited_Arsenal,19.18421052631579,19.18421052631579,71.31218006594482,20.89290568284739,80.8157894736842,34.2778800623293,50.0,0.17490978651343841,0.17490978651343841,0.6501804269731233,0.40672451700230766,0.5932754829976923
20240309_Bournemouth_SheffieldUnited,56.82141680405124,43.17858319594874,20.28882595949552,50.0,50.0,50.0,50.0,0.472374855692619,0.35895755779084704,0.1686675865165341,0.5,0.5
20240309_ManUnited_Everton,50.0,50.0,19.2096473925184,59.18181403185019,50.0,63.95811877160717,50.0,0.4194291409600965,0.4194291409600965,0.16114171807980698,0.5612423183274102,0.4387576816725898
20240309_CrystalPalace_Luton,50.0,58.14384485557413,19.94552149821535,50.0,78.67106442979538,70.89057705449895,50.00000000000001,0.3903524658081094,0.4539318642187503,0.15571566997314035,0.5864028345446693,0.4135971654553307
20240309_Arsenal_Brentford,80.8157894736842,19.18421052631579,19.18421052631579,80.8157894736842,50.0,50.0,50.0,0.6780746301611834,0.16096268491940827,0.16096268491940827,0.5,0.5
20240309_Wolves_Fulham,32.77151702650514,68.225927258918,31.471778114838557,49.99999999999999,55.49278704041782,49.99999999999999,49.99999999999999,0.24738966857889852,0.5150322922012052,0.23757803921989645,0.5,0.5
20240310_AstonVilla_Tottenham,68.30439423242682,67.25619022549444,19.752663149163194,69.50543281869878,51.81157754697881,50.0,50.0,0.43978472721931017,0.43303576006369343,0.1271795127169963,0.5,0.5
20240310_Brighton_Nott'mForest,49.99999999999999,49.99999999999999,19.722542342585513,50.0,49.99999999999999,50.0,50.0,0.41763229398290946,0.41763229398290946,0.16473541203418107,0.5,0.5
20240310_WestHam_Burnley,65.49619665921033,25.5221042876228,20.987124248236004,75.5,50.0,79.1312503451094,50.0,0.5847591448819722,0.2278648935368389,0.18737596158118894,0.6127970582924535,0.38720294170754666
20240310_Liverpool_ManCity,57.36419974987147,50.0,53.13972708415128,80.8157894736842,77.55512686239274,50.0,49.99999999999999,0.35740059998153095,0.3115188580507756,0.33108054196769354,0.5,0.49999999999999994
20240311_Chelsea_Newcastle,32.07519004122884,53.797471876784385,34.32358732344651,77.83908680715085,71.30383989942695,65.41285022693657,22.16091319284917,0.26685682992315063,0.4475802882060968,0.2855628818707527,0.7469457480476133,0.25305425195238673
20240313_Bournemouth_Luton,52.36836573769888,51.99059556357423,20.465070663255382,50.0,50.0,50.0,50.0,0.41953752745769746,0.4165111056366814,0.16395136690562104,0.5,0.5
20240316_Burnley_Brentford,35.25918102162394,47.85615422304922,32.88792315105471,50.0,50.0,80.8157894736842,50.0,0.3039499192457378,0.41254146551465876,0.2835086152396034,0.6177831422249044,0.3822168577750955
20240316_Luton_Nott'mForest,42.407156965958286,50.0,30.680359437367773,57.046682734073705,50.0,63.695216878549616,50.0,0.34452849651300926,0.4062150367561475,0.24925646673084334,0.5602277617939679,0.43977223820603206
20240316_Fulham_Tottenham,37.035572118896596,44.297966200744405,45.29308538990762,49.99999999999999,54.444814432172606,50.0,50.0,0.2924785565146821,0.3498313775020442,0.3576900659832737,0.5,0.5
20240317_WestHam_AstonVilla,32.72563520669141,59.064636170556405,31.417994019166308,76.08502848773271,80.39158775538066,68.54310194917396,23.91497151226729,0.26561233616429,0.4793885863137509,0.254999077521959,0.7413425283813555,0.25865747161864455
20240330_Newcastle_WestHam,31.658295444769113,64.04028121926807,35.14873924658618,79.15028037107372,50.0,66.82048241767976,50.0,0.24194837490127535,0.489427549763508,0.26862407533521665,0.5719928649050593,0.42800713509494065
20240330_Bournemouth_Everton,67.92709823370865,45.92719484224778,19.626971015224537,63.81358300889982,50.0,64.50765133065657,50.0,0.5088886346424445,0.3440722198350994,0.14703914552245598,0.5633479560626203,0.4366520439373796
20240330_Chelsea_Burnley,67.73482776225597,35.01963079475368,20.092976049623577,80.14111202460833,50.0,65.6182428547162,50.0,0.5513735633075938,0.28506603257031116,0.16356040412209505,0.5675422946634028,0.4324577053365973
20240330_Nott'mForest_CrystalPalace,34.60354025260631,53.6499727753958,30.722105741987427,50.0,50.0,50.0,50.0,0.2908456422446001,0.45093249633872456,0.25822186141667525,0.5,0.5
20240330_SheffieldUnited_Fulham,21.907487339080337,33.5468979929133,63.41172150432833,25.796128047074742,79.0751991493156,36.15315197754775,50.0,0.18430390228264848,0.28222425118294836,0.5334718465344033,0.41963818093352606,0.580361819066474
20240330_Tottenham_Luton,66.5514129006873,33.44858709931273,21.467030938834295,80.6808908580804,58.23927603180949,55.04037665068567,23.839689551385806,0.5478969263206884,0.27537173536542625,0.17673133831388524,0.6977729520369019,0.30222704796309807
20240330_AstonVilla_Wolves,50.0,53.58570701744796,28.89713498521933,50.00000000000001,52.48135130153851,50.000000000000014,50.000000000000014,0.37740736267563874,0.40447280725129003,0.2181198300730712,0.5,0.5
20240330_Brentford_ManUnited,19.695088611000788,31.31588439645836,68.68411560354166,49.99999999999999,79.02707648168453,50.0,50.0,0.16454383249598659,0.26163048759863833,0.573825679905375,0.5,0.5
20240331_Liverpool_Brighton,71.52941895979762,31.827744036995,20.838655864251642,69.97426681436134,50.00000000000001,50.0,50.0,0.5759406364543389,0.25627065652351205,0.167788707022149,0.5,0.5
20240331_ManCity_Arsenal,44.56077388244256,50.0,53.43235692073995,77.7329869199665,80.8157894736842,50.0,50.0,0.301100285132182,0.3378535187994332,0.3610461960683848,0.5,0.5
20240402_Bournemouth_CrystalPalace,54.04635579753669,62.07307116756205,19.98397642787215,69.13506369024455,49.999999999999986,58.920158730743246,49.99999999999999,0.3970977539884791,0.45607288003179963,0.14682936597972118,0.5409481533753288,0.45905184662467124
20240402_Newcastle_Everton,62.40770494393292,37.592295056067094,20.652783032629785,64.00936431272221,50.0,64.53158354971688,50.0,0.5172504386165311,0.3115742058424006,0.17117535554106836,0.5634391977275373,0.43656080227246274
20240402_Burnley_Wolves,33.66694072010448,49.99999999999999,32.59290711145689,50.0,50.0,50.0,50.0,0.28958356085999304,0.430071094471417,0.28034534466858996,0.5,0.5
20240402_WestHam_Tottenham,28.952338469162783,53.28342721100577,35.77338361098506,49.99999999999999,80.55912341778081,50.0,50.0,0.24533977783138847,0.45151945871200416,0.3031407634566073,0.5,0.5
20240402_Nott'mForest_Fulham,31.920455856378517,33.582440084519,53.26485205339805,50.00000000000001,50.00000000000001,50.0,50.0,0.2687636702340408,0.2827572354586699,0.44847909430728927,0.5,0.5
20240403_Arsenal_Luton,71.47046235965027,19.18421052631579,19.18421052631579,80.8157894736842,50.0,50.0,50.0,0.6506845311908793,0.1746577344045603,0.1746577344045603,0.5,0.5
20240403_Brentford_Brighton,26.755026085490748,56.72370366752419,41.853998793924916,49.999999999999986,50.0,49.999999999999986,49.999999999999986,0.21347198290245795,0.45258492594198907,0.33394309115555304,0.5,0.5
20240403_ManCity_AstonVilla,66.15801512479734,33.960225995467496,20.365750741534395,50.00000000000001,50.0,50.00000000000001,50.00000000000001,0.5491021180696244,0.2818650467227336,0.16903283520764203,0.5,0.5
20240404_Liverpool_SheffieldUnited,76.24624570299672,19.18421052631579,19.18421052631579,80.8157894736842,49.99999999999999,50.0,50.0,0.665239867298681,0.16738006635065947,0.16738006635065947,0.5,0.5
20240404_Chelsea_ManUnited,39.272071269092024,61.74110184601519,30.742759010075492,49.99999999999999,76.61566531448824,50.0,50.0,0.29806681669390955,0.4686020648190194,0.233331118487071,0.5,0.5
20240406_CrystalPalace_ManCity,19.18421052631579,20.903975770351774,71.90362595419846,22.724017944424382,66.82060826443838,30.22918486344966,50.00000000000001,0.17130011686338653,0.18665628629641295,0.6420435968402006,0.3767853919356134,0.6232146080643867
20240406_Fulham_Newcastle,30.64137078371813,52.79618146890245,33.915366015564814,79.76575292285408,54.771105984057876,53.84410720452344,41.00601586650178,0.2611044636631339,0.44989236099138064,0.28900317534548553,0.5676756704280094,0.4323243295719906
20240406_AstonVilla_Brentford,50.0,50.0,20.263307992271567,53.20186302149496,50.0,55.84575564201003,50.0,0.4157544045205636,0.4157544045205636,0.16849119095887286,0.5276145019068194,0.4723854980931807
20240406_Luton_Bournemouth,27.875070421905907,29.219600338012764,58.68655764662322,50.00000000000001,77.23628488027745,50.0,49.99999999999999,0.24075638862656001,0.2523690648315992,0.5068745465418408,0.5,0.49999999999999994
20240406_Brighton_Arsenal,21.33776515448125,23.191430429910326,71.90362595419846,23.44439033239276,71.36521424625082,23.44439033239276,50.0,0.18326245875102448,0.19918292903538243,0.6175546122135931,0.3192128115746994,0.6807871884253007
20240406_Wolves_WestHam,44.25804309224554,64.23771087240661,23.67489872011741,50.0,49.99999999999999,49.99999999999999,49.99999999999999,0.3348552964915905,0.48602098550285006,0.17912371800555954,0.5,0.5
20240406_Everton_Burnley,35.63378230201672,46.072767810746925,32.9818070796617,50.0,49.99999999999999,50.0,50.00000000000001,0.3107009566998155,0.4017214034502695,0.28757763984991497,0.5,0.5000000000000001
20240407_ManUnited_Liverpool,28.096374045801536,29.150572244733944,71.90362595419846,50.00000000000001,77.64154170566951,50.0,50.0,0.2175474220320162,0.22570997354541372,0.55674260442257,0.5,0.5
20240407_SheffieldUnited_Chelsea,19.18421052631579,19.18421052631579,70.33001940527814,50.0,80.8157894736842,69.25651867512333,50.0,0.17649020947770003,0.17649020947770003,0.6470195810445999,0.5807357068990988,0.41926429310090113
20240407_Tottenham_Nott'mForest,69.416082666457,39.92263181687445,19.868160392878814,49.99999999999999,50.00000000000001,49.99999999999999,49.99999999999999,0.5372475940847787,0.3089822569822487,0.15377014893297264,0.5,0.5
20240413_Newcastle_Tottenham,51.5930437108714,56.387004743950655,26.4278466070115,50.00000000000001,64.23951480354943,50.0,50.0,0.38385426456635097,0.41952152228862855,0.19662421314502043,0.5,0.5
20240413_Burnley_Brighton,36.50506604254157,36.50506604254157,43.91646758887705,49.99999999999999,50.0,50.0,49.99999999999999,0.3122049742687534,0.3122049742687534,0.3755900514624932,0.5,0.49999999999999994
20240413_Brentford_SheffieldUnited,58.40000803871139,41.59999196128861,19.794315348467325,50.0,49.99999999999999,62.76931130044121,50.0,0.48750233154914535,0.3472618198975403,0.16523584855331433,0.5566169605595137,0.44338303944048624
20240413_Bournemouth_ManUnited,50.76119887785573,50.0,32.057571829434714,65.25148447710852,50.0,49.99999999999999,50.0,0.3821839233079835,0.3764528141145903,0.24136326257742627,0.49999999999999994,0.5
20240413_Nott'mForest_Wolves,36.28407405797524,66.3720630869813,31.93069403009921,49.99999999999999,49.99999999999999,52.73395117559498,49.99999999999999,0.2695960202137526,0.49315421507065443,0.23724976471559298,0.5133059769643342,0.4866940230356659
20240413_ManCity_Luton,80.8157894736842,19.18421052631579,19.18421052631579,80.28155088704699,50.0,50.0,50.0,0.6780746301611834,0.16096268491940827,0.16096268491940827,0.5,0.5
20240414_Liverpool_CrystalPalace,73.01073113334404,19.18421052631579,19.18421052631579,79.7194364396238,49.99999999999999,50.00000000000001,50.0,0.6555152351261767,0.1722423824369116,0.1722423824369116,0.5000000000000001,0.5
20240414_WestHam_Fulham,50.0,64.25953796016,20.347612045828708,50.0,76.4140287104724,49.99999999999999,49.99999999999999,0.37145129361832185,0.47738577005234184,0.15116293632933642,0.5,0.5
20240414_Arsenal_AstonVilla,72.11633259224466,30.097053976200865,19.415436018403394,80.8157894736842,50.0,50.0,50.0,0.5929214067722317,0.24745001502181027,0.1596285782059579,0.5,0.5
20240415_Chelsea_Everton,62.95487948316112,52.885037050237194,19.91282801300243,50.0,50.0,50.0,50.0,0.46374664242344604,0.3895688240185885,0.14668453355796543,0.5,0.5
20240420_Luton_Brentford,29.328429470129997,56.02924348675689,37.564527548322836,50.0,50.0,50.0,50.0,0.23859343023140062,0.45581061237495696,0.30559595739364237,0.5,0.5
20240420_SheffieldUnited_Burnley,30.54855738447558,50.0,34.98259807469702,49.99999999999999,50.0,66.25042485925741,49.999999999999986,0.26441834899912425,0.43278369199440264,0.30279795900647316,0.5698940450279281,0.4301059549720719
20240420_Wolves_Arsenal,19.18421052631579,30.252827727714138,69.74717227228587,50.0,54.61032986732566,50.0,50.0,0.16096268491940827,0.25383251350256947,0.5852048015780222,0.5,0.5
20240421_AstonVilla_Bournemouth,51.16140981170256,46.21023773853792,21.459844426713833,49.999999999999986,70.11689559298686,50.0,50.0,0.43053746915526897,0.38887198140623985,0.18059054943849115,0.5,0.5
20240421_Everton_Nott'mForest,33.590750274974646,67.95572068716372,30.703529674819908,50.0,50.0,76.71450608345641,50.0,0.25399432977838077,0.5138428760670491,0.23216279415457008,0.6054121856650799,0.3945878143349201
20240421_Fulham_Liverpool,30.364177103228823,30.364177103228823,52.98739198390819,50.00000000000001,49.99999999999999,49.99999999999999,49.99999999999999,0.2670182285256931,0.2670182285256931,0.46596354294861375,0.5,0.5
20240421_CrystalPalace_WestHam,37.37720593555744,63.47364882636496,28.710233795279844,50.0,49.99999999999999,51.57095127677697,49.99999999999999,0.2884909840739345,0.4899129015756984,0.22159611435036727,0.507733270472658,0.492266729527342
20240423_Arsenal_Chelsea,51.614860120737376,35.454327786261835,35.92782661708064,71.38071261645723,78.97633262021583,50.0,50.0,0.41964319475927137,0.2882535639051689,0.2921032413355597,0.5,0.5
20240424_Wolves_Bournemouth,30.73307505028995,51.93679560925177,31.8816332961151,50.0,53.12387795880345,71.79923588127988,50.00000000000001,0.26829045441591765,0.45339252489741766,0.2783170206866648,0.5894883934351116,0.4105116065648884
20240424_CrystalPalace_Newcastle,25.44236441387066,50.0,52.52330581253989,49.99999999999999,61.110446718059634,50.0,50.0,0.1988217962587568,0.3907297942607158,0.41044840948052735,0.5,0.5
20240424_Everton_Liverpool,28.713865894820206,29.06168187076748,58.128358032153066,22.92564965852277,72.9854563729609,37.27456416684047,50.0,0.24773855287437527,0.25073945240017925,0.5015219947254455,0.4270953916834655,0.5729046083165346
20240424_ManUnited_SheffieldUnited,70.04763547023599,29.50229592339433,19.18421052631579,78.89638941865884,50.0,64.51814279363863,50.0,0.5899536084360981,0.24847356831268974,0.16157282325121214,0.5633879594947688,0.43661204050523117
20240425_Brighton_ManCity,19.18421052631579,19.18421052631579,80.8157894736842,21.668396377466173,69.11648437145814,21.668396377466173,50.0,0.1609626849194083,0.1609626849194083,0.6780746301611835,0.30234241970954867,0.6976575802904514
20240427_Wolves_Luton,45.61663566957791,50.0,23.020458113226766,50.0,49.99999999999999,50.0,50.0,0.3845056736899738,0.42145334486646896,0.19404098144355728,0.5,0.5
20240427_WestHam_Liverpool,25.69468653938699,30.38289577717046,61.895176593432986,50.0,76.14162309589749,49.99999999999999,49.99999999999999,0.21780186186025574,0.2575416228110056,0.5246565153287387,0.5,0.5
20240427_Fulham_CrystalPalace,37.13301121870725,38.802364292884405,41.779996212839336,49.999999999999986,50.936237603853385,50.0,50.0,0.31544742776359563,0.32962869440466835,0.354923877831736,0.5,0.5
20240427_ManUnited_Burnley,67.70824961116851,32.2917503888315,19.45932894671456,49.99999999999999,50.0,50.0,50.0,0.5667891340773403,0.27031585288107046,0.16289501304158915,0.5,0.5
20240427_Everton_Brentford,58.27740776896794,50.0,25.47052155493662,49.99999999999999,57.59574181849073,50.0,50.0,0.43572568236054254,0.37383756333836243,0.1904367543010949,0.5,0.5
20240427_AstonVilla_Chelsea,63.12351342261538,55.422758890049074,20.857746251196836,80.8157894736842,57.47840437077345,55.485904992472456,23.764531751131088,0.4528098549303897,0.39756930582786454,0.1496208392417458,0.7001337440194085,0.2998662559805914
20240427_Newcastle_SheffieldUnited,69.25651867512333,19.18421052631579,19.18421052631579,79.24879270492276,50.0,49.99999999999999,50.0,0.6434987917327778,0.17825060413361105,0.17825060413361105,0.49999999999999994,0.5
20240428_Bournemouth_Brighton,36.81482056078532,47.731458433931415,32.71896959551899,49.99999999999999,50.0,50.0,50.0,0.31394484728744065,0.40703839379321327,0.2790167589193461,0.5,0.5
20240428_Tottenham_Arsenal,21.003739649872806,47.490177638010394,66.84631641583975,50.0,72.0340956316444,50.0,50.0,0.1551921337438553,0.35089475123836755,0.4939131150177771,0.5,0.5
20240428_Nott'mForest_ManCity,19.18421052631579,19.18421052631579,80.8157894736842,24.194109874190666,73.52435854284761,43.49623899288164,50.0,0.1609626849194083,0.1609626849194083,0.6780746301611835,0.46521913032451756,0.5347808696754824
20240502_Chelsea_Tottenham,46.942974281670715,49.99999999999999,31.581037928668742,79.79969707164973,76.33199097602952,67.66457334973714,23.668009023970477,0.3652467229613477,0.3890323616583891,0.24572091538026328,0.7408590843612902,0.2591409156387098
20240503_Luton_Everton,24.224110508007342,30.562434870099757,63.99575422183269,49.99999999999999,50.0,50.0,50.0,0.20393703935345955,0.25729788843147844,0.538765072215062,0.5,0.5
20240504_ManCity_Wolves,80.8157894736842,19.18421052631579,19.18421052631579,69.45721434018792,21.030013811138446,21.030013811138446,50.0,0.6780746301611834,0.16096268491940827,0.16096268491940827,0.2960722190911451,0.7039277809088549
20240504_Burnley_Newcastle,28.17915238554143,33.72376744286917,57.20737792906118,50.00000000000001,50.0,50.0,50.0,0.23658032022486278,0.283130577941601,0.4802891018335362,0.5,0.5
20240504_Arsenal_Bournemouth,69.43368663521746,30.566313364782538,19.18421052631579,69.97308623745286,50.0,50.0,50.0,0.5825745401056002,0.2564627749749915,0.16096268491940827,0.5,0.5
20240504_Brentford_Fulham,49.99999999999999,68.03520491535922,19.758362042416174,50.00000000000001,50.00000000000001,50.0,50.0,0.3628616422660841,0.49374732374993613,0.14339103398397987,0.5,0.5
20240504_SheffieldUnited_Nott'mForest,28.273841704445655,49.99999999999999,40.01960872702612,50.0,50.0,76.58410194045548,50.0,0.2390144306495218,0.42267766996081785,0.33830789938966027,0.6050056900232247,0.3949943099767753
20240505_Brighton_AstonVilla,21.03966576336405,33.64960732219943,66.35039267780057,50.0,80.53926040377978,60.016845226412585,50.0,0.17382455272552708,0.2780047938002849,0.548170653474188,0.5455241431700668,0.45447585682993313
20240505_Chelsea_WestHam,66.46007456877612,49.99999999999999,26.503287794631508,80.8157894736842,71.74036998279263,63.077106643624845,22.541458275549587,0.464874870526877,0.3497399555621938,0.18538517391092915,0.7367223067003149,0.26327769329968514
20240505_Liverpool_Tottenham,50.00000000000001,50.00000000000001,30.52712361304932,75.85199344499071,50.0,49.99999999999999,49.99999999999999,0.3830621453685455,0.3830621453685455,0.23387570926290907,0.5,0.5
20240506_CrystalPalace_ManUnited,42.669419543136975,54.78769493331035,32.394186327546066,69.59517986950142,50.0,50.0,50.0,0.32860217247684853,0.4219264234865904,0.24947140403656112,0.5,0.5
20240511_Fulham_ManCity,19.18421052631579,19.18421052631579,80.8157894736842,24.358915615840687,70.38607771660077,24.358915615840687,50.0,0.1609626849194083,0.1609626849194083,0.6780746301611835,0.32758567569335967,0.6724143243066403
20240511_Bournemouth_Brentford,40.103545526291335,50.00000000000001,26.61439888435807,50.00000000000001,50.0,49.99999999999999,49.99999999999999,0.3435936584454812,0.42838314410408673,0.22802319745043212,0.5,0.5
20240511_Everton_SheffieldUnited,69.25651867512333,19.18421052631579,19.18421052631579,50.0,50.0,50.0,50.0,0.6434987917327778,0.17825060413361105,0.17825060413361105,0.5,0.5
20240511_Newcastle_Brighton,67.75928658163664,32.24071341836336,20.346009796186937,71.40714534705366,50.0,50.000000000000014,50.0,0.5630372514750676,0.26790014453295885,0.16906260399197368,0.5000000000000001,0.49999999999999994
20240511_Tottenham_Burnley,47.63787356559688,33.38325917852442,33.38325917852442,50.00000000000001,50.0,58.261829069612,49.99999999999999,0.41639899277474524,0.2918005036126274,0.2918005036126274,0.5381567037090224,0.4618432962909777
20240511_WestHam_Luton,46.6600397559624,56.04177644657743,22.08228388358396,50.0,50.0,72.41595886367067,50.0,0.373926163058903,0.44910991390648636,0.17696392303461062,0.5915565220080266,0.40844347799197345
20240511_Wolves_CrystalPalace,29.65179249910657,37.58665159058742,55.33343727832833,27.040049272964957,80.8157894736842,38.01845575854482,50.0,0.24191349735488685,0.30664987084381473,0.4514366318012985,0.4319373184964563,0.5680626815035438
20240511_Nott'mForest_Chelsea,20.90010891052394,37.03094142994507,62.969058570054905,49.99999999999999,55.369669552576944,50.0,50.0,0.17287088571600667,0.30629369786052907,0.5208354164234643,0.5,0.5
20240512_ManUnited_Arsenal,21.777476073891993,31.193550231422073,75.46722806415256,50.0,80.8157894736842,50.0,50.0,0.1695559954532449,0.24286806438283123,0.587575940163924,0.5,0.5
20240513_AstonVilla_Liverpool,32.12067541025595,50.0,30.694219848738555,50.00000000000001,51.214033141280666,50.00000000000001,50.0,0.28472016338370026,0.4432038861997135,0.27207595041658617,0.5000000000000001,0.5
20240514_Tottenham_ManCity,28.050320566891415,28.050320566891415,71.90362595419846,50.0,80.8157894736842,50.0,50.0,0.21913582418007643,0.21913582418007643,0.561728351639847,0.5,0.5
20240515_Brighton_Chelsea,34.003209016586375,58.44412711804831,47.96611975084317,50.0,64.47120304669635,50.0,50.00000000000001,0.24216488941287523,0.4162288204466367,0.3416062901404881,0.5,0.5000000000000001
20240515_ManUnited_Newcastle,38.67369603925993,58.194899903213205,40.37858062917369,50.0,80.02482009492054,49.99999999999999,50.00000000000001,0.2817813597722441,0.4240152792712195,0.2942033609565363,0.49999999999999994,0.5000000000000001
20240519_Brentford_Newcastle,33.032098282464304,59.335993543306465,30.420479011174866,49.999999999999986,50.0,50.0,50.0,0.26901606605006056,0.4832371053662673,0.24774682858367225,0.5,0.5
20240519_Brighton_ManUnited,30.234089454616377,53.67312471653509,44.81952503992637,50.0,56.22702398937987,63.53245289249685,50.00000000000001,0.23487031241458278,0.416953968114778,0.3481757194706392,0.5595972893552764,0.44040271064472364
20240519_Arsenal_Everton,71.22452631967201,28.775473680327988,19.18421052631579,80.5827366020149,23.010777044459893,23.010777044459893,49.99999999999999,0.5976003533114455,0.24143696176914628,0.16096268491940827,0.31516959517425064,0.6848304048257494
20240519_Burnley_Nott'mForest,35.307571645709245,54.89927063041603,30.27454990737954,49.999999999999986,49.99999999999999,60.13501813175569,50.0,0.29305414724899925,0.45566597161160893,0.2512798811393918,0.5460117876388374,0.45398821236116266
20240519_Chelsea_Bournemouth,69.44378254614243,30.556217453857577,23.74053452115813,71.23189890594512,50.0,50.00000000000001,50.0,0.5612048049967684,0.24693781687707866,0.19185737812615306,0.5000000000000001,0.5
20240519_CrystalPalace_AstonVilla,38.55479273708294,40.03826154338525,38.828728519635426,78.6012283076379,50.00000000000001,50.0,50.0,0.32834446742064727,0.34097814382145386,0.33067738875789887,0.5,0.5
20240519_ManCity_WestHam,80.8157894736842,19.18421052631579,19.18421052631579,80.8157894736842,50.0,50.0,50.0,0.6780746301611834,0.16096268491940827,0.16096268491940827,0.5,0.5
20240519_Liverpool_Wolves,76.36180960211571,23.638190397884298,19.18421052631579,80.8157894736842,50.00000000000001,63.44818408549389,50.0,0.6407040770325451,0.19833323804804662,0.16096268491940824,0.5592701601788506,0.44072983982114944
20240519_Luton_Fulham,24.919871366146083,57.30871053880103,42.72797227997181,50.0,50.0,77.50723392575522,50.00000000000001,0.19942828552448735,0.45862908842694106,0.3419426260485716,0.6078653856681264,0.3921346143318735
20240519_SheffieldUnited_Tottenham,21.37772055110114,30.729908551242126,67.14001763335885,50.0,50.0,73.96170262728027,50.00000000000001,0.17927163458816303,0.25769823885372956,0.5630301265581075,0.5966496188719136,0.40335038112808635
20240816_ManUnited_Fulham,50.0,55.72971937427694,19.614298983721195,67.85853570247872,50.0,59.0755573092867,50.0,0.3989021626639874,0.44461411166112386,0.15648372567488872,0.5416021587840836,0.4583978412159165
20240817_Ipswich_Liverpool,26.50873357705895,30.128696894275766,60.9719436838091,49.99999999999999,50.0,50.0,50.0,0.22539643431900322,0.2561759818101884,0.5184275838708083,0.5,0.5
20240817_Arsenal_Wolves,75.5322658006498,19.18421052631579,19.18421052631579,80.8157894736842,19.18421052631579,30.743481324876676,50.0,0.6631414426670227,0.16842927866648866,0.16842927866648866,0.3807549639973816,0.6192450360026183
20240817_Everton_Brighton,63.18015717734429,39.399306730573954,23.94252145378793,50.0,22.751411515093174,22.751411515093174,49.99999999999999,0.4993610952019311,0.31140284921974326,0.18923605557832562,0.31272811126658506,0.6872718887334149
20240817_Newcastle_Southampton,69.33252201071359,19.18421052631579,19.18421052631579,80.8157894736842,49.999999999999986,50.0,50.0,0.6437503705973596,0.17812481470132013,0.17812481470132013,0.5,0.5
20240817_Nott'mForest_Bournemouth,39.75629754249732,50.0,28.506287890599996,50.59465812242972,50.00000000000001,54.11583260767519,49.99999999999999,0.3361696972622671,0.42278798334140644,0.24104231939632653,0.5197656422879713,0.4802343577120288
20240817_WestHam_AstonVilla,30.679804316985447,53.15066183863711,31.669420517173705,50.0,50.0,70.42420425134873,50.0,0.26562627203175837,0.4601793419002177,0.2741943860680239,0.5848010762384589,0.41519892376154116
20240818_Brentford_CrystalPalace,31.245652659197347,46.284161659423894,53.79418273190449,50.0,69.41202507779225,50.0,50.0,0.23792797478724212,0.3524425291564684,0.40962949605628934,0.5,0.5
20240818_Chelsea_ManCity,45.66283275789197,30.743481324876676,50.0,80.8157894736842,69.30089694911858,50.0,50.0,0.3612385432581536,0.2432115954646568,0.3955498612771896,0.5,0.5
20240819_Leicester_Tottenham,33.01504875292619,50.00000000000001,30.589478384585487,50.0,50.0,61.97536078389447,49.999999999999986,0.29061384774713594,0.4401233054689617,0.2692628467839024,0.5534731957997715,0.4465268042002285
20240824_Fulham_Leicester,38.672305435445246,49.99999999999999,29.335581135132788,50.0,50.00000000000001,56.35628068246442,49.99999999999999,0.3277094994182118,0.42370049539100973,0.24859000519077848,0.5298820184462901,0.4701179815537098
20240824_CrystalPalace_WestHam,70.91054718516138,34.92477405675113,21.64579467600967,80.8157894736842,50.0,50.0,50.0,0.5562435398731262,0.27396037291701464,0.1697960872098591,0.5,0.5
20240824_Tottenham_Everton,49.99999999999999,49.99999999999999,19.70732930621708,49.99999999999999,50.000000000000014,50.000000000000014,50.000000000000014,0.4176853688891313,0.4176853688891313,0.1646292622217374,0.5,0.5
20240824_Brighton_ManUnited,27.855856486450083,49.99999999999999,53.977222550963255,50.00000000000001,49.99999999999999,50.00000000000001,50.00000000000001,0.21129641126370702,0.37926748252470327,0.4094361062115896,0.5,0.5
20240824_Southampton_Nott'mForest,21.909859547772022,35.44058807711119,61.545091673662164,50.0,50.0,53.09332343053328,49.99999999999999,0.18427823009201894,0.29808173028359175,0.5176400396243893,0.5150025400656408,0.48499745993435917
20240824_AstonVilla_Arsenal,19.18421052631579,30.10567954918024,72.93671791782384,50.0,80.8157894736842,50.0,50.0,0.15695609034134594,0.24631035781362456,0.5967335518450295,0.5,0.5
20240824_ManCity_Ipswich,80.8157894736842,19.18421052631579,19.18421052631579,80.8157894736842,19.18421052631579,30.398134863701582,50.0,0.6780746301611834,0.16096268491940827,0.16096268491940827,0.3780950256524649,0.6219049743475351
20240825_Bournemouth_Newcastle,20.404318216664578,32.823292279899185,67.17670772010084,50.0,50.77234751388185,50.0,50.0,0.16946500357194424,0.27260892936443093,0.5579260670636248,0.5,0.5
20240825_Wolves_Chelsea,19.18421052631579,29.439875209069722,70.26346123906312,50.0,80.8157894736842,50.0,50.0,0.1613643397860574,0.24762791358961214,0.5910077466243304,0.5,0.5
20240825_Liverpool_Brentford,69.95858300246422,30.041416997535787,19.18421052631579,68.07394591080704,50.0,50.0,50.0,0.586978616492303,0.2520586985882887,0.16096268491940824,0.5,0.5
20240831_Nott'mForest_Wolves,69.38227172363933,31.69610789342059,19.18421052631579,50.0,50.0,50.0,50.0,0.5769231449357823,0.2635575024255909,0.15951935263862677,0.5,0.5
20240831_WestHam_ManCity,19.18421052631579,19.18421052631579,80.8157894736842,50.0,80.8157894736842,50.0,50.0,0.1609626849194083,0.1609626849194083,0.6780746301611835,0.5,0.5
20240831_Arsenal_Brighton,78.61463430162094,21.38536569837905,19.18421052631579,69.26672768225394,24.500000000000004,24.500000000000004,50.0,0.6596061169047462,0.17943119817584544,0.1609626849194083,0.3288590604026846,0.6711409395973155
20240831_Brentford_Southampton,60.20674780414668,35.53884518828246,22.585290554348063,50.0,49.99999999999999,49.99999999999999,49.99999999999999,0.508799951454317,0.30033448684792124,0.19086556169776173,0.5,0.5
20240831_Everton_Bournemouth,44.88578424177582,53.54165079241348,23.196933430417108,50.0,50.0,50.0,49.999999999999986,0.36905255754596517,0.44022140849179,0.19072603396224488,0.5000000000000001,0.49999999999999994
20240831_Ipswich_Fulham,30.41169517274966,30.41169517274966,52.78515682942608,50.0,50.0,50.0,50.0,0.26768844359856264,0.26768844359856264,0.4646231128028747,0.5,0.5
20240831_Leicester_AstonVilla,33.75271338407508,49.694455944765984,33.00623532065669,50.0,50.00000000000001,60.700760113707624,50.0,0.2898387856127026,0.4267325295841431,0.2834286848031544,0.5483319179683871,0.45166808203161296
20240901_Chelsea_CrystalPalace,62.42368661950602,53.5820512678528,19.781597391454667,63.016108150272515,50.0,50.0,50.0,0.4597165596580185,0.3946027157675069,0.14568072457447462,0.5,0.5
20240901_Newcastle_Tottenham,56.47750063360196,50.00000000000001,28.231545385872252,49.99999999999999,49.99999999999999,50.0,50.0,0.4192554420245638,0.371170322093824,0.20957423588161228,0.5,0.5
20240901_ManUnited_Liverpool,48.67807832269702,41.7053825981923,71.3143094531624,50.000000000000014,69.26358728233453,50.0,50.0,0.3010435963964818,0.25792181612471343,0.44103458747880475,0.5,0.5
20240914_Southampton_ManUnited,19.18421052631579,22.632743667927723,69.25651867512333,50.0,50.0,57.488359143369266,50.0,0.17271640141186798,0.20376371678362865,0.6235198818045035,0.534833349411266,0.46516665058873397
20240914_Brighton_Ipswich,60.681833236226524,51.70694212553561,20.84499822329162,50.0,50.0,50.0,50.0,0.4554538357910314,0.3880918533957679,0.1564543108132008,0.5,0.5
20240914_CrystalPalace_Leicester,49.99999999999999,53.734477314199545,20.390505017977006,65.15278454186463,46.132396059529206,46.34694450946577,50.0,0.40281979550412106,0.43290622326453393,0.16427398123134504,0.4810421829714832,0.5189578170285168
20240914_Fulham_WestHam,49.896548061734194,53.09271758339143,19.27027266921833,50.0,50.0,49.99999999999999,49.99999999999999,0.4081198796403449,0.43426237588828187,0.15761774447137322,0.5,0.5
20240914_Liverpool_Nott'mForest,70.41679479050869,29.583205209491314,19.18421052631579,69.57682779374174,50.0,50.0,50.0,0.590823184376094,0.24821413070449766,0.16096268491940827,0.5,0.5
20240914_ManCity_Brentford,75.31729278488865,24.68270721511135,19.18421052631579,69.36435960737631,50.0,50.0,50.0,0.6319401911737179,0.20709712390687376,0.16096268491940827,0.5,0.5
20240914_AstonVilla_Everton,64.92003731909425,35.07996268090573,21.59404901781398,50.0,50.0,74.96790400449167,50.00000000000001,0.5339080147712101,0.2885006541378221,0.17759133109096792,0.5998972664356851,0.4001027335643148
20240914_Bournemouth_Chelsea,25.612731085599417,50.0,42.01045880522655,49.99999999999999,49.99999999999999,50.0,50.0,0.2177523931239437,0.4250862440170886,0.35716136285896766,0.5,0.5
20240915_Tottenham_Arsenal,21.678664917567936,33.5828651609758,73.75416546038863,50.0,67.19494728310201,50.0,50.0,0.16803122152704345,0.260300617073693,0.5716681613992636,0.5,0.5
20240915_Wolves_Newcastle,19.18421052631579,26.273720171179743,70.8384723581146,32.5296115076395,80.8157894736842,48.35413967127642,50.0,0.16495962060961045,0.22592031637140386,0.6091200630189856,0.4916329890423299,0.5083670109576702
20240921_Leicester_Everton,59.10838405018125,45.87466736067412,19.269920484496705,50.0,49.99999999999999,64.22677260440862,50.0,0.47571002245293026,0.3692037837075682,0.1550861938395015,0.5622742474466951,0.4377257525533049
20240921_AstonVilla_Wolves,70.66598288248292,25.947524304794513,19.18421052631579,76.66425309787438,50.0,71.64868885061988,50.0,0.610253675787149,0.2240763014774737,0.1656700227353773,0.5889803624484752,0.4110196375515248
20240921_Fulham_Newcastle,20.026257032260304,46.721111634751324,68.62038747788073,50.0,68.72455788104854,50.0,50.0,0.1479396394132808,0.3451421000488689,0.5069182605378503,0.5,0.5
20240921_WestHam_Chelsea,20.14174030596297,37.460548123352964,67.06018557051894,50.000000000000014,80.63471852853866,50.0,50.0,0.16157019558259086,0.3004957861128489,0.5379340183045602,0.5,0.5
20240921_CrystalPalace_ManUnited,29.00073297836789,62.42332855007624,37.57667144992375,50.0,50.00000000000001,50.0,50.0,0.22481060617873405,0.4838990221903934,0.2912903716308727,0.5,0.5
20240921_Southampton_Ipswich,22.255847175628727,42.76940444509179,53.05895387645107,50.0,50.0,50.0,50.0,0.18847437794008626,0.3621941161819158,0.44933150587799797,0.5,0.5
20240921_Tottenham_Brentford,50.0,57.39867727539626,19.632604785037913,50.00000000000001,49.99999999999999,49.99999999999999,49.99999999999999,0.3936038367007339,0.45184679194286387,0.15454937135640218,0.5,0.5
20240921_Liverpool_Bournemouth,71.04270143512345,28.957298564876552,19.18421052631579,53.16284866971812,24.40254571932406,24.40254571932406,50.0,0.5960747746819808,0.24296254039861093,0.16096268491940827,0.3279799835261034,0.6720200164738966
20240922_Brighton_Nott'mForest,31.139362119833613,60.432031091598674,33.44384558588023,27.97265522490266,50.00000000000001,27.97265522490266,50.00000000000001,0.24908453096921992,0.4833973175828369,0.26751815144794316,0.3587495532147639,0.6412504467852361
20240922_ManCity_Arsenal,69.50580443796778,50.0,52.407691734617536,80.8157894736842,78.28318752387874,50.0,50.0,0.4043068519076033,0.2908439483413484,0.3048491997510483,0.5,0.5
20240928_Arsenal_Leicester,80.0919482045199,19.9080517954801,19.18421052631579,64.59398594213809,50.0,50.0,50.0,0.6720013318109419,0.16703598326964977,0.16096268491940827,0.5,0.5
20240928_Chelsea_Brighton,59.87004130466293,55.56358238957175,19.586833859056515,62.71926652013282,50.0,50.0,49.99999999999999,0.4434145935332268,0.4115197311314203,0.14506567533535272,0.5,0.49999999999999994
20240928_Brentford_WestHam,49.99999999999999,54.85419292837807,19.5936964952445,50.0,50.0,66.51406005698765,50.0,0.40177459201255883,0.44078041967954584,0.15744498830789527,0.5708672414681564,0.42913275853184357
20240928_Nott'mForest_Fulham,37.72882566613279,49.99999999999999,32.476993486375406,49.99999999999999,49.999999999999986,50.00000000000001,50.00000000000001,0.3138685459001387,0.4159532404713595,0.27017821362850175,0.5,0.5
20240928_Everton_CrystalPalace,27.479391895884152,61.55578958978459,38.44421041021542,36.41018532099318,50.0,41.54781749945466,49.99999999999999,0.21555948367189662,0.48286855368794707,0.3015719626401563,0.45383733478629523,0.5461626652137047
20240928_Wolves_Liverpool,19.18421052631579,19.18421052631579,70.12233771477564,20.971605946112565,80.8157894736842,34.46685888818447,50.0,0.17682806115721544,0.17682806115721544,0.6463438776855691,0.40805186012434774,0.5919481398756522
20240928_Newcastle_ManCity,48.18290370612246,30.739806335678615,65.98276181543756,50.0,69.60058030550354,50.0,50.0,0.33251265869098734,0.21213696033482832,0.4553503809741843,0.5,0.5
20240929_Ipswich_AstonVilla,19.47684807745594,30.45552099076914,69.54447900923087,50.0,66.95776643945516,50.0,50.0,0.16301775943092545,0.25490730196552436,0.5820749386035502,0.5,0.5
20240929_ManUnited_Tottenham,48.6258426578629,66.49698679646585,20.207466517116416,50.0,49.99999999999999,49.99999999999999,49.99999999999999,0.3593123203404728,0.4913680733432873,0.1493196063162399,0.5,0.5
20240930_Bournemouth_Southampton,56.47400694556558,43.52599305443442,19.329294747570046,50.0,50.0,72.35486875131927,49.99999999999999,0.47326188481236775,0.3647553029330274,0.16198281225460487,0.5913525917663095,0.4086474082336906
20241005_CrystalPalace_Liverpool,19.18421052631579,19.18421052631579,80.8157894736842,50.0,66.8146336088921,50.0,50.0,0.1609626849194083,0.1609626849194083,0.6780746301611835,0.5,0.5
20241005_Arsenal_Southampton,69.25651867512333,19.18421052631579,19.18421052631579,80.8157894736842,23.606303767021362,35.18202645363053,50.0,0.6434987917327778,0.17825060413361105,0.17825060413361105,0.4130217126588568,0.5869782873411432
20241005_Brentford_Wolves,50.0,61.07343141357183,19.234111365541462,50.0,50.00000000000001,65.7901692199312,50.00000000000001,0.383707642195018,0.4686868473692159,0.14760551043576625,0.5681844120546168,0.43181558794538316
20241005_Leicester_Bournemouth,33.04544783839948,58.431382881440875,33.21364836940723,50.0,50.0,51.5939549883147,49.999999999999986,0.26501981610598435,0.4686114233278263,0.26636876056618936,0.5078447334218755,0.49215526657812436
20241005_ManCity_Fulham,61.89354337132465,30.06961807607612,25.936554855501296,64.5346044106413,50.0,50.0,49.99999999999999,0.5249677040130516,0.25504402401463594,0.2199882719723124,0.5,0.49999999999999994
20241005_WestHam_Ipswich,41.67976110364711,49.99999999999999,25.870513819661404,50.00000000000001,50.0,50.0,50.0,0.35456966077569435,0.4253499197055959,0.22008041951870977,0.5,0.5
20241005_Everton_Newcastle,26.73200400327011,46.937731814780506,44.03228797400619,49.99999999999999,75.90148618929256,50.00000000000001,50.00000000000001,0.22711592496062194,0.3987844074601896,0.37409966757918856,0.5,0.5
20241006_AstonVilla_ManUnited,66.19710123749176,48.15544964029723,21.326835637241217,51.47565892465893,50.0,50.0,50.0,0.4878935771880028,0.3549208975452044,0.15718552526679272,0.5,0.5
20241006_Chelsea_Nott'mForest,74.52514541965013,32.22927521829031,22.214230077169468,73.12380641989098,44.42429687414273,24.11814687868958,50.000000000000014,0.5778547345143218,0.24990007292147584,0.17224519256420243,0.3254013746210378,0.6745986253789621
20241006_Brighton_Tottenham,26.027153342691978,58.97376665164168,42.386342369750466,50.0,49.99999999999999,50.0,50.0,0.20431519493922445,0.46294869327742844,0.33273611178334717,0.5,0.5
20241019_Ipswich_Everton,37.72898878060115,51.789161333738825,28.04011936180997,50.0,50.0,58.566318034109365,50.0,0.3209386200454027,0.4405403513042163,0.238521028650381,0.5394520058763437,0.46054799412365627
20241019_Fulham_AstonVilla,27.411298240389897,58.439258619780304,48.0155813222914,50.0,49.99999999999999,49.99999999999999,49.99999999999999,0.20476648249184476,0.43654997009121677,0.3586835474169384,0.5,0.5
20241019_Southampton_Leicester,20.994196985549735,40.72214244187103,58.35935485344968,50.0,50.0,75.50450801868465,50.0,0.174841354124857,0.3391372640879127,0.4860213817872303,0.6016079359272403,0.39839206407275973
20241019_Tottenham_WestHam,43.4338495624857,54.72140378533201,24.238117102732666,64.09028882292583,50.00000000000001,50.0,50.0,0.35487093298107947,0.447094508337285,0.19803455868163544,0.5,0.5
20241019_Newcastle_Brighton,60.11147846073972,50.00000000000001,19.868038886329696,50.0,50.00000000000001,50.00000000000001,50.00000000000001,0.4624688542290161,0.38467599372977157,0.15285515204121236,0.5,0.5
20241019_Bournemouth_Arsenal,19.18421052631579,19.18421052631579,80.8157894736842,25.2641823117695,68.9929711992603,22.232972956322516,50.0,0.1609626849194083,0.1609626849194083,0.6780746301611835,0.307795346728512,0.6922046532714881
20241019_ManUnited_Brentford,34.1292964940084,52.233129188876305,33.06590354653947,50.0,49.99999999999999,50.0,50.0,0.28577220090256267,0.4373596241854429,0.2768681749119944,0.5,0.5
20241020_Wolves_ManCity,19.18421052631579,19.18421052631579,69.3635612628232,49.99999999999999,80.8157894736842,50.0,50.0,0.1780734941843143,0.1780734941843143,0.6438530116313713,0.5,0.5
20241020_Liverpool_Chelsea,68.39980656641556,50.0,44.92433588787765,69.86278608610549,78.65082721817367,50.0,50.000000000000014,0.4187978919623439,0.3061396756697661,0.27506243236788996,0.49999999999999994,0.5000000000000001
20241021_Nott'mForest_CrystalPalace,38.87892122755712,49.99999999999999,26.98955226764636,48.66156558338977,46.51371428811532,47.81666271191637,51.33843441661022,0.33554356983193157,0.4315237656261158,0.23293266454195263,0.48224109598657916,0.5177589040134208
20241025_Leicester_Nott'mForest,46.098639700349516,66.45306222196565,22.606853063414963,50.0,50.00000000000001,50.00000000000001,50.00000000000001,0.3410708238573322,0.49166745108351945,0.16726172505914821,0.5,0.5
20241026_AstonVilla_Bournemouth,64.06899891435972,45.68485635793781,20.132096795813478,65.51511611742784,50.0,50.00000000000001,50.00000000000001,0.4932711959547598,0.35173054229899386,0.15499826174624634,0.5,0.5
20241026_Everton_Fulham,41.23831537309852,66.79456504205145,25.700989419555217,50.0,50.0,49.99999999999999,49.99999999999999,0.30836104140311654,0.49945885155801895,0.1921801070388645,0.5,0.5
20241026_Brentford_Ipswich,49.99999999999999,51.11620822681833,20.69929569626448,78.61315957995286,50.0,70.18358291948476,50.0,0.4104567841509828,0.41961988893543734,0.16992332691357995,0.5839698003220891,0.41603019967791083
20241026_ManCity_Southampton,69.25651867512333,19.18421052631579,19.18421052631579,80.8157894736842,46.07467532380095,47.28661545094979,50.0,0.6434987917327778,0.17825060413361105,0.17825060413361105,0.4860546872944806,0.5139453127055194
20241026_Brighton_Wolves,69.30669800192372,29.87429091646248,19.18421052631579,75.5,50.0,49.99999999999999,49.99999999999999,0.5855327269084906,0.252390829877486,0.16207644321402334,0.5,0.5
20241027_Chelsea_Newcastle,49.99999999999999,66.6554236381747,20.092976049623577,49.99999999999999,50.00000000000001,50.0,50.0,0.36563499181088677,0.48743110552190394,0.14693390266720924,0.5,0.5
20241027_CrystalPalace_Tottenham,20.06058676843615,32.101647204242326,67.76710730758332,24.5,50.00000000000001,24.5,49.99999999999999,0.16727004879945723,0.2676713376522621,0.5650586135482807,0.3288590604026846,0.6711409395973154
20241027_WestHam_ManUnited,26.182362111771305,59.36154123374513,48.77884549671951,50.000000000000014,50.0,50.00000000000001,50.00000000000001,0.1949212798088496,0.44193215032746336,0.3631465698636869,0.5,0.5
20241027_Arsenal_Liverpool,48.860350782546256,50.0,50.8866213322367,50.0,66.64342314595305,49.99999999999999,49.99999999999999,0.32628606837602153,0.33389656761590053,0.339817364008078,0.5,0.5
20241102_Southampton_Everton,19.18421052631579,26.141731419497575,69.25651867512333,50.00000000000001,50.0,50.00000000000001,50.0,0.16742711251228287,0.22814775732544282,0.6044251301622743,0.5000000000000001,0.5
20241102_Wolves_CrystalPalace,25.16491536066137,49.99999999999999,42.22303848961014,50.0,50.0,50.0,50.0,0.21437391602173467,0.4259380827420764,0.3596880012361888,0.5,0.5
20241102_Newcastle_Arsenal,22.18146670710483,35.247126484647815,67.99286457437573,50.00000000000001,50.00000000000001,49.999999999999986,49.999999999999986,0.17685543687800453,0.2810294754377089,0.5421150876842866,0.5,0.5
20241102_Bournemouth_ManCity,19.18421052631579,29.09481164701668,70.90518835298332,50.000000000000014,71.08422449406595,50.0,50.000000000000014,0.1609626849194083,0.24411632647088408,0.5949209886097077,0.49999999999999994,0.5000000000000001
20241102_Ipswich_Leicester,37.09500072111046,43.151114705686155,34.24912840867033,50.0,50.0,67.75108248469908,50.00000000000001,0.32398726338726413,0.3768812857213142,0.2991314508914217,0.5753754534995706,0.4246245465004294
20241102_Liverpool_Brighton,69.30014898779022,32.45268077116636,19.512340597362385,65.9893591182388,50.0,50.0,50.0,0.5714761195169433,0.26761749211095953,0.16090638837209717,0.5,0.5
20241102_Nott'mForest_WestHam,45.672797536198324,63.45917426180113,22.998471722619843,50.00000000000001,50.0,49.99999999999999,49.99999999999999,0.34566445339352064,0.48027670664632377,0.1740588399601555,0.5,0.5
20241103_Tottenham_AstonVilla,36.589102782651196,62.277607166187,31.310044584580368,50.0,50.0,50.0,50.0,0.28107247652466366,0.47840804903612255,0.24051947443921373,0.5,0.5
20241103_ManUnited_Chelsea,29.322934264425403,61.827280137193775,38.17271986280621,49.99999999999999,49.999999999999986,50.0,50.0,0.22674194976483503,0.4780844209022981,0.2951736293328669,0.5,0.5
20241104_Fulham_Brentford,36.89752915736776,66.40560369118509,28.726726089644625,50.0,50.0,50.0,50.0,0.27946352025293997,0.5029589838634095,0.21757749588365058,0.5,0.5
20241109_Brentford_Bournemouth,31.76028703505728,50.0,32.45977123123047,50.0,50.0,50.0,50.0,0.2780622555892303,0.43775148392440977,0.28418626048636003,0.5,0.5
20241109_CrystalPalace_Fulham,33.322073559355914,63.42025636789992,30.875367629752116,50.0,50.0,50.0,50.0,0.2611085625053739,0.4969550272568546,0.2419364102377714,0.5,0.5
20241109_WestHam_Everton,40.155622244098005,67.17262978317649,27.731693778802228,49.999999999999986,50.0,50.00000000000001,50.00000000000001,0.2973170321107244,0.4973541887809214,0.2053287791083543,0.5,0.5
20241109_Wolves_Southampton,46.67930053324674,49.99999999999999,23.796166852894956,49.99999999999999,50.0,77.29479524764436,50.0,0.38745897024522574,0.41502225378169816,0.1975187759730761,0.6072109633176438,0.3927890366823562
20241109_Brighton_ManCity,25.035465091334093,30.525806819601954,62.94174039244796,49.99999999999999,50.0,49.99999999999999,49.99999999999999,0.21126437720620858,0.25759519717061446,0.5311404256231771,0.5,0.5
20241109_Liverpool_AstonVilla,72.38700616845517,33.989679249720695,21.138037290851575,67.31840309175291,50.0,50.0,49.99999999999999,0.5676756740759513,0.2665549399129453,0.16576938601110333,0.5,0.49999999999999994
20241110_ManUnited_Leicester,38.8657880095409,50.0,27.84031071496441,50.0,50.0,50.0,50.0,0.33302276774144346,0.42842662505606727,0.23855060720248938,0.5,0.5
20241110_Nott'mForest_Newcastle,36.27996790153254,46.515548227932285,38.062125605618675,63.36527320264447,20.168811629498574,20.168811629498574,49.99999999999999,0.3001876205813877,0.38487883397471084,0.3149335454439014,0.2874327092211965,0.7125672907788035
20241110_Tottenham_Ipswich,68.00128263342538,32.195365801766265,21.767248012061547,80.8157894736842,45.94808579877817,46.94723400162525,50.0,0.5575525595218623,0.26397455919006396,0.17847288128807384,0.4842555281240743,0.5157444718759256
20241110_Chelsea_Arsenal,34.02317363483436,50.0,32.83714871070581,50.0,49.99999999999999,49.99999999999999,49.99999999999999,0.29114393107895453,0.42786121924391723,0.28099484967712823,0.5,0.5
20241123_Bournemouth_Brighton,30.851613637470177,50.0,34.91111212584941,50.0,50.0,50.0,50.0,0.26650731860397997,0.4319179569270554,0.3015747244689645,0.5,0.5
20241123_Arsenal_Nott'mForest,54.509692142176036,29.992871339168964,29.992871339168964,50.000000000000014,49.99999999999999,49.99999999999999,49.99999999999999,0.4760861621044267,0.2619569189477866,0.2619569189477866,0.5,0.5
20241123_AstonVilla_CrystalPalace,50.0,51.266360176752094,19.43989898502165,49.99999999999999,50.0,50.0,50.0,0.4142287263909709,0.42471998165433617,0.16105129195469292,0.5,0.5
20241123_ManCity_Tottenham,70.92887983211199,29.071120167888022,19.18421052631579,49.99999999999999,49.99999999999999,50.0,50.0,0.5951197689600917,0.24391754612050004,0.16096268491940824,0.5,0.5
20241123_Everton_Brentford,33.957867078635005,63.65445350549121,32.48795633530343,50.0,50.000000000000014,50.0,50.0,0.2610130268951304,0.4892722368678127,0.24971473623705684,0.5,0.5
20241123_Fulham_Wolves,58.1408934884897,51.794301236523395,19.364992229811648,75.62986136929437,50.0,50.0,50.0,0.4496582321942281,0.40057406301059273,0.14976770479517898,0.5,0.5
20241123_Leicester_Chelsea,34.405464527760884,34.405464527760884,48.623051717830506,47.970043617348935,76.9671566389292,47.51405203384838,50.0,0.29297707785418153,0.29297707785418153,0.414045844291637,0.48725338597718865,0.5127466140228114
20241124_Southampton_Liverpool,19.18421052631579,19.18421052631579,74.01720052188097,19.18421052631579,74.70284038072744,28.132760857233094,50.0,0.17069986585069077,0.17069986585069077,0.6586002682986184,0.3600635706274127,0.6399364293725873
20241124_Ipswich_ManUnited,21.08826432860137,50.00000000000001,55.712581738161674,50.00000000000001,50.0,49.99999999999999,49.99999999999999,0.16631012317928853,0.3943191354864782,0.4393707413342332,0.5,0.5
20241125_Newcastle_WestHam,55.59605282563049,50.0,20.231419076676445,50.0,32.29873329298811,33.9746989528418,50.00000000000001,0.44184351783524295,0.3973695032100799,0.16078697895467706,0.4045825632780319,0.5954174367219681
20241129_Brighton_Southampton,71.31218006594482,19.18421052631579,19.18421052631579,76.55230353835313,50.00000000000001,50.0,50.00000000000001,0.6501804269731232,0.1749097865134384,0.1749097865134384,0.5,0.5000000000000001
20241130_Nott'mForest_Ipswich,50.0,66.71297580453344,19.952991167929742,50.00000000000001,49.99999999999999,50.00000000000001,50.00000000000001,0.3658555316121569,0.4881462245679309,0.14599824381991214,0.5,0.5
20241130_Brentford_Leicester,56.42087096224534,50.0,20.694113251688037,78.70718456522236,49.99999999999999,61.672039679089806,50.0,0.44385696392243984,0.39334465806053553,0.16279837801702457,0.5522603496480926,0.4477396503519074
20241130_Wolves_Bournemouth,36.939692838094516,55.9950322764054,29.592428754585907,50.0,49.99999999999999,50.0,50.0,0.30148168525617386,0.45700100351823486,0.24151731122559125,0.5,0.5
20241130_WestHam_Arsenal,29.76294056718116,29.76294056718116,55.27929465446098,49.48510957258548,49.99999999999999,49.489436342791365,49.99999999999999,0.25924737593650105,0.25924737593650105,0.48150524812699796,0.4974340810643983,0.5025659189356018
20241130_CrystalPalace_Newcastle,31.24458817393019,55.10900467567245,42.62232297201761,50.0,50.00000000000001,50.0,50.000000000000014,0.24225133797183435,0.42728135966013053,0.33046730236803495,0.49999999999999994,0.5000000000000001
20241201_Chelsea_AstonVilla,60.360495986335025,59.003105610654025,20.674596605473475,55.52684614523497,50.00000000000001,49.99999999999999,49.99999999999999,0.4310287961508034,0.4213357952902915,0.14763540855890503,0.5,0.5
20241201_ManUnited_Everton,50.00000000000001,53.647775649915495,19.27674992021679,50.0,21.62546964550291,21.62546964550291,50.0,0.40675365447291023,0.4364285759989186,0.15681776952817117,0.3019242980539492,0.6980757019460508
20241201_Tottenham_Fulham,50.0,50.0,19.808363343348105,58.65638477438129,50.0,50.0,50.0,0.4173331360575343,0.4173331360575343,0.1653337278849314,0.5,0.5
20241201_Liverpool_ManCity,62.351770779649726,30.743481324876676,25.617713705746336,79.82799333766806,50.00000000000001,49.99999999999999,50.0,0.5252313456585731,0.2589732394859965,0.21579541485543044,0.49999999999999994,0.5
20241203_Ipswich_CrystalPalace,37.123325552005355,59.109481452989634,30.677362806284158,50.0,50.0,50.0,50.0,0.292516554088686,0.465758430083956,0.24172501582735814,0.5,0.5
20241203_Leicester_WestHam,28.473850268455145,37.45680644328493,52.455148157701835,50.0,50.0,70.82509060067628,50.0,0.24051743618972424,0.3163960956686741,0.4430864681416015,0.5861786674321754,0.41382133256782466
20241204_Arsenal_ManUnited,69.09538966735398,36.56755090580344,26.443805539727805,50.0,49.99999999999999,50.0,50.00000000000001,0.5230269588830231,0.27680305496705265,0.20016998614992434,0.5,0.5000000000000001
20241204_Southampton_Chelsea,19.18421052631579,19.18421052631579,71.90362595419846,21.295566334876252,75.4988354496792,32.876083810943925,50.0,0.17397165507526635,0.17397165507526635,0.6520566898494674,0.39668963950975905,0.6033103604902409
20241204_Everton_Wolves,33.718553582262864,67.68667547650779,31.729564374469877,50.0,50.0,50.0,50.00000000000001,0.2532662778281981,0.5084071092989585,0.23832661287284332,0.5,0.5000000000000001
20241204_AstonVilla_Brentford,29.77581351485349,39.62521793933521,55.239047591660324,49.99999999999999,80.28089289225743,53.94448809381313,50.00000000000001,0.2388943728437497,0.31791714384872155,0.44318848330752875,0.5189740127935071,0.48102598720649287
20241204_Newcastle_Liverpool,26.485840625256046,31.85852112197488,71.90362595419846,21.782804171308427,70.36321798766288,21.782804171308427,50.00000000000001,0.20334932686998725,0.24459895069553733,0.5520517224344753,0.3034543498652426,0.6965456501347573
20241204_ManCity_Nott'mForest,54.729370560551516,20.903975770351753,44.875478798212896,50.00000000000001,50.0,50.00000000000001,50.00000000000001,0.4541523867809109,0.17346427324268338,0.37238333997640577,0.5,0.5
20241205_Fulham_Brighton,36.979220160355766,65.12793544644789,30.20313896815154,49.99999999999999,50.0,50.0,50.0,0.27948860879760673,0.4922363422715548,0.22827504893083836,0.5,0.5
20241205_Bournemouth_Tottenham,30.67422957260094,52.97960464235239,31.58914349923656,50.00000000000001,53.17238883859845,50.0,50.0,0.2661700537509108,0.45972089313541753,0.2741090531136717,0.5,0.5
20241207_Brentford_Newcastle,31.625555272627526,50.00000000000001,33.01117905631347,49.99999999999999,49.999999999999986,50.0,50.0,0.27587627524245856,0.43616036598294033,0.28796335877460116,0.5,0.5
20241207_CrystalPalace_ManCity,30.096159064114374,30.096159064114374,53.82046664632476,49.99999999999999,49.99999999999999,49.99999999999999,50.00000000000001,0.26397179161640416,0.26397179161640416,0.47205641676719173,0.49999999999999994,0.5000000000000001
20241207_AstonVilla_Southampton,71.11511898471076,28.88488101528923,19.18421052631579,50.0,49.99999999999999,70.80292874947467,50.0,0.5966823849456854,0.24235493013490633,0.16096268491940827,0.5861027500112043,0.41389724998879573
20241207_ManUnited_Nott'mForest,60.969832408756915,50.0,19.780887137798363,50.0,29.761824835172526,31.6916710300836,50.0,0.46630590347954387,0.3824070733484333,0.1512870231720228,0.38794249928383634,0.6120575007161637
20241208_Fulham_Arsenal,29.6845322656022,29.6845322656022,55.222162328932015,50.0,62.51358138861185,50.0,50.00000000000001,0.25904716337345324,0.25904716337345324,0.4819056732530935,0.5,0.5000000000000001
20241208_Ipswich_Bournemouth,25.780767686785705,48.79622899466413,43.45722515780513,50.0,49.99999999999999,50.0,50.0,0.21841773754305993,0.41340746975158893,0.36817479270535114,0.5,0.5
20241208_Leicester_Brighton,28.52762470138665,50.625739956104844,37.285713852537185,50.00000000000001,50.0,59.384055075091716,49.99999999999999,0.24500043341488328,0.4347830694292599,0.3202164971558568,0.5428949862420515,0.4571050137579485
20241208_Tottenham_Chelsea,35.4401147166342,51.7913588804249,56.02965214074077,50.00000000000001,74.15492072795887,50.0,49.99999999999999,0.2473812385189377,0.36151718488667156,0.39110157659439065,0.5,0.49999999999999994
20241209_WestHam_Wolves,32.36331657204832,63.21556179213322,34.22016192187427,50.0,77.5675462253532,73.06070915653576,50.0,0.24933402050373307,0.4870264190922866,0.2636395604039802,0.5936964743442282,0.40630352565577177
20241214_Arsenal_Everton,72.12931960684695,27.87068039315306,19.18421052631579,77.88736217099508,37.758234754770484,23.450758447410216,49.99999999999999,0.6051919066151874,0.23384540846540433,0.16096268491940827,0.3192718352146174,0.6807281647853827
20241214_Liverpool_Fulham,69.56070250522961,30.43929749477038,19.18421052631579,69.28005415086022,50.0,50.0,50.0,0.5836402506510764,0.2553970644295152,0.16096268491940827,0.5,0.5
20241214_Newcastle_Leicester,48.23953270299566,49.852188751041936,20.818597498582296,50.0,50.0,66.74775548813834,50.0,0.40567995383324823,0.41924190591823796,0.1750781402485138,0.5717262418370002,0.4282737581629999
20241214_Wolves_Ipswich,46.31691481342986,49.99999999999999,22.408739550695834,55.25263222016339,50.0,63.4392990724393,50.00000000000001,0.39011715758902604,0.42113897175628506,0.18874387065468887,0.5592356404805415,0.44076435951945847
20241214_Nott'mForest_AstonVilla,29.878882143377695,56.98278778607047,35.963411655655655,50.00000000000001,50.0,49.99999999999999,49.99999999999999,0.24326368651890556,0.4639344590753467,0.29280185440574774,0.5,0.5
20241215_Brighton_CrystalPalace,56.496324967260925,58.38670623235307,20.00891346101185,50.0,49.99999999999999,50.0,50.0,0.41882652896286593,0.43284057012631827,0.14833290091081572,0.5,0.5
20241215_ManCity_ManUnited,62.765992045139264,30.836762339783533,25.24766465797392,50.0,50.00000000000001,50.0,50.0,0.5281091354207603,0.25945859163234086,0.21243227294689868,0.5,0.5
20241215_Chelsea_Brentford,69.33482612909012,47.639558739422796,19.630972532886418,79.32948775980559,49.99999999999999,50.0,50.0,0.5075556877711437,0.34873858277343667,0.1437057294554198,0.5,0.5
20241215_Southampton_Tottenham,26.287213272067365,30.20826296488047,61.022327908228625,50.0,80.37947580057272,50.12805547968715,50.0,0.22368706991489792,0.25705264989092613,0.519260280194176,0.5006394585367391,0.49936054146326087
20241216_Bournemouth_WestHam,67.61408156373025,49.99999999999999,19.883542080852788,78.42712098009254,50.0,50.0,49.99999999999999,0.49174727367292964,0.3636426483212885,0.14461007800578185,0.5,0.49999999999999994
20241221_Ipswich_Newcastle,33.21985997831849,48.41220007666726,47.737580314618704,49.99999999999999,50.0,50.0,50.0,0.25678250231979105,0.37421608298790454,0.36900141469230446,0.5,0.5
20241221_Brentford_Nott'mForest,31.560722545761074,50.00000000000001,30.983060477906903,50.0,50.0,50.0,50.0,0.280430617292506,0.4442715417650835,0.27529784094241044,0.5,0.5
20241221_CrystalPalace_Arsenal,31.328464602279904,31.328464602279904,50.00809180476229,50.0,52.494813709817414,50.0,50.0,0.2780673568568166,0.2780673568568166,0.44386528628636684,0.5,0.5
20241221_WestHam_Brighton,40.96346312962324,61.635828833961654,28.083353374989528,50.0,50.0,63.33526380978036,50.0,0.313457559903953,0.47164509621208445,0.2148973438839624,0.558831044114222,0.441168955885778
20241221_AstonVilla_ManCity,36.32124817253323,36.32124817253323,43.32857122022694,50.00000000000001,50.0,50.50995814622608,49.999999999999986,0.3131923240430967,0.3131923240430967,0.3736153519138067,0.5025368538383241,0.4974631461616759
20241222_Everton_Chelsea,26.47547767588169,23.400078214066617,77.18134437933644,50.0,80.8157894736842,50.0,50.0,0.2083749691655431,0.18417006998024057,0.6074549608542164,0.5,0.5
20241222_Fulham_Southampton,69.25651867512333,20.12836004695971,19.18421052631579,75.93015435558925,50.0,50.00000000000001,50.0,0.6379027323022765,0.18539678453880518,0.17670048315891826,0.5000000000000001,0.5
20241222_Leicester_Wolves,49.99999999999999,67.46986326629522,20.204514900846668,50.0,50.0,70.31834442100231,50.0,0.36317578234708353,0.49006840753175046,0.14675581012116592,0.5844357712815055,0.4155642287184945
20241222_ManUnited_Bournemouth,29.465669892517095,63.5733159601767,34.82404434761543,50.0,51.75409966067562,50.0,50.0,0.23044714212041123,0.49719857147592417,0.27235428640366455,0.5,0.5
20241222_Tottenham_Liverpool,20.133864927309034,41.84000659274007,57.96366385080026,50.0,57.686545180312365,50.0,50.0,0.1678695903251197,0.34884831060910076,0.48328209906577957,0.5,0.5
20241226_Chelsea_Fulham,69.90384093588563,50.0,20.527075885704434,70.2081970988242,50.0,50.0,50.00000000000001,0.49778099095297296,0.3560469527057372,0.1461720563412897,0.5,0.5000000000000001
20241226_Newcastle_AstonVilla,49.99999999999999,68.83532395365962,19.429106684575455,50.0,50.0,50.0,50.0,0.3616259060207868,0.4978527278195307,0.1405213661596825,0.5,0.5
20241226_Bournemouth_CrystalPalace,54.46821706528371,58.3058343003666,20.796206089254515,79.57897683119894,50.00000000000001,49.99999999999999,50.0,0.4077870186307976,0.4365180947566224,0.1556948866125799,0.49999999999999994,0.5
20241226_ManCity_Everton,51.91004459301565,30.578543100995738,30.578543100995738,50.0,50.0,50.0,50.0,0.45910817960994826,0.27044591019502584,0.27044591019502584,0.5,0.5
20241226_Southampton_WestHam,20.835124908688424,36.500078476286355,62.11251625430608,50.0,50.0,76.67317058161133,50.0,0.17442882100728455,0.3055736734574141,0.5199975055353014,0.6052834252870725,0.39471657471292754
20241226_Wolves_ManUnited,30.976024086456373,50.00000000000001,35.08344227600029,54.68591583544547,49.99999999999999,56.62055956565297,50.0,0.26689786759588796,0.4308136300045421,0.30228850239956995,0.5310472932829445,0.46895270671705547
20241226_Liverpool_Leicester,76.25946547884186,19.18421052631579,19.18421052631579,80.8157894736842,50.0,57.708224775470185,50.00000000000001,0.6652784744304193,0.16736076278479034,0.16736076278479034,0.5357828976920695,0.46421710230793034
20241226_Nott'mForest_Tottenham,55.71068735997039,29.492473758145675,29.492473758145675,75.74348593325419,50.00000000000001,49.99999999999999,50.0,0.4857263087655717,0.2571368456172141,0.2571368456172141,0.49999999999999994,0.5
20241227_Brighton_Brentford,44.73205556451299,66.57787055983178,23.820438468907966,50.0,62.70405365346036,63.3564741200074,50.0,0.33102889716281075,0.4926936352183579,0.1762774676188312,0.5589135919394743,0.4410864080605257
20241227_Arsenal_Ipswich,74.01720052188097,19.18421052631579,19.18421052631579,77.9893702730748,20.27089217739904,31.240032452610926,50.0,0.6586002682986184,0.17069986585069077,0.17069986585069077,0.3845398815028036,0.6154601184971963
20241229_Everton_Nott'mForest,35.11561850125064,58.341953301295895,41.30974193998632,23.082648177440685,50.0,23.082648177440685,50.0,0.2605648025925449,0.4329087794445149,0.30652641796294017,0.31584307291926905,0.684156927080731
20241229_Leicester_ManCity,27.9174552036087,29.378759111411163,58.80090804086489,49.99999999999999,50.0,65.57789819924477,50.0,0.24046638398176987,0.2530532929261877,0.5064803230920424,0.5673913371066414,0.4326086628933586
20241229_CrystalPalace_Southampton,68.14294699686343,21.23219432248061,19.77950767740614,50.0,50.0,75.5,50.0,0.6242789255718483,0.19451479637035657,0.18120627805779513,0.601593625498008,0.398406374501992
20241229_Tottenham_Wolves,33.595285110056516,49.116392880335724,34.11974307384117,50.0,78.28758853602925,50.0,50.0,0.2875535091847079,0.420403966954504,0.29204252386078816,0.5,0.5
20241229_WestHam_Liverpool,25.85986959944559,30.337398698736212,61.86925841391191,49.99999999999999,67.29605166672548,50.0,50.0,0.2190279524568815,0.2569517334300367,0.5240203141130817,0.5,0.5
20241229_Fulham_Bournemouth,41.05734577669016,67.66441377124877,25.879971504595236,50.0,50.52733796584506,50.00000000000001,50.00000000000001,0.3050283637189313,0.5027009180501534,0.19227071823091527,0.5,0.5
20241230_AstonVilla_Brighton,56.96451613277793,49.99999999999999,19.54333155195889,50.0,50.0,50.0,50.0,0.450284446184999,0.39523239795053833,0.1544831558644626,0.5,0.5
20241230_Ipswich_Chelsea,19.591068784478615,22.946526128384797,70.16076075065017,24.316634531979325,61.539608236016136,44.90662620044384,50.00000000000001,0.17383633211980642,0.20361012361969894,0.6225535442604947,0.47316639520617404,0.526833604793826
20241230_ManUnited_Newcastle,26.160860581522005,38.47265586572248,61.52734413427752,46.74255185065895,64.87233018124726,45.294364756824905,50.00000000000001,0.20736114561153862,0.30494921870687786,0.4876896356815836,0.4753100025631994,0.5246899974368007
20250101_Brentford_Arsenal,19.18421052631579,19.18421052631579,80.8157894736842,50.0,67.75099963432037,50.0,50.0,0.1609626849194083,0.1609626849194083,0.6780746301611835,0.5,0.5
20250104_AstonVilla_Leicester,63.36954558125327,30.905504369740623,21.767248012061547,50.0,50.0,78.81598428900897,50.0,0.546090061069183,0.26632964800111125,0.18758029092970582,0.6118494123538194,0.38815058764618066
20250104_Tottenham_Newcastle,29.18417073855486,29.18417073855486,56.46591369518862,50.0,80.8157894736842,49.99999999999999,50.0,0.2541416818071112,0.2541416818071112,0.49171663638577756,0.49999999999999994,0.5
20250104_ManCity_WestHam,59.386538853125856,29.415848346747268,27.602069867314857,50.0,50.0,50.0,50.0,0.510174097705282,0.25270379749951166,0.23712210479520643,0.5,0.5
20250104_Bournemouth_Everton,50.0,58.88089947272095,19.434185739631026,49.99999999999999,22.371429360906028,22.371429360906028,50.0,0.3896657974177681,0.45887745291426496,0.15145674966796682,0.3091196285393631,0.6908803714606369
20250104_CrystalPalace_Chelsea,31.136918212944984,51.51986624594561,30.88570305157547,49.99999999999999,49.99999999999999,49.99999999999999,49.99999999999999,0.27423142557163777,0.4537496700624657,0.27201890436589654,0.5,0.5
20250104_Brighton_Arsenal,19.18421052631579,21.50681834929014,71.90362595419846,50.0,70.01032622225905,50.0,50.0,0.17038295961130856,0.1910110065331198,0.6386060338555716,0.5,0.5
20250104_Southampton_Brentford,29.386069970689853,34.33843023835976,54.9649840445122,50.0,50.0,77.21857095637208,50.000000000000014,0.24758781416482556,0.28931316413003355,0.4630990217051409,0.6069756198004547,0.3930243801995453
20250105_Fulham_Ipswich,49.99999999999999,54.67283526919755,19.438581015578592,49.99999999999999,50.0,50.0,50.0,0.40286382588104536,0.44051415176626163,0.15662202235269299,0.5,0.5
20250105_Liverpool_ManUnited,80.8157894736842,19.18421052631579,19.18421052631579,74.8530030698197,50.00000000000001,50.0,50.0,0.6780746301611834,0.16096268491940827,0.16096268491940827,0.5,0.5
20250106_Wolves_Nott'mForest,21.279294276944622,35.89148993265491,64.10851006734507,50.0,49.99999999999999,50.00000000000001,50.00000000000001,0.17545694344454849,0.29594078813400504,0.5286022684214465,0.5,0.5
20250114_Brentford_ManCity,21.377720551101152,30.729908551242126,67.15164551925342,50.00000000000001,49.99999999999999,50.0,50.0,0.17925415544352014,0.2576731130450565,0.5630727315114233,0.5,0.5
20250114_Chelsea_Bournemouth,37.91898153211537,51.35800739532241,39.896294733711024,50.0,50.00000000000001,50.00000000000001,50.00000000000001,0.29355127049015467,0.39759001195670046,0.3088587175531449,0.5,0.5
20250114_WestHam_Fulham,30.124397352048337,55.23531808814517,35.46356579889075,50.0,75.86195655037965,50.0,50.0,0.24932609877096776,0.4571579046826738,0.29351599654635846,0.5,0.5
20250114_Nott'mForest_Liverpool,39.17894438322344,32.44534703698647,48.20657034434379,65.06496390411303,78.65082721817367,50.0,50.0,0.3269520372823746,0.27075952354190524,0.4022884391757201,0.5,0.5
20250115_Leicester_CrystalPalace,19.18421052631579,30.342650057173167,69.25651867512333,50.0,50.0,50.0,50.0,0.1615058491015683,0.25544525039241295,0.5830489005060188,0.5,0.5
20250115_Everton_AstonVilla,19.683880284899615,50.00000000000001,50.00000000000001,50.0,50.00000000000001,50.0,50.0,0.16446559250956294,0.41776720374521853,0.41776720374521853,0.5,0.5
20250115_Arsenal_Tottenham,79.7098768150982,24.825770976237045,19.18421052631579,80.46060293404611,50.0,50.0,50.0,0.6442771427238697,0.2006611655866661,0.15506169168946415,0.5,0.5
20250115_Newcastle_Wolves,79.86631360069299,20.13368639930699,19.18421052631579,76.49917588567793,50.000000000000014,50.0,50.0,0.6701081732891001,0.16892914179149165,0.1609626849194083,0.5,0.5
20250116_Ipswich_Brighton,31.606082928776388,50.00000000000001,33.494669960163414,50.0,49.999999999999986,50.0,50.0,0.274594927795763,0.4344020238359759,0.2910030483682611,0.5,0.5
20250116_ManUnited_Southampton,69.25651867512333,30.611579966341097,19.18421052631579,50.0,50.0,78.15085322701619,49.99999999999999,0.581731838376358,0.25712714167685946,0.1611410199467825,0.6098348255908512,0.3901651744091488
20250118_WestHam_CrystalPalace,32.44713573934637,66.16892201197169,33.831077988028284,50.0,50.0,50.0,50.0,0.2449817850587707,0.4995874138206429,0.25543080112058636,0.5,0.5
20250118_Arsenal_AstonVilla,70.20050172194452,36.430608579756715,30.96494030292791,69.40328385931912,50.0,50.0,50.0,0.5101927083914628,0.2647649290780667,0.22504236253047047,0.5,0.5
20250118_Newcastle_Bournemouth,69.72235601069508,47.1112032417126,20.31807210394438,76.6729338525128,50.0,50.0,50.0,0.5083596550852543,0.3434972138195474,0.14814313109519836,0.5,0.5
20250118_Brentford_Liverpool,19.18421052631579,29.547124223111073,70.45287577688893,49.99999999999999,57.95886501574722,50.0,50.0,0.16096268491940827,0.24791139776511828,0.5911259173154735,0.5,0.5
20250118_Leicester_Fulham,20.468512709401573,31.948850694011874,66.70559911710806,50.0,76.48330633256612,68.83176163515843,50.0,0.17182676015025589,0.26820060564316467,0.5599726342065794,0.5792370717055276,0.42076292829447237
20250119_ManUnited_Brighton,31.75320040963554,59.475196019585084,31.93208125768982,49.999999999999986,50.000000000000014,50.00000000000001,50.00000000000001,0.2578197243628447,0.48290813040510105,0.2592721452320542,0.5,0.5
20250119_Everton_Tottenham,30.701058268334247,49.99999999999999,38.557682398348554,50.0,50.0,50.0,50.0,0.2574323533579889,0.41925648149971156,0.3233111651422995,0.5,0.5
20250119_Ipswich_ManCity,19.18421052631579,28.48540817248079,69.49767529026846,50.0,50.00000000000001,50.0,50.0,0.1637334948446126,0.24311740249919286,0.5931491026561945,0.5,0.5
20250119_Nott'mForest_Southampton,69.25651867512333,19.18421052631579,19.18421052631579,76.13866597973355,19.18421052631579,22.7114259783284,50.0,0.6434987917327778,0.17825060413361105,0.17825060413361105,0.3123501660536478,0.687649833946352
20250120_Chelsea_Wolves,54.89149190388848,34.02689594454193,30.227706874074013,75.69518342253363,50.00000000000001,50.0,50.0,0.4607074367962522,0.28558968738162843,0.2537028758221194,0.5,0.5
20250125_Bournemouth_Nott'mForest,36.39806598558802,63.69227337167009,39.410094999231774,75.85708677376927,76.57792542468768,50.0,49.99999999999999,0.2609172233297401,0.4565740147368006,0.28250876193345936,0.5,0.49999999999999994
20250125_Brighton_Everton,64.15818111306973,39.91282768550273,19.451897755207217,50.86663410897946,24.120701310798857,24.120701310798857,49.99999999999999,0.5194031042747234,0.3231208591106573,0.1574760366146194,0.32542462340793643,0.6745753765920636
20250125_Liverpool_Ipswich,78.07552321736698,19.18421052631579,19.18421052631579,80.8157894736842,24.43986083795874,48.298060004072774,50.0,0.670498785547261,0.16475060722636947,0.16475060722636947,0.49134296243559283,0.5086570375644073
20250125_Southampton_Newcastle,19.18421052631579,19.18421052631579,69.25651867512333,50.0,80.8157894736842,50.0,50.0,0.17825060413361107,0.17825060413361107,0.6434987917327779,0.5,0.5
20250125_Wolves_Arsenal,19.18421052631579,19.18421052631579,72.12799341047487,33.13558642787536,80.43494125441018,40.45052377721299,50.0,0.17361839856551356,0.17361839856551356,0.6527632028689729,0.4472116035153752,0.5527883964846249
20250125_ManCity_Chelsea,67.26920833253445,44.293848090345286,20.54640915377805,66.64701031582773,50.00000000000001,50.0,50.0,0.5091929487331159,0.3352814114946469,0.1555256397722372,0.5,0.5
20250126_Tottenham_Leicester,62.41569350810965,36.63902171227787,20.843560566533736,76.72387736434196,50.0,75.30630007377943,50.0,0.5205720691015815,0.3055842252259855,0.17384370567243296,0.6009777643218228,0.39902223567817713
20250126_CrystalPalace_Brentford,68.77670525477157,46.366817894351016,20.354551568915838,49.99999999999999,50.0,50.00000000000001,50.00000000000001,0.5075843726775517,0.34219540012532995,0.15022022719711825,0.5,0.5
20250126_Fulham_ManUnited,49.99999999999999,67.31497485488808,20.115222352715545,77.45298423059846,50.0,50.0,50.0,0.3638210598247882,0.489812109875687,0.1463668302995248,0.5,0.5
20250126_AstonVilla_WestHam,67.87503944362447,50.0,19.82735733934128,50.0,50.00000000000001,50.00000000000001,50.00000000000001,0.4929110968969048,0.3631018861552972,0.1439870169477979,0.5,0.5
20250201_Nott'mForest_Brighton,67.2571835860813,50.0,19.629617642016076,49.999999999999986,49.99999999999999,49.999999999999986,49.999999999999986,0.49133432137119804,0.36526531083653524,0.14340036779226675,0.5,0.5
20250201_Bournemouth_Liverpool,51.75066618277659,35.71532115128012,47.21856522685991,71.18813650893644,79.67471131610527,50.0,50.0,0.38423609240094725,0.2651775609910899,0.3505863466079629,0.5,0.5
20250201_Everton_Leicester,49.99999999999999,56.00433966984811,19.372190755373143,50.0,22.022544993169188,22.022544993169188,50.00000000000001,0.39879872118348075,0.44668918082121417,0.15451209799530516,0.30577293533931443,0.6942270646606856
20250201_Ipswich_Southampton,54.11022387635603,45.88751839449234,26.63300147801913,50.0,50.0,80.8157894736842,50.0,0.42730716312988537,0.3623726516642427,0.210320185205872,0.6177831422249044,0.3822168577750955
20250201_Newcastle_Fulham,62.4020342468196,42.73310100792418,19.598621571774054,61.57038654053585,50.00000000000001,50.0,50.0,0.5002818469871759,0.34259451567195415,0.15712363734086998,0.5,0.5
20250201_Wolves_AstonVilla,19.18421052631579,26.62890743897236,69.28712698778853,50.0,50.0,50.0,50.0,0.16667393309316317,0.23135404663846076,0.6019720202683762,0.5,0.5
20250202_Brentford_Tottenham,61.62243487289066,32.11165642550578,26.044161444832852,75.52615336163784,49.99999999999999,49.99999999999999,49.99999999999999,0.5144709783418843,0.26809254342976674,0.21743647822834894,0.5,0.5
20250202_ManUnited_CrystalPalace,37.29839160514377,50.0,31.609319571275947,49.99999999999999,50.0,49.99999999999999,49.99999999999999,0.313675128687031,0.42049417573782527,0.26583069557514377,0.5,0.5
20250202_Arsenal_ManCity,53.555725156745424,50.0,50.29233592312119,66.52171969675098,80.8157894736842,50.0,50.0,0.34810789801857317,0.3249959710187291,0.3268961309626977,0.5,0.5
20250203_Chelsea_WestHam,50.0,50.0,20.780483482132443,76.13322851265103,50.00000000000001,62.04540890945126,50.00000000000001,0.4139741666740116,0.4139741666740116,0.17205166665197683,0.5537523537407305,0.44624764625926944
20250212_Everton_Liverpool,26.99471045986399,29.924206836219458,60.260883171464066,50.00000000000001,80.70223348497332,50.0,49.99999999999999,0.23036999851642578,0.25537001016234745,0.5142599913212267,0.5,0.49999999999999994
20250214_Brighton_Chelsea,25.737596193835337,50.00000000000001,63.05139798545803,49.99999999999999,75.5,51.454716885518756,49.99999999999999,0.18544407174380442,0.36025911345252587,0.4542968148036697,0.5071692915330899,0.49283070846691013
20250215_Leicester_Arsenal,19.18421052631579,19.18421052631579,74.01720052188097,19.84301489543107,80.8157894736842,31.983848468095335,50.0,0.17069986585069077,0.17069986585069077,0.6586002682986184,0.39012377517923064,0.6098762248207694
20250215_AstonVilla_Ipswich,66.70559911710804,29.68673167945399,20.46851270940157,50.0,50.0,50.0,49.99999999999999,0.5708122337291186,0.25403489131874213,0.17515287495213938,0.5,0.49999999999999994
20250215_Fulham_Nott'mForest,32.99497209114138,53.03036656388502,42.67726304770841,50.0,49.99999999999999,50.0,50.0,0.25636600701631557,0.41203803079575335,0.33159596218793114,0.5,0.5
20250215_ManCity_Newcastle,66.35436887989127,47.17748174605367,21.380437239801083,50.0,69.35383006186062,50.00000000000001,50.0,0.49183339731012393,0.3496900281833554,0.15847657450652083,0.5000000000000001,0.5
20250215_Southampton_Bournemouth,19.18421052631579,25.917230656103353,69.40830997095844,28.687299503116428,80.8157894736842,36.62106290643414,50.0,0.16753342255211018,0.22633208434266078,0.606134493105229,0.42277318792533497,0.5772268120746651
20250215_WestHam_Brentford,32.56262289102973,63.8232481103579,31.84707592929467,50.00000000000001,50.0,50.00000000000001,50.00000000000001,0.25393335855122945,0.49771333840481913,0.2483533030439513,0.5,0.5
20250215_CrystalPalace_Everton,46.07579026567073,55.20347908211524,28.826320652720028,50.00000000000001,50.000000000000014,50.0,50.0,0.3541415112562922,0.4242975192833801,0.22156096946032772,0.5,0.5
20250216_Liverpool_Wolves,79.08223091115492,19.18421052631579,19.18421052631579,65.3995931487681,36.96812206197245,23.053981433172055,50.0,0.6733230475003094,0.16333847624984532,0.16333847624984532,0.3155746063513493,0.6844253936486506
20250216_Tottenham_ManUnited,30.01817959164553,50.0,35.40551362208483,64.47407001161284,50.0,65.15727369064236,50.000000000000014,0.2600694775557111,0.43318662406179353,0.30674389838249544,0.5658111867573417,0.43418881324265834
20250219_AstonVilla_Liverpool,19.409490249639994,24.874007387833007,71.90362595419846,35.63637439567988,69.26290423364148,23.218930065802923,50.0,0.16705371171639288,0.2140857490822333,0.6188605392013737,0.31711648947800425,0.6828835105219957
20250221_Leicester_Brentford,20.649036393179156,42.812535877053,57.187464122947,50.0,50.0,50.0,50.00000000000001,0.1711496171911949,0.3548518675071108,0.47399851530169423,0.5,0.5000000000000001
20250222_Everton_ManUnited,69.28477840225145,49.386524121486886,19.18421052631579,58.36727210554399,22.099257169881056,22.099257169881056,50.0,0.5025898266186478,0.3582484517942715,0.13916172158708062,0.30651157913888827,0.6934884208611117
20250222_Arsenal_WestHam,80.8157894736842,19.18421052631579,19.18421052631579,77.82299069368378,19.455763931062755,28.65664903390637,50.0,0.6780746301611834,0.16096268491940827,0.16096268491940827,0.3643258311392518,0.6356741688607481
20250222_Bournemouth_Wolves,70.645667853475,29.354332146524968,19.876355725328835,51.94068079461797,32.25452702833741,25.503503676472043,50.0,0.5893211169627524,0.244871742796254,0.16580714024099366,0.33777907560095516,0.6622209243990449
20250222_Fulham_CrystalPalace,49.99999999999999,67.92821621495112,19.44042548176022,49.99999999999999,49.99999999999999,50.0,50.0,0.363984089690515,0.4944957988659893,0.1415201114434957,0.5,0.5
20250222_Ipswich_Tottenham,21.387329729950824,38.694072063782215,59.85880745762278,50.0,50.0,50.0,50.0,0.17831659510556558,0.32261134364616606,0.4990720612482685,0.5,0.5
20250222_Southampton_Brighton,19.18421052631579,27.776806946030707,72.2231930539693,50.00000000000001,50.0,66.06366313062898,50.000000000000014,0.16096268491940827,0.23305777521509535,0.6059795398654964,0.5692019478678241,0.4307980521321759
20250222_AstonVilla_Chelsea,38.03409902823877,65.95956456673603,29.458671430214707,50.0,49.99999999999999,49.99999999999999,49.99999999999999,0.28500137536791487,0.4942556048516197,0.22074301978046543,0.5,0.5
20250223_Newcastle_Nott'mForest,34.49817299563451,67.09605113267095,32.08506984998002,50.0,63.660872792978985,50.0,50.0,0.25806669057691395,0.501918054291713,0.24001525513137315,0.5,0.5
20250223_ManCity_Liverpool,60.02323902702912,50.0,42.907796863378096,49.99999999999999,60.931117727019405,50.0,50.0,0.3924856630804667,0.32694475460056904,0.28056958231896434,0.5,0.5
20250225_Brighton_Bournemouth,43.85038981374636,63.57530859425471,28.582088283414485,50.00000000000001,50.0,50.0,50.0,0.32241087720394523,0.46743874112516093,0.21015038167089375,0.5,0.5
20250225_CrystalPalace_AstonVilla,44.15625831994405,50.0,40.37932405730481,50.0,50.0,50.0,50.0,0.32821248876840825,0.3716488910702886,0.30013862016130316,0.5,0.5
20250225_Wolves_Fulham,31.62717916064372,59.910283100510895,34.5850113847929,50.000000000000014,50.00000000000001,50.000000000000014,50.0,0.2507656109681761,0.4750167148536251,0.2742176741781988,0.5000000000000001,0.49999999999999994
20250225_Chelsea_Southampton,70.42377415511893,29.576225844881076,19.18421052631579,50.0,50.0,78.60989510880337,50.0,0.5908817438495295,0.2481555712310622,0.16096268491940824,0.6112274257147926,0.3887725742852075
20250226_Brentford_Everton,36.907363383961176,50.0,29.581884864677214,50.00000000000001,68.24400984338881,49.99999999999999,49.99999999999999,0.31683064264596256,0.42922416233022975,0.2539451950238076,0.5,0.5
20250226_ManUnited_Ipswich,50.0,50.00000000000001,19.25782013204803,50.0,50.0,76.12869951258101,50.00000000000001,0.4192597176825602,0.41925971768256026,0.16148056463487961,0.6035795168488783,0.3964204831511216
20250226_Nott'mForest_Arsenal,25.545046943342484,31.75486481183786,68.24513518816214,50.0,78.95790814850308,49.99999999999999,50.00000000000001,0.20347315617214884,0.252936022447533,0.5435908213803181,0.49999999999999994,0.5000000000000001
20250226_Tottenham_ManCity,38.48613649723283,40.28418420586546,48.77747285583417,49.999999999999986,50.0,50.0,50.00000000000001,0.3017389436803594,0.31583599435024695,0.38242506196939363,0.5,0.5000000000000001
20250226_Liverpool_Newcastle,65.84552309434714,33.64487893308174,31.442831201873116,80.24387856033722,50.0,49.99999999999999,50.0,0.502893890804885,0.2569621027700417,0.24014400642507325,0.49999999999999994,0.5
20250227_WestHam_Leicester,49.99999999999999,49.99999999999999,19.91092148942081,50.0,50.0,50.0,50.0,0.4169761968213318,0.4169761968213318,0.16604760635733637,0.5,0.5
20250308_CrystalPalace_Ipswich,69.25651867512333,25.44490134536177,19.18421052631579,79.78674502700888,23.23007380729017,41.73389494070547,50.0,0.6081234159445832,0.22342503811229528,0.16845154594312148,0.4549451973851239,0.545054802614876
20250308_Brighton_Fulham,50.548138611466804,63.7085764856079,20.39296928987821,50.0,50.0,50.0,50.0,0.37540480574913804,0.4731431549629465,0.15145203928791545,0.5,0.5
20250308_Nott'mForest_ManCity,21.04520453032317,35.590349267153314,64.40965073284666,49.99999999999999,52.637898077851915,49.99999999999999,50.0,0.17386235672848252,0.2940252726677623,0.5321123706037553,0.49999999999999994,0.5
20250308_Liverpool_Southampton,69.97236571538535,19.18421052631579,19.18421052631579,80.72293489611913,19.18421052631579,30.736685212612386,50.0,0.6458543250679231,0.17707283746603844,0.17707283746603844,0.3807028382657803,0.6192971617342198
20250308_Wolves_Everton,29.40377135366166,53.76417140907437,37.87658916819553,50.0,50.0,50.0,50.0,0.24291697348575447,0.44416852666878337,0.3129144998454622,0.5,0.5
20250308_Brentford_AstonVilla,37.34782629559243,49.99999999999999,37.90032638357431,61.57313501230274,50.00000000000001,49.99999999999999,49.99999999999999,0.2981906359230854,0.399207484744937,0.3026018793319775,0.5,0.5
20250309_Chelsea_Leicester,69.40282816420554,29.809711128144773,19.18421052631579,76.79003262890701,50.0,50.25641766625513,50.0,0.5861886265501495,0.25177812037746544,0.16203325307238511,0.5012788092384706,0.4987211907615295
20250309_Tottenham_Bournemouth,48.846670521700496,50.00000000000001,35.11874504814711,50.00000000000001,49.99999999999999,49.99999999999999,49.99999999999999,0.3646214981226446,0.37323065648932907,0.2621478453880264,0.5,0.5
20250309_ManUnited_Arsenal,28.91134714417648,28.91134714417648,56.99696980318617,50.0,50.0,50.00000000000001,50.00000000000001,0.25179787254147623,0.25179787254147623,0.49640425491704765,0.5,0.5
20250310_WestHam_Newcastle,31.27255652207015,50.73404845720847,34.11063751253217,50.0,49.99999999999999,50.00000000000001,50.00000000000001,0.26931880098922995,0.4369208858950169,0.2937603131157531,0.5,0.5
20250315_Everton_WestHam,50.00000000000001,66.74891937120977,20.370527313613913,50.0,23.79918714881537,23.79918714881537,50.0,0.3646455787918081,0.48679396675685027,0.1485604544513416,0.3224857626253326,0.6775142373746673
20250315_Ipswich_Nott'mForest,20.620311326958525,26.83983711862742,66.36497133131988,50.00000000000001,78.77415952029904,49.99999999999999,49.99999999999999,0.18115782673783942,0.23579889194259385,0.5830432813195667,0.5,0.5
20250315_ManCity_Brighton,37.299676288374876,28.699379235905266,59.59820852509769,49.99999999999999,69.75570700012283,50.0,50.0,0.2969784140656975,0.2285032198203161,0.4745183661139864,0.5,0.5
20250315_Southampton_Wolves,21.639551595431215,37.81183411292467,60.340116982185286,50.0,50.0,50.0,50.0,0.18064346059113165,0.31564704727516807,0.5037094921337003,0.5,0.5
20250315_Bournemouth_Brentford,31.27919419081857,61.93786821226391,34.61066896104344,49.99999999999999,50.0,49.99999999999999,49.99999999999999,0.2446980311472295,0.4845417152544913,0.27076025359827915,0.5,0.5
20250316_Arsenal_Chelsea,42.666760304313506,45.15085145245195,30.211619106419406,49.99999999999999,50.0,50.0,50.0,0.36149316565293255,0.3825395719539099,0.25596726239315754,0.5,0.5
20250316_Fulham_Tottenham,36.72021655165214,55.955965544185496,38.04563723015915,50.0,50.0,50.0,50.0,0.28090349982108576,0.42805375439765986,0.2910427457812544,0.5,0.5
20250316_Leicester_ManUnited,20.123431127309328,29.43057040906707,67.44829503311388,50.0,50.0,50.0,50.0,0.17199176184851697,0.25153839943293416,0.5764698387185488,0.5,0.5
20250401_Arsenal_Fulham,67.73626988243208,32.26373011756794,19.509040592265823,49.99999999999999,50.0,50.00000000000001,50.00000000000001,0.5667878308347469,0.26996894927508874,0.16324321989016427,0.5,0.5
20250401_Wolves_WestHam,38.94776572229437,50.0,28.57708001074793,38.40450556290482,50.000000000000014,26.530209756737868,50.00000000000001,0.3314002709755878,0.4254419538960723,0.24315777512833983,0.34666323065189425,0.6533367693481058
20250401_Nott'mForest_ManUnited,56.214717687449735,49.999999999999986,28.010180564376494,50.0,50.0,50.0,50.0,0.4188099109748061,0.3725091294626458,0.20868095956254823,0.5,0.5
20250402_Bournemouth_Ipswich,61.37346173135798,38.427866830918674,19.954251347739135,76.11303117564398,49.99999999999999,49.99999999999999,49.99999999999999,0.512489370244576,0.32088581475529854,0.16662481500012558,0.5,0.5
20250402_Brighton_AstonVilla,61.782801101159926,50.0,19.343861280015584,68.44400293739744,50.00000000000001,50.0,50.0,0.47116886817085224,0.38131070441382625,0.14752042741532162,0.5,0.5
20250402_ManCity_Leicester,69.25651867512333,19.18421052631579,19.18421052631579,77.96916709164586,50.0,49.999999999999986,50.0,0.6434987917327778,0.17825060413361105,0.17825060413361105,0.49999999999999994,0.5000000000000001
20250402_Newcastle_Brentford,30.932649810020244,57.69859220952378,32.25898278697985,49.99999999999999,50.0,49.99999999999999,49.99999999999999,0.2558738711878957,0.477280874461655,0.2668452543504492,0.5,0.5
20250402_Southampton_CrystalPalace,19.18421052631579,19.18421052631579,69.25651867512333,19.78173365389643,78.58951068744018,30.09231044593232,50.0,0.17825060413361107,0.17825060413361107,0.6434987917327779,0.3757203441677044,0.6242796558322955
20250402_Liverpool_Everton,72.22483538418815,27.775164615811846,19.18421052631579,72.37254477938036,50.0,50.0,50.00000000000001,0.6059933196288695,0.23304399545172225,0.16096268491940827,0.5,0.5000000000000001
20250403_Chelsea_Tottenham,50.0,50.0,19.240763821697122,49.99999999999999,49.99999999999999,50.0,50.0,0.4193196889845985,0.4193196889845985,0.16136062203080304,0.5,0.5
20250405_Ipswich_Wolves,29.670286033058762,30.441174454452494,56.215352314949946,50.000000000000014,50.0,50.00000000000001,50.00000000000001,0.2550597348819567,0.26168665435840455,0.48325361075963874,0.5,0.5
20250405_CrystalPalace_Brighton,51.29669512253894,68.41321961879886,19.69105124130361,61.39351807191544,50.0,50.0,50.0,0.36797948106705763,0.4907657499828076,0.14125476895013478,0.5,0.5
20250405_AstonVilla_Nott'mForest,54.81000547062055,57.36018687964037,39.87004121372555,50.0,63.12246456863134,50.0,50.0,0.3604967197551274,0.3772697892857433,0.2622334909591293,0.5,0.5
20250405_WestHam_Bournemouth,36.46703504294157,49.337674880950864,34.69437884542934,50.0,49.99999999999999,50.0,50.0,0.3026332847441899,0.4094443815703932,0.2879223336854169,0.5,0.5
20250405_Everton_Arsenal,19.18421052631579,29.21659270818009,70.78340729181991,50.0,49.99999999999999,50.0,50.0,0.16096268491940827,0.24513811501674618,0.5938992000638456,0.5,0.5
20250406_Brentford_Chelsea,26.63454249369716,50.0,60.00258682081823,50.00000000000001,49.999999999999986,50.00000000000001,50.00000000000001,0.19492902571444531,0.3659327464711917,0.43913822781436296,0.5,0.5
20250406_Fulham_Liverpool,19.18421052631579,19.18421052631579,80.8157894736842,50.0,69.18241667091861,50.0,50.0,0.1609626849194083,0.1609626849194083,0.6780746301611835,0.5,0.5
20250406_Tottenham_Southampton,69.33252201071359,29.17273945117884,19.18421052631579,50.0,50.0,50.0,49.999999999999986,0.5891140544641095,0.24787892203392475,0.1630070235019657,0.5000000000000001,0.49999999999999994
20250406_ManUnited_ManCity,32.96990204528534,32.96990204528534,47.1945034154972,50.0,50.0,49.99999999999999,49.99999999999999,0.2914226707359925,0.2914226707359925,0.41715465852801514,0.5,0.5
20250407_Leicester_Newcastle,19.18421052631579,19.18421052631579,69.25651867512333,50.0,50.0,76.60562554029141,50.0,0.17825060413361107,0.17825060413361107,0.6434987917327779,0.6050728410635448,0.3949271589364552
20250412_ManCity_CrystalPalace,39.61056678418666,44.764172762255654,46.90402273952583,50.0,77.5165254701716,50.0,49.999999999999986,0.3017286733546579,0.3409856398915815,0.35728568675376077,0.5000000000000001,0.49999999999999994
20250412_Brighton_Leicester,68.03495921306911,24.96300511862361,19.833563861690866,50.0,50.0,78.17706139768808,50.0,0.6029782659370084,0.22124139873244608,0.1757803353305455,0.60991460207636,0.39008539792364005
20250412_Nott'mForest_Everton,69.24005712212202,49.99999999999999,20.3514803521503,50.00000000000001,50.0,50.0,50.0,0.49601901644563123,0.35818790239498105,0.14579308115938774,0.5,0.5
20250412_Southampton_AstonVilla,19.18421052631579,19.18421052631579,69.25651867512333,50.0,76.10774901769774,49.99999999999999,50.0,0.17825060413361107,0.17825060413361107,0.6434987917327779,0.49999999999999994,0.5
20250412_Arsenal_Brentford,70.71618553708062,29.283814462919395,19.18421052631579,50.0,22.19051590171106,31.545534569230206,50.0,0.5933351844577308,0.24570213062286086,0.16096268491940824,0.386845640731545,0.6131543592684551
20250413_Chelsea_Ipswich,74.00177002415633,21.070797433002863,19.847892502862056,50.0,50.0,50.0,50.0,0.6439390344408664,0.1833511407832253,0.1727098247759083,0.5,0.5
20250413_Liverpool_WestHam,72.7982801475944,27.201719852405596,19.18421052631579,54.21347977353938,23.130346869936638,23.130346869936638,49.99999999999999,0.6108047351752235,0.22823257990536822,0.16096268491940827,0.31628930888396156,0.6837106911160384
20250413_Wolves_Tottenham,46.381054876932865,41.67176585340189,34.52006185138964,50.00000000000001,50.00000000000001,50.0,50.0,0.37839572587361403,0.33997540871748366,0.28162886540890225,0.5,0.5
20250413_Newcastle_ManUnited,68.20166280273536,54.38217645252648,19.39274016387499,73.54567849680349,50.0,50.00000000000001,50.00000000000001,0.4803726296391005,0.3830362491829154,0.136591121177984,0.5,0.5
20250414_Bournemouth_Fulham,37.65144508849043,37.65144508849043,41.90585118874487,49.99999999999999,54.94971911854544,50.0,50.0,0.3212341046390632,0.3212341046390632,0.3575317907218737,0.5,0.5
20250416_Newcastle_CrystalPalace,69.26580823010708,58.86006774800774,23.930747880346107,70.26405818095247,50.0,50.0,50.00000000000001,0.4555264116253289,0.38709308581516666,0.1573805025595044,0.5,0.5000000000000001
20250419_Brentford_Brighton,43.960954753262584,49.99999999999999,24.56971001879764,50.0,50.0,50.00000000000001,50.00000000000001,0.3708825461985004,0.4218317689869726,0.20728568481452708,0.5,0.5
20250419_CrystalPalace_Bournemouth,44.33148234818865,58.88995785403279,23.721247284577224,50.0,50.0,50.0,50.0,0.3492243879963458,0.46390980859103853,0.18686580341261566,0.5,0.5
20250419_Everton_ManCity,30.469292776711846,31.102112689084798,55.108551126322084,47.021505661014366,50.0,24.336174263128814,50.0,0.26113561974679317,0.266559172607591,0.4723052076456159,0.32737996681112097,0.6726200331888791
20250419_WestHam_Southampton,67.5255216794972,31.001982062054577,20.0856282845604,50.0,50.0,50.0,50.0,0.5692921224323774,0.26137057113734774,0.1693373064302748,0.5,0.5
20250419_AstonVilla_Newcastle,52.70630933891841,50.11730290537572,53.68574810868635,71.0404393099111,76.99205187269246,50.0,50.0,0.3367613874342609,0.3202192047321936,0.3430194078335455,0.5,0.5
20250420_Fulham_Chelsea,29.882755137130182,62.216576103003405,35.9620214625685,50.00000000000001,49.999999999999986,49.999999999999986,49.999999999999986,0.23334717700900606,0.48583413176527096,0.28081869122572295,0.5,0.5
20250420_Ipswich_Arsenal,19.18421052631579,27.577677068498716,69.28712698778853,50.0,50.0,50.0,50.0,0.1653112746826521,0.23763818389745206,0.5970505414198958,0.5,0.5
20250420_ManUnited_Wolves,29.79989930100359,41.56925065395432,55.163830617209655,35.420652061190005,65.68181299941133,29.15483924461927,50.00000000000001,0.2355109250272291,0.3285250253806,0.43596404959217083,0.3683266812597454,0.6316733187402546
20250420_Leicester_Liverpool,19.18421052631579,19.18421052631579,69.33252201071359,22.92132744587727,79.63173428017055,40.29970664287992,50.0,0.17812481470132016,0.17812481470132016,0.6437503705973597,0.4462883451245135,0.5537116548754865
20250421_Tottenham_Nott'mForest,30.67532978624865,66.29428175708156,33.70571824291847,49.999999999999986,50.00000000000001,49.999999999999986,49.999999999999986,0.23474461351217266,0.5073205620794836,0.2579348244083438,0.5,0.5
20250422_ManCity_AstonVilla,51.39162924787353,50.0,52.25036446708134,73.66463865225788,79.13063429357015,50.0,50.0,0.33448947130442813,0.325431861374845,0.34007866732072684,0.5,0.5
20250423_Arsenal_CrystalPalace,68.44482797842952,25.398725734811233,24.75934436148004,72.24278595670944,50.0,50.0,50.0,0.5770923737066586,0.2141492842679934,0.2087583420253479,0.5,0.5
20250426_Chelsea_Everton,68.06117477311317,50.0,19.36511932113884,49.99999999999999,20.64433968177068,20.64433968177068,50.0,0.49525584038840714,0.3638313928898364,0.14091276672175654,0.29222921149474373,0.7077707885052563
20250426_Brighton_WestHam,34.85432396582116,63.07107659373599,32.55889019671807,50.0,50.0,50.0,50.0,0.2671150968734139,0.48336145468685693,0.24952344843972918,0.5,0.5
20250426_Newcastle_Ipswich,80.22205793255186,19.777942067448137,19.18421052631579,80.8157894736842,49.99999999999999,50.0,50.0,0.67309300097968,0.16594431410091173,0.16096268491940827,0.5,0.5
20250426_Southampton_Fulham,28.647478841806127,28.72358559077986,57.507418253130815,50.0,50.0,50.0,50.0,0.2493720161692905,0.2500345140295899,0.5005934698011196,0.5,0.5
20250426_Wolves_Leicester,69.25651867512333,28.029763832886584,19.18421052631579,77.10551823119758,20.10193507913813,27.369655539826326,50.0,0.5946271615310526,0.24065978517516676,0.16471305329378058,0.35375180810696116,0.6462481918930388
20250427_Bournemouth_ManUnited,50.00000000000001,50.00000000000001,19.24969430775706,50.00000000000001,24.5,24.5,49.99999999999999,0.41928828656752004,0.41928828656752004,0.16142342686496,0.3288590604026846,0.6711409395973154
20250427_Liverpool_Tottenham,80.8157894736842,19.18421052631579,19.18421052631579,66.8400571357898,49.99999999999999,50.00000000000001,50.0,0.6780746301611834,0.16096268491940827,0.16096268491940827,0.5000000000000001,0.5
20250501_Nott'mForest_Brentford,42.81335395257613,63.86355947517555,25.589167911120494,49.99999999999999,50.0,49.99999999999999,49.99999999999999,0.32369110447058774,0.48284154810297875,0.1934673474264335,0.5,0.5
20250502_ManCity_Wolves,60.58268214180416,29.76294056718116,26.844473124107264,79.41964389347554,79.59319326480997,50.0,50.0,0.5169607696890081,0.25397146709028107,0.22906776322071082,0.5,0.5
20250503_AstonVilla_Fulham,66.4409487181216,49.99999999999999,20.531209108266875,52.9027455527829,49.99999999999999,50.0,50.0,0.4850690079828864,0.36503768936293424,0.1498933026541794,0.5,0.5
20250503_Everton_Ipswich,49.99999999999999,49.99999999999999,19.94704516386494,50.0,29.282241392177234,22.842475502213723,49.999999999999986,0.41685061880176205,0.41685061880176205,0.16629876239647592,0.31358730390099837,0.6864126960990015
20250503_Leicester_Southampton,37.589137391496706,50.0,34.19266823607048,50.0,50.0,80.8157894736842,50.0,0.30865971478901955,0.4105703618232585,0.2807699233877219,0.6177831422249044,0.3822168577750955
20250503_Arsenal_Bournemouth,66.38860331360817,33.61139668639185,20.584791278633087,49.99999999999999,22.654582910950865,34.7196094455937,50.00000000000001,0.5505553611666103,0.27873661620167833,0.1707080226317113,0.4098178647517299,0.5901821352482701
20250504_Brighton_Newcastle,24.18962288319384,41.5734034279576,58.426596572042385,49.99999999999999,80.78256447385878,49.99999999999999,50.0,0.19477974344076493,0.3347574657430061,0.47046279081622905,0.49999999999999994,0.5
20250504_Brentford_ManUnited,69.27667354850817,45.65937127757683,20.12343112730932,50.00000000000001,20.706509068876233,22.221424478026066,50.0,0.5129345650090766,0.33806862462085036,0.14899681037007295,0.30768466059246874,0.6923153394075312
20250504_Chelsea_Liverpool,54.17660092722594,36.21252642555346,49.132262939657096,50.0,80.24076082112609,50.0,49.99999999999999,0.38830319002464003,0.25954820511501564,0.35214860486034427,0.5,0.49999999999999994
20250504_WestHam_Tottenham,35.295168957173765,60.011273830310664,30.215008595429616,50.0,49.99999999999999,49.99999999999999,49.99999999999999,0.2811883432537981,0.47809576107625684,0.24071589566994503,0.5,0.5
20250505_CrystalPalace_Nott'mForest,50.0,54.50085336081378,19.25635650031444,50.00000000000001,50.0,49.99999999999999,49.99999999999999,0.4040168654101571,0.4403852787402921,0.15559785584955083,0.5,0.5
20250510_Fulham_Everton,49.85134577186674,66.10077739615221,19.30736390199526,49.999999999999986,50.0,50.0,50.0,0.36856080746530007,0.4886960525137623,0.1427431400209378,0.5,0.5
20250510_Ipswich_Brentford,19.18421052631579,26.19008527990889,72.97006069134596,50.0,80.8157894736842,50.0,50.0,0.16210498830765624,0.22130404909038917,0.6165909626019546,0.5,0.5
20250510_Southampton_ManCity,19.18421052631579,19.18421052631579,69.25651867512333,19.18421052631579,76.54960283179983,24.128231152218014,50.0,0.17825060413361107,0.17825060413361107,0.6434987917327779,0.32549314582553707,0.6745068541744631
20250510_Wolves_Brighton,55.225734563634745,49.99999999999999,29.91474338148045,75.79491936516432,50.0,50.0,50.0,0.40865427889091566,0.3699853719646201,0.22136034914446406,0.5,0.5
20250510_Bournemouth_AstonVilla,35.46126336749214,52.68546907617581,46.238613706463944,33.28961772177434,64.6229498046984,24.208291892364183,50.00000000000001,0.2638774567568975,0.39204772384421244,0.34407481939888995,0.3262208477656005,0.6737791522343995
20250511_Newcastle_Chelsea,52.41248203182225,50.0,50.08368796841742,50.0,50.8635646364431,50.0,50.0,0.343697038632117,0.3278770870109159,0.3284258743569672,0.5,0.5
20250511_ManUnited_WestHam,34.95135931555141,55.406561641977966,32.372931002356125,50.0,50.0,50.0,50.0,0.2847805483088738,0.451447706564341,0.2637717451267852,0.5,0.5
20250511_Nott'mForest_Leicester,66.03060685511807,31.269633325514256,22.29486956714721,50.0,50.0,50.0,49.99999999999999,0.552117950260454,0.2614624744394687,0.1864195753000774,0.5,0.49999999999999994
20250511_Tottenham_CrystalPalace,38.58431518183317,65.43762277496914,29.35978975342125,50.0,50.0,60.609207004584064,49.99999999999999,0.2892773683788153,0.49060410221357054,0.22011852940761434,0.5479580646670055,0.4520419353329946
20250511_Liverpool_Arsenal,65.46573096353721,50.0,21.338363351177012,50.0,49.99999999999999,50.0,50.0,0.47853634272768925,0.3654861373152788,0.15597751995703188,0.5,0.5
20250516_AstonVilla_Tottenham,69.7108673676728,30.28913263232721,19.18421052631579,77.73354502179485,21.13001960358888,31.310938135484157,50.0,0.5849001898811141,0.25413712519947756,0.16096268491940824,0.3850765819884206,0.6149234180115795
20250516_Chelsea_ManUnited,70.56711729477831,29.432882705221683,19.18421052631579,50.0,22.99731002592489,35.45253985051868,50.00000000000001,0.5920844462798799,0.24695286880071185,0.16096268491940827,0.41487988434908396,0.585120115650916
20250518_Everton_Southampton,70.56753854996047,29.432461450039533,19.18421052631579,49.99999999999999,24.33501673435667,24.33501673435667,50.0,0.5920879807680499,0.24694933431254187,0.16096268491940827,0.3273694929177213,0.6726305070822787
20250518_WestHam_Nott'mForest,32.96028886768672,60.217544856368825,32.098491240843565,50.0,49.99999999999999,49.99999999999999,49.99999999999999,0.26310070060661334,0.4806777727015942,0.25622152669179243,0.5,0.5
20250518_Brentford_Fulham,71.1485049325296,40.00104426208682,19.18421052631579,66.4299972617746,43.24075445728159,31.569086698341778,49.99999999999999,0.5458946713796273,0.30691237901627466,0.14719294960409798,0.3870226819516853,0.6129773180483146
20250518_Leicester_Ipswich,38.729685785674405,50.0,28.00925772781809,50.0,50.0,77.60079418674454,49.99999999999999,0.3317632027498869,0.4283060861709878,0.23993071107912523,0.6081529090890712,0.39184709091092873
20250518_Arsenal_Newcastle,31.972980614670455,54.25022194115148,30.920852433738155,50.0,49.99999999999999,50.0,50.0,0.2729372874920532,0.46310691520782915,0.2639557973001176,0.5,0.5
20250519_Brighton_Liverpool,31.154449974462715,31.154449974462715,50.036173599165004,50.0,56.863943448601944,50.0,50.0,0.27731033493984714,0.27731033493984714,0.44537933012030584,0.5,0.5
20250520_CrystalPalace_Wolves,61.11156772576473,50.0,19.44766092800818,50.00000000000001,49.99999999999999,49.99999999999999,49.99999999999999,0.46807543484976555,0.38296794884254315,0.14895661630769122,0.5,0.5
20250520_ManCity_Bournemouth,70.82548122741383,35.203912815566156,21.286550371361017,50.00000000000001,21.645065646274425,28.022238804823534,49.99999999999998,0.5562970259005201,0.27650828007054196,0.16719469402893797,0.3591570715488253,0.6408429284511746
20250525_Tottenham_Brighton,27.256989315164535,29.622386163730397,59.931964887432535,50.0,79.59729292765628,60.19033859648711,50.0,0.2333419788668203,0.253591698124795,0.5130663230083847,0.5462397099704165,0.4537602900295835
20250525_Wolves_Brentford,26.725871007190822,42.01969272590914,57.9803072740909,49.99999999999999,53.22114812632126,50.0,50.0,0.2108951455198466,0.3315794351377928,0.4575254193423607,0.5,0.5
20250525_Bournemouth_Leicester,43.80912164739763,35.13913900841035,35.13913900841035,50.0,50.0,50.0,50.0,0.383996144853301,0.3080019275733495,0.3080019275733495,0.5,0.5
20250525_Fulham_ManCity,20.193677958353,20.876276714056157,80.22205793255186,50.0,64.66455390219004,50.00000000000001,50.00000000000001,0.16648811017855145,0.1721158406534866,0.661396049167962,0.5,0.5
20250525_Ipswich_WestHam,22.1530463344624,49.99999999999999,46.12129485197406,50.0,50.0,50.0,50.0,0.18730221713551917,0.422745960775928,0.3899518220885528,0.5,0.5
20250525_Liverpool_CrystalPalace,49.19013440516233,34.57372769786559,42.543480610674585,51.40189004957433,63.79164030238066,52.28083790256714,24.499999999999996,0.3894479398292806,0.273726981781518,0.3368250783892015,0.680909968303682,0.3190900316963179
20250525_ManUnited_AstonVilla,19.18421052631579,27.69469384172137,72.30530615827864,19.18421052631579,66.31619117942107,23.56420403505877,50.0,0.16096268491940824,0.23236881562936892,0.6066684994512228,0.32032160673999394,0.6796783932600061
20250525_Newcastle_Everton,37.043809839637156,50.0,28.75866781329166,49.99999999999999,50.0,50.0,50.0,0.3198878866017101,0.43176969105837976,0.2483424223399102,0.5,0.5
20250525_Nott'mForest_Chelsea,31.17685379852576,63.505796621617456,48.32725899791156,50.0,50.0,50.0,50.0,0.21800484963169783,0.44406570761452385,0.3379294427537783,0.5,0.5
20250525_Southampton_Arsenal,19.18421052631579,22.202297954621507,70.46543971280512,22.82275281411285,53.16319002154544,25.957712032167063,50.0,0.17151431723912572,0.19849719484692552,0.6299884879139488,0.3417389931541688,0.6582610068458312
20250815_Liverpool_Bournemouth,52.30334330597769,31.982940400247564,31.982940400247564,50.00000000000001,49.99999999999999,50.0,50.0,0.44984684217107385,0.2750765789144631,0.2750765789144631,0.5,0.5
20250816_AstonVilla_Newcastle,63.804521480353806,50.0,19.193739297884186,50.0,50.0,50.0,50.0,0.4797395176974668,0.37594476579938346,0.14431571650314984,0.5,0.5
20250816_Wolves_ManCity,19.18421052631579,19.18421052631579,80.8157894736842,50.0,65.97082850773825,50.00000000000002,50.00000000000002,0.1609626849194083,0.1609626849194083,0.6780746301611835,0.5,0.5
20250816_Brighton_Fulham,70.67000498846309,40.72943117434852,19.18421052631579,74.820408381206,50.0,55.52757368743984,50.0,0.5411857210321512,0.3119030001613496,0.1469112788064993,0.5261901865753678,0.47380981342463224
20250816_Tottenham_Burnley,34.20218436665948,50.0,31.42068469568346,50.0,50.0,77.67477412048612,50.0,0.29580812726778066,0.4324404021927565,0.27175147053946286,0.6083799611596319,0.3916200388403681
20250816_Sunderland_WestHam,42.90228757095975,66.83119877891185,24.410478710990624,50.0,49.999999999999986,49.999999999999986,49.999999999999986,0.3198227184614278,0.49820503478177336,0.18197224675679885,0.5,0.5
20250817_Chelsea_CrystalPalace,66.93556556136059,49.99999999999999,21.066533425664513,49.99999999999999,50.0,49.99999999999999,49.99999999999999,0.48503295277888375,0.36231332977552005,0.15265371744559608,0.5,0.5
20250817_Nott'mForest_Brentford,30.984579017469976,49.99999999999999,33.69261301854793,49.99999999999999,49.99999999999999,49.99999999999999,49.99999999999999,0.2701895509242877,0.43600649015103154,0.29380395892468075,0.5,0.5
20250817_ManUnited_Arsenal,19.18421052631579,28.72700799837988,71.27299200162012,32.490177609540744,50.00000000000001,32.490177609540744,50.000000000000014,0.16096268491940827,0.24103031661259336,0.5980069984679983,0.39386722820903414,0.6061327717909659
20250818_Leeds_Everton,19.18421052631579,27.732071033677634,69.25651867512333,24.36894726393556,50.0,47.51338791236366,49.99999999999999,0.1651351304908701,0.23871397588378673,0.5961508936253432,0.4872498938818992,0.5127501061181008
20250822_WestHam_Chelsea,21.212678396032313,42.78927058850119,67.698113620205,50.0,50.0,50.0,50.0,0.16106809652548407,0.3248993944438843,0.5140325090306318,0.5,0.5
20250823_ManCity_Tottenham,80.8157894736842,19.18421052631579,19.18421052631579,80.8157894736842,50.0,50.0,50.0,0.6780746301611834,0.16096268491940827,0.16096268491940827,0.5,0.5
20250823_Bournemouth_Wolves,50.0,57.466116303849006,19.920854098606565,50.0,49.99999999999999,53.53168543025443,49.99999999999999,0.39250482087794575,0.451114553727869,0.1563806253941852,0.5170560607391715,0.4829439392608285
20250823_Brentford_AstonVilla,26.621694389136273,60.42447260338405,39.57552739661593,50.0,50.00000000000001,49.999999999999986,49.999999999999986,0.2102459181072239,0.4772047388474078,0.3125493430453683,0.5,0.5
20250823_Burnley_Sunderland,19.18421052631579,29.511974103525592,69.25651867512333,22.411660148953683,80.8157894736842,38.68541373123777,50.0,0.1626432458840332,0.250201761185777,0.5871549929301898,0.4362094295289008,0.5637905704710993
20250823_Arsenal_Leeds,77.91803128093976,22.081968719060242,19.18421052631579,75.5,23.97533329184836,40.439918822699326,49.99999999999999,0.6537613576232525,0.18527595745733919,0.16096268491940827,0.44714678373361605,0.5528532162663838
20250824_Everton_Brighton,32.81218613555973,65.25660532610054,48.05388982398252,49.99999999999999,78.65082721817367,50.0,50.0,0.22455231348662416,0.4465877901496754,0.3288598963637005,0.5,0.5
20250824_Fulham_ManUnited,49.99999999999999,49.99999999999999,20.82701202533891,50.0,50.0,50.0,49.99999999999999,0.41381475186620015,0.41381475186620015,0.17237049626759976,0.5,0.49999999999999994
20250824_CrystalPalace_Nott'mForest,69.07354594144044,49.99999999999999,20.379805880912993,49.99999999999999,50.0,49.99999999999999,49.99999999999999,0.4953164985910968,0.3585428341922817,0.14614066721662153,0.5,0.5
20250825_Newcastle_Liverpool,33.603731239133204,48.853586125785995,34.48224097194602,49.99999999999999,50.0,50.0,50.0,0.28735982688023903,0.4177678351157659,0.29487233800399504,0.5,0.5
20250830_Wolves_Everton,25.376435757898403,37.42393399729705,62.57606600270296,20.753149733189,50.0,22.50341392121519,50.0,0.20240195539535227,0.29849256577657524,0.49910547882807255,0.3103773009319011,0.689622699068099
20250830_Leeds_Newcastle,31.029085955340854,31.029085955340854,51.67207066371573,29.991929893984896,50.0,29.991929893984896,50.0,0.2728305616251804,0.2728305616251804,0.45433887674963924,0.3749369459360948,0.6250630540639053
20250830_Chelsea_Fulham,65.08558202601306,44.6579936921236,20.21311859208631,59.764287776997875,23.48013464511842,39.61327910850053,49.99999999999999,0.5008251584996891,0.34363750116265157,0.15553734033765937,0.44204697677158095,0.5579530232284191
20250830_ManUnited_Burnley,49.99999999999999,49.99999999999999,20.21013118545995,50.0,50.0,50.0,50.0,0.4159383198980134,0.4159383198980134,0.16812336020397317,0.5,0.5
20250830_Sunderland_Brentford,32.880817750500036,50.0,31.995495150036707,50.0,49.99999999999999,49.99999999999999,49.99999999999999,0.28622800401828014,0.43525073827266253,0.2785212577090574,0.5,0.5
20250830_Tottenham_Bournemouth,38.36886054810392,59.484246660375355,32.25996241605965,50.0,49.99999999999999,49.99999999999999,49.99999999999999,0.294888596962804,0.4571734940388864,0.2479379089983096,0.5,0.5
20250831_AstonVilla_CrystalPalace,30.927124324923838,50.0,32.358133302375926,50.0,50.0,50.0,50.0,0.27300219792651065,0.44136369592322733,0.2856341061502621,0.5,0.5
20250831_Brighton_ManCity,49.07635337704337,40.15882299359654,38.42729769979509,50.0,49.99999999999999,50.00000000000001,50.00000000000001,0.38442270318188065,0.3145703017743474,0.30100699504377193,0.5,0.5
20250831_Liverpool_Arsenal,51.388656536738814,50.0,52.52501221676232,50.0,78.939984088511,49.99999999999999,50.0,0.3338797453983102,0.3248574373214181,0.3412628172802717,0.49999999999999994,0.5
20250831_Nott'mForest_WestHam,50.00000000000001,50.52418998990095,19.54502646495413,50.0,50.0,50.0,50.0,0.4164264703001501,0.42079220204537254,0.16278132765447736,0.5,0.5
20250913_Arsenal_Nott'mForest,66.35220792387337,33.64779207612663,20.4767600702679,53.69734466211054,23.161105606699845,28.7318592179574,50.00000000000001,0.5507469480850375,0.2792886533178814,0.16996439859708096,0.3649330716097728,0.6350669283902273
20250913_Bournemouth_Brighton,59.15196715464017,54.82796064670025,22.61654944503967,49.99999999999999,50.000000000000014,50.0,50.0,0.4330416738928583,0.4013863443037894,0.1655719818033523,0.5,0.5
20250913_CrystalPalace_Sunderland,57.72025879999407,50.0,19.869491553649997,50.00000000000001,50.0,49.99999999999999,49.99999999999999,0.45238946420076237,0.3918810081641637,0.15572952763507392,0.5,0.5
20250913_Everton_AstonVilla,60.73369920186131,40.32758124289119,26.76984822567996,52.17631150743658,20.337897591068874,20.337897591068874,50.0,0.4751088395569264,0.31547543749583606,0.20941572294723756,0.28914565671708775,0.7108543432829123
20250913_Fulham_Leeds,50.00000000000001,50.00000000000001,19.6238085715339,50.0,50.0,75.5,50.00000000000001,0.41797699468915067,0.41797699468915067,0.16404601062169866,0.601593625498008,0.39840637450199207
20250913_Newcastle_Wolves,58.453454171069865,41.546545828930135,20.789618225729768,50.0,30.234483617156002,33.163553404774994,49.99999999999999,0.4839277996709366,0.3439579198875237,0.1721142804415397,0.3987750889306138,0.6012249110693862
20250913_WestHam_Tottenham,43.546705099522775,50.0,24.084222877384928,51.088342163069974,50.0,55.330119775178794,50.0,0.37019775197277616,0.4250582806744122,0.20474396735281164,0.5253019733887877,0.4746980266112123
20250913_Brentford_Chelsea,20.279029371498527,31.74222802432833,68.25777197567166,50.0,65.65345270726961,49.99999999999999,49.99999999999999,0.16859987545180402,0.26390492332863813,0.5674952012195578,0.5,0.5
20250914_Burnley_Liverpool,19.18421052631579,19.18421052631579,74.01720052188097,49.99999999999999,79.27410511832579,50.0,50.0,0.17069986585069077,0.17069986585069077,0.6586002682986184,0.5,0.5
20250914_ManCity_ManUnited,63.450957012796344,30.837041277733906,24.692074274998937,50.0,50.00000000000001,50.0,50.0,0.5332906229137677,0.2591782019694951,0.20753117511673722,0.5,0.5
20250920_WestHam_CrystalPalace,20.600307470789183,49.208672933351146,66.56104793838686,50.0,50.0,50.0,50.0,0.1510618405024189,0.3608466869989302,0.48809147249865104,0.5,0.5
20250920_Brighton_Tottenham,30.811534215201945,49.99999999999999,35.24226762564653,50.0,50.0,50.0,50.0,0.2654935359847638,0.4308346577785362,0.30367180623670015,0.5,0.5
20250920_Burnley_Nott'mForest,38.058321112106256,38.058321112106256,42.929117317751036,50.0,50.0,74.5673022056922,49.99999999999999,0.3196948909271373,0.3196948909271373,0.3606102181457253,0.5986105573881875,0.40138944261181253
20250920_Fulham_Brentford,41.90273268475297,56.03724279000635,26.350624933250934,50.0,49.99999999999999,50.0,50.0,0.337135169893768,0.45085664246573937,0.2120081876404927,0.5,0.5
20250920_Wolves_Leeds,29.405136270144904,50.0,35.53641259317352,50.0,50.0,78.63755249556225,50.0,0.2558268664459335,0.43500370835838476,0.30916942519568175,0.6113110127641389,0.388688987235861
20250920_ManUnited_Chelsea,21.286550371361017,42.00120356722606,64.57641883656383,22.29025462074086,66.31449120391721,29.38329210404026,50.0,0.16647783276081102,0.32848297263913917,0.5050391946000499,0.37014453955286114,0.6298554604471388
20250920_Liverpool_Everton,69.27380789227209,30.726192107727922,19.18421052631579,79.54113417501085,50.0,50.0,50.0,0.5812330977934067,0.257804217287185,0.16096268491940824,0.5,0.5
20250921_Bournemouth_Newcastle,48.724394447023386,38.71463513550106,31.07382368366668,50.0,22.851833478175845,22.851833478175845,50.00000000000001,0.41113173047638774,0.32667034898353436,0.2621979205400778,0.3136754751000405,0.6863245248999595
20250921_Sunderland_AstonVilla,45.74207221156204,36.71617703090537,36.71617703090537,30.773671032957893,19.18421052631579,19.18421052631579,58.20128358001684,0.38382456406070586,0.30808771796964707,0.30808771796964707,0.24790447806607602,0.752095521933924
20250921_Arsenal_ManCity,62.40432158036739,50.0,19.731752079621888,77.60984249600169,50.0,50.0,50.0,0.4722731639578252,0.3783978032271438,0.14932903281503096,0.5,0.5
20250927_Brentford_ManUnited,32.0268167548762,61.81360619529851,33.05827652333085,49.99999999999999,50.0,49.99999999999999,49.99999999999999,0.2523809691332802,0.4871098478688839,0.260509182997836,0.5,0.5
20250927_Leeds_Bournemouth,22.64228557045656,41.84257808875588,53.602547785188094,23.500868105433355,50.000000000000014,31.094178603812814,50.000000000000014,0.19174173854354748,0.3543356364319727,0.4539226250244799,0.3834329311814603,0.6165670688185397
20250927_Chelsea_Brighton,59.07625364976509,50.0,20.636777470722244,50.0,49.99999999999999,50.00000000000001,50.00000000000001,0.4554380784987637,0.38546628328773075,0.15909563821350559,0.5,0.5
20250927_ManCity_Burnley,69.30185781722302,30.69814218277699,19.18421052631579,58.23161544133641,23.561119680703918,40.77098680032246,50.0,0.5814684471305972,0.25756886794999456,0.16096268491940824,0.4491631989196092,0.5508368010803908
20250927_Nott'mForest_Sunderland,29.504184471801572,50.0,35.11129454430615,20.48722048803106,50.0,20.857931878882354,49.99999999999999,0.2574188471319405,0.43624125143666803,0.3063399014313914,0.29436269625445566,0.7056373037455445
20250927_CrystalPalace_Liverpool,27.20994278999352,39.903061829767566,69.63169371532705,50.00000000000001,79.96263992665794,50.0,50.0,0.19898353004747946,0.2918070120129009,0.5092094579396198,0.5,0.5
20250927_Tottenham_Wolves,69.26090637271153,30.739093627288472,19.18421052631579,50.0,50.0,50.0,50.0,0.5811248492300812,0.2579124658505105,0.16096268491940827,0.5,0.5
20250928_AstonVilla_Fulham,34.62173918440423,59.22477188911017,39.0764848038103,50.0,50.00000000000001,50.0,50.0,0.260464631841106,0.4455570046267165,0.2939783635321776,0.5,0.5
20250928_Newcastle_Arsenal,30.31655256996916,49.99999999999999,36.987052069722516,19.18421052631579,50.0,19.18421052631579,50.0,0.25844519154453194,0.42624436097747703,0.3153104474779909,0.27729174591099276,0.7227082540890072
20250929_Everton_WestHam,49.99999999999999,56.73783435456444,19.790066905371802,50.0,50.00000000000001,50.00000000000001,50.00000000000001,0.3951697570426072,0.4484215243403385,0.15640871861705435,0.5,0.5
20251003_Bournemouth_Fulham,63.50968943779613,54.59879111731956,19.944808720861865,50.0,50.00000000000001,49.99999999999999,49.99999999999999,0.4600374954546437,0.395490693511641,0.14447181103371529,0.5,0.5
20251004_Leeds_Tottenham,28.56880504260405,49.99999999999999,37.4899020983199,50.0,49.99999999999999,50.0,50.0,0.24615822238924706,0.4308164482591353,0.3230253293516177,0.5,0.5
20251004_Arsenal_WestHam,77.46558697199218,22.534413028007815,19.18421052631579,76.43662441657312,50.0,49.99999999999999,50.0,0.6499651810412238,0.18907213403936785,0.16096268491940827,0.49999999999999994,0.5
20251004_ManUnited_Sunderland,32.273738285199414,62.12690320062582,31.236365674991173,50.0,50.0,50.0,50.0,0.25688082687204383,0.4944952494857098,0.2486239236422463,0.5,0.5
20251004_Chelsea_Liverpool,21.563944534801795,45.192715849546886,55.91160708101229,50.00000000000001,54.54645360739392,50.0,50.0,0.17579073203174583,0.36841407140855226,0.4557951965597019,0.5,0.5
20251005_Brentford_ManCity,36.635617095459054,35.13741235698797,46.60253819452155,50.0,68.66292534905196,50.00000000000001,50.0,0.3094863055247807,0.29682993759133025,0.3936837568838892,0.5000000000000001,0.5
20251005_Newcastle_Nott'mForest,50.0,53.59485090484737,19.45730412713277,50.0,19.655370909829582,19.655370909829582,50.0,0.4063317703538427,0.43554581300033757,0.15812241664581975,0.28218026338950797,0.717819736610492
20251005_AstonVilla_Burnley,69.26580823010708,30.73419176989292,19.18421052631579,50.0,24.020312008770546,24.398038576075045,50.0,0.581165977642762,0.25787133743782975,0.16096268491940827,0.32793927155925023,0.6720607284407499
20251005_Everton_CrystalPalace,33.803138142568606,58.15153768965429,61.8245797472125,50.0,50.0,50.00000000000001,50.00000000000001,0.21981598243013625,0.3781494290015979,0.40203458856826574,0.5,0.5
20251005_Wolves_Brighton,21.35108260480467,32.578235180972634,66.35592765847707,50.0,79.12536637709455,50.0,50.0,0.17750375389722864,0.27084149066371455,0.5516547554390568,0.5,0.5
20251018_Sunderland_Wolves,60.10919613984254,49.8369807149742,20.950080546979876,50.0,20.577158640593797,20.577158640593797,49.99999999999999,0.45921248882871046,0.3807364832593767,0.16005102791191284,0.291555498080911,0.7084445019190889
20251018_Fulham_Arsenal,19.18421052631579,24.143812348019793,75.8561876519802,50.0,76.1628006955973,49.99999999999999,50.0,0.16096268491940827,0.20257559488292165,0.6364617201976701,0.49999999999999994,0.5
20251018_Nott'mForest_Chelsea,19.749630917118782,36.87930611763339,69.3760673372324,50.0,51.68452810588516,50.0,50.0,0.15673687736095848,0.29268128120340736,0.5505818414356342,0.5,0.5
20251018_Brighton_Newcastle,51.10124595995495,58.38176060572389,25.307358479552082,50.0,50.0,50.0,50.0,0.3791164594205763,0.43313007265862824,0.18775346792079553,0.5,0.5
20251018_Burnley_Leeds,32.23344649361947,50.0,34.56071761027006,50.00000000000001,50.0,70.96259999949706,50.000000000000014,0.275985078029648,0.42810358191805303,0.29591134005229897,0.5866490964958764,0.41335090350412357
20251018_CrystalPalace_Bournemouth,46.126435874166766,56.16438076399181,45.063683184644944,49.99999999999999,50.00000000000001,50.00000000000001,50.00000000000001,0.3130303854285729,0.381151446555962,0.3058181680154651,0.5,0.5
20251018_ManCity_Everton,64.91278132467816,35.08721867532181,20.676472079340414,74.29518165939025,50.0,50.0,49.999999999999986,0.537907515907495,0.29075442852069155,0.17133805557181342,0.5000000000000001,0.49999999999999994
20251019_Tottenham_AstonVilla,34.11599979319036,50.00000000000001,47.57914541553296,50.000000000000014,43.133977107198795,43.133977107198795,50.00000000000001,0.2590528279468465,0.37966471672706786,0.36128245532608577,0.46313900089921906,0.5368609991007809
20251019_Liverpool_ManUnited,58.60289402718142,29.149172958822106,28.05907175026287,50.0,49.99999999999999,50.0,50.0,0.5060212227136133,0.25169576326507537,0.2422830140213114,0.5,0.5
20251020_WestHam_Brentford,32.59646396850379,49.99999999999999,32.41873210072396,50.00000000000001,50.0,50.00000000000001,50.00000000000001,0.28341006303970434,0.4347251642287768,0.28186477273151883,0.5,0.5
20251024_Leeds_WestHam,35.636805529364125,55.09151330141238,31.022892877102016,50.0,50.0,78.3270004211198,50.0,0.29270185511474517,0.4524925257712848,0.25480561911397,0.6103703831935661,0.389629616806434
20251025_Chelsea_Sunderland,50.96927859747781,48.09320089717653,25.847148423813792,50.0,35.03172879638278,22.762019635977822,50.0,0.40804923885248323,0.3850239705186557,0.20692679062886105,0.31282831001467887,0.6871716899853211
20251025_Newcastle_Fulham,50.0,54.50352618485268,19.411709348598578,50.0,25.568707094708003,21.704118233332196,50.0,0.40350163387699295,0.4398452373529105,0.1566531287700965,0.30268998166471944,0.6973100183352806
20251025_ManUnited_Brighton,53.51940656182239,50.0,30.05193568352538,49.99999999999999,50.00000000000001,50.0,50.0,0.400680308082226,0.3743317927296001,0.22498789918817388,0.5,0.5
20251025_Brentford_Liverpool,35.36496206685799,35.36496206685799,43.33411804425477,49.99999999999999,50.0,50.0,50.0,0.31004479055440703,0.31004479055440703,0.379910418891186,0.5,0.5
20251026_Arsenal_CrystalPalace,71.24934527398558,41.66358015510914,21.550044162204458,63.373906010641214,50.0,49.99999999999999,49.99999999999999,0.5298807953635735,0.3098517032737399,0.16026750136268686,0.5,0.5
20251026_AstonVilla_ManCity,52.465638542059786,49.999999999999986,53.77617188199763,50.0,75.46551714335007,50.0,50.00000000000001,0.33579768692939677,0.32001677313066523,0.34418553993993795,0.5,0.5000000000000001
20251026_Bournemouth_Nott'mForest,69.66783864393824,30.332161356061764,19.18421052631579,78.15583203474542,50.0,49.99999999999999,50.0,0.5845391628327783,0.2544981522478134,0.16096268491940827,0.49999999999999994,0.5
20251026_Wolves_Burnley,32.43448244148765,50.0,34.97995357370541,50.0,50.0,77.90052577279896,50.00000000000001,0.2762393070413482,0.4258420148058297,0.2979186781528219,0.6090711926484224,0.39092880735157753
20251026_Everton_Tottenham,33.388040391849934,50.000000000000014,32.02698052591471,49.99999999999999,50.00000000000001,49.99999999999999,49.99999999999999,0.2892867854318506,0.4332191737471151,0.27749404082103424,0.5,0.5
20251101_Fulham_Wolves,43.88350401500026,55.630170326329484,24.133005275630964,50.0,50.0,75.86669537557657,49.99999999999999,0.35491049295415716,0.44991236722784306,0.19517713981799978,0.6027543278958438,0.3972456721041561
20251101_Burnley_Arsenal,19.18421052631579,27.02495396681826,72.97504603318174,50.0,58.5069756639789,50.0,50.0,0.16096268491940827,0.2267494481649578,0.612287866915634,0.5,0.5
20251101_CrystalPalace_Brentford,30.10165153944676,59.97208186842502,35.12750024451118,50.0,50.0,50.0,50.0,0.24042615764492375,0.479005518707072,0.2805683236480042,0.5,0.5
20251101_Liverpool_AstonVilla,30.645058197645124,30.73665948237661,51.43867305056218,50.0,50.0,50.00000000000001,50.00000000000001,0.27162694615041527,0.27243886750734647,0.4559341863422383,0.5,0.5
20251101_Nott'mForest_ManUnited,29.52179667030187,29.52179667030187,55.671673853856156,50.0,79.85912509149784,50.0,50.0,0.25734845406634427,0.25734845406634427,0.48530309186731146,0.5,0.5
20251101_Tottenham_Chelsea,31.894316926187862,50.00000000000001,51.41245762829545,50.0,50.0,50.0,50.0,0.23925503435800596,0.37507471144735177,0.38567025419464224,0.5,0.5
20251101_Brighton_Leeds,63.46828275563328,36.53171724436676,20.56088223556891,55.68156156738238,50.0,60.22496988868401,50.0,0.5264417577139154,0.30301468077336985,0.17054356151271474,0.5463822757176082,0.45361772428239183
20251102_WestHam_Newcastle,20.364851285444463,27.459047591179853,70.76772221910818,21.16845593209568,50.0,21.16845593209568,49.999999999999986,0.17172251376009978,0.23154289769775283,0.5967345885421474,0.2974415512441811,0.7025584487558189
20251102_ManCity_Bournemouth,60.962607527326334,47.518799478951124,32.460151148882076,50.0,75.85708677376927,50.0,49.99999999999999,0.4325381975713217,0.3371525056267555,0.2303092968019226,0.5,0.49999999999999994
20251103_Sunderland_Everton,65.4645446986503,32.744459225461846,21.268482992545245,50.0,19.86229131110613,19.86229131110613,50.0,0.5479236832652472,0.27406384307616916,0.17801247365858364,0.284306325177007,0.715693674822993
20251108_WestHam_Burnley,38.102230548316726,49.99999999999999,29.847213808319026,49.99999999999999,50.0,66.68603891605555,50.0,0.3230386608105553,0.4239104327513267,0.2530509064381179,0.5714997229791113,0.42850027702088866
20251108_Everton_Fulham,49.99999999999999,68.34888843909405,19.73216927593215,50.0,49.99999999999999,50.0,50.0,0.36210614857246215,0.4949910550377847,0.14290279638975323,0.5,0.5
20251108_Chelsea_Wolves,69.63027824451262,19.18421052631579,19.18421052631579,76.19013568100091,22.95032958194586,31.02012349428209,50.0,0.6447325634259176,0.17763371828704122,0.17763371828704122,0.38286936820666906,0.6171306317933309
20251108_Sunderland_Arsenal,46.84984974939934,29.64479951909298,70.35520048090702,50.0,76.28804639038475,49.99999999999999,50.0,0.3190323301613795,0.20187150051349806,0.47909616932512245,0.49999999999999994,0.5
20251108_Tottenham_ManUnited,32.31131408318477,49.99999999999999,30.726127946727633,49.99999999999999,75.49999999999999,50.0,50.0,0.28584611879871125,0.44233131166192535,0.2718225695393635,0.5,0.5
20251109_AstonVilla_Bournemouth,66.27964861059358,49.99999999999999,20.35169328021403,50.0,50.00000000000001,50.0,50.0,0.4850984239294279,0.3659482466325974,0.1489533294379748,0.5,0.5
20251109_Brentford_Newcastle,46.51928582673459,59.917673942833645,29.032205461529447,50.00000000000001,50.0,50.0,50.0,0.34339390626182015,0.44229750615662033,0.21430858758155943,0.5,0.5
20251109_CrystalPalace_Brighton,33.0517077274595,53.31620751453408,33.222723792737554,50.00000000000001,50.000000000000014,50.0,50.0,0.2763737027766925,0.4458225823097254,0.27780371491358213,0.5,0.5
20251109_Nott'mForest_Leeds,33.182152972284875,50.00000000000001,30.413247097433356,50.0,50.0,77.90251598602408,50.00000000000001,0.29210824515710676,0.44015866812664,0.2677330867162533,0.6090772756537213,0.3909227243462787
20251109_ManCity_Liverpool,69.25793335713449,30.743481324876676,19.18421052631579,61.9699972328578,50.0,50.0,50.0,0.5810930071145506,0.2579462185237484,0.16096077436170111,0.5,0.5
20251122_Brighton_Brentford,60.81199210018442,50.0,23.430106713615874,50.0,50.0,50.0,50.0,0.4530023937165443,0.37246139952975704,0.1745362067536985,0.5,0.5
20251122_Burnley_Chelsea,19.18421052631579,20.096654540966487,79.9033454590335,50.00000000000001,79.67904179453605,50.0,50.0,0.1609626849194083,0.16861843068154705,0.6704188843990446,0.5,0.5
20251122_Liverpool_Nott'mForest,53.69696771720808,30.420585194442825,30.420585194442825,49.99999999999999,50.00000000000001,65.60603017885047,50.00000000000001,0.46881299630931633,0.26559350184534186,0.26559350184534186,0.5674966096262749,0.432503390373725
20251122_Bournemouth_WestHam,39.0979502517344,49.99999999999999,27.658990133486046,50.0,50.00000000000001,63.734706316872426,50.0,0.33486617688624853,0.42824006722883595,0.2368937558849155,0.5603804536084466,0.4396195463915534
20251122_Wolves_CrystalPalace,20.2017063124858,27.83143249134521,68.42566171609506,20.039991586426872,50.0,20.039991586426872,50.0,0.17346654973515113,0.2389809303126324,0.5875525199522165,0.286122130121878,0.7138778698781219
20251122_Newcastle_ManCity,19.91712060468743,29.56821596150673,72.12543433523429,24.032475634281436,69.28453819126024,40.341229380603004,50.0,0.1637776033903382,0.24313813441305485,0.5930842621966069,0.4465428426997318,0.5534571573002681
20251122_Fulham_Sunderland,38.27298548012451,45.99845168584265,40.388961551727704,38.3537961716573,50.00000000000001,39.48861332966119,49.99999999999999,0.3070179934751955,0.36899008954728635,0.3239919169775181,0.4412696974551578,0.5587303025448422
20251123_Leeds_AstonVilla,19.18421052631579,19.18421052631579,71.31218006594482,20.827072967010146,75.60564261158152,22.96101102961799,50.000000000000014,0.17490978651343841,0.17490978651343841,0.6501804269731233,0.31470247883896685,0.685297521161033
20251123_Arsenal_Tottenham,75.31729278488866,24.68270721511134,19.18421052631579,64.81298031922567,50.0,50.0,50.0,0.631940191173718,0.20709712390687368,0.16096268491940827,0.5,0.5
20251124_ManUnited_Everton,64.21833740466677,49.99999999999999,19.297215461768975,58.566479513520086,50.00000000000001,50.0,50.0,0.48098020062807617,0.37448820700325625,0.14453159236866756,0.5,0.5
20251129_Brentford_Burnley,64.1471760244767,35.852823975523265,19.37219075537314,75.5,49.99999999999999,49.99999999999999,49.99999999999999,0.5373711885369696,0.30034486046248154,0.16228395100054885,0.5,0.5
20251129_ManCity_Leeds,69.97236571538535,24.328969088126723,19.18421052631579,79.36151463313469,21.467062641660906,35.00975667568941,50.0,0.6165751374945742,0.21437945262031746,0.1690454098851083,0.41183221837995565,0.5881677816200445
20251129_Sunderland_Bournemouth,38.59580144738399,62.65315080393623,32.10203463382711,50.0,50.0,50.0,50.0,0.2894301898239855,0.4698364239171188,0.2407333862588957,0.5,0.5
20251129_Everton_Newcastle,36.86219069914131,65.33089011161891,30.394892161429,50.00000000000001,50.00000000000001,50.00000000000001,50.00000000000001,0.27802062187701804,0.4927361709144033,0.22924320720857866,0.5,0.5
20251129_Tottenham_Fulham,32.05014625538184,50.00000000000001,31.844010317098228,49.99999999999999,50.00000000000001,49.99999999999999,49.99999999999999,0.28140290265888873,0.43900408506191413,0.2795930122791972,0.5,0.5
20251130_Nott'mForest_Brighton,31.86137436769872,56.454606059876596,48.455781408998895,50.0,50.0,50.00000000000001,50.00000000000001,0.23295286936326248,0.4127650715454924,0.3542820590912452,0.5,0.5
20251130_AstonVilla_Wolves,69.25651867512333,19.18421052631579,19.18421052631579,77.14186670302077,20.379781117960754,28.018925867270653,50.0,0.6434987917327778,0.17825060413361105,0.17825060413361105,0.3591298592720659,0.6408701407279341
20251130_Chelsea_Arsenal,50.36445646049307,50.0,52.53550500220262,78.52408205488058,80.49314246464749,50.0,50.0,0.32939482769445244,0.3270112007987584,0.3435939715067891,0.5,0.5
20251130_WestHam_Liverpool,36.59537824473049,26.80989168711085,62.69364997330265,75.65792528374513,50.0,70.41535596717291,50.0,0.290211670902961,0.21261000258589197,0.49717832651114696,0.5847705668566825,0.41522943314331745
20251130_CrystalPalace_ManUnited,59.714042933771964,55.024597363854284,19.495973146331043,50.00000000000001,50.0,50.0,50.0,0.44484832489723275,0.409913627730801,0.14523804737196622,0.5,0.5
20251202_Bournemouth_Everton,31.35764984324914,49.99999999999999,33.19303118029361,49.999999999999986,50.0,50.0,50.0,0.2737447701145001,0.43648802043982493,0.2897672094456749,0.5,0.5
20251202_Fulham_ManCity,51.65328138741382,32.11204954351989,49.58590388544696,50.00000000000001,50.0,50.0,50.0,0.38734760468126395,0.24080804041850004,0.371844354900236,0.5,0.5
20251202_Newcastle_Tottenham,67.61342132570165,36.49397522175427,19.395641778134397,68.68359210189315,50.0,50.00000000000001,50.0,0.5474636271494211,0.29549050546874334,0.15704586738183543,0.5000000000000001,0.5
20251203_Arsenal_Brentford,66.6761118066594,33.32388819334058,25.827149430326713,61.63751706640819,50.0,50.0,50.00000000000001,0.5299024265314017,0.26483861665953706,0.20525895680906117,0.5,0.5000000000000001
20251203_Brighton_AstonVilla,53.77662254936404,49.99999999999999,51.00555058948848,77.20538946101898,66.96392251756174,50.0,49.99999999999999,0.3474342132483302,0.32303461688153084,0.3295311698701391,0.5,0.49999999999999994
20251203_Burnley_CrystalPalace,19.18421052631579,27.530059092481995,69.40282816420554,31.60298618056438,50.0,38.4016255882037,50.00000000000001,0.16521434734931761,0.2370887631374448,0.5976968895132375,0.4343995411021945,0.5656004588978056
20251203_Wolves_Nott'mForest,19.18421052631579,30.379818079553928,69.25651867512333,50.0,50.0,50.0,50.0,0.16145532877363344,0.25567815310352127,0.5828665181228453,0.5,0.5
20251203_Leeds_Chelsea,19.18421052631579,19.18421052631579,69.40282816420554,50.0,76.5862483111369,50.0,50.0,0.17800861236856327,0.17800861236856327,0.6439827752628734,0.5,0.5
20251203_Liverpool_Sunderland,45.89589259317013,35.82753150645223,35.82753150645223,50.0,49.99999999999999,50.0,50.0,0.3904340237519805,0.3047829881240098,0.3047829881240098,0.5,0.5
20251204_ManUnited_WestHam,64.11679812438688,53.61291308954479,19.94714649240556,72.53596194139409,50.0,50.0,50.0,0.4657049789816317,0.38941121974108656,0.1448838012772818,0.5,0.5
20251206_AstonVilla_Arsenal,53.29248139617075,50.0,47.828646569638025,80.8157894736842,68.6331042518982,50.0,50.0,0.3526474564709985,0.3308604208626111,0.3164921226663903,0.5,0.5
20251206_Bournemouth_Chelsea,24.666275640170756,36.53301346627351,63.46698653372648,49.999999999999986,50.0,49.99999999999999,49.99999999999999,0.19785844658876323,0.2930464817263027,0.5090950716849341,0.5,0.5
20251206_Everton_Nott'mForest,50.0,64.56447569801534,19.18421052631579,50.000000000000014,49.99999999999999,50.000000000000014,50.0,0.373835447745162,0.48272979361998386,0.14343475863485425,0.5000000000000001,0.49999999999999994
20251206_ManCity_Sunderland,68.78191736322788,31.218082636772106,19.849085201845952,66.96024700928423,49.99999999999999,50.0,50.00000000000001,0.5739044002495939,0.2604782721886915,0.16561732756171452,0.5,0.5000000000000001
20251206_Newcastle_Burnley,69.25651867512333,19.18421052631579,19.18421052631579,78.75643232401758,50.00000000000001,52.57160881570759,50.00000000000001,0.6434987917327778,0.17825060413361105,0.17825060413361105,0.5125356755412116,0.48746432445878835
20251206_Tottenham_Brentford,31.350863095742888,50.0,39.88636159918308,49.99999999999999,50.0,50.0,50.0,0.2585910653648853,0.4124145873993485,0.3289943472357662,0.5,0.5
20251206_Leeds_Liverpool,20.784348558824203,30.703592223557095,67.77284242644333,50.0,50.0,50.0,50.0,0.17427647211096192,0.2574491915736908,0.5682743363153473,0.5,0.5
20251207_Brighton_WestHam,52.791517896331975,50.00000000000001,21.012678291425683,56.044302703591974,50.0,50.0,50.00000000000001,0.42641137798164747,0.40386353241348566,0.16972508960486682,0.5,0.5000000000000001
20251207_Fulham_CrystalPalace,28.913639636730597,54.7629717040854,36.48388815037346,50.0,50.0,49.99999999999999,49.99999999999999,0.24062516183906704,0.4557485357998266,0.3036263023611064,0.5,0.5
20251208_Wolves_ManUnited,19.18421052631579,28.12593503929695,69.25651867512333,50.0,70.8125781797672,50.0,50.0,0.16457715978468881,0.24128626500978567,0.5941365752055255,0.5,0.5
20251213_Chelsea_Everton,32.18703996309476,59.4758046489477,34.9505033234801,50.00000000000001,50.00000000000001,50.000000000000014,50.000000000000014,0.25421521891582793,0.4697435587852519,0.2760412222989201,0.5,0.5
20251213_Liverpool_Brighton,35.79539039120133,53.40263480676092,28.969950034792223,50.0,76.13218556004192,50.0,50.0,0.3029195543098327,0.45192138311225355,0.2451590625779138,0.5,0.5
20251213_Burnley_Fulham,21.556090186211815,38.89467903906126,59.350635615548704,50.0,75.5,77.05250341728369,50.0,0.17993186486296256,0.32465962390624714,0.4954085112307902,0.6064619062578959,0.3935380937421042
20251213_Arsenal_Wolves,69.25651867512333,19.18421052631579,19.18421052631579,77.39955972562619,19.92550096408785,27.854178934081414,50.0,0.6434987917327778,0.17825060413361105,0.17825060413361105,0.3577737163944064,0.6422262836055935
20251214_CrystalPalace_ManCity,35.12274141364597,50.0,54.28166766119706,50.0,80.24076082112609,50.0,50.0,0.25194856925069975,0.35866871307604153,0.3893827176732586,0.5,0.5
20251214_Nott'mForest_Tottenham,42.92648661405326,50.0,25.535818315918196,50.0,50.0,50.0,50.0,0.362364100879424,0.4220751911720552,0.21556070794852084,0.5,0.5
20251214_Sunderland_Newcastle,25.407322137602613,45.378778704662764,52.924619573847615,49.99999999999999,56.91807758451253,50.0,50.0,0.20537688287759237,0.36681363225456004,0.4278094848678476,0.5,0.5
20251214_WestHam_AstonVilla,19.18421052631579,23.202949893762717,76.79705010623726,50.0,69.83556825586626,50.0,50.0,0.1609626849194083,0.19468140780812174,0.6443559072724699,0.5,0.5
20251214_Brentford_Leeds,46.68603553797269,48.70012227779536,23.211541259225566,50.0,50.00000000000001,50.0,50.0,0.39365043253032606,0.4106329436206052,0.19571662384906865,0.5,0.5
20251215_ManUnited_Bournemouth,65.72875410316956,48.41777832630438,19.354042203380875,64.45150185920706,50.0,50.00000000000001,50.0,0.49234809875487645,0.36267842636228353,0.1449734748828399,0.5000000000000001,0.5
20251220_ManCity_WestHam,80.8157894736842,19.18421052631579,19.18421052631579,76.99380517452009,50.0,50.0,50.0,0.6780746301611834,0.16096268491940827,0.16096268491940827,0.5,0.5
20251220_Newcastle_Chelsea,57.74684179676607,50.0,27.587184968188033,50.0,50.0,49.99999999999999,49.99999999999999,0.4266986151018755,0.3694562350297843,0.2038451498683402,0.5,0.5
20251220_Brighton_Sunderland,34.63846701127114,65.27176926174609,33.431135021952436,50.00000000000001,50.00000000000001,50.00000000000001,50.00000000000001,0.2597728422534821,0.4895087595683702,0.2507183981781477,0.5,0.5
20251220_Bournemouth_Burnley,65.26087739704079,32.97317493537414,21.079561978289327,75.81578138401069,50.0,71.91945701902111,49.999999999999986,0.5469692438207019,0.2763571879526571,0.1766735682266409,0.5898931866781583,0.4101068133218417
20251220_Everton_Arsenal,29.94224452437728,30.471448627413256,55.81598436246322,23.900650954129986,50.0,38.52454633121911,50.00000000000001,0.2576127299390066,0.26216581925624294,0.4802214508047505,0.43518490551849376,0.5648150944815064
20251220_Tottenham_Liverpool,21.42259579971139,35.58506322773304,66.00937857857488,50.0,50.0,50.0,50.0,0.1741433236940764,0.28926938837284955,0.536587287933074,0.5,0.5
20251220_Leeds_CrystalPalace,32.68387228009665,32.985530042204495,51.95117671089806,50.0,50.0,49.99999999999999,49.99999999999999,0.27787545809370146,0.28044012632257237,0.44168441558372606,0.5,0.5
20251220_Wolves_Brentford,20.94239535938697,37.57608836159889,61.39495520946842,50.0,50.0,50.0,50.00000000000001,0.17464594082347057,0.3133601095652986,0.5119939496112309,0.5,0.5000000000000001
20251221_AstonVilla_ManUnited,69.35243038376396,39.1322824030628,19.681129152984955,73.68448258414335,50.0,49.99999999999999,50.0,0.5411147723457607,0.3053253644714464,0.15355986318279297,0.49999999999999994,0.5
20251222_Fulham_Nott'mForest,45.324655446559234,51.944142070909884,29.8182022964065,49.99999999999999,50.0,50.0,50.0,0.35664273696711024,0.40872899782813593,0.23462826520475374,0.5,0.5
20251226_ManUnited_Newcastle,35.82518447489975,63.40643372310097,29.517947319788878,50.49635082729436,68.30265622263167,51.09042005737731,24.5,0.2782547990031835,0.4924788170593086,0.2292663839375079,0.675884854437862,0.32411514556213794
20251227_Nott'mForest_ManCity,19.18421052631579,19.18421052631579,80.8157894736842,35.27145409779117,70.59278363965896,24.275046750209174,50.0,0.1609626849194083,0.1609626849194083,0.6780746301611835,0.3268264082262703,0.6731735917737297
20251227_Burnley_Everton,21.868496829854656,37.39820013716573,59.494691126296104,49.06642131042874,50.0,25.899283392374773,50.00000000000001,0.18413810398268107,0.3149020126623998,0.500959883354919,0.3412322519368706,0.6587677480631293
20251227_Arsenal_Brighton,69.43839293047036,34.30600365278247,21.820740337405372,54.86463159455617,50.0,50.0,50.0,0.5530069463018777,0.27321280806199943,0.17378024563612277,0.5,0.5
20251227_Liverpool_Wolves,69.25651867512333,19.18421052631579,19.18421052631579,76.13624444660762,50.0,50.0,50.0,0.6434987917327778,0.17825060413361105,0.17825060413361105,0.5,0.5
20251227_Chelsea_AstonVilla,36.84629868594141,36.19617606020674,53.12733889340702,49.99999999999999,79.88317149286355,50.0,50.0,0.29203735523621177,0.28688459637114794,0.4210780483926403,0.5,0.5
20251227_WestHam_Fulham,29.079125314301557,33.08353854764681,57.4548703215423,50.0,77.25876661323859,49.99999999999999,50.0,0.24310085902368472,0.27657766709099174,0.4803214738853234,0.49999999999999994,0.5
20251227_Brentford_Bournemouth,55.151859622209685,54.54416352368406,19.686525284425276,50.0,49.99999999999999,49.99999999999999,49.99999999999999,0.4262696962713837,0.42157280240201533,0.15215750132660094,0.5,0.5
20251228_Sunderland_Leeds,55.730766576920054,50.0,25.23774131893676,50.0,50.00000000000001,50.0,50.0,0.42552799502943023,0.38177116623913027,0.19270083873143945,0.5,0.5
20251228_CrystalPalace_Tottenham,50.0,50.0,20.49771518990624,50.0,50.0,62.238362417027744,49.99999999999999,0.41494562715317246,0.41494562715317246,0.17010874569365508,0.554519516114978,0.4454804838850221
20251230_Nott'mForest_Everton,36.52311248205783,65.02739668725216,30.318174665661118,41.28282970886569,50.0,24.441107075263936,50.0,0.2769657770131776,0.49312236079213156,0.22991186219469067,0.3283280976806628,0.6716719023193372
20251230_Chelsea_Bournemouth,50.0,54.314756029446634,19.382304059167446,50.0,49.99999999999999,50.00000000000001,50.00000000000001,0.404213325394969,0.43909496305358137,0.1566917115514496,0.5,0.5
20251230_Burnley_Newcastle,29.409026074979664,29.409026074979664,56.06092714436739,50.0,49.99999999999999,50.0,50.00000000000001,0.25600006420349547,0.25600006420349547,0.4879998715930091,0.5,0.5000000000000001
20251230_WestHam_Brighton,33.60520092508284,49.99999999999999,43.41536241148603,50.00000000000001,49.999999999999986,50.00000000000001,50.0,0.2645650439766865,0.3936370512506232,0.3417979047726902,0.5000000000000001,0.5
20251230_ManUnited_Wolves,69.25651867512333,21.43781360584739,19.18421052631579,79.85936395039032,50.0,50.000000000000014,50.00000000000001,0.6303006656776544,0.19510464061620006,0.17459469370614555,0.5,0.49999999999999994
20251230_Arsenal_AstonVilla,51.739905333663295,50.0,50.75107896772287,63.67058726826,80.8157894736842,50.0,50.0,0.33929812684141075,0.3278882369935984,0.3328136361649909,0.5,0.5
20260101_CrystalPalace_Fulham,36.61655911536471,36.61655911536471,46.00565050912905,50.0,49.99999999999999,50.0,50.0,0.3070860216214622,0.3070860216214622,0.38582795675707554,0.5,0.5
20260101_Liverpool_Leeds,69.87130310572424,30.128696894275766,19.18421052631579,64.6761655488632,50.0,50.0,50.0,0.5862463055900907,0.252791009490501,0.16096268491940827,0.5,0.5
20260101_Brentford_Tottenham,65.5166221740833,49.99999999999999,20.9420567263592,49.99999999999999,50.0,50.0,50.0,0.48012059549457387,0.36641128584044835,0.15346811866497773,0.5,0.5
20260101_Sunderland_ManCity,24.873686702155354,19.18421052631579,80.8157894736842,23.43536817017136,73.4282185618611,21.45681501047865,49.99999999999999,0.19919077716895842,0.15362892722206037,0.6471802956089812,0.3002766777015203,0.6997233222984798
20260103_Brighton_Burnley,69.9701491805969,30.029850819403073,19.44269332952601,49.99999999999999,50.0,50.0,50.00000000000001,0.5858051859862108,0.25141639042377284,0.16277842359001643,0.5,0.5000000000000001
20260103_Wolves_WestHam,31.560343435074397,50.00000000000001,33.46918297309822,50.0,50.0,78.4248754221189,50.00000000000001,0.2743673248126326,0.43467100631692773,0.2909616688704397,0.6106673272163565,0.3893326727836436
20260103_AstonVilla_Nott'mForest,69.43456614509245,25.790013591342976,19.18421052631579,52.942075927472686,50.0,50.0,50.0,0.6068988753891115,0.22541986093999974,0.1676812636708887,0.5,0.5
20260103_Bournemouth_Arsenal,19.18421052631579,19.18421052631579,76.25946547884186,50.0,80.8157894736842,50.0,50.00000000000001,0.16736076278479034,0.16736076278479034,0.6652784744304193,0.5,0.5000000000000001
20260104_Newcastle_CrystalPalace,51.71890256862751,50.0,26.35510188112637,50.0,50.0,50.0,50.0,0.40382045357938284,0.39039928684057074,0.20578025958004637,0.5,0.5
20260104_Leeds_ManUnited,42.13465328254316,54.100156523479,31.066605828225786,49.999999999999986,50.0,50.0,50.0,0.330983383590965,0.42497686497780324,0.24403975143123174,0.5,0.5
20260104_Everton_Brentford,36.097494740644414,57.37205863299079,35.032615361981,27.360990720855767,50.0,31.023767732438564,50.0,0.2809096149568679,0.4464676292820365,0.2726227557610957,0.3828971251360104,0.6171028748639897
20260104_Fulham_Liverpool,38.108340431908665,40.77787666525915,47.290041649681555,50.00000000000001,49.99999999999999,49.99999999999999,49.99999999999999,0.3020246503612569,0.3231818495036601,0.374793500135083,0.5,0.5
20260104_ManCity_Chelsea,70.83800723251728,36.889710481981986,21.294653672873643,69.75789950188161,50.0,50.0,50.0,0.5490366241977941,0.28591716370818687,0.16504621209401904,0.5,0.5
20260104_Tottenham_Sunderland,48.11561287333896,50.0,21.302785661522723,20.24237262731681,50.0,20.24237262731681,49.99999999999999,0.4029162462708175,0.41869595149028527,0.17838780223889725,0.2881789420000982,0.7118210579999019
20260106_WestHam_Nott'mForest,35.44716903043933,49.999999999999986,29.93866579920015,50.0,50.0,76.17758240562644,50.0,0.3072055515547037,0.4333287536881984,0.2594656947570979,0.6037330954775812,0.3962669045224188
20260107_Bournemouth_Tottenham,32.59426306583068,49.99999999999999,30.66568537398234,49.999999999999986,50.0,50.0,50.0,0.287782782129302,0.44146232352004183,0.2707548943506562,0.5,0.5
20260107_Brentford_Sunderland,62.30537367737752,50.0,19.695441651602245,79.48459050873134,23.477876781116933,23.477876781116933,50.0,0.47200749118175217,0.3787855391300972,0.14920696968815056,0.3195230702032276,0.6804769297967724
20260107_CrystalPalace_AstonVilla,23.829536853491103,30.674981685490852,69.26113925416675,50.0,63.06155078859941,58.41693301325757,50.0,0.1925375526490373,0.24784728035589956,0.5596151669950631,0.5388174281420981,0.46118257185790196
20260107_Everton_Wolves,48.19890914375719,42.986455551335695,27.01837557267903,49.999999999999986,50.0,50.0,50.0,0.407761286018278,0.3636640892577228,0.22857462472399911,0.5,0.5
20260107_Fulham_Chelsea,31.167404157222553,56.27615731518057,33.18380768328838,50.89628687909793,50.0,50.0,50.0,0.2583775504296655,0.4665289287918232,0.27509352077851135,0.5,0.5
20260107_ManCity_Brighton,64.21027217061841,37.11897834658087,30.88789932799388,58.78257269089905,50.0,50.0,50.0,0.48564253764204723,0.280742538997715,0.23361492336023784,0.5,0.5
20260107_Burnley_ManUnited,21.16447119760602,32.54469986618185,66.33788101834253,50.0,50.0,50.0,50.0,0.17630146538814057,0.2710995339053919,0.5525990007064676,0.5,0.5
20260107_Newcastle_Leeds,62.857233376539966,42.20693011056384,19.354441690836964,50.0,50.0,50.0,50.0,0.5052076679901927,0.33923326861123715,0.15555906339857023,0.5,0.5
20260108_Arsenal_Liverpool,69.3984649423471,50.0,37.850222427077036,70.36157289588552,50.0,50.0,49.99999999999999,0.441329375165526,0.31796767805466675,0.24070294677980716,0.5,0.49999999999999994
20260117_Liverpool_Burnley,73.26026303369883,26.73973696630117,19.18421052631579,50.0,20.820144230026518,20.820144230026518,50.0,0.6146809439789259,0.22435637110166579,0.16096268491940827,0.2939861879185377,0.7060138120814624
20260117_Chelsea_Brentford,30.032138242339418,46.21171913631874,54.375336620444244,50.00000000000001,69.36942330047479,50.0,50.0,0.22992132567091014,0.35378965159313647,0.41628902273595336,0.5,0.5
20260117_Leeds_Fulham,20.956947812614793,43.78282084466425,56.21717915533577,49.99999999999999,63.722577645181296,50.0,49.999999999999986,0.1732595621136296,0.36197028477018217,0.4647701531161882,0.5000000000000001,0.49999999999999994
20260117_Nott'mForest_Arsenal,19.18421052631579,19.18421052631579,80.8157894736842,22.997842047273576,66.67621914877296,22.997842047273576,50.0,0.1609626849194083,0.1609626849194083,0.6780746301611835,0.315048245294431,0.6849517547055689
20260117_Sunderland_CrystalPalace,39.156878737274354,61.17927380551776,29.1277619353512,50.0,50.0,50.0,50.0,0.3024539995960418,0.4725585044460116,0.22498749595794648,0.5,0.5
20260117_Tottenham_WestHam,50.0,54.03389859753349,19.337346117341454,50.0,50.0,50.0,50.0,0.40528082630239903,0.4379780614389682,0.15674111225863266,0.5,0.5
20260117_ManUnited_ManCity,29.38253713906936,31.373014803641688,56.89138821734524,50.0,50.0,50.0,50.0,0.24975181759164336,0.2666708948057581,0.4835772876025985,0.5,0.5
20260118_Wolves_Newcastle,19.45698856676687,30.079382035692127,69.92061796430788,50.00000000000001,60.20975243719088,50.0,50.0,0.16287861263045295,0.2518009402093722,0.5853204471601748,0.5,0.5
20260118_AstonVilla_Everton,69.47460497808106,49.15662990061026,19.982391202857148,50.0,49.99999999999999,50.0,50.0,0.5012105010311765,0.3546305748591461,0.14415892410967743,0.5,0.5
20260119_Brighton_Bournemouth,50.0,65.2239956797699,21.09213651454317,50.0,50.0,49.99999999999999,49.99999999999999,0.36679444461296073,0.478475985415987,0.15472956997105225,0.5,0.5
20260124_Fulham_Brighton,37.29098450547167,64.6991631343386,28.679004350187107,50.0,50.00000000000001,50.00000000000001,50.00000000000001,0.2853847594291135,0.4951372389658676,0.21947800160501893,0.5,0.5
20260124_WestHam_Sunderland,26.394383015968735,50.00000000000001,40.01083183831054,49.99999999999999,50.0,50.0,50.00000000000001,0.22674570936542907,0.4295340209851596,0.3437202696494113,0.5,0.5000000000000001
20260124_ManCity_Wolves,59.76365395648815,29.534888682900746,27.369247139900416,49.99999999999999,23.260970387348017,23.260970387348017,50.000000000000014,0.5122549597412301,0.2531537516805151,0.23459128857825473,0.31750835764748647,0.6824916423525135
20260124_Bournemouth_Liverpool,33.278837320792015,43.191623626342455,40.5975103443188,50.0,50.0,50.0,50.0,0.2842693603867174,0.368944837344215,0.34678580226906763,0.5,0.5
20260124_Burnley_Tottenham,35.572731880827014,47.19569311686008,31.236700088155683,50.0,49.999999999999986,50.0,50.00000000000001,0.3120274799404124,0.4139786968465058,0.2739938232130818,0.5,0.5000000000000001
20260125_Brentford_Nott'mForest,68.70392236204891,50.00000000000001,20.513076325172694,49.99999999999999,22.862330343486782,22.862330343486782,50.0,0.49350239561194525,0.359151543787658,0.14734606060039662,0.3137743500065046,0.6862256499934954
20260125_CrystalPalace_Chelsea,27.26939935666556,50.0,61.406470955985284,50.0,50.00000000000001,50.0,50.0,0.19664127072132667,0.360552992292551,0.4428057369861224,0.5,0.5
20260125_Newcastle_AstonVilla,54.12171583620346,49.99999999999999,30.36344068344526,51.90453155248823,50.00000000000001,49.99999999999999,49.99999999999999,0.4024363523590509,0.37178824261319005,0.22577540502775906,0.5,0.5
20260125_Arsenal_ManUnited,67.66670971044383,32.333290289556196,20.065346892915812,49.99999999999999,50.0,49.99999999999999,49.99999999999999,0.5635823446276682,0.2692974378227024,0.16712021754962939,0.5,0.5
20260126_Everton_Leeds,50.0,50.0,22.83214045195726,49.99999999999999,49.99999999999999,49.99999999999999,49.99999999999999,0.4070595840471921,0.4070595840471921,0.18588083190561583,0.5,0.5
20260131_Chelsea_WestHam,65.69586226778834,34.30413773221162,20.843560566533736,60.79479742203104,49.99999999999999,50.0,50.0,0.5436438810623897,0.283872285551571,0.17248383338603918,0.5,0.5
20260131_Brighton_Everton,32.791647216152384,66.68097327216243,33.319026727837574,40.99051727983361,49.99999999999999,45.70198037157788,49.99999999999999,0.24694058627630083,0.5021473463886029,0.25091206733509624,0.4775447717396527,0.5224552282603473
20260131_Leeds_Arsenal,33.310625702494264,30.741902037940676,50.05980574524121,50.0,50.00000000000001,50.00000000000001,50.00000000000001,0.2919108275590171,0.2694003452466383,0.43868882719434465,0.5,0.5
20260131_Liverpool_Newcastle,31.871976039329244,55.70333639432217,31.37578985121541,50.0,50.00000000000001,49.99999999999999,49.99999999999999,0.2679418301059666,0.4682876856485326,0.2637704842455007,0.5,0.5
20260131_Wolves_Bournemouth,24.422325353039454,41.04217529328451,52.55194928773695,50.0,50.0,50.0,50.0,0.20694001019929756,0.3477665640359112,0.4452934257647912,0.5,0.5
20260201_AstonVilla_Brentford,56.50898895442938,50.0,19.694539689003904,50.0,50.0,50.0,50.0,0.4477607683544726,0.3961854358388547,0.15605379580667267,0.5,0.5
20260201_ManUnited_Fulham,64.8044964340273,53.455383034746674,20.54808446271537,58.02210837640517,49.99999999999999,50.0,50.0,0.46686439739158253,0.38510314192873213,0.14803246067968528,0.5,0.5
20260201_Nott'mForest_CrystalPalace,60.419287241992635,35.60575324125454,23.31899528575244,50.0,22.667205196249853,22.667205196249853,49.99999999999999,0.5062614721605295,0.2983454766870165,0.19539305115245398,0.3119317047495263,0.6880682952504736
20260201_Tottenham_ManCity,21.077578772497716,30.716471262858924,67.46838189628187,50.0,50.0,49.99999999999999,49.99999999999999,0.17673276010822447,0.25755362158358197,0.5657136183081937,0.5,0.5
20260202_Sunderland_Burnley,57.259420093790304,42.74057990620968,19.868038886329696,50.0,49.99999999999999,50.0,50.00000000000001,0.4776871351677752,0.35656360363699935,0.16574926119522543,0.5,0.5000000000000001
20260206_Leeds_Nott'mForest,27.329452889716826,60.37361754725134,39.626382452748686,50.00000000000001,50.00000000000001,50.00000000000001,50.00000000000001,0.2146357521333853,0.47415280735983684,0.3112114405067778,0.5,0.5
20260207_Fulham_Everton,41.15159497281585,50.0,25.654671642399332,49.99999999999999,49.99999999999999,49.99999999999999,49.99999999999999,0.3523063972961143,0.4280592253214521,0.21963437738243366,0.5,0.5
20260207_Arsenal_Sunderland,69.69146026474344,30.30853973525657,19.18421052631579,50.0,49.99999999999999,50.0,50.0,0.5847373570457607,0.25429995803483096,0.16096268491940824,0.5,0.5
20260207_ManUnited_Tottenham,69.91405129957492,30.085948700425078,19.18421052631579,72.00743909696735,50.0,49.99999999999999,50.0,0.586604978888021,0.25243233619257077,0.16096268491940827,0.49999999999999994,0.5
20260207_Burnley_WestHam,29.058771067564617,49.99999999999999,36.83099598950992,50.0,50.0,75.65844956143884,50.000000000000014,0.250744926023136,0.43144447753851733,0.31781059643834675,0.6020959977263348,0.39790400227366524
20260207_Wolves_Chelsea,19.18421052631579,20.19639911158452,71.88729630831529,50.0,60.67126029602284,50.0,50.0,0.1724145912801577,0.18151145148131936,0.6460739572385229,0.5,0.5
20260207_Newcastle_Brentford,32.73870971967019,63.642324138135166,31.12950048012746,50.00000000000001,50.0,50.00000000000001,50.00000000000001,0.25675298036870375,0.4991142454902438,0.24413277414105242,0.5,0.5
20260207_Bournemouth_AstonVilla,36.11380837900642,53.47099041771308,34.863266486439024,66.37350769696515,50.0,50.0,50.0,0.29019180247468,0.4296651000242531,0.280143097501067,0.5,0.5
20260208_Brighton_CrystalPalace,49.99999999999999,66.42878427290505,19.55900220948814,50.00000000000001,50.0,50.0,50.0,0.36768007843464434,0.48849081223559604,0.14382910932975965,0.5,0.5
20260208_Liverpool_ManCity,42.00088847133033,50.0,27.461054980513598,50.0,50.00000000000001,49.99999999999999,49.99999999999999,0.35158383714275687,0.41854333317585285,0.2298728296813903,0.5,0.5
20260210_Chelsea_Leeds,71.27299200162011,33.805963321222464,21.497107160679793,70.47474302959118,50.0,50.0,50.00000000000001,0.5630842878439074,0.2670802255807516,0.16983548657534106,0.5,0.5000000000000001
20260210_Everton_Bournemouth,40.80450114616639,56.72224022414609,34.46414339464543,50.0,68.66648637680575,50.0,50.0,0.30914635672629054,0.4297436169562309,0.2611100263174785,0.5,0.5
20260210_Tottenham_Newcastle,33.86355571353471,54.088685122775466,39.133643869535845,50.0,50.00000000000001,65.3770553815038,50.0,0.26646197405727284,0.42560733828126984,0.3079306876614573,0.5666382727946137,0.43336172720538635
20260210_WestHam_ManUnited,20.465744264046485,49.99999999999999,65.30950346533693,49.99999999999999,71.70203784001788,49.999999999999986,50.0,0.15073251278345817,0.3682556344854261,0.48101185273111574,0.49999999999999994,0.5000000000000001
20260211_CrystalPalace_Burnley,67.28370468034869,32.716295319651316,19.527615365951128,50.0,50.0,50.0,50.0,0.5629134696141127,0.27371327721619504,0.1633732531696922,0.5,0.5
20260211_Nott'mForest_Wolves,61.839224246985864,37.20585827426362,21.150032174495536,50.00000000000001,50.0,50.0,50.0,0.5144903301895598,0.30954551163285116,0.17596415817758906,0.5,0.5
20260211_AstonVilla_Brighton,49.99999999999999,54.57479276456471,24.150320257072504,46.766241032216776,22.082925087993985,22.082925087993985,56.04438304877146,0.3884245958408719,0.4239638364535078,0.1876115677056202,0.2826530903808539,0.7173469096191462
20260211_Sunderland_Liverpool,37.638513569162804,42.92646483752076,34.88802796927864,50.0,50.0,50.0,50.0,0.3260072193061514,0.3718089825892852,0.3021837981045635,0.5,0.5
20260211_ManCity_Fulham,69.71007208927256,30.685573545571295,19.964736465562986,50.0,50.0,50.0,50.0,0.5791778895410878,0.25494745870757396,0.16587465175133823,0.5,0.5
20260212_Brentford_Arsenal,37.03532806848917,37.03532806848917,41.04825270920742,50.0,50.0,50.0,50.0,0.3217136823106386,0.3217136823106386,0.35657263537872275,0.5,0.5
20260218_Wolves_Arsenal,19.18421052631579,22.08196871906025,69.75757142020146,19.18421052631579,50.0,19.18421052631579,50.0,0.1727937527899045,0.19889409776449465,0.6283121494456009,0.27729174591099276,0.7227082540890072
20260221_WestHam_Bournemouth,28.277209946870467,50.0,49.00092706836282,49.99999999999999,65.7522091737635,49.99999999999999,49.99999999999999,0.2221686348495666,0.3928404451270036,0.38499092002342983,0.5,0.5
20260221_ManCity_Newcastle,69.49398041132481,32.2177967049913,21.165651994289796,74.56434295143167,50.0,50.00000000000001,49.99999999999999,0.5655552928989999,0.26219458641172444,0.17225012068927578,0.5000000000000001,0.49999999999999994
20260221_AstonVilla_Leeds,59.59535623233547,35.29890491656528,24.4551660672974,50.000000000000014,50.0,50.000000000000014,50.000000000000014,0.4993350837317397,0.2957609914006734,0.20490392486758696,0.5,0.5
20260221_Brentford_Brighton,63.28451643837541,54.94749597936998,20.613375400956137,50.0,23.52630044239367,23.52630044239367,49.99999999999999,0.45579127569588174,0.3957459217235081,0.14846280258061012,0.3199712252736834,0.6800287747263166
20260221_Chelsea_Burnley,79.76242202253852,20.2375779774615,19.18421052631579,80.8157894736842,49.99999999999999,50.0,50.0,0.6692364841811577,0.16980083089943404,0.16096268491940824,0.5,0.5
20260222_Nott'mForest_Liverpool,36.231690624857116,36.231690624857116,49.17049439627511,23.645424030152302,49.99999999999999,23.645424030152302,50.0,0.2978749993160461,0.2978749993160461,0.40425000136790773,0.3210711913407039,0.6789288086592962
20260222_CrystalPalace_Wolves,56.9040585375146,43.09594146248538,20.724245332830954,50.00000000000001,50.0,50.0,49.99999999999999,0.47135567822878377,0.3569783463435364,0.17166597542767992,0.5,0.49999999999999994
20260222_Tottenham_Arsenal,23.74053452115813,21.50681834929014,70.38314293578983,37.74508994315424,68.6749094222447,39.735245375907105,50.0,0.20531378297417419,0.18599607481861094,0.6086901422072148,0.4428053348431091,0.5571946651568909
20260222_Sunderland_Fulham,46.76086154047917,68.08520699401738,22.012537636096344,50.0,50.00000000000001,50.0,49.99999999999999,0.3416727880612215,0.49748575481727353,0.16084145712150488,0.5,0.49999999999999994
20260223_Everton_ManUnited,33.78270906024959,46.76936592644236,49.5079027516373,49.13599808290406,65.64680347042899,47.9714269125574,49.99999999999999,0.2597471539493711,0.35959844634556803,0.3806543997050609,0.4896471188010094,0.5103528811989906
20260227_Wolves_AstonVilla,19.18421052631579,25.035781177645838,70.70864209097222,19.490704508287934,50.0,19.490704508287934,50.0,0.16692281020712393,0.21783762976176121,0.6152395600311149,0.2804793050553019,0.7195206949446981
20260228_Bournemouth_Sunderland,69.81973146105746,38.18460064529202,19.18421052631579,49.99999999999999,24.22791226371922,24.22791226371922,50.0,0.548946705543318,0.3002204432483625,0.1508328512083194,0.3263989451520817,0.6736010548479183
20260228_Burnley_Brentford,33.59780488544376,33.59780488544376,47.55469455235089,50.0,49.99999999999999,50.0,50.0,0.29279055148126326,0.29279055148126326,0.41441889703747353,0.5,0.5
20260228_Liverpool_WestHam,70.15358850412349,29.846411495876513,19.18421052631579,49.99999999999999,49.99999999999999,49.99999999999999,49.99999999999999,0.5886147854176844,0.25042252966290734,0.16096268491940827,0.5,0.5
20260228_Newcastle_Everton,34.47803620447019,63.02779287157911,33.14322006836985,49.999999999999986,49.99999999999999,50.000000000000014,50.000000000000014,0.26389810282016096,0.48242060148412047,0.25368129569571846,0.5,0.5
20260228_Leeds_ManCity,24.873686702155354,24.047507519364782,75.95249248063523,50.0,64.72543493389672,50.0,50.0,0.1991907771689584,0.19257465807606136,0.6082345647549802,0.5,0.5
20260301_Brighton_Nott'mForest,50.00000000000001,59.41396458513143,19.45317637575734,39.36701972234295,21.01294792023226,21.01294792023226,56.2406010357329,0.3879965026552038,0.4610482093582226,0.1509552879865736,0.27199977482212145,0.7280002251778785
20260301_Fulham_Tottenham,50.0,63.121467715560854,19.96728455341417,50.0,49.999999999999986,59.42924370351371,49.999999999999986,0.3756891483883552,0.4742810090216423,0.15002984259000257,0.543083747014926,0.45691625298507405
20260301_ManUnited_CrystalPalace,68.14287912116772,42.448060878465334,21.368260297668623,60.72395268222601,21.56092287219357,27.509679068319233,50.00000000000001,0.516393544123055,0.321675645069314,0.16193081080763083,0.35491927458597033,0.6450807254140296
20260301_Arsenal_Chelsea,63.93801464690356,50.0,33.995173619589025,63.81746183776084,63.316757211436446,50.0,50.0,0.4322087247367585,0.3379904170653583,0.22980085819788323,0.5,0.5
20260303_Bournemouth_Brentford,47.81563444623746,66.24990078360274,27.246113107180523,50.0,50.00000000000001,50.00000000000001,50.0,0.3383700849076484,0.4688212299781563,0.19280868511419524,0.5000000000000001,0.5
20260303_Everton_Burnley,63.72924655666306,36.27075344333697,19.700498619214496,50.0,49.99999999999999,49.99999999999999,49.99999999999999,0.5324058570498981,0.30301255100632246,0.16458159194377942,0.5,0.5
20260303_Leeds_Sunderland,40.20053309699126,65.21657100849164,28.12345261202047,50.0,50.00000000000001,50.00000000000001,50.0,0.3010361352771125,0.4883652772726805,0.21059858745020707,0.5000000000000001,0.5
20260303_Wolves_Liverpool,19.18421052631579,25.451956317726257,71.90362595419846,27.471150556640325,72.4172116701119,23.536678743985043,50.0,0.16461510755839812,0.21839713034147873,0.6169877621001232,0.3200671983830957,0.6799328016169042
20260304_AstonVilla_Chelsea,35.46876549225853,67.0891499057172,29.137358867002114,50.0,50.000000000000014,50.0,50.0,0.269324512137721,0.5094271626689526,0.22124832519332627,0.5,0.5
20260304_Brighton_Arsenal,29.01833181072462,35.456831967144424,66.64149101560197,47.94092546922531,78.60881779626786,24.499999999999996,50.0,0.22131690178057833,0.27042203008454124,0.5082610681348805,0.32885906040268453,0.6711409395973155
20260304_Fulham_WestHam,50.0,57.10776973462798,19.855198752034067,50.0,49.99999999999999,52.60672906719157,50.0,0.3938156188058307,0.44979863353326816,0.15638574766090108,0.5127025249264333,0.48729747507356674
20260304_ManCity_Nott'mForest,76.25946547884186,19.18421052631579,19.18421052631579,50.92461746684925,19.18421052631579,19.18421052631579,50.00000000000001,0.6652784744304193,0.16736076278479034,0.16736076278479034,0.27729174591099276,0.7227082540890073
20260304_Newcastle_ManUnited,29.624838211146315,29.624838211146315,55.257447976113085,50.0,77.57768016643965,50.00000000000001,50.0,0.2587161136635685,0.2587161136635685,0.4825677726728629,0.5000000000000001,0.5
20260305_Tottenham_CrystalPalace,32.85327117578005,35.37659902402919,49.89385895228903,50.0,50.0,50.00000000000001,49.99999999999999,0.2781259228065648,0.2994876582204549,0.42238641897298035,0.5000000000000001,0.49999999999999994
20260314_Arsenal_Everton,69.08216270138004,31.111777075808842,19.404103091371375,70.0817342236091,50.0,50.0,50.0,0.5776195081829407,0.2601361722114556,0.16224431960560362,0.5,0.5
20260314_Burnley_Bournemouth,20.246032680291126,31.047244291948967,68.95275570805103,50.0,50.0,50.00000000000001,50.00000000000001,0.16837173110002776,0.25819766024628066,0.5734306086536916,0.5,0.5
20260314_Chelsea_Newcastle,56.915444604709556,58.44713916719957,20.102936969646755,79.48104015764028,49.99999999999999,50.0,50.0,0.4201470919917261,0.43145398804989143,0.1483989199583825,0.5,0.5
20260314_WestHam_ManCity,19.18421052631579,30.25282772771414,69.74717227228585,50.0,63.7505004086395,50.0,50.0,0.1609626849194083,0.2538325135025695,0.5852048015780222,0.5,0.5
20260314_Sunderland_Brighton,34.98981744388205,61.79583317550274,34.443178614626525,21.250118775672906,50.000000000000014,24.03492079013121,50.00000000000001,0.26663209332979054,0.470901352516881,0.2624665541533284,0.32464302701509795,0.6753569729849019
20260315_CrystalPalace_Leeds,50.0,56.34519402676946,19.720474814625398,50.0,50.0,50.0,50.0,0.39661868659028626,0.4469511370114429,0.1564301763982709,0.5,0.5
20260315_ManUnited_AstonVilla,63.96633445634984,47.3443489185011,24.221614385291065,50.00000000000001,23.19350149639819,23.19350149639819,50.0,0.47196377183506566,0.34932152483896245,0.17871470332597192,0.31687924504526577,0.6831207549547341
20260315_Nott'mForest_Fulham,30.524850412943064,50.00000000000001,33.62759986521781,50.00000000000001,50.0,50.00000000000001,50.00000000000001,0.26740425053129974,0.43801074684040997,0.2945850026282904,0.5,0.5
20260315_Liverpool_Tottenham,80.60643378830235,19.18421052631579,19.18421052631579,79.28444516646408,50.0,49.99999999999999,50.0,0.6775081499033633,0.16124592504831836,0.16124592504831836,0.49999999999999994,0.5
20260316_Brentford_Wolves,49.394453486347835,40.946722090805444,32.24140556730561,50.0,50.000000000000014,50.000000000000014,50.000000000000014,0.4029483881412022,0.33403377305745663,0.26301783880134116,0.5,0.5
20260320_Bournemouth_ManUnited,34.50783813347703,64.4982323219522,33.45847230564081,24.88249283587982,50.0,22.975800990480078,50.0,0.26050622615079544,0.4869094096998428,0.2525843641493617,0.3148413676675826,0.6851586323324174
20260321_Fulham_Burnley,62.71235498594302,37.28764501405699,21.094399919364534,50.0,50.00000000000001,50.000000000000014,50.00000000000001,0.517879893931532,0.30792212553913667,0.1741979805293314,0.5,0.49999999999999994
20260321_Brighton_Liverpool,31.413077489408405,55.33828888936318,41.692581542329094,50.0,50.0,50.0,50.0,0.24456642759614122,0.43083609453795246,0.32459747786590626,0.5,0.5
20260321_Leeds_Brentford,21.79698353605828,50.0,57.15427693044319,50.0,50.00000000000001,50.0,50.0,0.1690327295538195,0.38774339870054103,0.4432238717456394,0.5,0.5
20260321_Everton_Chelsea,31.11337827583633,55.14881588487899,37.02982759607406,49.99999999999999,50.0,50.00000000000001,50.00000000000001,0.25235516323360957,0.44730238906835096,0.30034244769803947,0.5,0.5
20260322_Newcastle_Sunderland,52.46521631061642,55.745706695448334,20.039138141116712,49.99999999999999,50.0,50.0,50.0,0.40908531225109235,0.4346641724519244,0.15625051529698322,0.5,0.5
20260322_AstonVilla_WestHam,33.57924762912028,50.0,31.971367395063712,50.0,50.0,50.0,50.0,0.29060206751900336,0.43271080806913337,0.27668712441186327,0.5,0.5
20260322_Tottenham_Nott'mForest,31.589176069343413,49.999999999999986,33.118085040510316,36.85895324940942,50.0,23.07820765671467,50.000000000000014,0.2753895068516269,0.4358921965028492,0.28871829664552395,0.3158015008403694,0.6841984991596306
20260410_WestHam_Wolves,29.788278077223588,63.984433895192055,36.01556610480796,49.99999999999999,50.00000000000001,49.99999999999999,49.99999999999999,0.22951439466281895,0.49299085281893895,0.2774947525182422,0.5,0.5
20260411_Burnley_Brighton,19.18421052631579,19.18421052631579,70.7668084025596,22.081142820197517,50.0,30.816815639542906,50.00000000000001,0.17578384745314946,0.17578384745314946,0.6484323050937011,0.3813168756486432,0.6186831243513569
20260411_Liverpool_Fulham,32.15515169657595,50.0,32.99690304108659,50.00000000000001,50.00000000000001,50.00000000000001,50.00000000000001,0.2792407983498972,0.4342084916670323,0.2865507099830704,0.5,0.5
20260411_Arsenal_Bournemouth,78.49318165070986,25.276755929901576,19.84537228337834,80.73661566885714,22.342113782887733,22.342113782887733,50.0,0.6349794514698346,0.20447916975423863,0.16054137877592675,0.30883965942632824,0.6911603405736717
20260411_Brentford_Everton,36.021586301847634,54.099247342817996,36.001343058271914,36.53446610363297,49.99999999999999,42.16703168327014,50.0,0.285608663309794,0.4289431784089876,0.28544815828121844,0.45750666928469785,0.5424933307153021
20260412_CrystalPalace_Newcastle,41.28835376090078,62.42089719631152,31.221576850068654,49.999999999999986,50.000000000000014,50.0,50.0,0.3059964459706134,0.4626140535168587,0.2313895005125279,0.5,0.5
20260412_Nott'mForest_AstonVilla,30.61723109350622,56.076079504555736,45.75293960804082,49.99999999999999,22.04850796782987,30.614449362758283,50.000000000000014,0.2311672172361393,0.42338744522622884,0.3454453375376319,0.3797637967480968,0.6202362032519032
20260412_Sunderland_Tottenham,66.84188283991823,33.15811716008178,20.87274617473785,50.0,50.0,50.0,50.0,0.5529938299183612,0.27432252686761377,0.17268364321402513,0.5,0.5
20260412_Chelsea_ManCity,19.529980336330453,31.378371896163397,68.8637037015227,50.00000000000001,52.840120311753864,49.99999999999999,49.99999999999999,0.16305957332058896,0.26198408010504565,0.5749563465743653,0.5,0.5
20260413_ManUnited_Leeds,70.7238090430819,40.71374738323602,21.232241489371248,50.0,50.0,50.0,50.0,0.5330814560223152,0.306880299984397,0.16003824399328778,0.5,0.5
20260418_Brentford_Fulham,49.99999999999999,49.99999999999999,20.760647545837596,50.0,50.0,50.0,50.0,0.4140421653587217,0.4140421653587217,0.1719156692825566,0.5,0.5
20260418_Leeds_Wolves,50.0,50.0,19.307926908866175,50.0,25.349924806639237,22.372857425602405,50.0,0.4190836375708103,0.4190836375708103,0.16183272485837935,0.30913326102401273,0.6908667389759873
20260418_Newcastle_Bournemouth,32.91227066325537,49.99999999999999,42.27334390557826,50.0,50.0,49.99999999999999,49.99999999999999,0.2629077692082462,0.3994069140628564,0.33768531672889746,0.5,0.5
20260418_Tottenham_Brighton,19.18421052631579,28.025069956213393,71.9749300437866,19.18421052631579,50.0,19.18421052631579,50.0,0.1609626849194083,0.23514079451007044,0.6038965205705213,0.27729174591099276,0.7227082540890072
20260418_Chelsea_ManUnited,33.33731800656682,49.99999999999999,46.82494091161702,50.0,77.36596406162933,49.99999999999999,50.0,0.25612123117440416,0.3841359270772069,0.3597428417483888,0.49999999999999994,0.5
20260419_AstonVilla_Sunderland,39.281869053091015,46.42950884261133,39.23585076688712,32.24207134164462,50.00000000000001,30.83296076320223,50.0,0.3143876776904651,0.3715929463949193,0.31401937591461565,0.3814404479569476,0.6185595520430524
20260419_Everton_Liverpool,30.63198599729242,51.18397085190176,33.274895717009095,49.99999999999999,50.0,50.0,50.0,0.2661548273758082,0.44472666341974837,0.28911850920444354,0.5,0.5
20260419_Nott'mForest_Burnley,66.63810895327862,28.33554223188113,20.499013016332807,50.0,20.738468711319218,20.738468711319218,50.0,0.577089906204981,0.24538744669853105,0.17752264709648782,0.29317101556088326,0.7068289844391168
20260419_ManCity_Arsenal,62.079769798792356,50.0,24.936314697296694,74.3649889924647,75.74647913206933,50.0,50.0,0.4530838114890398,0.36492066010999746,0.18199552840096284,0.5,0.5
20260420_CrystalPalace_WestHam,50.00000000000001,60.751797935094544,19.903525817573698,49.99999999999999,49.99999999999999,49.99999999999999,49.99999999999999,0.38268628146106376,0.4649775928771052,0.15233612566183113,0.5,0.5
20260421_Brighton_Chelsea,69.25900803402995,49.1353965806758,28.096374045801536,49.999999999999986,21.019366134993255,24.143586534347204,50.0,0.4727874932970208,0.33541631104676695,0.19179619565621223,0.32563283842713253,0.6743671615728675
20260422_Bournemouth_Leeds,57.41168483778443,53.491907546814296,19.25297029765232,50.0,50.0,49.99999999999999,50.0,0.4410971191513607,0.4109812555314876,0.14792162531715178,0.49999999999999994,0.5
20260422_Burnley_ManCity,19.18421052631579,19.18421052631579,69.25651867512333,19.4237718211071,79.80729428345059,30.809691157824673,50.0,0.17825060413361107,0.17825060413361107,0.6434987917327779,0.381262330252594,0.6187376697474061
20260424_Sunderland_Nott'mForest,33.02394347076609,59.371452148573105,30.707418466630727,50.0,54.78182224474921,49.99999999999999,49.99999999999999,0.26826310767927314,0.48229159170244906,0.24944530061827777,0.5,0.5
20260425_Fulham_AstonVilla,28.404837855322484,60.09942675095293,39.468075527571415,50.0,50.0,50.0,50.0,0.22196075984555522,0.4696282547314105,0.30841098542303425,0.5,0.5
20260425_Liverpool_CrystalPalace,56.60609182645659,50.00000000000001,25.45699278208808,50.0,41.57473501325174,37.53519723145838,50.00000000000001,0.4286291812299082,0.3786069373451916,0.19276388142490028,0.42880119561744684,0.5711988043825531
20260425_WestHam_Everton,43.09995693639959,57.936126327381935,33.917804391197166,50.0,50.000000000000014,49.99999999999999,49.99999999999999,0.3193680277413598,0.4293031296401083,0.25132884261853183,0.5,0.5
20260425_Wolves_Tottenham,37.35492561576163,64.96196283209858,29.13444636433466,50.0,50.0,80.26924098226367,50.0,0.2841730414463329,0.4941902105818099,0.22163674797185728,0.6161795399820624,0.38382046001793746
20260425_Arsenal_Newcastle,66.36280843599157,33.63719156400846,19.731752079621884,71.1471149541875,50.00000000000001,50.0,50.0,0.5542624014376749,0.2809379381806728,0.1647996603816523,0.5,0.5
20260427_ManUnited_Brentford,56.53923855554709,53.58757211719914,19.810737465924674,49.99999999999999,42.45030414962727,42.59296230298015,49.99999999999999,0.4351262538462535,0.41241021463641786,0.1524635315173288,0.46000215614237105,0.539997843857629
20260501_Leeds_Burnley,69.25651867512333,28.062537539327014,19.18421052631579,50.0,19.991590740342453,19.991590740342453,50.0,0.5944598860839453,0.24087339629514043,0.16466671762091428,0.2856284666326279,0.7143715333673721
20260502_Newcastle_Brighton,27.99610031208561,29.125023549953486,58.73297541039787,22.636028252517857,63.03803779641463,34.58526829431172,50.00000000000001,0.24164963076749935,0.25139398375075594,0.5069563854817447,0.40888051775131085,0.591119482248689
20260502_Brentford_WestHam,32.265176549569404,60.74331069758651,33.991963011078624,26.333535360405104,50.0,40.37095641966168,49.99999999999999,0.2540556075507092,0.4782920893120849,0.26765230313720584,0.44672489944876054,0.5532751005512395
20260502_Arsenal_Fulham,62.45520599925011,32.141615838652505,25.30742961265356,50.0,20.56542137358835,20.56542137358835,49.99999999999999,0.5208756590670531,0.2680606855037701,0.2110636554291768,0.2914376612974595,0.7085623387025404
20260502_Wolves_Sunderland,27.937602030598782,52.58127863703023,37.46303706626844,50.0,49.99999999999999,78.22857988975336,49.99999999999999,0.23679562569588586,0.44567235087350227,0.31753202343061177,0.6100713269772752,0.38992867302272494
20260503_Bournemouth_CrystalPalace,50.0,65.65110469946023,20.088962784775703,50.0,38.96631716321297,40.622585306179914,50.0,0.36835107663259936,0.4836531019633136,0.14799582140408704,0.4482611610442513,0.5517388389557487
20260503_ManUnited_Liverpool,49.356614713613524,50.0,40.66437814350161,51.25352237477987,64.78014838770025,50.0,49.99999999999999,0.3524943917800929,0.3570893119649756,0.2904162962549316,0.5,0.49999999999999994
20260503_AstonVilla_Tottenham,53.11812296889256,46.88187703110741,19.90897358639745,50.00000000000001,50.0,76.08077696759855,50.0,0.44298705409749517,0.39097888697485883,0.16603405892764594,0.6034288398075983,0.39657116019240174
20260504_Chelsea_Nott'mForest,29.577292836132486,29.577292836132486,55.84045899776483,19.18421052631579,80.15859064846862,30.352846944182627,50.0,0.2572049336647718,0.2572049336647718,0.48559013267045636,0.37774451184371016,0.6222554881562897
20260504_Everton_ManCity,19.18421052631579,20.121565124335643,80.32479548449807,50.0,65.32085338592566,50.0,50.0,0.16036210764757558,0.16819751785355797,0.6714403744988665,0.5,0.5
20260509_Liverpool_Chelsea,69.34438460082407,30.65561539917592,19.18421052631579,79.77368701519691,50.0,49.999999999999986,50.0,0.5818252627139135,0.25721205236667805,0.16096268491940827,0.49999999999999994,0.5000000000000001
20260509_ManCity_Brentford,65.70817729569832,34.29182270430165,20.3514803521503,70.50389965588901,50.000000000000014,50.0,49.99999999999999,0.5459689993295902,0.2849306265611628,0.169100374109247,0.5,0.49999999999999994
20260509_Brighton_Wolves,69.5073259717479,23.465574515540325,20.470824329095365,54.6589370177201,23.23488340813265,29.777158207618193,50.0,0.6127031361518696,0.20684770844329167,0.18044915540483875,0.3732541854915894,0.6267458145084107
20260509_Sunderland_ManUnited,20.39337119158386,45.70862440816386,69.78322995522912,50.0,78.29196363677252,49.99999999999999,50.00000000000001,0.1500779139769912,0.33637670483661913,0.5135453811863896,0.49999999999999994,0.5000000000000001
20260509_Fulham_Bournemouth,34.05115408082495,55.474676801889856,52.73796377336864,19.973915504369888,61.31097833882095,19.973915504369888,49.99999999999999,0.23935221300079992,0.38994233870956047,0.3707054482896395,0.28544801817074983,0.7145519818292502
20260510_Burnley_AstonVilla,19.18421052631579,22.632743667927723,69.25651867512333,50.0,50.0,77.11552326982061,50.0,0.17271640141186798,0.20376371678362865,0.6235198818045035,0.6066570099871441,0.3933429900128559
20260510_CrystalPalace_Everton,43.923344099827446,65.21182113969127,24.191486860498337,50.00000000000001,50.0,50.00000000000001,50.00000000000001,0.3294415888195983,0.4891131676416176,0.18144524353878413,0.5,0.5
20260510_Nott'mForest_Newcastle,69.26247946232284,49.80549535298818,19.18421052631579,69.300535482537,50.0,50.0,50.0,0.500986507310336,0.3602510530297714,0.13876243965989268,0.5,0.5
20260510_WestHam_Arsenal,27.300745614845276,29.77033407375237,59.795175754630485,23.104650345281193,50.0,35.258431018682096,49.99999999999999,0.23360674568808756,0.2547384953924048,0.5116547589195076,0.41354773478010826,0.5864522652198917
20260511_Tottenham_Leeds,30.281300809350004,50.0,33.080612766279145,23.354432721334508,54.5894084074245,39.86967618689082,50.0,0.26712058622006146,0.4410652433689081,0.2918141704110304,0.4436388098692912,0.5563611901307088
20260513_ManCity_CrystalPalace,76.25946547884186,19.18421052631579,19.18421052631579,72.139784190475,23.39165921053902,32.92313528212768,50.00000000000001,0.6652784744304193,0.16736076278479034,0.16736076278479034,0.39703196424151077,0.6029680357584892
20260515_AstonVilla_Liverpool,24.736780698695053,56.61958451497235,43.38041548502761,50.0,75.08285043353604,49.99999999999999,49.99999999999999,0.1983118416247041,0.45391250437782626,0.3477756539974697,0.5,0.5
20260517_ManUnited_Nott'mForest,57.94181385833113,49.99999999999999,37.11703164399316,50.0,69.83752114949152,50.0,50.0,0.399436612484295,0.34468770123500564,0.2558756862806993,0.5,0.5
20260517_Everton_Sunderland,39.63072945839415,63.38545941647615,28.598704956525278,52.816889490616376,50.00000000000001,63.11777030793369,50.00000000000001,0.30111128235352186,0.48159792232690396,0.21729079531957432,0.5579828008995579,0.4420171991004421
20260517_Brentford_CrystalPalace,49.99999999999999,66.11226897007901,19.673724879995365,49.99999999999999,50.0,50.0,50.0,0.368226490688035,0.48688577588551335,0.14488773342645153,0.5,0.5
20260517_Newcastle_WestHam,41.85580425668041,57.869545098812374,26.148845123882086,50.0,50.0,50.0,50.0,0.3325209303606602,0.4597411354898052,0.2077379341495346,0.5,0.5
20260517_Wolves_Fulham,28.81249180786228,47.61048924339027,41.6465511652515,23.13729281326012,50.0,23.13729281326012,50.0,0.244029863309942,0.4032411101289614,0.3527290265610965,0.3163542417728815,0.6836457582271185
20260517_Leeds_Brighton,29.880348943050485,53.18229107402432,34.00250426191755,50.0,50.0,50.0,50.0,0.25524548000247577,0.4542965491699139,0.29045797082761027,0.5,0.5
20260518_Arsenal_Burnley,69.33252201071359,19.18421052631579,19.18421052631579,75.95961209782699,20.755563441000298,24.345454884307586,50.0,0.6437503705973596,0.17812481470132013,0.17812481470132013,0.32746393067595964,0.6725360693240403
20260519_Bournemouth_ManCity,58.28837519238216,40.404963979504025,49.99999999999999,50.0,80.8157894736842,50.0,50.0,0.39200394259087895,0.2717335168107079,0.33626254059841315,0.5,0.5
20260519_Chelsea_Tottenham,30.743479194099226,30.743479194099226,50.00006973080988,50.0,50.0,50.0,49.99999999999999,0.2757583524540782,0.2757583524540782,0.4484832950918436,0.5,0.49999999999999994
20260524_CrystalPalace_Arsenal,19.18421052631579,19.18421052631579,80.8157894736842,22.884576425696494,50.0,36.40453805026285,49.99999999999999,0.1609626849194083,0.1609626849194083,0.6780746301611835,0.4213266903769079,0.578673309623092
20260524_Fulham_Newcastle,29.768153677588195,64.99924631378629,35.00075368621369,50.0,50.0,50.0,50.0,0.22939490802610807,0.5008875018386895,0.26971759013520247,0.5,0.5
20260524_Brighton_ManUnited,34.35692540903172,34.35692540903172,54.232692133714224,50.00000000000001,73.74294582124482,50.0,50.0,0.27944604690924296,0.27944604690924296,0.441107906181514,0.5,0.5
20260524_Burnley_Wolves,34.133403701747135,50.0,35.869344026276494,50.0,50.0,77.43591732208066,50.0,0.2844385178505053,0.4166571261628183,0.29890435598667636,0.6076459364777801,0.3923540635222199
20260524_Liverpool_Brentford,50.00000000000001,50.00000000000001,19.253766262494203,49.99999999999999,50.0,50.0,50.0,0.4192739698463109,0.4192739698463109,0.16145206030737821,0.5,0.5
20260524_ManCity_AstonVilla,63.24145865405449,39.09407134587793,19.970851611203518,79.00790474421483,50.0,49.99999999999999,50.0,0.5170740710417385,0.3196404867096357,0.16328544224862573,0.49999999999999994,0.5
20260524_Nott'mForest_Bournemouth,31.249249311204686,64.7917583437266,48.37481559583641,50.0,49.99999999999999,50.0,50.0,0.21638383251773327,0.44864722497354304,0.3349689425087237,0.5,0.5
20260524_Sunderland_Chelsea,33.54005106679121,50.0,45.671598683667966,49.99999999999999,50.00000000000001,50.00000000000001,50.00000000000001,0.25957451306879564,0.38696201229968674,0.3534634746315176,0.5,0.5
20260524_Tottenham_Everton,37.40033045286356,43.69907065166857,35.53082280906184,50.0,50.0,50.0,50.0,0.32067442895909865,0.374680500348205,0.30464507069269636,0.5,0.5
20260524_WestHam_Leeds,29.817696399967783,45.5548060582478,54.8805584329163,21.012138932602014,50.0,24.097701923310648,49.99999999999999,0.22892127214492108,0.3497407718988148,0.421337955956264,0.3252152401197435,0.6747847598802565
20260821_Arsenal_Coventry,80.8157894736842,19.18421052631579,19.18421052631579,50.00000000000001,50.0,50.00000000000001,50.00000000000001,0.6780746301611834,0.16096268491940827,0.16096268491940827,0.5,0.5
20260822_Hull_ManUnited,21.696462405947663,32.731291507339115,72.78408214907759,50.00000000000001,68.37916582089555,50.0,50.0,0.17055380283412608,0.2572975323718535,0.5721486647940204,0.5,0.5
20260822_Brentford_Tottenham,32.16568849861067,56.448731158459935,31.536322886754483,48.61416387497925,50.0,48.09551175759004,50.0,0.2677111087089471,0.4698159159346869,0.26247297535636605,0.49029268409794197,0.5097073159020581
20260822_Everton_CrystalPalace,47.15122597559456,60.5630515989926,21.291274528614075,50.0,50.0,69.19505644895202,50.00000000000001,0.3654976487978963,0.46946081476046597,0.16504153644163766,0.5805195157450709,0.4194804842549291
20260822_Nott'mForest_Leeds,46.07579026567073,62.84298133027102,22.603516874165877,50.0,50.0,50.0,50.0,0.3503268594367777,0.4778124077772108,0.17186073278601138,0.5,0.5
20260822_Ipswich_Sunderland,19.18421052631579,26.927563025976163,69.25651867512333,50.0,50.0,50.0,50.0,0.16628668203304647,0.23340523211435119,0.6003080858526023,0.5,0.5
20260823_Newcastle_Liverpool,29.471422229599966,55.44315887020984,35.89750107973881,50.0,49.99999999999999,49.99999999999999,49.99999999999999,0.24394432823200662,0.45892064659403253,0.2971350251739609,0.5,0.5
20260823_Brighton_AstonVilla,31.201944218817616,65.72166546922743,34.27833453077252,50.00000000000001,50.00000000000001,50.0,50.0,0.2378161726535032,0.5009199052692188,0.26126392207727794,0.5,0.5
20260823_ManCity_Bournemouth,35.96910669028518,46.83262025313523,34.32320800117719,50.0,50.00000000000001,50.0,50.00000000000001,0.30710033441896273,0.399851835779358,0.2930478298016792,0.5,0.5000000000000001
20260824_Fulham_Chelsea,41.49326629652182,64.99566285524374,25.892888319789886,50.0,20.771356410748034,20.771356410748034,50.0,0.31343629426629815,0.49097122321355957,0.1955924825201424,0.29349948148787336,0.7065005185121265
