MatchID,Season,SeasonStartYear,Date,HomeTeam,AwayTeam,FTHG,FTAG,FTR,HTHG,HTAG,HTR,HxG,AxG,HS,AS,HST,AST,HC,AC,HF,AF,HY,AY,HR,AR,Referee
20180810_ManUnited_Leicester,2018-19,2018,2018-08-10,Man United,Leicester,2,1,H,1,0,H,,,8,13,6,4,2,5,11,8,2,1,0,0,A Marriner
20180811_Bournemouth_Cardiff,2018-19,2018,2018-08-11,Bournemouth,Cardiff,2,0,H,1,0,H,,,12,10,4,1,7,4,11,9,1,1,0,0,K Friend
20180811_Fulham_CrystalPalace,2018-19,2018,2018-08-11,Fulham,Crystal Palace,0,2,A,0,1,A,,,15,10,6,9,5,5,9,11,1,2,0,0,M Dean
20180811_Huddersfield_Chelsea,2018-19,2018,2018-08-11,Huddersfield,Chelsea,0,3,A,0,2,A,,,6,13,1,4,2,5,9,8,2,1,0,0,C Kavanagh
20180811_Newcastle_Tottenham,2018-19,2018,2018-08-11,Newcastle,Tottenham,1,2,A,1,2,A,,,15,15,2,5,3,5,11,12,2,2,0,0,M Atkinson
20180811_Watford_Brighton,2018-19,2018,2018-08-11,Watford,Brighton,2,0,H,1,0,H,,,19,6,5,0,8,2,10,16,2,2,0,0,J Moss
20180811_Wolves_Everton,2018-19,2018,2018-08-11,Wolves,Everton,2,2,D,1,1,D,,,11,6,4,5,3,6,8,7,0,1,0,1,C Pawson
20180812_Arsenal_ManCity,2018-19,2018,2018-08-12,Arsenal,Man City,0,2,A,0,1,A,,,9,17,3,8,2,9,11,14,2,2,0,0,M Oliver
20180812_Liverpool_WestHam,2018-19,2018,2018-08-12,Liverpool,West Ham,4,0,H,2,0,H,,,18,5,8,2,5,4,14,9,1,2,0,0,A Taylor
20180812_Southampton_Burnley,2018-19,2018,2018-08-12,Southampton,Burnley,0,0,D,0,0,D,,,18,16,3,6,8,5,10,9,0,1,0,0,G Scott
20180818_WestHam_Bournemouth,2018-19,2018,2018-08-18,West Ham,Bournemouth,1,2,A,1,0,H,,,11,12,5,5,6,4,14,10,6,2,0,0,S Attwell
20180818_Tottenham_Fulham,2018-19,2018,2018-08-18,Tottenham,Fulham,3,1,H,1,0,H,,,25,10,11,3,5,2,9,5,0,0,0,0,A Taylor
20180818_Leicester_Wolves,2018-19,2018,2018-08-18,Leicester,Wolves,2,0,H,2,0,H,,,6,11,2,3,1,9,10,8,2,1,1,0,M Dean
20180818_Chelsea_Arsenal,2018-19,2018,2018-08-18,Chelsea,Arsenal,3,2,H,2,2,D,,,24,15,11,6,5,1,12,9,0,2,0,0,M Atkinson
20180818_Cardiff_Newcastle,2018-19,2018,2018-08-18,Cardiff,Newcastle,0,0,D,0,0,D,,,12,12,1,6,5,5,14,16,2,2,0,1,C Pawson
20180818_Everton_Southampton,2018-19,2018,2018-08-18,Everton,Southampton,2,1,H,2,0,H,,,13,15,7,4,2,5,8,20,0,5,0,0,L Mason
20180819_Brighton_ManUnited,2018-19,2018,2018-08-19,Brighton,Man United,3,2,H,3,1,H,,,6,9,3,3,3,5,16,13,1,1,0,0,K Friend
20180819_Burnley_Watford,2018-19,2018,2018-08-19,Burnley,Watford,1,3,A,1,1,D,,,8,9,3,6,5,2,8,19,1,2,0,0,P Tierney
20180819_ManCity_Huddersfield,2018-19,2018,2018-08-19,Man City,Huddersfield,6,1,H,3,1,H,,,32,5,14,1,10,3,9,4,0,2,0,0,A Marriner
20180820_CrystalPalace_Liverpool,2018-19,2018,2018-08-20,Crystal Palace,Liverpool,0,2,A,0,1,A,,,8,16,2,6,6,7,6,13,1,1,1,0,M Oliver
20180825_Southampton_Leicester,2018-19,2018,2018-08-25,Southampton,Leicester,1,2,A,0,0,D,,,11,8,5,5,10,3,13,11,1,1,1,0,J Moss
20180825_Wolves_ManCity,2018-19,2018,2018-08-25,Wolves,Man City,1,1,D,0,0,D,,,11,18,2,6,5,9,13,8,1,2,0,0,M Atkinson
20180825_Liverpool_Brighton,2018-19,2018,2018-08-25,Liverpool,Brighton,1,0,H,1,0,H,,,22,6,8,2,8,5,8,14,1,1,0,0,C Kavanagh
20180825_Bournemouth_Everton,2018-19,2018,2018-08-25,Bournemouth,Everton,2,2,D,0,0,D,,,17,11,5,3,6,2,12,10,0,3,1,1,L Probert
20180825_Arsenal_WestHam,2018-19,2018,2018-08-25,Arsenal,West Ham,3,1,H,1,1,D,,,17,13,10,5,10,2,16,13,1,3,0,0,G Scott
20180825_Huddersfield_Cardiff,2018-19,2018,2018-08-25,Huddersfield,Cardiff,0,0,D,0,0,D,,,5,14,1,4,7,7,8,10,0,1,1,0,M Oliver
20180826_Fulham_Burnley,2018-19,2018,2018-08-26,Fulham,Burnley,4,2,H,3,2,H,,,25,12,12,2,6,4,11,8,2,1,0,0,D Coote
20180826_Newcastle_Chelsea,2018-19,2018,2018-08-26,Newcastle,Chelsea,1,2,A,0,0,D,,,6,15,2,3,4,5,16,8,3,1,0,0,P Tierney
20180826_Watford_CrystalPalace,2018-19,2018,2018-08-26,Watford,Crystal Palace,2,1,H,0,0,D,,,13,9,5,3,6,3,14,11,4,2,0,0,A Taylor
20180827_ManUnited_Tottenham,2018-19,2018,2018-08-27,Man United,Tottenham,0,3,A,0,0,D,,,23,9,5,5,5,2,11,16,2,4,0,0,C Pawson
20180901_Everton_Huddersfield,2018-19,2018,2018-09-01,Everton,Huddersfield,1,1,D,1,1,D,,,11,9,1,6,4,3,13,14,3,3,0,0,S Attwell
20180901_Brighton_Fulham,2018-19,2018,2018-09-01,Brighton,Fulham,2,2,D,0,1,A,,,15,10,5,5,7,1,12,14,3,3,0,0,L Probert
20180901_Chelsea_Bournemouth,2018-19,2018,2018-09-01,Chelsea,Bournemouth,2,0,H,0,0,D,,,24,8,6,1,7,6,10,7,2,2,0,0,L Mason
20180901_CrystalPalace_Southampton,2018-19,2018,2018-09-01,Crystal Palace,Southampton,0,2,A,0,0,D,,,20,19,6,6,7,4,11,12,1,1,0,0,M Atkinson
20180901_Leicester_Liverpool,2018-19,2018,2018-09-01,Leicester,Liverpool,1,2,A,0,2,A,,,12,10,5,4,4,4,9,12,3,2,0,0,P Tierney
20180901_ManCity_Newcastle,2018-19,2018,2018-09-01,Man City,Newcastle,2,1,H,1,1,D,,,24,3,8,2,4,0,5,13,0,0,0,0,K Friend
20180901_WestHam_Wolves,2018-19,2018,2018-09-01,West Ham,Wolves,0,1,A,0,0,D,,,13,15,3,6,4,4,10,11,2,1,0,0,C Kavanagh
20180902_Burnley_ManUnited,2018-19,2018,2018-09-02,Burnley,Man United,0,2,A,0,2,A,,,9,21,2,9,2,5,7,13,2,3,0,1,J Moss
20180902_Cardiff_Arsenal,2018-19,2018,2018-09-02,Cardiff,Arsenal,2,3,A,1,1,D,,,14,17,3,11,3,9,12,14,3,4,0,0,A Taylor
20180902_Watford_Tottenham,2018-19,2018,2018-09-02,Watford,Tottenham,2,1,H,0,0,D,,,7,11,3,2,3,10,9,8,2,1,0,0,A Marriner
20180915_Newcastle_Arsenal,2018-19,2018,2018-09-15,Newcastle,Arsenal,1,2,A,0,0,D,,,4,12,2,2,10,4,13,11,0,0,0,0,L Probert
20180915_Watford_ManUnited,2018-19,2018,2018-09-15,Watford,Man United,1,2,A,0,2,A,,,14,9,5,6,6,8,9,11,2,1,0,1,M Dean
20180915_ManCity_Fulham,2018-19,2018,2018-09-15,Man City,Fulham,3,0,H,2,0,H,,,28,9,9,3,10,4,7,7,0,0,0,0,S Attwell
20180915_Tottenham_Liverpool,2018-19,2018,2018-09-15,Tottenham,Liverpool,1,2,A,0,1,A,,,11,17,3,10,5,4,17,16,0,0,0,0,M Oliver
20180915_Chelsea_Cardiff,2018-19,2018,2018-09-15,Chelsea,Cardiff,4,1,H,2,1,H,,,18,6,7,2,5,4,8,10,0,0,0,0,J Moss
20180915_Huddersfield_CrystalPalace,2018-19,2018,2018-09-15,Huddersfield,Crystal Palace,0,1,A,0,1,A,,,15,7,2,2,5,3,11,17,1,2,0,0,L Mason
20180915_Bournemouth_Leicester,2018-19,2018,2018-09-15,Bournemouth,Leicester,4,2,H,3,0,H,,,10,14,5,8,4,6,13,15,3,2,0,1,C Pawson
20180916_Everton_WestHam,2018-19,2018,2018-09-16,Everton,West Ham,1,3,A,1,2,A,,,16,9,4,4,4,2,15,12,2,5,0,0,M Atkinson
20180916_Wolves_Burnley,2018-19,2018,2018-09-16,Wolves,Burnley,1,0,H,0,0,D,,,30,7,7,2,8,2,10,9,2,4,0,0,A Marriner
20180917_Southampton_Brighton,2018-19,2018,2018-09-17,Southampton,Brighton,2,2,D,1,0,H,,,14,12,5,4,1,4,10,13,2,3,0,0,A Taylor
20180922_ManUnited_Wolves,2018-19,2018,2018-09-22,Man United,Wolves,1,1,D,1,0,H,,,15,11,6,8,5,4,5,17,1,1,0,0,K Friend
20180922_Liverpool_Southampton,2018-19,2018,2018-09-22,Liverpool,Southampton,3,0,H,3,0,H,,,12,7,4,1,5,4,7,10,0,2,0,0,P Tierney
20180922_Leicester_Huddersfield,2018-19,2018,2018-09-22,Leicester,Huddersfield,3,1,H,1,1,D,,,18,9,8,2,3,1,10,16,2,1,0,0,D Coote
20180922_Fulham_Watford,2018-19,2018,2018-09-22,Fulham,Watford,1,1,D,0,1,A,,,15,11,3,6,8,8,11,9,2,1,0,0,M Atkinson
20180922_CrystalPalace_Newcastle,2018-19,2018,2018-09-22,Crystal Palace,Newcastle,0,0,D,0,0,D,,,16,6,4,3,9,5,8,11,1,1,0,0,A Marriner
20180922_Cardiff_ManCity,2018-19,2018,2018-09-22,Cardiff,Man City,0,5,A,0,3,A,,,2,21,2,10,1,9,6,4,1,1,0,0,M Oliver
20180922_Burnley_Bournemouth,2018-19,2018,2018-09-22,Burnley,Bournemouth,4,0,H,2,0,H,,,12,19,5,5,3,8,17,6,2,0,0,0,A Taylor
20180922_Brighton_Tottenham,2018-19,2018,2018-09-22,Brighton,Tottenham,1,2,A,0,1,A,,,8,16,4,7,5,7,15,9,2,1,0,0,C Kavanagh
20180923_Arsenal_Everton,2018-19,2018,2018-09-23,Arsenal,Everton,2,0,H,0,0,D,,,9,9,5,6,5,9,17,12,2,1,0,0,J Moss
20180923_WestHam_Chelsea,2018-19,2018,2018-09-23,West Ham,Chelsea,0,0,D,0,0,D,,,6,17,1,6,1,8,11,9,2,1,0,0,M Dean
20180929_WestHam_ManUnited,2018-19,2018,2018-09-29,West Ham,Man United,3,1,H,2,0,H,,,8,9,3,4,4,9,12,12,0,1,0,0,M Oliver
20180929_Newcastle_Leicester,2018-19,2018,2018-09-29,Newcastle,Leicester,0,2,A,0,1,A,,,6,12,1,5,5,9,11,5,0,0,0,0,S Hooper
20180929_ManCity_Brighton,2018-19,2018,2018-09-29,Man City,Brighton,2,0,H,1,0,H,,,28,4,8,1,10,3,4,10,0,3,0,0,L Mason
20180929_Wolves_Southampton,2018-19,2018,2018-09-29,Wolves,Southampton,2,0,H,0,0,D,,,14,17,6,6,8,6,11,7,3,1,0,0,S Attwell
20180929_Everton_Fulham,2018-19,2018,2018-09-29,Everton,Fulham,3,0,H,0,0,D,,,19,6,6,0,12,1,13,13,0,3,0,0,R East
20180929_Chelsea_Liverpool,2018-19,2018,2018-09-29,Chelsea,Liverpool,1,1,D,1,0,H,,,10,13,4,6,4,4,7,9,0,2,0,0,A Marriner
20180929_Arsenal_Watford,2018-19,2018,2018-09-29,Arsenal,Watford,2,0,H,0,0,D,,,9,13,2,4,6,6,11,17,2,2,0,0,A Taylor
20180929_Huddersfield_Tottenham,2018-19,2018,2018-09-29,Huddersfield,Tottenham,0,2,A,0,2,A,,,9,10,5,6,3,0,17,16,2,2,0,0,C Pawson
20180930_Cardiff_Burnley,2018-19,2018,2018-09-30,Cardiff,Burnley,1,2,A,0,0,D,,,19,3,5,2,10,2,11,15,1,3,0,0,M Atkinson
20181001_Bournemouth_CrystalPalace,2018-19,2018,2018-10-01,Bournemouth,Crystal Palace,2,1,H,1,0,H,,,11,10,5,2,3,3,9,12,3,4,0,0,M Dean
20181005_Brighton_WestHam,2018-19,2018,2018-10-05,Brighton,West Ham,1,0,H,1,0,H,,,9,17,4,4,2,9,12,8,3,2,0,0,K Friend
20181006_Burnley_Huddersfield,2018-19,2018,2018-10-06,Burnley,Huddersfield,1,1,D,1,0,H,,,6,19,3,2,1,10,8,11,2,2,0,0,C Kavanagh
20181006_CrystalPalace_Wolves,2018-19,2018,2018-10-06,Crystal Palace,Wolves,0,1,A,0,0,D,,,11,7,4,2,6,3,11,13,3,4,0,0,M Oliver
20181006_Leicester_Everton,2018-19,2018,2018-10-06,Leicester,Everton,1,2,A,1,1,D,,,8,17,2,8,2,10,10,11,2,1,1,0,A Marriner
20181006_ManUnited_Newcastle,2018-19,2018,2018-10-06,Man United,Newcastle,3,2,H,0,2,A,,,18,13,10,8,10,6,16,8,2,2,0,0,A Taylor
20181006_Tottenham_Cardiff,2018-19,2018,2018-10-06,Tottenham,Cardiff,1,0,H,1,0,H,,,19,8,7,6,6,2,7,11,2,1,0,1,M Dean
20181006_Watford_Bournemouth,2018-19,2018,2018-10-06,Watford,Bournemouth,0,4,A,0,3,A,,,14,10,2,7,10,7,11,9,3,1,1,0,J Moss
20181007_Southampton_Chelsea,2018-19,2018,2018-10-07,Southampton,Chelsea,0,3,A,0,1,A,,,15,21,6,6,4,12,13,11,6,0,0,0,C Pawson
20181007_Fulham_Arsenal,2018-19,2018,2018-10-07,Fulham,Arsenal,1,5,A,1,1,D,,,21,9,4,7,4,2,11,12,2,0,0,0,P Tierney
20181007_Liverpool_ManCity,2018-19,2018,2018-10-07,Liverpool,Man City,0,0,D,0,0,D,,,7,6,2,2,2,6,10,10,1,3,0,0,M Atkinson
20181020_Bournemouth_Southampton,2018-19,2018,2018-10-20,Bournemouth,Southampton,0,0,D,0,0,D,,,10,8,2,4,6,4,10,14,1,2,0,0,L Probert
20181020_Cardiff_Fulham,2018-19,2018,2018-10-20,Cardiff,Fulham,4,2,H,2,2,D,,,22,9,5,4,4,4,15,16,3,3,0,0,K Friend
20181020_Chelsea_ManUnited,2018-19,2018,2018-10-20,Chelsea,Man United,2,2,D,1,0,H,,,21,7,6,4,5,3,9,17,2,5,0,0,M Dean
20181020_Huddersfield_Liverpool,2018-19,2018,2018-10-20,Huddersfield,Liverpool,0,1,A,0,1,A,,,13,11,1,2,2,4,9,6,0,2,0,0,M Oliver
20181020_ManCity_Burnley,2018-19,2018,2018-10-20,Man City,Burnley,5,0,H,1,0,H,,,24,5,10,0,10,1,11,5,2,2,0,0,J Moss
20181020_Newcastle_Brighton,2018-19,2018,2018-10-20,Newcastle,Brighton,0,1,A,0,1,A,,,27,8,6,2,10,2,13,17,0,2,0,0,A Marriner
20181020_WestHam_Tottenham,2018-19,2018,2018-10-20,West Ham,Tottenham,0,1,A,0,1,A,,,13,10,4,2,10,6,8,10,3,0,0,0,M Atkinson
20181020_Wolves_Watford,2018-19,2018,2018-10-20,Wolves,Watford,0,2,A,0,2,A,,,10,9,1,3,8,2,23,13,3,1,0,0,L Mason
20181021_Everton_CrystalPalace,2018-19,2018,2018-10-21,Everton,Crystal Palace,2,0,H,0,0,D,,,20,7,4,3,10,5,13,17,2,1,0,0,A Taylor
20181022_Arsenal_Leicester,2018-19,2018,2018-10-22,Arsenal,Leicester,3,1,H,1,1,D,,,19,8,6,2,6,4,10,10,2,2,0,0,C Kavanagh
20181027_Watford_Huddersfield,2018-19,2018,2018-10-27,Watford,Huddersfield,3,0,H,2,0,H,,,12,13,6,7,3,3,9,13,1,2,0,0,M Dean
20181027_Liverpool_Cardiff,2018-19,2018,2018-10-27,Liverpool,Cardiff,4,1,H,1,0,H,,,19,2,7,1,8,0,6,4,0,0,0,0,S Attwell
20181027_Southampton_Newcastle,2018-19,2018,2018-10-27,Southampton,Newcastle,0,0,D,0,0,D,,,22,6,4,0,7,2,9,12,0,1,0,0,C Kavanagh
20181027_Fulham_Bournemouth,2018-19,2018,2018-10-27,Fulham,Bournemouth,0,3,A,0,1,A,,,11,12,1,5,5,5,16,3,2,1,1,0,A Marriner
20181027_Brighton_Wolves,2018-19,2018,2018-10-27,Brighton,Wolves,1,0,H,0,0,D,,,2,25,1,7,1,10,11,8,3,0,0,0,A Taylor
20181027_Leicester_WestHam,2018-19,2018,2018-10-27,Leicester,West Ham,1,1,D,0,1,A,,,21,11,7,3,8,0,17,5,1,1,0,1,M Oliver
20181028_Burnley_Chelsea,2018-19,2018,2018-10-28,Burnley,Chelsea,0,4,A,0,1,A,,,7,24,1,8,4,4,14,10,4,2,0,0,C Pawson
20181028_CrystalPalace_Arsenal,2018-19,2018,2018-10-28,Crystal Palace,Arsenal,2,2,D,1,0,H,,,16,7,3,2,6,4,10,16,1,2,0,0,M Atkinson
20181028_ManUnited_Everton,2018-19,2018,2018-10-28,Man United,Everton,2,1,H,1,0,H,,,14,14,10,6,8,4,15,12,2,1,0,0,J Moss
20181029_Tottenham_ManCity,2018-19,2018,2018-10-29,Tottenham,Man City,0,1,A,0,1,A,,,4,13,1,6,3,6,13,13,2,2,0,0,K Friend
20181103_Newcastle_Watford,2018-19,2018,2018-11-03,Newcastle,Watford,1,0,H,0,0,D,,,10,16,2,1,8,9,12,11,1,5,0,0,C Pawson
20181103_Everton_Brighton,2018-19,2018,2018-11-03,Everton,Brighton,3,1,H,1,1,D,,,14,5,3,3,6,4,9,17,0,1,0,0,D Coote
20181103_Wolves_Tottenham,2018-19,2018,2018-11-03,Wolves,Tottenham,2,3,A,0,2,A,,,16,10,7,8,5,1,11,8,1,2,0,0,M Dean
20181103_Bournemouth_ManUnited,2018-19,2018,2018-11-03,Bournemouth,Man United,1,2,A,1,1,D,,,18,18,7,8,9,5,12,12,4,3,0,0,P Tierney
20181103_Arsenal_Liverpool,2018-19,2018,2018-11-03,Arsenal,Liverpool,1,1,D,0,0,D,,,12,13,4,4,5,8,7,7,1,1,0,0,A Marriner
20181103_Cardiff_Leicester,2018-19,2018,2018-11-03,Cardiff,Leicester,0,1,A,0,0,D,,,11,13,2,5,6,12,13,12,2,2,0,0,L Probert
20181103_WestHam_Burnley,2018-19,2018,2018-11-03,West Ham,Burnley,4,2,H,1,1,D,,,22,6,10,3,10,4,7,9,1,4,0,0,R East
20181104_Chelsea_CrystalPalace,2018-19,2018,2018-11-04,Chelsea,Crystal Palace,3,1,H,1,0,H,,,15,7,6,2,4,2,6,13,0,1,0,0,M Oliver
20181104_ManCity_Southampton,2018-19,2018,2018-11-04,Man City,Southampton,6,1,H,4,1,H,,,18,12,8,6,4,4,14,9,1,1,0,0,L Mason
20181105_Huddersfield_Fulham,2018-19,2018,2018-11-05,Huddersfield,Fulham,1,0,H,1,0,H,,,10,7,2,1,5,4,11,8,1,2,0,0,A Taylor
20181110_Cardiff_Brighton,2018-19,2018,2018-11-10,Cardiff,Brighton,2,1,H,1,1,D,,,20,7,6,3,4,1,7,21,2,1,0,1,M Atkinson
20181110_CrystalPalace_Tottenham,2018-19,2018,2018-11-10,Crystal Palace,Tottenham,0,1,A,0,0,D,,,11,11,4,2,10,6,12,9,1,1,0,0,J Moss
20181110_Huddersfield_WestHam,2018-19,2018,2018-11-10,Huddersfield,West Ham,1,1,D,1,0,H,,,15,12,7,5,5,6,9,8,1,1,0,0,C Kavanagh
20181110_Leicester_Burnley,2018-19,2018,2018-11-10,Leicester,Burnley,0,0,D,0,0,D,,,22,6,5,1,12,1,13,10,2,0,0,0,M Dean
20181110_Newcastle_Bournemouth,2018-19,2018,2018-11-10,Newcastle,Bournemouth,2,1,H,2,1,H,,,18,14,6,4,7,10,9,11,2,1,0,0,L Probert
20181110_Southampton_Watford,2018-19,2018,2018-11-10,Southampton,Watford,1,1,D,1,0,H,,,14,12,4,6,7,6,13,13,3,2,0,0,S Hooper
20181111_Liverpool_Fulham,2018-19,2018,2018-11-11,Liverpool,Fulham,2,0,H,1,0,H,,,20,8,7,3,6,3,11,9,1,1,0,0,P Tierney
20181111_ManCity_ManUnited,2018-19,2018,2018-11-11,Man City,Man United,3,1,H,1,0,H,,,17,6,5,1,5,1,12,12,1,1,0,0,A Taylor
20181111_Chelsea_Everton,2018-19,2018,2018-11-11,Chelsea,Everton,0,0,D,0,0,D,,,15,6,4,1,5,5,7,11,4,3,0,0,K Friend
20181111_Arsenal_Wolves,2018-19,2018,2018-11-11,Arsenal,Wolves,1,1,D,0,1,A,,,10,12,3,5,11,2,9,16,2,2,0,0,S Attwell
20181124_Brighton_Leicester,2018-19,2018,2018-11-24,Brighton,Leicester,1,1,D,1,0,H,,,14,8,3,3,6,1,10,7,3,1,0,1,C Kavanagh
20181124_Everton_Cardiff,2018-19,2018,2018-11-24,Everton,Cardiff,1,0,H,0,0,D,,,16,7,8,1,7,3,12,13,0,3,0,0,P Tierney
20181124_Fulham_Southampton,2018-19,2018,2018-11-24,Fulham,Southampton,3,2,H,2,1,H,,,10,19,5,8,2,5,10,6,2,3,0,0,M Oliver
20181124_ManUnited_CrystalPalace,2018-19,2018,2018-11-24,Man United,Crystal Palace,0,0,D,0,0,D,,,12,13,5,2,10,3,13,12,1,2,0,0,L Mason
20181124_Tottenham_Chelsea,2018-19,2018,2018-11-24,Tottenham,Chelsea,3,1,H,2,0,H,,,18,13,9,2,4,4,19,12,0,3,0,0,M Atkinson
20181124_Watford_Liverpool,2018-19,2018,2018-11-24,Watford,Liverpool,0,3,A,0,0,D,,,5,10,1,7,5,5,12,13,0,0,0,1,J Moss
20181124_WestHam_ManCity,2018-19,2018,2018-11-24,West Ham,Man City,0,4,A,0,3,A,,,9,9,1,6,8,1,6,3,0,0,0,0,A Marriner
20181125_Bournemouth_Arsenal,2018-19,2018,2018-11-25,Bournemouth,Arsenal,1,2,A,1,1,D,,,11,20,5,4,5,8,6,9,2,1,0,0,C Pawson
20181125_Wolves_Huddersfield,2018-19,2018,2018-11-25,Wolves,Huddersfield,0,2,A,0,1,A,,,12,14,3,6,3,5,9,8,1,2,0,0,K Friend
20181126_Burnley_Newcastle,2018-19,2018,2018-11-26,Burnley,Newcastle,1,2,A,1,2,A,,,14,17,4,3,5,5,6,11,0,1,0,0,A Taylor
20181130_Cardiff_Wolves,2018-19,2018,2018-11-30,Cardiff,Wolves,2,1,H,0,1,A,,,17,15,3,4,7,6,3,12,1,2,0,0,A Marriner
20181201_CrystalPalace_Burnley,2018-19,2018,2018-12-01,Crystal Palace,Burnley,2,0,H,1,0,H,,,29,4,9,0,10,2,9,10,1,1,0,0,L Probert
20181201_Huddersfield_Brighton,2018-19,2018,2018-12-01,Huddersfield,Brighton,1,2,A,1,1,D,,,7,14,2,6,2,6,10,12,0,2,1,0,M Oliver
20181201_Leicester_Watford,2018-19,2018,2018-12-01,Leicester,Watford,2,0,H,2,0,H,,,7,8,3,0,4,8,7,6,2,1,0,1,G Scott
20181201_ManCity_Bournemouth,2018-19,2018,2018-12-01,Man City,Bournemouth,3,1,H,1,1,D,,,16,4,6,1,8,4,9,3,0,0,0,0,S Attwell
20181201_Newcastle_WestHam,2018-19,2018,2018-12-01,Newcastle,West Ham,0,3,A,0,1,A,,,16,7,4,4,7,3,10,10,3,3,0,0,P Tierney
20181201_Southampton_ManUnited,2018-19,2018,2018-12-01,Southampton,Man United,2,2,D,2,2,D,,,16,11,6,5,3,5,12,13,4,4,0,0,K Friend
20181202_Arsenal_Tottenham,2018-19,2018,2018-12-02,Arsenal,Tottenham,4,2,H,1,2,A,,,22,11,7,6,8,5,15,17,3,3,0,1,M Dean
20181202_Chelsea_Fulham,2018-19,2018,2018-12-02,Chelsea,Fulham,2,0,H,1,0,H,,,16,9,9,4,4,6,8,17,2,1,0,0,C Pawson
20181202_Liverpool_Everton,2018-19,2018,2018-12-02,Liverpool,Everton,1,0,H,0,0,D,,,16,9,3,3,8,1,12,7,3,2,0,0,C Kavanagh
20181204_WestHam_Cardiff,2018-19,2018,2018-12-04,West Ham,Cardiff,3,1,H,0,0,D,,,17,9,11,5,10,4,10,10,1,2,0,0,G Scott
20181204_Watford_ManCity,2018-19,2018,2018-12-04,Watford,Man City,1,2,A,0,1,A,,,11,15,7,7,3,11,4,8,0,1,0,0,P Tierney
20181204_Bournemouth_Huddersfield,2018-19,2018,2018-12-04,Bournemouth,Huddersfield,2,1,H,2,1,H,,,6,23,2,6,4,8,14,11,4,2,0,0,R East
20181204_Brighton_CrystalPalace,2018-19,2018,2018-12-04,Brighton,Crystal Palace,3,1,H,3,0,H,,,9,18,3,5,4,5,14,12,2,3,1,0,K Friend
20181205_Burnley_Liverpool,2018-19,2018,2018-12-05,Burnley,Liverpool,1,3,A,0,0,D,,,10,18,6,12,5,9,10,3,1,0,0,0,S Attwell
20181205_Everton_Newcastle,2018-19,2018,2018-12-05,Everton,Newcastle,1,1,D,1,1,D,,,19,8,3,5,14,2,7,18,0,5,0,0,L Mason
20181205_Fulham_Leicester,2018-19,2018,2018-12-05,Fulham,Leicester,1,1,D,1,0,H,,,25,13,7,5,10,8,12,7,0,0,0,0,D Coote
20181205_ManUnited_Arsenal,2018-19,2018,2018-12-05,Man United,Arsenal,2,2,D,1,1,D,,,10,9,7,4,4,4,13,10,3,3,0,0,A Marriner
20181205_Tottenham_Southampton,2018-19,2018,2018-12-05,Tottenham,Southampton,3,1,H,1,0,H,,,13,18,8,5,8,6,7,5,0,0,0,0,A Taylor
20181205_Wolves_Chelsea,2018-19,2018,2018-12-05,Wolves,Chelsea,2,1,H,0,1,A,,,6,17,2,3,1,5,18,10,4,4,0,0,J Moss
20181208_Burnley_Brighton,2018-19,2018,2018-12-08,Burnley,Brighton,1,0,H,1,0,H,,,14,14,4,1,2,7,11,11,2,0,0,0,M Atkinson
20181208_WestHam_CrystalPalace,2018-19,2018,2018-12-08,West Ham,Crystal Palace,3,2,H,0,1,A,,,13,8,6,4,5,3,10,8,1,2,0,0,A Taylor
20181208_ManUnited_Fulham,2018-19,2018,2018-12-08,Man United,Fulham,4,1,H,3,0,H,,,20,10,11,4,10,3,11,15,1,1,0,1,L Probert
20181208_Leicester_Tottenham,2018-19,2018,2018-12-08,Leicester,Tottenham,0,2,A,0,1,A,,,11,7,3,2,6,5,12,7,3,1,0,0,C Pawson
20181208_Bournemouth_Liverpool,2018-19,2018,2018-12-08,Bournemouth,Liverpool,0,4,A,0,1,A,,,8,10,2,4,6,6,9,11,2,1,0,0,L Mason
20181208_Cardiff_Southampton,2018-19,2018,2018-12-08,Cardiff,Southampton,1,0,H,0,0,D,,,13,12,4,1,7,7,9,10,2,2,0,0,J Moss
20181208_Arsenal_Huddersfield,2018-19,2018,2018-12-08,Arsenal,Huddersfield,1,0,H,0,0,D,,,14,6,2,0,7,1,13,20,5,4,0,0,P Tierney
20181208_Chelsea_ManCity,2018-19,2018,2018-12-08,Chelsea,Man City,2,0,H,1,0,H,,,8,14,5,4,1,13,12,11,2,0,0,0,M Oliver
20181209_Newcastle_Wolves,2018-19,2018,2018-12-09,Newcastle,Wolves,1,2,A,1,1,D,,,12,13,4,6,4,6,10,17,2,5,1,0,M Dean
20181210_Everton_Watford,2018-19,2018,2018-12-10,Everton,Watford,2,2,D,1,0,H,,,12,15,5,3,6,6,13,13,1,1,0,0,K Friend
20181215_Watford_Cardiff,2018-19,2018,2018-12-15,Watford,Cardiff,3,2,H,1,0,H,,,17,10,8,3,5,0,7,5,0,0,0,0,A Madley
20181215_Wolves_Bournemouth,2018-19,2018,2018-12-15,Wolves,Bournemouth,2,0,H,1,0,H,,,9,13,3,3,5,3,15,7,1,2,0,0,S Hooper
20181215_Tottenham_Burnley,2018-19,2018,2018-12-15,Tottenham,Burnley,1,0,H,0,0,D,,,15,4,3,0,8,3,7,8,0,2,0,0,G Scott
20181215_Huddersfield_Newcastle,2018-19,2018,2018-12-15,Huddersfield,Newcastle,0,1,A,0,0,D,,,15,8,5,5,10,1,5,13,1,1,0,0,A Taylor
20181215_Fulham_WestHam,2018-19,2018,2018-12-15,Fulham,West Ham,0,2,A,0,2,A,,,16,6,4,3,6,4,14,10,2,1,0,0,M Dean
20181215_CrystalPalace_Leicester,2018-19,2018,2018-12-15,Crystal Palace,Leicester,1,0,H,1,0,H,,,8,12,1,2,4,4,10,8,2,1,0,0,M Oliver
20181215_ManCity_Everton,2018-19,2018,2018-12-15,Man City,Everton,3,1,H,1,0,H,,,13,9,5,2,6,2,7,9,1,2,0,0,C Pawson
20181216_Brighton_Chelsea,2018-19,2018,2018-12-16,Brighton,Chelsea,1,2,A,0,2,A,,,6,10,2,3,4,1,14,6,2,2,0,0,S Attwell
20181216_Liverpool_ManUnited,2018-19,2018,2018-12-16,Liverpool,Man United,3,1,H,1,1,D,,,36,6,11,2,13,2,6,14,0,2,0,0,M Atkinson
20181216_Southampton_Arsenal,2018-19,2018,2018-12-16,Southampton,Arsenal,3,2,H,2,1,H,,,12,13,7,4,4,5,12,10,3,1,0,0,C Kavanagh
20181221_Wolves_Liverpool,2018-19,2018,2018-12-21,Wolves,Liverpool,0,2,A,0,1,A,,,11,15,5,6,1,10,7,3,0,0,0,0,C Pawson
20181222_Cardiff_ManUnited,2018-19,2018,2018-12-22,Cardiff,Man United,1,5,A,1,3,A,,,9,17,3,9,4,7,13,13,2,1,0,0,M Oliver
20181222_Arsenal_Burnley,2018-19,2018,2018-12-22,Arsenal,Burnley,3,1,H,1,0,H,,,10,7,6,2,1,3,10,14,2,5,0,0,K Friend
20181222_Bournemouth_Brighton,2018-19,2018,2018-12-22,Bournemouth,Brighton,2,0,H,1,0,H,,,14,10,3,5,6,5,8,18,2,0,0,1,M Dean
20181222_Chelsea_Leicester,2018-19,2018,2018-12-22,Chelsea,Leicester,0,1,A,0,0,D,,,17,8,5,3,9,5,10,9,0,2,0,0,L Probert
20181222_Huddersfield_Southampton,2018-19,2018,2018-12-22,Huddersfield,Southampton,1,3,A,0,2,A,,,16,13,5,6,8,2,12,9,2,3,0,0,S Attwell
20181222_ManCity_CrystalPalace,2018-19,2018,2018-12-22,Man City,Crystal Palace,2,3,A,1,2,A,,,19,5,5,3,13,0,7,6,0,4,0,0,A Marriner
20181222_Newcastle_Fulham,2018-19,2018,2018-12-22,Newcastle,Fulham,0,0,D,0,0,D,,,9,4,0,2,6,0,9,12,1,2,0,0,M Atkinson
20181222_WestHam_Watford,2018-19,2018,2018-12-22,West Ham,Watford,0,2,A,0,1,A,,,18,11,7,5,10,4,9,11,3,2,0,0,L Mason
20181223_Everton_Tottenham,2018-19,2018,2018-12-23,Everton,Tottenham,2,6,A,1,3,A,,,10,17,3,8,2,1,13,9,0,2,0,0,P Tierney
20181226_Liverpool_Newcastle,2018-19,2018,2018-12-26,Liverpool,Newcastle,4,0,H,1,0,H,,,16,6,8,2,10,2,7,9,0,0,0,0,G Scott
20181226_ManUnited_Huddersfield,2018-19,2018,2018-12-26,Man United,Huddersfield,3,1,H,1,0,H,,,16,10,10,2,5,3,9,13,1,1,0,0,J Moss
20181226_Leicester_ManCity,2018-19,2018,2018-12-26,Leicester,Man City,2,1,H,1,1,D,,,10,11,5,4,3,7,5,8,2,2,0,1,M Dean
20181226_Tottenham_Bournemouth,2018-19,2018,2018-12-26,Tottenham,Bournemouth,5,0,H,3,0,H,,,10,14,7,4,3,4,4,8,2,1,0,0,C Kavanagh
20181226_CrystalPalace_Cardiff,2018-19,2018,2018-12-26,Crystal Palace,Cardiff,0,0,D,0,0,D,,,31,9,5,4,12,1,9,11,0,3,0,0,L Probert
20181226_Burnley_Everton,2018-19,2018,2018-12-26,Burnley,Everton,1,5,A,1,3,A,,,11,13,4,6,5,7,11,19,2,4,0,0,M Oliver
20181226_Brighton_Arsenal,2018-19,2018,2018-12-26,Brighton,Arsenal,1,1,D,1,1,D,,,12,7,3,4,4,9,10,4,2,1,0,0,A Taylor
20181226_Fulham_Wolves,2018-19,2018,2018-12-26,Fulham,Wolves,1,1,D,0,0,D,,,11,14,9,5,2,0,9,6,2,1,0,0,A Marriner
20181226_Watford_Chelsea,2018-19,2018,2018-12-26,Watford,Chelsea,1,2,A,1,1,D,,,10,10,2,4,3,4,15,5,1,0,0,0,M Atkinson
20181227_Southampton_WestHam,2018-19,2018,2018-12-27,Southampton,West Ham,1,2,A,0,0,D,,,11,16,5,5,4,5,10,3,2,0,0,0,C Pawson
20181229_Brighton_Everton,2018-19,2018,2018-12-29,Brighton,Everton,1,0,H,0,0,D,,,11,13,3,4,6,6,10,11,0,2,0,0,A Madley
20181229_Fulham_Huddersfield,2018-19,2018,2018-12-29,Fulham,Huddersfield,1,0,H,0,0,D,,,14,9,5,5,4,3,12,10,3,1,0,0,K Friend
20181229_Leicester_Cardiff,2018-19,2018,2018-12-29,Leicester,Cardiff,0,1,A,0,0,D,,,16,12,7,3,10,4,14,16,0,2,0,0,S Hooper
20181229_Liverpool_Arsenal,2018-19,2018,2018-12-29,Liverpool,Arsenal,5,1,H,4,1,H,,,15,8,10,2,5,3,8,13,1,2,0,0,M Oliver
20181229_Tottenham_Wolves,2018-19,2018,2018-12-29,Tottenham,Wolves,1,3,A,1,0,H,,,10,11,3,4,6,7,7,7,3,2,0,0,S Attwell
20181229_Watford_Newcastle,2018-19,2018,2018-12-29,Watford,Newcastle,1,1,D,0,1,A,,,12,8,5,2,3,6,17,16,1,2,0,0,R East
20181230_Burnley_WestHam,2018-19,2018,2018-12-30,Burnley,West Ham,2,0,H,2,0,H,,,17,11,5,4,5,5,15,11,1,4,0,0,D Coote
20181230_CrystalPalace_Chelsea,2018-19,2018,2018-12-30,Crystal Palace,Chelsea,0,1,A,0,0,D,,,4,12,0,4,3,4,11,8,0,1,0,0,C Pawson
20181230_ManUnited_Bournemouth,2018-19,2018,2018-12-30,Man United,Bournemouth,4,1,H,3,1,H,,,11,7,8,3,4,5,10,7,2,0,1,0,L Mason
20181230_Southampton_ManCity,2018-19,2018,2018-12-30,Southampton,Man City,1,3,A,1,3,A,,,5,14,4,6,3,8,11,10,2,3,1,0,P Tierney
20190101_Everton_Leicester,2018-19,2018,2019-01-01,Everton,Leicester,0,1,A,0,0,D,,,17,8,2,4,6,5,5,8,3,1,0,0,M Atkinson
20190101_Cardiff_Tottenham,2018-19,2018,2019-01-01,Cardiff,Tottenham,0,3,A,0,3,A,,,6,13,3,4,5,3,6,6,1,0,0,0,K Friend
20190101_Arsenal_Fulham,2018-19,2018,2019-01-01,Arsenal,Fulham,4,1,H,1,0,H,,,16,9,9,4,8,3,7,12,0,1,0,0,G Scott
20190102_Bournemouth_Watford,2018-19,2018,2019-01-02,Bournemouth,Watford,3,3,D,3,3,D,,,25,11,12,3,4,2,9,15,1,4,0,0,D Coote
20190102_Chelsea_Southampton,2018-19,2018,2019-01-02,Chelsea,Southampton,0,0,D,0,0,D,,,17,6,6,2,7,2,8,11,1,2,0,0,J Moss
20190102_Huddersfield_Burnley,2018-19,2018,2019-01-02,Huddersfield,Burnley,1,2,A,1,1,D,,,9,16,2,8,5,2,11,9,0,4,1,1,M Dean
20190102_Newcastle_ManUnited,2018-19,2018,2019-01-02,Newcastle,Man United,0,2,A,0,0,D,,,14,16,3,7,1,2,10,9,1,2,0,0,A Marriner
20190102_WestHam_Brighton,2018-19,2018,2019-01-02,West Ham,Brighton,2,2,D,0,0,D,,,13,13,6,6,1,5,9,11,0,1,0,0,C Kavanagh
20190102_Wolves_CrystalPalace,2018-19,2018,2019-01-02,Wolves,Crystal Palace,0,2,A,0,0,D,,,9,17,1,4,3,10,9,7,4,1,0,0,R East
20190103_ManCity_Liverpool,2018-19,2018,2019-01-03,Man City,Liverpool,2,1,H,1,0,H,,,9,7,4,5,2,1,12,7,4,2,0,0,A Taylor
20190112_WestHam_Arsenal,2018-19,2018,2019-01-12,West Ham,Arsenal,1,0,H,0,0,D,,,11,11,3,2,7,3,7,10,0,2,0,0,J Moss
20190112_Leicester_Southampton,2018-19,2018,2019-01-12,Leicester,Southampton,1,2,A,0,2,A,,,23,8,6,3,10,3,7,9,2,1,0,1,M Oliver
20190112_CrystalPalace_Watford,2018-19,2018,2019-01-12,Crystal Palace,Watford,1,2,A,1,0,H,,,15,16,6,2,7,7,11,11,1,4,0,0,P Tierney
20190112_Brighton_Liverpool,2018-19,2018,2019-01-12,Brighton,Liverpool,0,1,A,0,0,D,,,7,10,0,3,2,7,15,5,0,0,0,0,K Friend
20190112_Cardiff_Huddersfield,2018-19,2018,2019-01-12,Cardiff,Huddersfield,0,0,D,0,0,D,,,3,14,0,2,3,10,12,14,3,1,0,0,L Mason
20190112_Burnley_Fulham,2018-19,2018,2019-01-12,Burnley,Fulham,2,1,H,2,1,H,,,11,12,0,4,2,6,5,9,1,2,0,0,M Atkinson
20190112_Chelsea_Newcastle,2018-19,2018,2019-01-12,Chelsea,Newcastle,2,1,H,1,1,D,,,10,9,6,2,8,5,6,13,1,1,0,0,C Kavanagh
20190113_Everton_Bournemouth,2018-19,2018,2019-01-13,Everton,Bournemouth,2,0,H,0,0,D,,,15,16,3,7,5,9,17,8,5,0,0,0,A Taylor
20190113_Tottenham_ManUnited,2018-19,2018,2019-01-13,Tottenham,Man United,0,1,A,0,1,A,,,21,13,11,8,7,4,8,8,1,2,0,0,M Dean
20190114_ManCity_Wolves,2018-19,2018,2019-01-14,Man City,Wolves,3,0,H,2,0,H,,,24,3,9,0,12,1,6,3,1,0,0,1,C Pawson
20190119_Wolves_Leicester,2018-19,2018,2019-01-19,Wolves,Leicester,4,3,H,2,0,H,,,12,16,7,6,5,9,11,10,3,3,0,0,C Kavanagh
20190119_Watford_Burnley,2018-19,2018,2019-01-19,Watford,Burnley,0,0,D,0,0,D,,,9,11,4,3,1,7,14,9,1,2,0,0,M Oliver
20190119_Southampton_Everton,2018-19,2018,2019-01-19,Southampton,Everton,2,1,H,0,0,D,,,11,7,4,2,7,6,12,11,2,1,0,0,G Scott
20190119_Newcastle_Cardiff,2018-19,2018,2019-01-19,Newcastle,Cardiff,3,0,H,1,0,H,,,16,9,6,1,7,10,11,6,0,1,0,0,S Attwell
20190119_Liverpool_CrystalPalace,2018-19,2018,2019-01-19,Liverpool,Crystal Palace,4,3,H,0,1,A,,,19,9,9,3,8,3,6,8,0,1,1,0,J Moss
20190119_Bournemouth_WestHam,2018-19,2018,2019-01-19,Bournemouth,West Ham,2,0,H,0,0,D,,,10,9,4,1,2,3,6,10,0,1,0,0,S Hooper
20190119_Arsenal_Chelsea,2018-19,2018,2019-01-19,Arsenal,Chelsea,2,0,H,2,0,H,,,13,13,5,1,5,6,13,15,0,2,0,0,A Taylor
20190119_ManUnited_Brighton,2018-19,2018,2019-01-19,Man United,Brighton,2,1,H,2,0,H,,,20,7,5,3,6,5,11,11,1,0,0,0,P Tierney
20190120_Fulham_Tottenham,2018-19,2018,2019-01-20,Fulham,Tottenham,1,2,A,1,0,H,,,12,14,4,5,7,10,10,8,2,3,0,0,C Pawson
20190120_Huddersfield_ManCity,2018-19,2018,2019-01-20,Huddersfield,Man City,0,3,A,0,1,A,,,5,12,2,4,1,4,10,9,2,2,0,0,A Marriner
20190129_Newcastle_ManCity,2018-19,2018,2019-01-29,Newcastle,Man City,2,1,H,0,1,A,,,6,12,2,4,1,8,9,7,2,3,0,0,P Tierney
20190129_ManUnited_Burnley,2018-19,2018,2019-01-29,Man United,Burnley,2,2,D,0,0,D,,,28,6,9,4,11,3,10,9,1,3,0,0,J Moss
20190129_Wolves_WestHam,2018-19,2018,2019-01-29,Wolves,West Ham,3,0,H,0,0,D,,,20,4,9,0,5,1,8,10,4,1,0,0,D Coote
20190129_Fulham_Brighton,2018-19,2018,2019-01-29,Fulham,Brighton,4,2,H,0,2,A,,,24,15,7,6,10,1,10,5,2,3,0,0,L Probert
20190129_Arsenal_Cardiff,2018-19,2018,2019-01-29,Arsenal,Cardiff,2,1,H,0,0,D,,,15,19,4,2,4,7,14,12,3,3,0,0,M Dean
20190129_Huddersfield_Everton,2018-19,2018,2019-01-29,Huddersfield,Everton,0,1,A,0,1,A,,,10,10,2,5,3,4,13,10,1,4,0,1,S Attwell
20190130_Bournemouth_Chelsea,2018-19,2018,2019-01-30,Bournemouth,Chelsea,4,0,H,0,0,D,,,12,11,7,7,3,7,8,6,1,0,0,0,R East
20190130_Liverpool_Leicester,2018-19,2018,2019-01-30,Liverpool,Leicester,1,1,D,1,1,D,,,10,5,3,2,7,1,13,6,1,3,0,0,M Atkinson
20190130_Southampton_CrystalPalace,2018-19,2018,2019-01-30,Southampton,Crystal Palace,1,1,D,0,1,A,,,13,15,4,3,3,8,11,8,2,2,0,1,A Marriner
20190130_Tottenham_Watford,2018-19,2018,2019-01-30,Tottenham,Watford,2,1,H,0,1,A,,,17,9,3,1,9,5,6,9,0,4,0,0,G Scott
20190202_Tottenham_Newcastle,2018-19,2018,2019-02-02,Tottenham,Newcastle,1,0,H,0,0,D,,,21,8,4,2,6,3,6,6,0,1,0,0,A Marriner
20190202_Everton_Wolves,2018-19,2018,2019-02-02,Everton,Wolves,1,3,A,1,2,A,,,13,8,4,4,3,1,12,14,3,1,0,0,L Mason
20190202_CrystalPalace_Fulham,2018-19,2018,2019-02-02,Crystal Palace,Fulham,2,0,H,1,0,H,,,17,8,6,0,11,1,9,12,2,3,0,0,M Oliver
20190202_Chelsea_Huddersfield,2018-19,2018,2019-02-02,Chelsea,Huddersfield,5,0,H,2,0,H,,,23,5,7,2,11,2,8,5,0,0,0,0,P Tierney
20190202_Cardiff_Bournemouth,2018-19,2018,2019-02-02,Cardiff,Bournemouth,2,0,H,1,0,H,,,12,9,5,2,6,7,17,14,1,2,0,0,J Moss
20190202_Burnley_Southampton,2018-19,2018,2019-02-02,Burnley,Southampton,1,1,D,0,0,D,,,15,10,6,4,4,2,10,9,3,1,0,0,A Taylor
20190202_Brighton_Watford,2018-19,2018,2019-02-02,Brighton,Watford,0,0,D,0,0,D,,,21,5,4,0,7,0,15,10,1,0,0,0,S Hooper
20190203_Leicester_ManUnited,2018-19,2018,2019-02-03,Leicester,Man United,0,1,A,0,1,A,,,17,10,6,6,7,2,14,9,4,4,0,0,M Dean
20190203_ManCity_Arsenal,2018-19,2018,2019-02-03,Man City,Arsenal,3,1,H,2,1,H,,,19,4,12,2,4,2,11,8,1,1,0,0,M Atkinson
20190204_WestHam_Liverpool,2018-19,2018,2019-02-04,West Ham,Liverpool,1,1,D,1,1,D,,,13,11,2,6,2,5,9,11,1,1,0,0,K Friend
20190206_Everton_ManCity,2018-19,2018,2019-02-06,Everton,Man City,0,2,A,0,1,A,,,4,15,1,4,5,6,12,6,1,1,0,0,C Pawson
20190209_Southampton_Cardiff,2018-19,2018,2019-02-09,Southampton,Cardiff,1,2,A,0,0,D,,,14,6,7,3,8,2,15,12,3,3,0,0,M Atkinson
20190209_Liverpool_Bournemouth,2018-19,2018,2019-02-09,Liverpool,Bournemouth,3,0,H,2,0,H,,,20,12,9,2,8,5,14,6,2,2,0,0,A Taylor
20190209_Huddersfield_Arsenal,2018-19,2018,2019-02-09,Huddersfield,Arsenal,1,2,A,0,2,A,,,15,9,6,4,5,0,17,12,3,2,0,0,J Moss
20190209_Watford_Everton,2018-19,2018,2019-02-09,Watford,Everton,1,0,H,0,0,D,,,7,9,2,4,8,2,21,10,2,0,0,1,L Probert
20190209_CrystalPalace_WestHam,2018-19,2018,2019-02-09,Crystal Palace,West Ham,1,1,D,0,1,A,,,25,6,5,4,10,4,12,9,3,0,0,0,C Pawson
20190209_Brighton_Burnley,2018-19,2018,2019-02-09,Brighton,Burnley,1,3,A,0,1,A,,,16,9,6,5,9,3,8,7,1,1,0,0,S Attwell
20190209_Fulham_ManUnited,2018-19,2018,2019-02-09,Fulham,Man United,0,3,A,0,2,A,,,15,15,3,7,5,4,14,9,3,2,0,0,P Tierney
20190210_ManCity_Chelsea,2018-19,2018,2019-02-10,Man City,Chelsea,6,0,H,4,0,H,,,15,12,9,4,2,2,9,13,1,2,0,0,M Dean
20190210_Tottenham_Leicester,2018-19,2018,2019-02-10,Tottenham,Leicester,3,1,H,1,0,H,,,12,20,5,9,2,9,11,4,3,1,0,0,M Oliver
20190211_Wolves_Newcastle,2018-19,2018,2019-02-11,Wolves,Newcastle,1,1,D,0,0,D,,,22,9,6,3,13,1,7,9,1,3,0,0,G Scott
20190222_Cardiff_Watford,2018-19,2018,2019-02-22,Cardiff,Watford,1,5,A,0,1,A,,,15,12,6,7,3,3,10,11,1,2,0,0,S Hooper
20190222_WestHam_Fulham,2018-19,2018,2019-02-22,West Ham,Fulham,3,1,H,2,1,H,,,21,8,7,5,12,0,11,11,1,1,0,0,L Mason
20190223_Bournemouth_Wolves,2018-19,2018,2019-02-23,Bournemouth,Wolves,1,1,D,1,0,H,,,10,10,3,2,9,8,10,15,4,5,0,0,R East
20190223_Burnley_Tottenham,2018-19,2018,2019-02-23,Burnley,Tottenham,2,1,H,0,0,D,,,10,17,4,6,7,6,9,12,1,3,0,0,M Dean
20190223_Leicester_CrystalPalace,2018-19,2018,2019-02-23,Leicester,Crystal Palace,1,4,A,0,1,A,,,27,7,5,5,8,3,7,14,2,1,0,0,A Taylor
20190223_Newcastle_Huddersfield,2018-19,2018,2019-02-23,Newcastle,Huddersfield,2,0,H,0,0,D,,,29,3,12,1,12,0,11,7,2,0,0,1,K Friend
20190224_ManUnited_Liverpool,2018-19,2018,2019-02-24,Man United,Liverpool,0,0,D,0,0,D,,,6,7,3,1,3,7,15,17,1,3,0,0,M Oliver
20190224_Arsenal_Southampton,2018-19,2018,2019-02-24,Arsenal,Southampton,2,0,H,2,0,H,,,12,10,4,4,6,4,7,14,0,0,0,0,G Scott
20190226_Cardiff_Everton,2018-19,2018,2019-02-26,Cardiff,Everton,0,3,A,0,1,A,,,6,12,0,4,3,4,12,12,3,1,0,0,K Friend
20190226_Huddersfield_Wolves,2018-19,2018,2019-02-26,Huddersfield,Wolves,1,0,H,0,0,D,,,15,7,3,0,3,5,10,10,2,2,0,0,D Coote
20190226_Leicester_Brighton,2018-19,2018,2019-02-26,Leicester,Brighton,2,1,H,1,0,H,,,19,15,3,3,4,8,6,4,1,1,0,0,L Probert
20190226_Newcastle_Burnley,2018-19,2018,2019-02-26,Newcastle,Burnley,2,0,H,2,0,H,,,12,12,3,2,4,7,8,8,1,3,0,0,C Pawson
20190227_Arsenal_Bournemouth,2018-19,2018,2019-02-27,Arsenal,Bournemouth,5,1,H,2,1,H,,,16,13,6,5,9,4,11,9,2,2,0,0,C Kavanagh
20190227_Chelsea_Tottenham,2018-19,2018,2019-02-27,Chelsea,Tottenham,2,0,H,0,0,D,,,11,9,1,0,2,2,7,14,1,1,0,0,A Marriner
20190227_CrystalPalace_ManUnited,2018-19,2018,2019-02-27,Crystal Palace,Man United,1,3,A,0,1,A,,,17,13,2,4,5,6,8,9,2,3,0,0,M Atkinson
20190227_Liverpool_Watford,2018-19,2018,2019-02-27,Liverpool,Watford,5,0,H,2,0,H,,,19,5,10,3,6,4,5,7,0,2,0,0,G Scott
20190227_ManCity_WestHam,2018-19,2018,2019-02-27,Man City,West Ham,1,0,H,0,0,D,,,20,2,7,1,12,2,2,6,0,2,0,0,S Attwell
20190227_Southampton_Fulham,2018-19,2018,2019-02-27,Southampton,Fulham,2,0,H,2,0,H,,,14,14,4,4,7,4,15,13,0,1,0,0,A Taylor
20190302_Tottenham_Arsenal,2018-19,2018,2019-03-02,Tottenham,Arsenal,1,1,D,0,1,A,,,10,9,3,4,3,4,15,14,3,2,0,1,A Taylor
20190302_Wolves_Cardiff,2018-19,2018,2019-03-02,Wolves,Cardiff,2,0,H,2,0,H,,,13,12,6,4,7,8,11,6,1,2,0,0,A Marriner
20190302_ManUnited_Southampton,2018-19,2018,2019-03-02,Man United,Southampton,3,2,H,0,1,A,,,16,6,6,3,9,7,7,10,2,1,0,0,S Attwell
20190302_WestHam_Newcastle,2018-19,2018,2019-03-02,West Ham,Newcastle,2,0,H,2,0,H,,,10,17,4,2,1,6,8,14,3,4,0,0,C Kavanagh
20190302_Brighton_Huddersfield,2018-19,2018,2019-03-02,Brighton,Huddersfield,1,0,H,0,0,D,,,13,6,4,4,6,3,11,6,2,2,0,0,M Dean
20190302_Burnley_CrystalPalace,2018-19,2018,2019-03-02,Burnley,Crystal Palace,1,3,A,0,1,A,,,18,10,4,4,8,5,9,9,1,2,0,0,L Probert
20190302_Bournemouth_ManCity,2018-19,2018,2019-03-02,Bournemouth,Man City,0,1,A,0,0,D,,,0,23,0,7,0,14,7,7,1,2,0,0,K Friend
20190303_Everton_Liverpool,2018-19,2018,2019-03-03,Everton,Liverpool,0,0,D,0,0,D,,,7,10,3,3,3,7,12,10,1,2,0,0,M Atkinson
20190303_Fulham_Chelsea,2018-19,2018,2019-03-03,Fulham,Chelsea,1,2,A,1,2,A,,,12,20,5,7,5,4,11,10,2,1,0,0,G Scott
20190303_Watford_Leicester,2018-19,2018,2019-03-03,Watford,Leicester,2,1,H,1,0,H,,,6,14,5,2,1,5,15,12,5,1,0,0,J Moss
20190309_Southampton_Tottenham,2018-19,2018,2019-03-09,Southampton,Tottenham,2,1,H,0,1,A,,,12,16,4,5,1,10,16,9,4,2,0,0,K Friend
20190309_ManCity_Watford,2018-19,2018,2019-03-09,Man City,Watford,3,1,H,0,0,D,,,19,2,9,1,9,1,11,7,1,1,0,0,P Tierney
20190309_Leicester_Fulham,2018-19,2018,2019-03-09,Leicester,Fulham,3,1,H,1,0,H,,,18,6,8,3,6,5,9,13,0,2,0,0,D Coote
20190309_Newcastle_Everton,2018-19,2018,2019-03-09,Newcastle,Everton,3,2,H,0,2,A,,,19,7,7,3,8,2,13,10,3,1,0,0,L Mason
20190309_CrystalPalace_Brighton,2018-19,2018,2019-03-09,Crystal Palace,Brighton,1,2,A,0,1,A,,,15,4,3,3,8,0,8,18,1,5,0,0,C Pawson
20190309_Cardiff_WestHam,2018-19,2018,2019-03-09,Cardiff,West Ham,2,0,H,1,0,H,,,16,9,7,2,7,5,7,12,2,1,0,0,G Scott
20190309_Huddersfield_Bournemouth,2018-19,2018,2019-03-09,Huddersfield,Bournemouth,0,2,A,0,1,A,,,8,8,1,5,6,5,14,9,3,1,0,0,A Taylor
20190310_Arsenal_ManUnited,2018-19,2018,2019-03-10,Arsenal,Man United,2,0,H,1,0,H,,,14,14,3,4,5,2,12,18,2,2,0,0,J Moss
20190310_Chelsea_Wolves,2018-19,2018,2019-03-10,Chelsea,Wolves,1,1,D,0,0,D,,,22,2,6,1,13,0,8,14,1,4,0,0,M Oliver
20190310_Liverpool_Burnley,2018-19,2018,2019-03-10,Liverpool,Burnley,4,2,H,2,1,H,,,23,3,5,2,7,3,4,7,2,0,0,0,A Marriner
20190316_Bournemouth_Newcastle,2018-19,2018,2019-03-16,Bournemouth,Newcastle,2,2,D,0,1,A,,,10,12,3,4,6,6,9,12,3,2,0,0,M Dean
20190316_Burnley_Leicester,2018-19,2018,2019-03-16,Burnley,Leicester,1,2,A,1,1,D,,,13,9,2,4,9,3,9,10,1,1,0,1,M Oliver
20190316_WestHam_Huddersfield,2018-19,2018,2019-03-16,West Ham,Huddersfield,4,3,H,1,2,A,,,16,15,5,5,5,8,7,15,0,2,0,0,J Moss
20190317_Everton_Chelsea,2018-19,2018,2019-03-17,Everton,Chelsea,2,0,H,0,0,D,,,15,16,8,5,3,4,17,9,1,2,0,0,A Taylor
20190317_Fulham_Liverpool,2018-19,2018,2019-03-17,Fulham,Liverpool,1,2,A,0,1,A,,,7,16,2,6,1,10,11,7,2,1,0,0,C Pawson
20190330_ManUnited_Watford,2018-19,2018,2019-03-30,Man United,Watford,2,1,H,1,0,H,,,8,20,5,8,3,5,14,9,1,2,0,0,S Attwell
20190330_WestHam_Everton,2018-19,2018,2019-03-30,West Ham,Everton,0,2,A,0,2,A,,,3,17,1,9,4,9,7,14,1,1,0,0,P Tierney
20190330_Leicester_Bournemouth,2018-19,2018,2019-03-30,Leicester,Bournemouth,2,0,H,1,0,H,,,18,8,4,2,6,1,6,12,0,2,0,0,L Mason
20190330_Burnley_Wolves,2018-19,2018,2019-03-30,Burnley,Wolves,2,0,H,1,0,H,,,5,8,1,1,1,5,12,10,1,1,0,0,C Kavanagh
20190330_CrystalPalace_Huddersfield,2018-19,2018,2019-03-30,Crystal Palace,Huddersfield,2,0,H,0,0,D,,,19,15,5,5,5,5,10,7,0,0,0,0,L Probert
20190330_Brighton_Southampton,2018-19,2018,2019-03-30,Brighton,Southampton,0,1,A,0,0,D,,,14,8,1,2,6,5,8,10,1,2,0,0,M Oliver
20190330_Fulham_ManCity,2018-19,2018,2019-03-30,Fulham,Man City,0,2,A,0,2,A,,,5,24,0,7,0,11,4,12,2,0,0,0,K Friend
20190331_Cardiff_Chelsea,2018-19,2018,2019-03-31,Cardiff,Chelsea,1,2,A,0,0,D,,,8,21,3,3,2,7,8,14,2,3,0,0,C Pawson
20190331_Liverpool_Tottenham,2018-19,2018,2019-03-31,Liverpool,Tottenham,2,1,H,1,0,H,,,14,11,3,2,10,3,5,8,0,1,0,0,M Atkinson
20190401_Arsenal_Newcastle,2018-19,2018,2019-04-01,Arsenal,Newcastle,2,0,H,1,0,H,,,7,3,4,1,6,2,11,10,2,0,0,0,A Taylor
20190402_Watford_Fulham,2018-19,2018,2019-04-02,Watford,Fulham,4,1,H,1,1,D,,,15,17,7,7,6,4,12,5,3,2,0,0,R East
20190402_Wolves_ManUnited,2018-19,2018,2019-04-02,Wolves,Man United,2,1,H,1,1,D,,,9,18,2,4,3,5,5,11,1,2,0,1,M Dean
20190403_Tottenham_CrystalPalace,2018-19,2018,2019-04-03,Tottenham,Crystal Palace,2,0,H,0,0,D,,,26,5,10,1,8,2,8,5,1,0,0,0,A Marriner
20190403_ManCity_Cardiff,2018-19,2018,2019-04-03,Man City,Cardiff,2,0,H,2,0,H,,,27,4,11,1,7,4,3,17,0,3,0,0,J Moss
20190403_Chelsea_Brighton,2018-19,2018,2019-04-03,Chelsea,Brighton,3,0,H,1,0,H,,,17,3,4,1,7,1,5,9,0,0,0,0,G Scott
20190405_Southampton_Liverpool,2018-19,2018,2019-04-05,Southampton,Liverpool,1,3,A,1,1,D,,,11,17,1,5,7,5,8,7,2,4,0,0,P Tierney
20190406_Bournemouth_Burnley,2018-19,2018,2019-04-06,Bournemouth,Burnley,1,3,A,1,2,A,,,10,11,2,3,3,6,12,16,2,3,0,0,M Atkinson
20190406_Huddersfield_Leicester,2018-19,2018,2019-04-06,Huddersfield,Leicester,1,4,A,0,1,A,,,10,18,4,9,8,5,13,11,3,0,0,0,D Coote
20190406_Newcastle_CrystalPalace,2018-19,2018,2019-04-06,Newcastle,Crystal Palace,0,1,A,0,0,D,,,18,3,5,1,9,4,12,13,1,2,0,0,S Attwell
20190407_Everton_Arsenal,2018-19,2018,2019-04-07,Everton,Arsenal,1,0,H,1,0,H,,,23,7,6,2,9,6,8,9,1,4,0,0,K Friend
20190408_Chelsea_WestHam,2018-19,2018,2019-04-08,Chelsea,West Ham,2,0,H,1,0,H,,,16,9,7,2,7,4,8,7,2,1,0,0,C Kavanagh
20190412_Leicester_Newcastle,2018-19,2018,2019-04-12,Leicester,Newcastle,0,1,A,0,1,A,,,12,11,5,5,2,3,6,10,2,3,0,0,C Kavanagh
20190413_Southampton_Wolves,2018-19,2018,2019-04-13,Southampton,Wolves,3,1,H,2,1,H,,,13,17,6,2,4,9,13,8,1,3,0,0,J Moss
20190413_ManUnited_WestHam,2018-19,2018,2019-04-13,Man United,West Ham,2,1,H,1,0,H,,,14,18,4,4,3,11,14,5,1,1,0,0,G Scott
20190413_Tottenham_Huddersfield,2018-19,2018,2019-04-13,Tottenham,Huddersfield,4,0,H,2,0,H,,,22,7,5,1,4,2,10,12,2,2,0,0,L Mason
20190413_Burnley_Cardiff,2018-19,2018,2019-04-13,Burnley,Cardiff,2,0,H,1,0,H,,,14,14,7,2,8,4,7,10,2,3,0,0,M Dean
20190413_Fulham_Everton,2018-19,2018,2019-04-13,Fulham,Everton,2,0,H,0,0,D,,,12,8,5,1,7,3,8,10,2,1,0,0,L Probert
20190413_Brighton_Bournemouth,2018-19,2018,2019-04-13,Brighton,Bournemouth,0,5,A,0,1,A,,,8,14,1,7,4,1,10,6,2,4,1,0,K Friend
20190414_CrystalPalace_ManCity,2018-19,2018,2019-04-14,Crystal Palace,Man City,1,3,A,0,1,A,,,7,20,3,6,2,9,5,11,0,0,0,0,M Atkinson
20190414_Liverpool_Chelsea,2018-19,2018,2019-04-14,Liverpool,Chelsea,2,0,H,0,0,D,,,15,6,7,3,9,2,5,9,0,1,0,0,M Oliver
20190415_Watford_Arsenal,2018-19,2018,2019-04-15,Watford,Arsenal,0,1,A,0,1,A,,,11,19,3,6,6,4,12,8,2,0,1,0,C Pawson
20190416_Brighton_Cardiff,2018-19,2018,2019-04-16,Brighton,Cardiff,0,2,A,0,1,A,,,14,10,2,3,5,4,11,13,0,1,0,0,A Marriner
20190420_Wolves_Brighton,2018-19,2018,2019-04-20,Wolves,Brighton,0,0,D,0,0,D,,,22,5,5,0,14,1,0,8,0,1,0,0,C Pawson
20190420_Newcastle_Southampton,2018-19,2018,2019-04-20,Newcastle,Southampton,3,1,H,2,0,H,,,15,15,6,3,4,11,5,11,0,2,0,0,A Taylor
20190420_WestHam_Leicester,2018-19,2018,2019-04-20,West Ham,Leicester,2,2,D,1,0,H,,,11,11,3,5,6,8,8,9,2,0,0,0,L Probert
20190420_Huddersfield_Watford,2018-19,2018,2019-04-20,Huddersfield,Watford,1,2,A,0,1,A,,,13,11,3,6,2,2,15,9,2,2,0,0,R East
20190420_Bournemouth_Fulham,2018-19,2018,2019-04-20,Bournemouth,Fulham,0,1,A,0,0,D,,,15,17,5,5,3,7,11,18,1,3,0,0,D Coote
20190420_ManCity_Tottenham,2018-19,2018,2019-04-20,Man City,Tottenham,1,0,H,1,0,H,,,15,10,4,4,4,4,11,11,1,2,0,0,M Oliver
20190421_Arsenal_CrystalPalace,2018-19,2018,2019-04-21,Arsenal,Crystal Palace,2,3,A,0,1,A,,,12,16,5,7,8,3,15,12,4,1,0,0,J Moss
20190421_Cardiff_Liverpool,2018-19,2018,2019-04-21,Cardiff,Liverpool,0,2,A,0,0,D,,,7,17,2,6,5,10,6,5,1,1,0,0,M Atkinson
20190421_Everton_ManUnited,2018-19,2018,2019-04-21,Everton,Man United,4,0,H,2,0,H,,,15,7,8,1,10,2,11,7,1,1,0,0,P Tierney
20190422_Chelsea_Burnley,2018-19,2018,2019-04-22,Chelsea,Burnley,2,2,D,2,2,D,,,22,6,9,3,10,1,9,4,2,1,0,0,K Friend
20190423_Tottenham_Brighton,2018-19,2018,2019-04-23,Tottenham,Brighton,1,0,H,0,0,D,,,29,6,5,1,6,3,7,13,1,2,0,0,C Kavanagh
20190423_Watford_Southampton,2018-19,2018,2019-04-23,Watford,Southampton,1,1,D,0,1,A,,,15,8,4,4,3,4,10,14,5,2,0,0,M Dean
20190424_ManUnited_ManCity,2018-19,2018,2019-04-24,Man United,Man City,0,2,A,0,0,D,,,12,8,1,5,1,1,10,10,2,2,0,0,A Marriner
20190424_Wolves_Arsenal,2018-19,2018,2019-04-24,Wolves,Arsenal,3,1,H,3,0,H,,,11,11,3,1,5,5,12,9,2,3,0,0,S Attwell
20190426_Liverpool_Huddersfield,2018-19,2018,2019-04-26,Liverpool,Huddersfield,5,0,H,3,0,H,,,21,5,7,1,4,4,5,14,0,0,0,0,K Friend
20190427_Tottenham_WestHam,2018-19,2018,2019-04-27,Tottenham,West Ham,0,1,A,0,0,D,,,14,16,4,7,2,7,3,8,0,2,0,0,A Taylor
20190427_Watford_Wolves,2018-19,2018,2019-04-27,Watford,Wolves,1,2,A,0,1,A,,,10,11,1,4,4,5,10,11,3,2,0,0,S Hooper
20190427_Southampton_Bournemouth,2018-19,2018,2019-04-27,Southampton,Bournemouth,3,3,D,1,2,A,,,22,9,7,5,9,3,8,9,2,1,0,0,G Scott
20190427_CrystalPalace_Everton,2018-19,2018,2019-04-27,Crystal Palace,Everton,0,0,D,0,0,D,,,8,22,0,3,5,10,9,15,2,0,0,0,L Mason
20190427_Brighton_Newcastle,2018-19,2018,2019-04-27,Brighton,Newcastle,1,1,D,0,1,A,,,9,9,2,1,7,4,7,10,2,3,0,0,M Dean
20190427_Fulham_Cardiff,2018-19,2018,2019-04-27,Fulham,Cardiff,1,0,H,0,0,D,,,8,13,2,8,10,3,10,8,0,0,0,0,C Kavanagh
20190428_Burnley_ManCity,2018-19,2018,2019-04-28,Burnley,Man City,0,1,A,0,0,D,,,2,25,0,7,0,6,5,7,1,1,0,0,P Tierney
20190428_Leicester_Arsenal,2018-19,2018,2019-04-28,Leicester,Arsenal,3,0,H,0,0,D,,,24,6,12,1,8,6,13,13,3,1,0,1,M Oliver
20190428_ManUnited_Chelsea,2018-19,2018,2019-04-28,Man United,Chelsea,1,1,D,1,1,D,,,7,16,5,3,6,6,9,14,3,2,0,0,M Atkinson
20190503_Everton_Burnley,2018-19,2018,2019-05-03,Everton,Burnley,2,0,H,2,0,H,,,20,5,6,1,8,1,8,9,0,2,0,0,C Kavanagh
20190504_Bournemouth_Tottenham,2018-19,2018,2019-05-04,Bournemouth,Tottenham,1,0,H,0,0,D,,,20,11,6,5,10,6,11,12,1,5,0,2,C Pawson
20190504_Cardiff_CrystalPalace,2018-19,2018,2019-05-04,Cardiff,Crystal Palace,2,3,A,1,2,A,,,18,21,8,7,10,5,14,11,0,0,0,0,M Oliver
20190504_Newcastle_Liverpool,2018-19,2018,2019-05-04,Newcastle,Liverpool,2,3,A,1,2,A,,,14,11,7,4,2,3,10,4,1,1,0,0,A Marriner
20190504_WestHam_Southampton,2018-19,2018,2019-05-04,West Ham,Southampton,3,0,H,1,0,H,,,17,11,6,1,2,7,2,11,1,1,0,0,S Attwell
20190504_Wolves_Fulham,2018-19,2018,2019-05-04,Wolves,Fulham,1,0,H,0,0,D,,,19,6,6,2,7,1,10,15,1,3,0,0,J Moss
20190505_Huddersfield_ManUnited,2018-19,2018,2019-05-05,Huddersfield,Man United,1,1,D,0,1,A,,,7,23,3,7,3,7,10,10,1,1,0,0,L Mason
20190505_Arsenal_Brighton,2018-19,2018,2019-05-05,Arsenal,Brighton,1,1,D,1,0,H,,,20,11,8,5,16,3,9,14,5,2,0,0,A Taylor
20190505_Chelsea_Watford,2018-19,2018,2019-05-05,Chelsea,Watford,3,0,H,0,0,D,,,19,15,9,3,6,6,6,12,0,1,0,0,P Tierney
20190506_ManCity_Leicester,2018-19,2018,2019-05-06,Man City,Leicester,1,0,H,0,0,D,,,19,7,5,2,11,0,12,5,3,2,0,0,M Dean
20190512_Tottenham_Everton,2018-19,2018,2019-05-12,Tottenham,Everton,2,2,D,1,0,H,,,11,17,3,9,7,4,10,13,0,2,0,0,A Marriner
20190512_Brighton_ManCity,2018-19,2018,2019-05-12,Brighton,Man City,1,4,A,1,2,A,,,6,20,2,9,2,6,12,8,0,0,0,0,M Oliver
20190512_Burnley_Arsenal,2018-19,2018,2019-05-12,Burnley,Arsenal,1,3,A,0,0,D,,,14,17,5,6,4,5,11,3,5,1,0,0,M Dean
20190512_CrystalPalace_Bournemouth,2018-19,2018,2019-05-12,Crystal Palace,Bournemouth,5,3,H,3,1,H,,,17,16,8,8,4,4,11,8,3,0,0,0,R East
20190512_Fulham_Newcastle,2018-19,2018,2019-05-12,Fulham,Newcastle,0,4,A,0,2,A,,,16,13,2,6,5,5,6,8,1,0,0,0,K Friend
20190512_Leicester_Chelsea,2018-19,2018,2019-05-12,Leicester,Chelsea,0,0,D,0,0,D,,,9,14,3,4,4,5,9,8,0,1,0,0,A Taylor
20190512_Liverpool_Wolves,2018-19,2018,2019-05-12,Liverpool,Wolves,2,0,H,1,0,H,,,13,7,5,2,4,1,3,11,0,2,0,0,M Atkinson
20190512_ManUnited_Cardiff,2018-19,2018,2019-05-12,Man United,Cardiff,0,2,A,0,1,A,,,26,13,10,4,11,2,9,6,3,3,0,0,J Moss
20190512_Southampton_Huddersfield,2018-19,2018,2019-05-12,Southampton,Huddersfield,1,1,D,1,0,H,,,10,10,3,3,4,3,8,6,0,1,0,0,L Probert
20190512_Watford_WestHam,2018-19,2018,2019-05-12,Watford,West Ham,1,4,A,0,2,A,,,17,16,8,9,7,2,10,10,1,0,1,0,C Kavanagh
20190809_Liverpool_Norwich,2019-20,2019,2019-08-09,Liverpool,Norwich,4,1,H,4,0,H,,,15,12,7,5,11,2,9,9,0,2,0,0,M Oliver
20190810_WestHam_ManCity,2019-20,2019,2019-08-10,West Ham,Man City,0,5,A,0,1,A,,,5,14,3,9,1,1,6,13,2,2,0,0,M Dean
20190810_Bournemouth_SheffieldUnited,2019-20,2019,2019-08-10,Bournemouth,Sheffield United,1,1,D,0,0,D,,,13,8,3,3,3,4,10,19,2,1,0,0,K Friend
20190810_Burnley_Southampton,2019-20,2019,2019-08-10,Burnley,Southampton,3,0,H,0,0,D,,,10,11,4,3,2,7,6,12,0,0,0,0,G Scott
20190810_CrystalPalace_Everton,2019-20,2019,2019-08-10,Crystal Palace,Everton,0,0,D,0,0,D,,,6,10,2,3,6,2,16,14,2,1,0,1,J Moss
20190810_Watford_Brighton,2019-20,2019,2019-08-10,Watford,Brighton,0,3,A,0,1,A,,,11,5,3,3,5,2,15,11,0,1,0,0,C Pawson
20190810_Tottenham_AstonVilla,2019-20,2019,2019-08-10,Tottenham,Aston Villa,3,1,H,0,1,A,,,31,7,7,4,14,0,13,9,1,0,0,0,C Kavanagh
20190811_Leicester_Wolves,2019-20,2019,2019-08-11,Leicester,Wolves,0,0,D,0,0,D,,,15,8,1,2,12,3,3,13,0,2,0,0,A Marriner
20190811_Newcastle_Arsenal,2019-20,2019,2019-08-11,Newcastle,Arsenal,0,1,A,0,0,D,,,9,8,2,2,5,3,12,7,1,3,0,0,M Atkinson
20190811_ManUnited_Chelsea,2019-20,2019,2019-08-11,Man United,Chelsea,4,0,H,1,0,H,,,11,18,5,7,3,5,15,13,3,4,0,0,A Taylor
20190817_ManCity_Tottenham,2019-20,2019,2019-08-17,Man City,Tottenham,2,2,D,2,1,H,,,30,3,10,2,13,2,14,4,1,0,0,0,M Oliver
20190817_Southampton_Liverpool,2019-20,2019,2019-08-17,Southampton,Liverpool,1,2,A,0,1,A,,,14,15,3,6,5,9,10,6,2,1,0,0,A Marriner
20190817_Norwich_Newcastle,2019-20,2019,2019-08-17,Norwich,Newcastle,3,1,H,1,0,H,,,15,10,8,3,7,5,9,11,1,3,0,0,S Attwell
20190817_AstonVilla_Bournemouth,2019-20,2019,2019-08-17,Aston Villa,Bournemouth,1,2,A,0,2,A,,,22,12,7,4,10,5,10,13,0,2,0,0,M Atkinson
20190817_Brighton_WestHam,2019-20,2019,2019-08-17,Brighton,West Ham,1,1,D,0,0,D,,,16,8,4,3,8,6,11,10,0,2,0,0,A Taylor
20190817_Arsenal_Burnley,2019-20,2019,2019-08-17,Arsenal,Burnley,2,1,H,1,1,D,,,16,18,9,5,10,7,13,11,2,1,0,0,M Dean
20190817_Everton_Watford,2019-20,2019,2019-08-17,Everton,Watford,1,0,H,1,0,H,,,12,8,2,2,4,7,11,11,2,3,0,0,L Mason
20190818_SheffieldUnited_CrystalPalace,2019-20,2019,2019-08-18,Sheffield United,Crystal Palace,1,0,H,0,0,D,,,15,6,3,4,8,4,16,11,3,1,0,0,D Coote
20190818_Chelsea_Leicester,2019-20,2019,2019-08-18,Chelsea,Leicester,1,1,D,1,0,H,,,14,12,5,3,4,5,9,14,1,0,0,0,O Langford
20190819_Wolves_ManUnited,2019-20,2019,2019-08-19,Wolves,Man United,1,1,D,0,1,A,,,6,9,2,2,4,6,17,8,2,2,0,0,J Moss
20190823_AstonVilla_Everton,2019-20,2019,2019-08-23,Aston Villa,Everton,2,0,H,1,0,H,,,7,12,3,1,0,6,10,18,2,3,0,0,M Oliver
20190824_Liverpool_Arsenal,2019-20,2019,2019-08-24,Liverpool,Arsenal,3,1,H,1,0,H,,,25,9,5,3,6,4,8,5,1,1,0,0,A Taylor
20190824_Watford_WestHam,2019-20,2019,2019-08-24,Watford,West Ham,1,3,A,1,1,D,,,23,16,3,10,8,7,12,11,1,1,0,0,C Kavanagh
20190824_SheffieldUnited_Leicester,2019-20,2019,2019-08-24,Sheffield United,Leicester,1,2,A,0,1,A,,,8,10,3,2,7,4,11,6,1,0,0,0,A Madley
20190824_Brighton_Southampton,2019-20,2019,2019-08-24,Brighton,Southampton,0,2,A,0,0,D,,,12,12,3,4,8,5,9,10,1,3,1,0,K Friend
20190824_Norwich_Chelsea,2019-20,2019,2019-08-24,Norwich,Chelsea,2,3,A,2,2,D,,,6,23,5,8,1,8,9,9,1,1,0,0,M Atkinson
20190824_ManUnited_CrystalPalace,2019-20,2019,2019-08-24,Man United,Crystal Palace,1,2,A,0,1,A,,,22,5,3,3,8,1,8,18,2,4,0,0,P Tierney
20190825_Bournemouth_ManCity,2019-20,2019,2019-08-25,Bournemouth,Man City,1,3,A,1,2,A,,,10,19,7,5,4,5,7,13,1,3,0,0,A Marriner
20190825_Tottenham_Newcastle,2019-20,2019,2019-08-25,Tottenham,Newcastle,0,1,A,0,1,A,,,17,8,2,3,6,6,10,5,2,2,0,0,M Dean
20190825_Wolves_Burnley,2019-20,2019,2019-08-25,Wolves,Burnley,1,1,D,0,1,A,,,17,13,2,4,4,3,9,11,0,2,0,0,C Pawson
20190831_WestHam_Norwich,2019-20,2019,2019-08-31,West Ham,Norwich,2,0,H,1,0,H,,,18,8,8,3,8,2,16,10,2,1,0,0,P Tierney
20190831_Burnley_Liverpool,2019-20,2019,2019-08-31,Burnley,Liverpool,0,3,A,0,2,A,,,7,15,2,7,6,4,10,16,0,0,0,0,C Kavanagh
20190831_ManCity_Brighton,2019-20,2019,2019-08-31,Man City,Brighton,4,0,H,2,0,H,,,15,6,6,2,8,1,10,6,1,1,0,0,J Moss
20190831_Newcastle_Watford,2019-20,2019,2019-08-31,Newcastle,Watford,1,1,D,1,1,D,,,13,13,5,3,6,5,5,11,2,3,0,0,G Scott
20190831_CrystalPalace_AstonVilla,2019-20,2019,2019-08-31,Crystal Palace,Aston Villa,1,0,H,0,0,D,,,22,10,5,2,13,2,15,16,2,4,0,1,K Friend
20190831_Chelsea_SheffieldUnited,2019-20,2019,2019-08-31,Chelsea,Sheffield United,2,2,D,2,0,H,,,13,8,5,2,3,4,6,11,0,1,0,0,S Attwell
20190831_Southampton_ManUnited,2019-20,2019,2019-08-31,Southampton,Man United,1,1,D,0,1,A,,,10,21,2,8,2,3,17,7,1,2,1,0,M Dean
20190831_Leicester_Bournemouth,2019-20,2019,2019-08-31,Leicester,Bournemouth,3,1,H,2,1,H,,,13,8,5,2,4,5,9,11,1,3,0,0,P Bankes
20190901_Everton_Wolves,2019-20,2019,2019-09-01,Everton,Wolves,3,2,H,2,1,H,,,15,8,6,5,7,7,12,12,1,4,0,1,A Taylor
20190901_Arsenal_Tottenham,2019-20,2019,2019-09-01,Arsenal,Tottenham,2,2,D,1,2,A,,,26,13,8,9,11,6,13,19,3,5,0,0,M Atkinson
20190914_Wolves_Chelsea,2019-20,2019,2019-09-14,Wolves,Chelsea,2,5,A,0,3,A,,,11,15,4,6,7,5,8,11,1,2,0,0,G Scott
20190914_Liverpool_Newcastle,2019-20,2019,2019-09-14,Liverpool,Newcastle,3,1,H,2,1,H,,,21,8,9,1,10,1,5,4,0,0,0,0,A Marriner
20190914_Brighton_Burnley,2019-20,2019,2019-09-14,Brighton,Burnley,1,1,D,0,0,D,,,14,7,5,1,3,6,13,7,0,2,0,0,M Oliver
20190914_ManUnited_Leicester,2019-20,2019,2019-09-14,Man United,Leicester,1,0,H,1,0,H,,,10,9,5,3,3,9,14,14,1,2,0,0,M Atkinson
20190914_SheffieldUnited_Southampton,2019-20,2019,2019-09-14,Sheffield United,Southampton,0,1,A,0,0,D,,,17,11,4,7,12,6,10,7,1,1,1,0,L Mason
20190914_Tottenham_CrystalPalace,2019-20,2019,2019-09-14,Tottenham,Crystal Palace,4,0,H,4,0,H,,,13,11,5,6,4,3,19,11,4,2,0,0,C Pawson
20190914_Norwich_ManCity,2019-20,2019,2019-09-14,Norwich,Man City,3,2,H,2,1,H,,,7,25,3,8,3,16,8,7,3,1,0,0,K Friend
20190915_Bournemouth_Everton,2019-20,2019,2019-09-15,Bournemouth,Everton,3,1,H,1,1,D,,,13,14,6,5,7,7,5,14,0,4,0,0,P Tierney
20190915_Watford_Arsenal,2019-20,2019,2019-09-15,Watford,Arsenal,2,2,D,0,2,A,,,31,10,7,4,7,1,14,4,3,3,0,0,A Taylor
20190916_AstonVilla_WestHam,2019-20,2019,2019-09-16,Aston Villa,West Ham,0,0,D,0,0,D,,,10,13,5,1,2,4,13,12,2,1,0,1,M Dean
20190920_Southampton_Bournemouth,2019-20,2019,2019-09-20,Southampton,Bournemouth,1,3,A,0,2,A,,,25,6,6,3,4,5,8,9,1,3,0,0,C Kavanagh
20190921_Leicester_Tottenham,2019-20,2019,2019-09-21,Leicester,Tottenham,2,1,H,0,1,A,,,16,11,7,4,8,2,16,13,1,2,0,0,P Tierney
20190921_Burnley_Norwich,2019-20,2019,2019-09-21,Burnley,Norwich,2,0,H,2,0,H,,,13,11,6,2,7,3,11,10,0,1,0,0,D Coote
20190921_Everton_SheffieldUnited,2019-20,2019,2019-09-21,Everton,Sheffield United,0,2,A,0,1,A,,,16,2,3,1,12,3,9,9,1,3,0,0,S Hooper
20190921_ManCity_Watford,2019-20,2019,2019-09-21,Man City,Watford,8,0,H,5,0,H,,,28,5,11,4,5,4,5,9,2,2,0,0,M Dean
20190921_Newcastle_Brighton,2019-20,2019,2019-09-21,Newcastle,Brighton,0,0,D,0,0,D,,,11,16,4,3,5,3,12,8,2,1,0,0,M Atkinson
20190922_CrystalPalace_Wolves,2019-20,2019,2019-09-22,Crystal Palace,Wolves,1,1,D,0,0,D,,,13,14,4,4,6,7,7,10,2,1,0,1,S Attwell
20190922_WestHam_ManUnited,2019-20,2019,2019-09-22,West Ham,Man United,2,0,H,1,0,H,,,8,9,6,3,3,7,8,9,2,2,0,0,A Taylor
20190922_Arsenal_AstonVilla,2019-20,2019,2019-09-22,Arsenal,Aston Villa,3,2,H,0,1,A,,,21,14,6,9,9,4,13,15,5,1,1,0,J Moss
20190922_Chelsea_Liverpool,2019-20,2019,2019-09-22,Chelsea,Liverpool,1,2,A,0,2,A,,,13,6,2,3,6,4,8,13,3,3,0,0,M Oliver
20190928_Everton_ManCity,2019-20,2019,2019-09-28,Everton,Man City,1,3,A,1,1,D,,,12,20,8,9,5,2,4,8,2,2,0,0,M Oliver
20190928_Wolves_Watford,2019-20,2019,2019-09-28,Wolves,Watford,2,0,H,1,0,H,,,6,14,2,5,1,6,5,6,0,1,0,0,P Tierney
20190928_Tottenham_Southampton,2019-20,2019,2019-09-28,Tottenham,Southampton,2,1,H,2,1,H,,,9,14,4,6,6,6,5,16,0,2,1,0,G Scott
20190928_CrystalPalace_Norwich,2019-20,2019,2019-09-28,Crystal Palace,Norwich,2,0,H,1,0,H,,,15,10,3,3,5,5,14,10,3,1,0,0,J Moss
20190928_SheffieldUnited_Liverpool,2019-20,2019,2019-09-28,Sheffield United,Liverpool,0,1,A,0,0,D,,,12,16,2,4,6,5,8,4,1,1,0,0,A Taylor
20190928_Bournemouth_WestHam,2019-20,2019,2019-09-28,Bournemouth,West Ham,2,2,D,1,1,D,,,13,17,5,6,6,6,7,8,3,1,0,0,S Attwell
20190928_AstonVilla_Burnley,2019-20,2019,2019-09-28,Aston Villa,Burnley,2,2,D,1,0,H,,,16,10,3,3,7,3,10,16,1,4,0,0,L Mason
20190928_Chelsea_Brighton,2019-20,2019,2019-09-28,Chelsea,Brighton,2,0,H,0,0,D,,,24,8,10,1,5,2,5,13,2,3,0,0,C Kavanagh
20190929_Leicester_Newcastle,2019-20,2019,2019-09-29,Leicester,Newcastle,5,0,H,1,0,H,,,13,3,5,0,9,0,12,9,1,1,0,1,C Pawson
20190930_ManUnited_Arsenal,2019-20,2019,2019-09-30,Man United,Arsenal,1,1,D,1,0,H,,,16,10,4,5,8,7,18,13,4,2,0,0,K Friend
20191005_WestHam_CrystalPalace,2019-20,2019,2019-10-05,West Ham,Crystal Palace,1,2,A,0,0,D,,,9,7,4,4,2,2,11,7,3,2,0,0,M Oliver
20191005_Watford_SheffieldUnited,2019-20,2019,2019-10-05,Watford,Sheffield United,0,0,D,0,0,D,,,8,9,2,3,7,7,7,6,0,2,0,0,A Marriner
20191005_Norwich_AstonVilla,2019-20,2019,2019-10-05,Norwich,Aston Villa,1,5,A,0,2,A,,,21,22,5,12,10,6,14,17,1,3,0,0,A Madley
20191005_Burnley_Everton,2019-20,2019,2019-10-05,Burnley,Everton,1,0,H,0,0,D,,,9,11,3,2,7,9,5,12,2,1,0,1,G Scott
20191005_Brighton_Tottenham,2019-20,2019,2019-10-05,Brighton,Tottenham,3,0,H,2,0,H,,,17,8,6,3,4,4,11,7,2,1,0,0,J Moss
20191005_Liverpool_Leicester,2019-20,2019,2019-10-05,Liverpool,Leicester,2,1,H,1,0,H,,,18,2,8,1,4,6,9,17,1,4,0,0,C Kavanagh
20191006_Arsenal_Bournemouth,2019-20,2019,2019-10-06,Arsenal,Bournemouth,1,0,H,1,0,H,,,12,10,2,2,14,5,12,6,1,2,0,0,M Atkinson
20191006_ManCity_Wolves,2019-20,2019,2019-10-06,Man City,Wolves,0,2,A,0,0,D,,,18,7,2,2,9,1,11,14,5,2,0,0,C Pawson
20191006_Southampton_Chelsea,2019-20,2019,2019-10-06,Southampton,Chelsea,1,4,A,1,3,A,,,10,13,3,7,3,4,8,15,0,1,0,0,P Tierney
20191006_Newcastle_ManUnited,2019-20,2019,2019-10-06,Newcastle,Man United,1,0,H,0,0,D,,,12,12,2,3,4,6,12,10,3,3,0,0,M Dean
20191019_Tottenham_Watford,2019-20,2019,2019-10-19,Tottenham,Watford,1,1,D,0,1,A,,,12,7,2,2,11,2,5,9,4,3,0,0,C Kavanagh
20191019_CrystalPalace_ManCity,2019-20,2019,2019-10-19,Crystal Palace,Man City,0,2,A,0,2,A,,,7,21,2,10,1,8,8,10,1,1,0,0,A Taylor
20191019_Wolves_Southampton,2019-20,2019,2019-10-19,Wolves,Southampton,1,1,D,0,0,D,,,4,14,1,5,1,3,10,17,3,2,0,0,P Bankes
20191019_Leicester_Burnley,2019-20,2019,2019-10-19,Leicester,Burnley,2,1,H,1,1,D,,,19,13,3,4,9,4,4,10,0,3,0,0,J Moss
20191019_Bournemouth_Norwich,2019-20,2019,2019-10-19,Bournemouth,Norwich,0,0,D,0,0,D,,,11,10,2,1,6,7,8,11,1,3,0,0,L Mason
20191019_AstonVilla_Brighton,2019-20,2019,2019-10-19,Aston Villa,Brighton,2,1,H,1,1,D,,,24,20,8,5,7,5,9,17,1,2,0,1,D Coote
20191019_Everton_WestHam,2019-20,2019,2019-10-19,Everton,West Ham,2,0,H,1,0,H,,,19,8,10,4,11,2,15,15,2,2,0,0,P Tierney
20191019_Chelsea_Newcastle,2019-20,2019,2019-10-19,Chelsea,Newcastle,1,0,H,0,0,D,,,16,5,8,0,11,0,9,12,2,1,0,0,A Marriner
20191020_ManUnited_Liverpool,2019-20,2019,2019-10-20,Man United,Liverpool,1,1,D,1,0,H,,,7,10,2,4,3,1,6,14,0,1,0,0,M Atkinson
20191021_SheffieldUnited_Arsenal,2019-20,2019,2019-10-21,Sheffield United,Arsenal,1,0,H,1,0,H,,,8,9,2,3,7,12,10,12,4,4,0,0,M Dean
20191025_Southampton_Leicester,2019-20,2019,2019-10-25,Southampton,Leicester,0,9,A,0,5,A,,,6,25,3,15,2,7,3,12,0,0,1,0,A Marriner
20191026_WestHam_SheffieldUnited,2019-20,2019,2019-10-26,West Ham,Sheffield United,1,1,D,1,0,H,,,12,10,4,4,10,4,7,10,2,2,0,0,D Coote
20191026_ManCity_AstonVilla,2019-20,2019,2019-10-26,Man City,Aston Villa,3,0,H,0,0,D,,,25,11,9,5,13,7,10,5,1,1,1,0,G Scott
20191026_Brighton_Everton,2019-20,2019,2019-10-26,Brighton,Everton,3,2,H,1,1,D,,,8,10,4,6,0,5,12,12,2,1,0,0,A Madley
20191026_Watford_Bournemouth,2019-20,2019,2019-10-26,Watford,Bournemouth,0,0,D,0,0,D,,,7,15,3,5,5,10,14,8,5,3,0,0,M Dean
20191026_Burnley_Chelsea,2019-20,2019,2019-10-26,Burnley,Chelsea,2,4,A,0,2,A,,,13,16,5,7,5,6,7,8,3,2,0,0,M Oliver
20191027_Norwich_ManUnited,2019-20,2019,2019-10-27,Norwich,Man United,1,3,A,0,2,A,,,10,21,3,11,1,10,13,10,2,2,0,0,S Attwell
20191027_Liverpool_Tottenham,2019-20,2019,2019-10-27,Liverpool,Tottenham,2,1,H,0,1,A,,,21,11,13,4,8,3,9,11,3,3,0,0,A Taylor
20191027_Newcastle_Wolves,2019-20,2019,2019-10-27,Newcastle,Wolves,1,1,D,1,0,H,,,13,13,2,5,3,6,8,15,2,2,1,0,K Friend
20191027_Arsenal_CrystalPalace,2019-20,2019,2019-10-27,Arsenal,Crystal Palace,2,2,D,2,1,H,,,15,10,6,4,12,5,18,9,2,0,0,0,M Atkinson
20191102_Bournemouth_ManUnited,2019-20,2019,2019-11-02,Bournemouth,Man United,1,0,H,1,0,H,,,12,15,6,4,4,10,14,12,4,3,0,0,C Kavanagh
20191102_Arsenal_Wolves,2019-20,2019,2019-11-02,Arsenal,Wolves,1,1,D,1,0,H,,,10,25,4,8,8,9,6,15,0,2,0,0,M Oliver
20191102_AstonVilla_Liverpool,2019-20,2019,2019-11-02,Aston Villa,Liverpool,1,2,A,1,0,H,,,5,25,2,6,2,10,12,9,1,2,0,0,J Moss
20191102_Brighton_Norwich,2019-20,2019,2019-11-02,Brighton,Norwich,2,0,H,0,0,D,,,21,7,5,0,8,3,11,8,0,1,0,0,K Friend
20191102_ManCity_Southampton,2019-20,2019,2019-11-02,Man City,Southampton,2,1,H,0,1,A,,,26,3,4,3,17,0,11,10,3,1,0,0,L Mason
20191102_SheffieldUnited_Burnley,2019-20,2019,2019-11-02,Sheffield United,Burnley,3,0,H,3,0,H,,,13,6,6,0,7,6,8,12,1,2,0,0,S Hooper
20191102_WestHam_Newcastle,2019-20,2019,2019-11-02,West Ham,Newcastle,2,3,A,0,2,A,,,16,12,6,9,7,3,10,7,2,1,0,0,S Attwell
20191102_Watford_Chelsea,2019-20,2019,2019-11-02,Watford,Chelsea,1,2,A,0,1,A,,,12,16,3,10,1,6,8,5,4,2,0,0,A Taylor
20191103_CrystalPalace_Leicester,2019-20,2019,2019-11-03,Crystal Palace,Leicester,0,2,A,0,0,D,,,12,14,3,5,5,6,15,16,2,2,0,0,P Tierney
20191103_Everton_Tottenham,2019-20,2019,2019-11-03,Everton,Tottenham,1,1,D,0,0,D,,,7,4,3,2,5,2,9,8,1,2,0,1,M Atkinson
20191108_Norwich_Watford,2019-20,2019,2019-11-08,Norwich,Watford,0,2,A,0,1,A,,,17,12,5,2,10,4,7,13,1,2,0,1,A Marriner
20191109_Leicester_Arsenal,2019-20,2019,2019-11-09,Leicester,Arsenal,2,0,H,0,0,D,,,19,8,7,1,5,4,10,10,1,1,0,0,C Kavanagh
20191109_Tottenham_SheffieldUnited,2019-20,2019,2019-11-09,Tottenham,Sheffield United,1,1,D,0,0,D,,,17,14,5,4,4,4,6,9,2,2,0,0,G Scott
20191109_Southampton_Everton,2019-20,2019,2019-11-09,Southampton,Everton,1,2,A,0,1,A,,,4,24,3,5,5,9,12,12,1,1,0,0,P Tierney
20191109_Chelsea_CrystalPalace,2019-20,2019,2019-11-09,Chelsea,Crystal Palace,2,0,H,0,0,D,,,23,3,5,1,7,0,9,17,3,2,0,0,M Dean
20191109_Burnley_WestHam,2019-20,2019,2019-11-09,Burnley,West Ham,3,0,H,2,0,H,,,14,7,12,4,11,4,17,10,2,1,0,0,K Friend
20191109_Newcastle_Bournemouth,2019-20,2019,2019-11-09,Newcastle,Bournemouth,2,1,H,1,1,D,,,20,16,9,3,5,4,10,5,2,0,0,0,M Atkinson
20191110_ManUnited_Brighton,2019-20,2019,2019-11-10,Man United,Brighton,3,1,H,2,0,H,,,21,6,11,2,5,2,10,14,2,5,0,0,J Moss
20191110_Wolves_AstonVilla,2019-20,2019,2019-11-10,Wolves,Aston Villa,2,1,H,1,0,H,,,17,13,5,4,6,3,17,8,4,3,0,0,A Taylor
20191110_Liverpool_ManCity,2019-20,2019,2019-11-10,Liverpool,Man City,3,1,H,2,0,H,,,12,18,5,3,4,13,10,5,0,2,0,0,M Oliver
20191123_Everton_Norwich,2019-20,2019,2019-11-23,Everton,Norwich,0,2,A,0,0,D,,,18,13,7,5,7,7,12,11,3,5,0,0,A Taylor
20191123_ManCity_Chelsea,2019-20,2019,2019-11-23,Man City,Chelsea,2,1,H,2,1,H,,,15,11,4,2,8,2,5,9,1,1,0,0,M Atkinson
20191123_Watford_Burnley,2019-20,2019,2019-11-23,Watford,Burnley,0,3,A,0,0,D,,,15,11,4,5,7,5,14,13,0,3,0,0,P Tierney
20191123_CrystalPalace_Liverpool,2019-20,2019,2019-11-23,Crystal Palace,Liverpool,1,2,A,0,0,D,,,16,12,6,4,9,8,8,7,0,1,0,0,K Friend
20191123_Arsenal_Southampton,2019-20,2019,2019-11-23,Arsenal,Southampton,2,2,D,1,1,D,,,12,21,5,6,6,8,13,19,6,2,0,0,S Attwell
20191123_Bournemouth_Wolves,2019-20,2019,2019-11-23,Bournemouth,Wolves,1,2,A,0,2,A,,,9,17,2,7,5,9,10,12,2,1,1,0,S Hooper
20191123_WestHam_Tottenham,2019-20,2019,2019-11-23,West Ham,Tottenham,2,3,A,0,2,A,,,11,15,4,6,3,7,12,14,3,2,0,0,M Oliver
20191123_Brighton_Leicester,2019-20,2019,2019-11-23,Brighton,Leicester,0,2,A,0,0,D,,,7,19,0,9,6,7,9,1,2,0,0,0,M Dean
20191124_SheffieldUnited_ManUnited,2019-20,2019,2019-11-24,Sheffield United,Man United,3,3,D,1,0,H,,,12,11,8,5,6,3,13,10,1,2,0,0,A Marriner
20191125_AstonVilla_Newcastle,2019-20,2019,2019-11-25,Aston Villa,Newcastle,2,0,H,2,0,H,,,17,11,8,5,11,6,10,9,1,1,0,0,L Mason
20191130_Southampton_Watford,2019-20,2019,2019-11-30,Southampton,Watford,2,1,H,0,1,A,,,11,6,6,3,6,7,6,10,1,0,0,0,M Oliver
20191130_Liverpool_Brighton,2019-20,2019,2019-11-30,Liverpool,Brighton,2,1,H,2,0,H,,,15,12,7,5,4,5,3,10,0,0,1,0,M Atkinson
20191130_Tottenham_Bournemouth,2019-20,2019,2019-11-30,Tottenham,Bournemouth,3,2,H,1,0,H,,,15,20,5,6,4,8,10,12,0,2,0,0,L Mason
20191130_Burnley_CrystalPalace,2019-20,2019,2019-11-30,Burnley,Crystal Palace,0,2,A,0,1,A,,,15,7,4,2,5,6,13,10,2,0,0,0,P Bankes
20191130_Newcastle_ManCity,2019-20,2019,2019-11-30,Newcastle,Man City,2,2,D,1,1,D,,,6,24,3,9,1,10,4,6,1,2,0,0,C Kavanagh
20191130_Chelsea_WestHam,2019-20,2019,2019-11-30,Chelsea,West Ham,0,1,A,0,0,D,,,19,5,6,4,9,3,0,16,0,3,0,0,J Moss
20191201_Norwich_Arsenal,2019-20,2019,2019-12-01,Norwich,Arsenal,2,2,D,2,1,H,,,15,16,8,7,7,12,8,10,2,1,0,0,P Tierney
20191201_Wolves_SheffieldUnited,2019-20,2019,2019-12-01,Wolves,Sheffield United,1,1,D,0,1,A,,,13,9,3,4,7,2,12,18,1,4,0,0,D Coote
20191201_Leicester_Everton,2019-20,2019,2019-12-01,Leicester,Everton,2,1,H,0,1,A,,,16,11,6,3,4,4,7,9,0,1,0,0,G Scott
20191201_ManUnited_AstonVilla,2019-20,2019,2019-12-01,Man United,Aston Villa,2,2,D,1,1,D,,,16,9,6,3,9,9,16,8,4,1,0,0,C Pawson
20191203_CrystalPalace_Bournemouth,2019-20,2019,2019-12-03,Crystal Palace,Bournemouth,1,0,H,0,0,D,,,7,6,2,3,6,9,6,15,3,3,1,0,A Taylor
20191203_Burnley_ManCity,2019-20,2019,2019-12-03,Burnley,Man City,1,4,A,0,1,A,,,4,17,2,8,3,6,9,6,1,1,0,0,J Moss
20191204_Wolves_WestHam,2019-20,2019,2019-12-04,Wolves,West Ham,2,0,H,1,0,H,,,13,6,7,3,5,4,8,9,1,2,0,0,A Marriner
20191204_Liverpool_Everton,2019-20,2019,2019-12-04,Liverpool,Everton,5,2,H,4,2,H,,,11,12,5,4,5,6,13,17,1,2,0,0,M Dean
20191204_Southampton_Norwich,2019-20,2019,2019-12-04,Southampton,Norwich,2,1,H,2,0,H,,,14,10,5,3,6,1,12,7,1,1,0,0,K Friend
20191204_Leicester_Watford,2019-20,2019,2019-12-04,Leicester,Watford,2,0,H,0,0,D,,,12,4,6,1,7,2,13,16,3,2,0,0,C Pawson
20191204_ManUnited_Tottenham,2019-20,2019,2019-12-04,Man United,Tottenham,2,1,H,1,1,D,,,12,8,7,5,4,3,9,9,0,1,0,0,P Tierney
20191204_Chelsea_AstonVilla,2019-20,2019,2019-12-04,Chelsea,Aston Villa,2,1,H,1,1,D,,,25,9,9,3,9,5,18,10,2,1,0,0,C Kavanagh
20191205_SheffieldUnited_Newcastle,2019-20,2019,2019-12-05,Sheffield United,Newcastle,0,2,A,0,1,A,,,13,6,6,4,8,1,10,6,2,0,0,0,S Attwell
20191205_Arsenal_Brighton,2019-20,2019,2019-12-05,Arsenal,Brighton,1,2,A,0,1,A,,,12,20,5,9,9,9,10,11,3,1,0,0,G Scott
20191207_Everton_Chelsea,2019-20,2019,2019-12-07,Everton,Chelsea,3,1,H,1,0,H,,,13,15,7,4,1,5,14,9,3,0,0,0,C Pawson
20191207_Bournemouth_Liverpool,2019-20,2019,2019-12-07,Bournemouth,Liverpool,0,3,A,0,2,A,,,3,21,0,9,1,3,5,6,0,1,0,0,C Kavanagh
20191207_Tottenham_Burnley,2019-20,2019,2019-12-07,Tottenham,Burnley,5,0,H,3,0,H,,,13,7,7,1,1,1,12,8,1,1,0,0,K Friend
20191207_Watford_CrystalPalace,2019-20,2019,2019-12-07,Watford,Crystal Palace,0,0,D,0,0,D,,,13,3,3,0,6,2,15,16,4,2,0,0,M Atkinson
20191207_ManCity_ManUnited,2019-20,2019,2019-12-07,Man City,Man United,1,2,A,0,2,A,,,22,11,5,7,16,3,10,10,3,2,0,0,A Taylor
20191208_Brighton_Wolves,2019-20,2019,2019-12-08,Brighton,Wolves,2,2,D,2,2,D,,,13,13,4,5,3,4,10,7,3,0,0,0,J Moss
20191208_Norwich_SheffieldUnited,2019-20,2019,2019-12-08,Norwich,Sheffield United,1,2,A,1,0,H,,,14,9,4,3,9,1,6,12,0,4,0,0,S Hooper
20191208_Newcastle_Southampton,2019-20,2019,2019-12-08,Newcastle,Southampton,2,1,H,0,0,D,,,12,19,6,4,3,12,11,17,1,3,0,0,D Coote
20191208_AstonVilla_Leicester,2019-20,2019,2019-12-08,Aston Villa,Leicester,1,4,A,1,2,A,,,15,23,2,8,8,5,21,15,6,2,0,0,M Oliver
20191209_WestHam_Arsenal,2019-20,2019,2019-12-09,West Ham,Arsenal,1,3,A,1,0,H,,,11,10,4,3,4,3,12,6,2,0,0,0,M Dean
20191214_Liverpool_Watford,2019-20,2019,2019-12-14,Liverpool,Watford,2,0,H,1,0,H,,,16,8,6,2,6,3,8,6,2,1,0,0,A Marriner
20191214_Burnley_Newcastle,2019-20,2019,2019-12-14,Burnley,Newcastle,1,0,H,0,0,D,,,7,9,4,0,4,3,15,12,0,2,0,0,T Robinson
20191214_Chelsea_Bournemouth,2019-20,2019,2019-12-14,Chelsea,Bournemouth,0,1,A,0,0,D,,,18,11,5,2,9,4,9,14,1,2,0,0,G Scott
20191214_Leicester_Norwich,2019-20,2019,2019-12-14,Leicester,Norwich,1,1,D,1,1,D,,,18,10,5,3,12,4,11,15,0,4,0,0,A Madley
20191214_Southampton_WestHam,2019-20,2019,2019-12-14,Southampton,West Ham,0,1,A,0,1,A,,,11,11,2,4,5,8,9,14,1,3,0,0,M Atkinson
20191214_SheffieldUnited_AstonVilla,2019-20,2019,2019-12-14,Sheffield United,Aston Villa,2,0,H,0,0,D,,,7,8,3,0,3,2,10,9,2,2,0,0,P Bankes
20191215_Arsenal_ManCity,2019-20,2019,2019-12-15,Arsenal,Man City,0,3,A,0,3,A,,,6,14,1,7,3,3,9,24,1,4,0,0,P Tierney
20191215_Wolves_Tottenham,2019-20,2019,2019-12-15,Wolves,Tottenham,1,2,A,0,1,A,,,18,9,5,5,11,2,14,10,4,4,0,0,S Attwell
20191215_ManUnited_Everton,2019-20,2019,2019-12-15,Man United,Everton,1,1,D,0,1,A,,,24,8,8,3,6,5,10,12,1,2,0,0,M Oliver
20191216_CrystalPalace_Brighton,2019-20,2019,2019-12-16,Crystal Palace,Brighton,1,1,D,0,0,D,,,11,15,4,10,3,7,7,12,1,1,0,0,C Pawson
20191221_Everton_Arsenal,2019-20,2019,2019-12-21,Everton,Arsenal,0,0,D,0,0,D,,,9,6,0,2,5,4,10,11,2,3,0,0,K Friend
20191221_AstonVilla_Southampton,2019-20,2019,2019-12-21,Aston Villa,Southampton,1,3,A,0,2,A,,,19,17,6,8,7,5,16,15,2,1,0,0,C Pawson
20191221_Bournemouth_Burnley,2019-20,2019,2019-12-21,Bournemouth,Burnley,0,1,A,0,0,D,,,3,2,0,1,4,5,13,21,2,4,0,0,M Atkinson
20191221_Brighton_SheffieldUnited,2019-20,2019,2019-12-21,Brighton,Sheffield United,0,1,A,0,1,A,,,9,7,2,2,4,3,6,11,1,3,0,0,R Jones
20191221_Newcastle_CrystalPalace,2019-20,2019,2019-12-21,Newcastle,Crystal Palace,1,0,H,0,0,D,,,8,16,3,4,4,5,12,11,2,0,0,0,S Hooper
20191221_Norwich_Wolves,2019-20,2019,2019-12-21,Norwich,Wolves,1,2,A,1,0,H,,,13,14,7,4,3,11,7,14,2,4,0,0,P Bankes
20191221_ManCity_Leicester,2019-20,2019,2019-12-21,Man City,Leicester,3,1,H,2,1,H,,,23,5,12,2,6,1,14,9,2,2,0,0,M Dean
20191222_Watford_ManUnited,2019-20,2019,2019-12-22,Watford,Man United,2,0,H,0,0,D,,,11,17,3,8,3,5,16,11,3,1,0,0,L Mason
20191222_Tottenham_Chelsea,2019-20,2019,2019-12-22,Tottenham,Chelsea,0,2,A,0,2,A,,,5,13,1,3,3,5,9,11,4,3,1,0,A Taylor
20191226_Everton_Burnley,2019-20,2019,2019-12-26,Everton,Burnley,1,0,H,0,0,D,,,21,6,5,0,10,2,15,14,0,0,0,0,A Taylor
20191226_ManUnited_Newcastle,2019-20,2019,2019-12-26,Man United,Newcastle,4,1,H,3,1,H,,,22,7,10,2,5,0,10,7,2,2,0,0,K Friend
20191226_SheffieldUnited_Watford,2019-20,2019,2019-12-26,Sheffield United,Watford,1,1,D,1,1,D,,,16,5,4,2,9,1,11,8,1,3,0,0,D Coote
20191226_CrystalPalace_WestHam,2019-20,2019,2019-12-26,Crystal Palace,West Ham,2,1,H,0,0,D,,,13,10,4,2,7,6,5,10,0,2,0,0,A Marriner
20191226_Leicester_Liverpool,2019-20,2019,2019-12-26,Leicester,Liverpool,0,4,A,0,1,A,,,3,15,0,6,2,8,5,7,1,1,0,0,M Oliver
20191226_Bournemouth_Arsenal,2019-20,2019,2019-12-26,Bournemouth,Arsenal,1,1,D,1,0,H,,,12,17,4,2,8,3,5,13,4,4,0,0,S Attwell
20191226_AstonVilla_Norwich,2019-20,2019,2019-12-26,Aston Villa,Norwich,1,0,H,0,0,D,,,11,16,2,6,5,8,15,12,2,3,0,0,C Kavanagh
20191226_Tottenham_Brighton,2019-20,2019,2019-12-26,Tottenham,Brighton,2,1,H,0,1,A,,,11,11,5,5,9,2,10,9,4,2,0,0,G Scott
20191226_Chelsea_Southampton,2019-20,2019,2019-12-26,Chelsea,Southampton,0,2,A,0,1,A,,,10,5,3,3,8,1,10,9,3,2,0,0,J Moss
20191227_Wolves_ManCity,2019-20,2019,2019-12-27,Wolves,Man City,3,2,H,0,1,A,,,20,7,8,3,3,1,7,13,0,1,0,1,M Atkinson
20191228_WestHam_Leicester,2019-20,2019,2019-12-28,West Ham,Leicester,1,2,A,1,1,D,,,14,13,4,8,5,5,16,4,4,1,0,0,D Coote
20191228_Burnley_ManUnited,2019-20,2019,2019-12-28,Burnley,Man United,0,2,A,0,1,A,,,8,14,1,5,5,4,17,10,4,3,0,0,M Dean
20191228_Norwich_Tottenham,2019-20,2019,2019-12-28,Norwich,Tottenham,2,2,D,1,0,H,,,5,15,2,7,4,6,12,10,3,3,0,0,K Friend
20191228_Newcastle_Everton,2019-20,2019,2019-12-28,Newcastle,Everton,1,2,A,0,1,A,,,20,22,5,9,5,8,13,13,2,2,0,0,L Mason
20191228_Southampton_CrystalPalace,2019-20,2019,2019-12-28,Southampton,Crystal Palace,1,1,D,0,0,D,,,14,5,5,2,12,4,13,7,1,2,0,0,A Madley
20191228_Watford_AstonVilla,2019-20,2019,2019-12-28,Watford,Aston Villa,3,0,H,1,0,H,,,20,11,6,2,6,3,16,9,3,1,1,0,S Hooper
20191228_Brighton_Bournemouth,2019-20,2019,2019-12-28,Brighton,Bournemouth,2,0,H,1,0,H,,,16,10,6,2,9,2,8,11,0,2,0,0,P Tierney
20191229_Arsenal_Chelsea,2019-20,2019,2019-12-29,Arsenal,Chelsea,1,2,A,1,0,H,,,7,13,2,4,2,3,13,19,5,4,0,0,C Pawson
20191229_Liverpool_Wolves,2019-20,2019,2019-12-29,Liverpool,Wolves,1,0,H,1,0,H,,,10,10,3,2,5,6,7,3,1,0,0,0,A Taylor
20191229_ManCity_SheffieldUnited,2019-20,2019,2019-12-29,Man City,Sheffield United,2,0,H,0,0,D,,,16,8,4,0,8,5,5,6,1,1,0,0,C Kavanagh
20200101_Arsenal_ManUnited,2019-20,2019,2020-01-01,Arsenal,Man United,2,0,H,2,0,H,,,10,10,4,4,1,4,11,15,2,0,0,0,C Kavanagh
20200101_WestHam_Bournemouth,2019-20,2019,2020-01-01,West Ham,Bournemouth,4,0,H,3,0,H,,,14,3,7,2,9,2,3,12,1,2,0,0,G Scott
20200101_Norwich_CrystalPalace,2019-20,2019,2020-01-01,Norwich,Crystal Palace,1,1,D,1,0,H,,,15,12,4,3,2,5,12,9,5,0,0,0,J Moss
20200101_ManCity_Everton,2019-20,2019,2020-01-01,Man City,Everton,2,1,H,0,0,D,,,16,7,7,2,3,6,11,11,0,4,0,0,A Marriner
20200101_Southampton_Tottenham,2019-20,2019,2020-01-01,Southampton,Tottenham,1,0,H,1,0,H,,,12,11,3,5,6,9,21,8,3,4,0,0,M Dean
20200101_Newcastle_Leicester,2019-20,2019,2020-01-01,Newcastle,Leicester,0,3,A,0,2,A,,,5,17,2,10,4,5,8,12,1,1,0,0,M Atkinson
20200101_Burnley_AstonVilla,2019-20,2019,2020-01-01,Burnley,Aston Villa,1,2,A,0,2,A,,,20,11,1,6,8,4,12,10,1,1,0,0,M Oliver
20200101_Brighton_Chelsea,2019-20,2019,2020-01-01,Brighton,Chelsea,1,1,D,0,1,A,,,16,16,5,5,5,3,8,15,2,3,0,0,S Attwell
20200101_Watford_Wolves,2019-20,2019,2020-01-01,Watford,Wolves,2,1,H,1,0,H,,,9,16,3,4,4,7,12,6,3,1,1,0,A Madley
20200102_Liverpool_SheffieldUnited,2019-20,2019,2020-01-02,Liverpool,Sheffield United,2,0,H,1,0,H,,,19,3,7,2,8,4,5,8,0,0,0,0,P Tierney
20200110_SheffieldUnited_WestHam,2019-20,2019,2020-01-10,Sheffield United,West Ham,1,0,H,0,0,D,,,13,7,3,2,7,3,11,6,1,0,0,0,M Oliver
20200111_ManUnited_Norwich,2019-20,2019,2020-01-11,Man United,Norwich,4,0,H,1,0,H,,,13,8,6,3,4,2,18,7,0,0,0,0,A Taylor
20200111_Tottenham_Liverpool,2019-20,2019,2020-01-11,Tottenham,Liverpool,0,1,A,0,1,A,,,14,13,4,7,4,3,4,8,0,2,0,0,M Atkinson
20200111_Leicester_Southampton,2019-20,2019,2020-01-11,Leicester,Southampton,1,2,A,1,1,D,,,5,16,5,10,2,4,9,17,0,3,0,0,L Mason
20200111_Wolves_Newcastle,2019-20,2019,2020-01-11,Wolves,Newcastle,1,1,D,1,1,D,,,9,5,4,1,5,2,13,12,0,3,0,0,P Bankes
20200111_Chelsea_Burnley,2019-20,2019,2020-01-11,Chelsea,Burnley,3,0,H,2,0,H,,,18,7,8,2,10,3,7,4,0,3,0,0,K Friend
20200111_CrystalPalace_Arsenal,2019-20,2019,2020-01-11,Crystal Palace,Arsenal,1,1,D,0,1,A,,,6,7,3,4,1,4,14,22,2,3,0,1,P Tierney
20200111_Everton_Brighton,2019-20,2019,2020-01-11,Everton,Brighton,1,0,H,1,0,H,,,14,9,6,2,4,3,7,7,2,1,0,0,D Coote
20200112_Bournemouth_Watford,2019-20,2019,2020-01-12,Bournemouth,Watford,0,3,A,0,1,A,,,10,18,1,6,5,5,3,13,1,1,0,0,M Dean
20200112_AstonVilla_ManCity,2019-20,2019,2020-01-12,Aston Villa,Man City,1,6,A,0,4,A,,,7,22,1,12,2,4,5,12,2,1,0,0,J Moss
20200118_Newcastle_Chelsea,2019-20,2019,2020-01-18,Newcastle,Chelsea,1,0,H,0,0,D,,,7,19,2,4,1,10,9,14,1,1,0,0,C Kavanagh
20200118_Southampton_Wolves,2019-20,2019,2020-01-18,Southampton,Wolves,2,3,A,2,0,H,,,11,8,5,4,1,3,13,12,2,1,0,0,D England
20200118_Norwich_Bournemouth,2019-20,2019,2020-01-18,Norwich,Bournemouth,1,0,H,1,0,H,,,16,6,5,3,4,5,10,10,2,2,1,1,P Tierney
20200118_WestHam_Everton,2019-20,2019,2020-01-18,West Ham,Everton,1,1,D,1,1,D,,,12,11,6,3,7,6,11,13,1,0,0,0,A Marriner
20200118_Brighton_AstonVilla,2019-20,2019,2020-01-18,Brighton,Aston Villa,1,1,D,1,0,H,,,10,8,2,3,3,4,11,13,3,3,0,0,A Madley
20200118_Arsenal_SheffieldUnited,2019-20,2019,2020-01-18,Arsenal,Sheffield United,1,1,D,1,0,H,,,11,12,4,4,4,5,9,13,1,2,0,0,M Dean
20200118_Watford_Tottenham,2019-20,2019,2020-01-18,Watford,Tottenham,0,0,D,0,0,D,,,15,17,2,5,3,3,13,13,2,3,0,0,M Oliver
20200118_ManCity_CrystalPalace,2019-20,2019,2020-01-18,Man City,Crystal Palace,2,2,D,0,1,A,,,25,5,6,3,14,2,9,7,1,2,0,0,S Scott
20200119_Burnley_Leicester,2019-20,2019,2020-01-19,Burnley,Leicester,2,1,H,0,1,A,,,8,18,5,8,4,5,14,8,1,0,0,0,A Taylor
20200119_Liverpool_ManUnited,2019-20,2019,2020-01-19,Liverpool,Man United,2,0,H,1,0,H,,,16,9,5,4,11,5,7,10,1,3,0,0,C Pawson
20200121_AstonVilla_Watford,2019-20,2019,2020-01-21,Aston Villa,Watford,2,1,H,0,1,A,,,16,8,5,2,6,3,11,18,2,2,0,0,M Atkinson
20200121_Bournemouth_Brighton,2019-20,2019,2020-01-21,Bournemouth,Brighton,3,1,H,2,0,H,,,11,21,3,8,5,8,9,12,1,1,0,0,K Friend
20200121_CrystalPalace_Southampton,2019-20,2019,2020-01-21,Crystal Palace,Southampton,0,2,A,0,1,A,,,6,15,0,6,0,8,12,13,1,2,0,0,A Marriner
20200121_Everton_Newcastle,2019-20,2019,2020-01-21,Everton,Newcastle,2,2,D,1,0,H,,,17,8,8,2,6,4,13,10,1,1,0,0,S Hooper
20200121_SheffieldUnited_ManCity,2019-20,2019,2020-01-21,Sheffield United,Man City,0,1,A,0,0,D,,,4,18,1,5,5,13,13,13,4,3,0,0,L Mason
20200121_Chelsea_Arsenal,2019-20,2019,2020-01-21,Chelsea,Arsenal,2,2,D,1,0,H,,,19,2,8,2,17,5,11,6,2,1,0,1,S Attwell
20200122_Tottenham_Norwich,2019-20,2019,2020-01-22,Tottenham,Norwich,2,1,H,1,0,H,,,14,12,3,2,7,3,12,7,0,1,0,0,C Kavanagh
20200122_Leicester_WestHam,2019-20,2019,2020-01-22,Leicester,West Ham,4,1,H,2,0,H,,,19,6,8,2,7,8,10,19,1,1,0,0,D Coote
20200122_ManUnited_Burnley,2019-20,2019,2020-01-22,Man United,Burnley,0,2,A,0,1,A,,,24,5,7,2,5,2,11,7,0,2,0,0,J Moss
20200123_Wolves_Liverpool,2019-20,2019,2020-01-23,Wolves,Liverpool,1,2,A,0,1,A,,,10,13,3,6,2,4,6,11,0,1,0,0,M Oliver
20200129_WestHam_Liverpool,2019-20,2019,2020-01-29,West Ham,Liverpool,0,2,A,0,1,A,,,7,13,4,5,3,7,6,6,2,0,0,0,J Moss
20200201_Leicester_Chelsea,2019-20,2019,2020-02-01,Leicester,Chelsea,2,2,D,0,0,D,,,14,7,4,3,4,6,16,14,2,2,0,0,L Mason
20200201_Bournemouth_AstonVilla,2019-20,2019,2020-02-01,Bournemouth,Aston Villa,2,1,H,2,0,H,,,16,18,6,5,1,8,10,15,1,3,1,0,A Taylor
20200201_CrystalPalace_SheffieldUnited,2019-20,2019,2020-02-01,Crystal Palace,Sheffield United,0,1,A,0,0,D,,,13,10,3,3,9,5,9,15,3,2,0,0,A Madley
20200201_Liverpool_Southampton,2019-20,2019,2020-02-01,Liverpool,Southampton,4,0,H,0,0,D,,,16,17,9,4,6,11,9,15,0,2,0,0,K Friend
20200201_Newcastle_Norwich,2019-20,2019,2020-02-01,Newcastle,Norwich,0,0,D,0,0,D,,,15,19,5,4,8,12,10,15,2,1,0,0,M Atkinson
20200201_Watford_Everton,2019-20,2019,2020-02-01,Watford,Everton,2,3,A,2,2,D,,,11,12,2,5,4,4,17,14,2,2,0,1,C Pawson
20200201_WestHam_Brighton,2019-20,2019,2020-02-01,West Ham,Brighton,3,3,D,2,0,H,,,12,19,6,6,4,6,8,9,1,1,0,0,M Oliver
20200201_ManUnited_Wolves,2019-20,2019,2020-02-01,Man United,Wolves,0,0,D,0,0,D,,,15,14,5,3,4,6,14,15,3,2,0,0,P Tierney
20200202_Burnley_Arsenal,2019-20,2019,2020-02-02,Burnley,Arsenal,0,0,D,0,0,D,,,15,13,2,2,5,7,8,11,1,3,0,0,C Kavanagh
20200202_Tottenham_ManCity,2019-20,2019,2020-02-02,Tottenham,Man City,2,0,H,0,0,D,,,3,18,3,5,2,6,8,14,2,3,0,1,M Dean
20200208_Brighton_Watford,2019-20,2019,2020-02-08,Brighton,Watford,1,1,D,0,1,A,,,10,5,2,2,3,2,9,12,2,2,0,0,K Friend
20200208_Everton_CrystalPalace,2019-20,2019,2020-02-08,Everton,Crystal Palace,3,1,H,1,0,H,,,14,10,8,2,4,6,11,12,0,1,0,0,D Coote
20200209_SheffieldUnited_Bournemouth,2019-20,2019,2020-02-09,Sheffield United,Bournemouth,2,1,H,1,1,D,,,16,10,6,2,8,4,10,8,2,2,0,0,J Moss
20200214_Wolves_Leicester,2019-20,2019,2020-02-14,Wolves,Leicester,0,0,D,0,0,D,,,15,9,3,3,7,0,13,10,2,2,0,1,M Dean
20200215_Southampton_Burnley,2019-20,2019,2020-02-15,Southampton,Burnley,1,2,A,1,1,D,,,10,9,2,6,4,3,8,11,2,2,0,0,S Hooper
20200215_Norwich_Liverpool,2019-20,2019,2020-02-15,Norwich,Liverpool,0,1,A,0,0,D,,,5,17,1,6,2,7,5,11,1,2,0,0,S Attwell
20200216_AstonVilla_Tottenham,2019-20,2019,2020-02-16,Aston Villa,Tottenham,2,3,A,1,2,A,,,18,23,4,10,12,7,12,10,2,0,0,0,M Atkinson
20200216_Arsenal_Newcastle,2019-20,2019,2020-02-16,Arsenal,Newcastle,4,0,H,0,0,D,,,15,10,7,2,5,6,15,9,2,0,0,0,L Mason
20200217_Chelsea_ManUnited,2019-20,2019,2020-02-17,Chelsea,Man United,0,2,A,0,1,A,,,17,9,1,3,9,8,11,11,4,3,0,0,A Taylor
20200219_ManCity_WestHam,2019-20,2019,2020-02-19,Man City,West Ham,2,0,H,1,0,H,,,20,3,7,0,6,1,5,7,0,1,0,0,K Friend
20200222_Leicester_ManCity,2019-20,2019,2020-02-22,Leicester,Man City,0,1,A,0,0,D,,,10,18,3,7,3,7,14,10,0,0,0,0,P Tierney
20200222_Southampton_AstonVilla,2019-20,2019,2020-02-22,Southampton,Aston Villa,2,0,H,1,0,H,,,28,4,9,1,9,6,13,17,1,4,0,0,C Pawson
20200222_SheffieldUnited_Brighton,2019-20,2019,2020-02-22,Sheffield United,Brighton,1,1,D,1,1,D,,,14,8,3,2,12,2,3,6,0,2,0,0,G Scott
20200222_Burnley_Bournemouth,2019-20,2019,2020-02-22,Burnley,Bournemouth,3,0,H,0,0,D,,,16,12,10,4,7,3,9,9,4,3,0,0,M Dean
20200222_Chelsea_Tottenham,2019-20,2019,2020-02-22,Chelsea,Tottenham,2,1,H,1,0,H,,,17,5,7,3,3,5,14,14,1,2,0,0,M Oliver
20200222_CrystalPalace_Newcastle,2019-20,2019,2020-02-22,Crystal Palace,Newcastle,1,0,H,1,0,H,,,18,8,9,2,7,5,15,11,2,6,0,1,P Bankes
20200223_ManUnited_Watford,2019-20,2019,2020-02-23,Man United,Watford,3,0,H,1,0,H,,,21,7,9,2,3,5,6,15,0,1,0,0,M Atkinson
20200223_Wolves_Norwich,2019-20,2019,2020-02-23,Wolves,Norwich,3,0,H,2,0,H,,,19,6,6,4,4,1,11,6,2,3,0,0,C Kavanagh
20200223_Arsenal_Everton,2019-20,2019,2020-02-23,Arsenal,Everton,3,2,H,2,2,D,,,9,17,4,5,6,3,12,12,0,4,0,0,S Attwell
20200224_Liverpool_WestHam,2019-20,2019,2020-02-24,Liverpool,West Ham,3,2,H,1,1,D,,,25,7,7,4,16,8,4,10,0,3,0,0,J Moss
20200228_Norwich_Leicester,2019-20,2019,2020-02-28,Norwich,Leicester,1,0,H,0,0,D,,,11,19,6,4,6,7,13,16,1,2,0,0,C Pawson
20200229_WestHam_Southampton,2019-20,2019,2020-02-29,West Ham,Southampton,3,1,H,2,1,H,,,14,10,7,2,4,9,8,11,1,1,0,0,A Taylor
20200229_Brighton_CrystalPalace,2019-20,2019,2020-02-29,Brighton,Crystal Palace,0,1,A,0,0,D,,,24,12,8,3,8,7,8,9,1,1,0,0,M Atkinson
20200229_Bournemouth_Chelsea,2019-20,2019,2020-02-29,Bournemouth,Chelsea,2,2,D,0,1,A,,,9,23,5,6,4,14,8,5,2,2,0,0,A Marriner
20200229_Newcastle_Burnley,2019-20,2019,2020-02-29,Newcastle,Burnley,0,0,D,0,0,D,,,21,8,4,1,11,7,11,9,4,3,0,0,A Madley
20200229_Watford_Liverpool,2019-20,2019,2020-02-29,Watford,Liverpool,3,0,H,0,0,D,,,14,7,5,1,3,5,4,8,0,0,0,0,M Oliver
20200301_Everton_ManUnited,2019-20,2019,2020-03-01,Everton,Man United,1,1,D,1,1,D,,,16,14,5,5,13,8,11,11,3,4,0,0,C Kavanagh
20200301_Tottenham_Wolves,2019-20,2019,2020-03-01,Tottenham,Wolves,2,3,A,2,1,H,,,13,14,5,4,4,5,12,14,3,2,0,0,S Attwell
20200307_Southampton_Newcastle,2019-20,2019,2020-03-07,Southampton,Newcastle,0,1,A,0,0,D,,,6,14,3,7,5,8,14,15,0,3,1,0,G Scott
20200307_SheffieldUnited_Norwich,2019-20,2019,2020-03-07,Sheffield United,Norwich,1,0,H,1,0,H,,,10,12,4,5,10,5,12,8,0,0,0,0,S Hooper
20200307_Wolves_Brighton,2019-20,2019,2020-03-07,Wolves,Brighton,0,0,D,0,0,D,,,11,7,1,1,2,0,4,7,1,3,0,0,A Marriner
20200307_Arsenal_WestHam,2019-20,2019,2020-03-07,Arsenal,West Ham,1,0,H,0,0,D,,,9,14,2,6,6,7,11,9,1,2,0,0,M Atkinson
20200307_Liverpool_Bournemouth,2019-20,2019,2020-03-07,Liverpool,Bournemouth,2,1,H,2,1,H,,,14,6,6,4,9,4,10,12,0,1,0,0,P Tierney
20200307_CrystalPalace_Watford,2019-20,2019,2020-03-07,Crystal Palace,Watford,1,0,H,1,0,H,,,10,10,3,4,8,8,12,19,4,4,0,0,A Taylor
20200307_Burnley_Tottenham,2019-20,2019,2020-03-07,Burnley,Tottenham,1,1,D,1,0,H,,,21,13,8,2,3,5,16,11,5,4,0,0,J Moss
20200308_ManUnited_ManCity,2019-20,2019,2020-03-08,Man United,Man City,2,0,H,1,0,H,,,12,7,6,2,2,11,11,9,2,4,0,0,M Dean
20200308_Chelsea_Everton,2019-20,2019,2020-03-08,Chelsea,Everton,4,0,H,2,0,H,,,17,3,11,1,6,1,8,10,1,2,0,0,K Friend
20200309_Leicester_AstonVilla,2019-20,2019,2020-03-09,Leicester,Aston Villa,4,0,H,1,0,H,,,15,4,7,1,9,0,15,12,2,1,0,0,M Oliver
20200617_AstonVilla_SheffieldUnited,2019-20,2019,2020-06-17,Aston Villa,Sheffield United,0,0,D,0,0,D,,,14,5,6,1,12,4,11,14,1,1,0,0,M Oliver
20200617_ManCity_Arsenal,2019-20,2019,2020-06-17,Man City,Arsenal,3,0,H,1,0,H,,,20,3,12,0,5,2,9,7,1,1,0,1,A Taylor
20200619_Norwich_Southampton,2019-20,2019,2020-06-19,Norwich,Southampton,0,3,A,0,0,D,,,9,22,1,9,9,7,9,15,1,1,0,0,K Friend
20200619_Tottenham_ManUnited,2019-20,2019,2020-06-19,Tottenham,Man United,1,1,D,1,0,H,,,10,12,3,6,7,6,17,18,0,1,0,0,J Moss
20200620_Watford_Leicester,2019-20,2019,2020-06-20,Watford,Leicester,1,1,D,0,0,D,,,8,15,4,2,2,7,15,12,0,1,0,0,C Pawson
20200620_Brighton_Arsenal,2019-20,2019,2020-06-20,Brighton,Arsenal,2,1,H,0,0,D,,,9,13,5,6,10,7,13,8,2,1,0,0,M Atkinson
20200620_WestHam_Wolves,2019-20,2019,2020-06-20,West Ham,Wolves,0,2,A,0,0,D,,,7,10,2,6,5,7,8,7,1,1,0,0,A Taylor
20200620_Bournemouth_CrystalPalace,2019-20,2019,2020-06-20,Bournemouth,Crystal Palace,0,2,A,0,2,A,,,12,7,1,2,11,4,13,15,3,2,0,0,S Attwell
20200621_AstonVilla_Chelsea,2019-20,2019,2020-06-21,Aston Villa,Chelsea,1,2,A,1,0,H,,,8,19,4,5,2,10,9,17,2,1,0,0,P Tierney
20200621_Everton_Liverpool,2019-20,2019,2020-06-21,Everton,Liverpool,0,0,D,0,0,D,,,9,10,3,3,1,6,15,12,2,2,0,0,M Dean
20200621_Newcastle_SheffieldUnited,2019-20,2019,2020-06-21,Newcastle,Sheffield United,3,0,H,0,0,D,,,12,7,8,1,2,4,9,10,2,0,0,1,D Coote
20200622_ManCity_Burnley,2019-20,2019,2020-06-22,Man City,Burnley,5,0,H,3,0,H,,,19,1,7,0,3,1,8,7,1,1,0,0,A Marriner
20200623_Leicester_Brighton,2019-20,2019,2020-06-23,Leicester,Brighton,0,0,D,0,0,D,,,11,10,2,2,6,7,10,13,2,2,0,0,L Mason
20200623_Tottenham_WestHam,2019-20,2019,2020-06-23,Tottenham,West Ham,2,0,H,0,0,D,,,15,10,4,2,9,4,12,7,2,2,0,0,C Pawson
20200624_ManUnited_SheffieldUnited,2019-20,2019,2020-06-24,Man United,Sheffield United,3,0,H,2,0,H,,,15,4,6,1,10,5,10,6,1,0,0,0,A Taylor
20200624_Newcastle_AstonVilla,2019-20,2019,2020-06-24,Newcastle,Aston Villa,1,1,D,0,0,D,,,13,14,3,2,6,9,15,13,2,2,0,0,C Kavanagh
20200624_Norwich_Everton,2019-20,2019,2020-06-24,Norwich,Everton,0,1,A,0,0,D,,,9,12,1,5,6,5,8,13,0,1,0,0,A Madley
20200624_Wolves_Bournemouth,2019-20,2019,2020-06-24,Wolves,Bournemouth,1,0,H,0,0,D,,,10,4,2,0,6,4,11,11,3,3,0,0,M Oliver
20200624_Liverpool_CrystalPalace,2019-20,2019,2020-06-24,Liverpool,Crystal Palace,4,0,H,2,0,H,,,21,3,7,0,6,0,7,5,0,0,0,0,M Atkinson
20200625_Burnley_Watford,2019-20,2019,2020-06-25,Burnley,Watford,1,0,H,0,0,D,,,9,10,5,4,1,7,13,15,1,0,0,0,M Dean
20200625_Southampton_Arsenal,2019-20,2019,2020-06-25,Southampton,Arsenal,0,2,A,0,1,A,,,12,10,3,5,4,6,10,14,0,2,1,0,G Scott
20200625_Chelsea_ManCity,2019-20,2019,2020-06-25,Chelsea,Man City,2,1,H,1,0,H,,,15,11,10,2,5,7,13,3,1,1,0,1,S Attwell
20200627_AstonVilla_Wolves,2019-20,2019,2020-06-27,Aston Villa,Wolves,0,1,A,0,0,D,,,11,9,1,2,2,2,16,16,1,1,0,0,C Pawson
20200628_Watford_Southampton,2019-20,2019,2020-06-28,Watford,Southampton,1,3,A,0,1,A,,,8,11,0,7,5,3,18,9,3,0,0,0,M Oliver
20200629_CrystalPalace_Burnley,2019-20,2019,2020-06-29,Crystal Palace,Burnley,0,1,A,0,0,D,,,17,8,4,4,9,1,12,13,1,1,0,0,S Hooper
20200630_Brighton_ManUnited,2019-20,2019,2020-06-30,Brighton,Man United,0,3,A,0,2,A,,,8,12,2,6,4,5,10,9,0,1,0,0,A Marriner
20200701_Arsenal_Norwich,2019-20,2019,2020-07-01,Arsenal,Norwich,4,0,H,2,0,H,,,13,8,8,2,6,2,10,10,1,4,0,0,P Bankes
20200701_Bournemouth_Newcastle,2019-20,2019,2020-07-01,Bournemouth,Newcastle,1,4,A,0,2,A,,,12,12,1,7,6,3,11,10,2,0,0,0,K Friend
20200701_Everton_Leicester,2019-20,2019,2020-07-01,Everton,Leicester,2,1,H,2,0,H,,,7,15,2,3,3,5,13,10,1,1,0,0,D Coote
20200701_WestHam_Chelsea,2019-20,2019,2020-07-01,West Ham,Chelsea,3,2,H,1,1,D,,,10,17,4,6,2,3,10,9,2,1,0,0,M Atkinson
20200702_ManCity_Liverpool,2019-20,2019,2020-07-02,Man City,Liverpool,4,0,H,3,0,H,,,14,11,6,3,3,3,8,7,2,2,0,0,A Taylor
20200702_SheffieldUnited_Tottenham,2019-20,2019,2020-07-02,Sheffield United,Tottenham,3,1,H,1,0,H,,,7,9,5,2,1,6,13,13,2,0,0,0,C Kavanagh
20200704_Norwich_Brighton,2019-20,2019,2020-07-04,Norwich,Brighton,0,1,A,0,1,A,,,12,8,1,2,0,2,11,13,2,2,0,0,S Attwell
20200704_Leicester_CrystalPalace,2019-20,2019,2020-07-04,Leicester,Crystal Palace,3,0,H,0,0,D,,,15,7,4,1,3,7,18,8,2,1,0,0,J Moss
20200704_ManUnited_Bournemouth,2019-20,2019,2020-07-04,Man United,Bournemouth,5,2,H,3,1,H,,,19,7,10,3,8,3,13,12,0,1,0,0,M Dean
20200704_Wolves_Arsenal,2019-20,2019,2020-07-04,Wolves,Arsenal,0,2,A,0,1,A,,,10,8,1,5,3,5,6,11,2,4,0,0,M Oliver
20200704_Chelsea_Watford,2019-20,2019,2020-07-04,Chelsea,Watford,3,0,H,2,0,H,,,21,7,9,3,5,3,9,12,0,2,0,0,K Friend
20200705_Liverpool_AstonVilla,2019-20,2019,2020-07-05,Liverpool,Aston Villa,2,0,H,0,0,D,,,6,9,4,3,7,5,18,8,1,1,0,0,P Tierney
20200705_Burnley_SheffieldUnited,2019-20,2019,2020-07-05,Burnley,Sheffield United,1,1,D,1,0,H,,,9,10,4,3,3,9,8,14,0,0,0,0,P Bankes
20200705_Newcastle_WestHam,2019-20,2019,2020-07-05,Newcastle,West Ham,2,2,D,1,1,D,,,11,17,4,7,6,4,9,11,0,0,0,0,C Pawson
20200705_Southampton_ManCity,2019-20,2019,2020-07-05,Southampton,Man City,1,0,H,1,0,H,,,8,26,4,6,2,13,6,7,1,2,0,0,A Marriner
20200706_Tottenham_Everton,2019-20,2019,2020-07-06,Tottenham,Everton,1,0,H,1,0,H,,,12,11,2,3,5,6,14,18,3,2,0,0,G Scott
20200707_CrystalPalace_Chelsea,2019-20,2019,2020-07-07,Crystal Palace,Chelsea,2,3,A,1,2,A,,,13,14,4,6,7,9,11,10,1,0,0,0,D Coote
20200707_Watford_Norwich,2019-20,2019,2020-07-07,Watford,Norwich,2,1,H,1,1,D,,,9,12,4,3,4,3,11,15,2,4,0,0,A Taylor
20200707_Arsenal_Leicester,2019-20,2019,2020-07-07,Arsenal,Leicester,1,1,D,1,0,H,,,11,13,7,5,10,1,10,14,1,0,1,0,C Kavanagh
20200708_Brighton_Liverpool,2019-20,2019,2020-07-08,Brighton,Liverpool,1,3,A,1,2,A,,,12,19,2,8,6,10,7,15,1,4,0,0,C Pawson
20200708_WestHam_Burnley,2019-20,2019,2020-07-08,West Ham,Burnley,0,1,A,0,1,A,,,21,8,5,4,10,3,7,7,1,1,0,0,M Oliver
20200708_ManCity_Newcastle,2019-20,2019,2020-07-08,Man City,Newcastle,5,0,H,2,0,H,,,23,6,9,1,8,1,12,7,0,0,0,0,A Madley
20200708_SheffieldUnited_Wolves,2019-20,2019,2020-07-08,Sheffield United,Wolves,1,0,H,0,0,D,,,7,6,3,1,6,1,5,6,2,0,0,0,M Atkinson
20200709_Bournemouth_Tottenham,2019-20,2019,2020-07-09,Bournemouth,Tottenham,0,0,D,0,0,D,,,9,9,2,0,8,12,11,14,3,2,0,0,P Tierney
20200709_Everton_Southampton,2019-20,2019,2020-07-09,Everton,Southampton,1,1,D,1,1,D,,,11,17,4,4,3,5,13,14,3,3,0,0,L Mason
20200709_AstonVilla_ManUnited,2019-20,2019,2020-07-09,Aston Villa,Man United,0,3,A,0,2,A,,,9,14,1,6,3,5,7,13,2,3,0,0,J Moss
20200711_Norwich_WestHam,2019-20,2019,2020-07-11,Norwich,West Ham,0,4,A,0,2,A,,,11,19,2,7,1,6,9,8,1,0,0,0,K Friend
20200711_Watford_Newcastle,2019-20,2019,2020-07-11,Watford,Newcastle,2,1,H,0,1,A,,,17,8,5,4,2,4,23,15,1,4,0,0,C Pawson
20200711_Liverpool_Burnley,2019-20,2019,2020-07-11,Liverpool,Burnley,1,1,D,1,0,H,,,23,6,9,2,12,6,7,4,1,2,0,0,D Coote
20200711_SheffieldUnited_Chelsea,2019-20,2019,2020-07-11,Sheffield United,Chelsea,3,0,H,2,0,H,,,9,15,4,4,4,6,8,6,1,0,0,0,A Marriner
20200711_Brighton_ManCity,2019-20,2019,2020-07-11,Brighton,Man City,0,5,A,0,2,A,,,3,26,0,8,2,7,7,3,1,0,0,0,G Scott
20200712_Wolves_Everton,2019-20,2019,2020-07-12,Wolves,Everton,3,0,H,1,0,H,,,14,6,7,2,5,2,9,9,0,2,0,0,A Taylor
20200712_AstonVilla_CrystalPalace,2019-20,2019,2020-07-12,Aston Villa,Crystal Palace,2,0,H,1,0,H,,,12,9,9,5,5,1,21,21,2,4,0,1,M Atkinson
20200712_Tottenham_Arsenal,2019-20,2019,2020-07-12,Tottenham,Arsenal,2,1,H,1,1,D,,,15,13,9,4,6,5,16,11,5,3,0,0,M Oliver
20200712_Bournemouth_Leicester,2019-20,2019,2020-07-12,Bournemouth,Leicester,4,1,H,0,1,A,,,10,13,4,5,2,6,11,12,2,1,0,1,S Attwell
20200713_ManUnited_Southampton,2019-20,2019,2020-07-13,Man United,Southampton,2,2,D,2,1,H,,,8,9,4,5,4,6,14,15,1,3,0,0,C Kavanagh
20200714_Chelsea_Norwich,2019-20,2019,2020-07-14,Chelsea,Norwich,1,0,H,1,0,H,,,22,2,6,0,8,1,10,9,2,2,0,0,J Moss
20200715_Arsenal_Liverpool,2019-20,2019,2020-07-15,Arsenal,Liverpool,2,1,H,2,1,H,,,3,24,2,8,2,13,14,10,3,1,0,0,P Tierney
20200715_Newcastle_Tottenham,2019-20,2019,2020-07-15,Newcastle,Tottenham,1,3,A,0,1,A,,,22,8,6,5,5,4,6,13,2,3,0,0,D Coote
20200715_Burnley_Wolves,2019-20,2019,2020-07-15,Burnley,Wolves,1,1,D,0,0,D,,,9,14,1,5,3,8,10,8,0,0,0,0,M Dean
20200715_ManCity_Bournemouth,2019-20,2019,2020-07-15,Man City,Bournemouth,2,1,H,2,0,H,,,8,15,4,3,3,5,10,10,1,1,0,0,L Mason
20200716_Everton_AstonVilla,2019-20,2019,2020-07-16,Everton,Aston Villa,1,1,D,0,0,D,,,9,15,1,1,5,5,15,13,2,1,0,0,A Taylor
20200716_Leicester_SheffieldUnited,2019-20,2019,2020-07-16,Leicester,Sheffield United,2,0,H,1,0,H,,,15,5,7,1,9,5,12,10,1,2,0,0,M Oliver
20200716_CrystalPalace_ManUnited,2019-20,2019,2020-07-16,Crystal Palace,Man United,0,2,A,0,1,A,,,13,17,5,5,2,7,10,15,1,2,0,0,G Scott
20200716_Southampton_Brighton,2019-20,2019,2020-07-16,Southampton,Brighton,1,1,D,0,1,A,,,21,10,6,2,8,2,6,10,1,0,0,0,A Marriner
20200717_WestHam_Watford,2019-20,2019,2020-07-17,West Ham,Watford,3,1,H,3,0,H,,,10,14,4,3,9,3,11,11,0,2,0,0,M Atkinson
20200718_Norwich_Burnley,2019-20,2019,2020-07-18,Norwich,Burnley,0,2,A,0,1,A,,,6,23,2,8,6,8,9,16,0,0,2,0,K Friend
20200719_Bournemouth_Southampton,2019-20,2019,2020-07-19,Bournemouth,Southampton,0,2,A,0,1,A,,,11,16,3,8,12,6,12,11,2,2,0,0,C Pawson
20200719_Tottenham_Leicester,2019-20,2019,2020-07-19,Tottenham,Leicester,3,0,H,3,0,H,,,7,24,3,6,4,13,15,10,2,1,0,0,A Taylor
20200720_Brighton_Newcastle,2019-20,2019,2020-07-20,Brighton,Newcastle,0,0,D,0,0,D,,,11,12,3,1,9,7,13,12,4,2,0,0,S Hooper
20200720_SheffieldUnited_Everton,2019-20,2019,2020-07-20,Sheffield United,Everton,0,1,A,0,0,D,,,8,5,0,2,7,1,11,19,1,3,0,0,S Attwell
20200720_Wolves_CrystalPalace,2019-20,2019,2020-07-20,Wolves,Crystal Palace,2,0,H,1,0,H,,,11,7,5,3,5,2,11,15,2,1,0,0,P Bankes
20200721_Watford_ManCity,2019-20,2019,2020-07-21,Watford,Man City,0,4,A,0,2,A,,,2,26,0,10,0,8,14,11,2,0,0,0,M Oliver
20200721_AstonVilla_Arsenal,2019-20,2019,2020-07-21,Aston Villa,Arsenal,1,0,H,1,0,H,,,8,7,3,0,8,9,13,19,2,4,0,0,C Kavanagh
20200722_Liverpool_Chelsea,2019-20,2019,2020-07-22,Liverpool,Chelsea,5,3,H,3,1,H,,,10,10,7,5,6,0,8,11,1,0,0,0,A Marriner
20200722_ManUnited_WestHam,2019-20,2019,2020-07-22,Man United,West Ham,1,1,D,0,1,A,,,11,12,4,3,2,3,10,9,3,1,0,0,P Tierney
20200726_Newcastle_Liverpool,2019-20,2019,2020-07-26,Newcastle,Liverpool,1,3,A,1,1,D,,,3,14,2,6,2,4,11,5,1,0,0,0,A Taylor
20200726_ManCity_Norwich,2019-20,2019,2020-07-26,Man City,Norwich,5,0,H,2,0,H,,,31,5,10,4,9,0,7,4,1,1,0,0,C Pawson
20200726_Southampton_SheffieldUnited,2019-20,2019,2020-07-26,Southampton,Sheffield United,3,1,H,0,1,A,,,13,5,4,3,9,1,9,16,0,1,0,0,P Bankes
20200726_Leicester_ManUnited,2019-20,2019,2020-07-26,Leicester,Man United,0,2,A,0,0,D,,,14,7,3,3,3,3,12,11,1,4,1,0,M Atkinson
20200726_WestHam_AstonVilla,2019-20,2019,2020-07-26,West Ham,Aston Villa,1,1,D,0,0,D,,,10,13,1,4,0,7,16,13,2,1,0,0,M Oliver
20200726_CrystalPalace_Tottenham,2019-20,2019,2020-07-26,Crystal Palace,Tottenham,1,1,D,0,1,A,,,13,7,2,2,7,2,11,13,3,2,0,0,A Marriner
20200726_Chelsea_Wolves,2019-20,2019,2020-07-26,Chelsea,Wolves,2,0,H,2,0,H,,,11,5,3,1,3,3,10,16,2,3,0,0,S Attwell
20200726_Burnley_Brighton,2019-20,2019,2020-07-26,Burnley,Brighton,1,2,A,1,1,D,,,13,14,2,4,6,7,11,11,3,0,0,0,J Moss
20200726_Arsenal_Watford,2019-20,2019,2020-07-26,Arsenal,Watford,3,2,H,3,1,H,,,13,19,5,6,4,8,9,12,3,3,0,0,M Dean
20200726_Everton_Bournemouth,2019-20,2019,2020-07-26,Everton,Bournemouth,1,3,A,1,2,A,,,13,13,5,7,2,5,11,9,1,0,0,0,C Kavanagh
20200912_Liverpool_Leeds,2020-21,2020,2020-09-12,Liverpool,Leeds,4,3,H,3,2,H,,,22,6,6,3,9,0,9,6,1,0,0,0,M Oliver
20200912_WestHam_Newcastle,2020-21,2020,2020-09-12,West Ham,Newcastle,0,2,A,0,0,D,,,15,15,3,2,8,7,13,7,2,2,0,0,S Attwell
20200912_Fulham_Arsenal,2020-21,2020,2020-09-12,Fulham,Arsenal,0,3,A,0,1,A,,,5,13,2,6,2,3,12,12,2,2,0,0,C Kavanagh
20200912_CrystalPalace_Southampton,2020-21,2020,2020-09-12,Crystal Palace,Southampton,1,0,H,1,0,H,,,5,9,3,5,7,3,14,11,2,1,0,0,J Moss
20200913_WestBrom_Leicester,2020-21,2020,2020-09-13,West Brom,Leicester,0,3,A,0,0,D,,,7,13,1,7,2,5,12,9,1,1,0,0,A Taylor
20200913_Tottenham_Everton,2020-21,2020,2020-09-13,Tottenham,Everton,0,1,A,0,0,D,,,9,15,5,4,5,3,15,7,1,0,0,0,M Atkinson
20200914_Brighton_Chelsea,2020-21,2020,2020-09-14,Brighton,Chelsea,1,3,A,0,1,A,,,13,10,3,5,4,3,8,13,1,0,0,0,C Pawson
20200914_SheffieldUnited_Wolves,2020-21,2020,2020-09-14,Sheffield United,Wolves,0,2,A,0,2,A,,,9,11,2,4,12,5,13,7,2,1,0,0,M Dean
20200919_Everton_WestBrom,2020-21,2020,2020-09-19,Everton,West Brom,5,2,H,2,1,H,,,17,6,7,4,11,1,9,11,1,0,0,1,M Dean
20200919_Leeds_Fulham,2020-21,2020,2020-09-19,Leeds,Fulham,4,3,H,2,1,H,,,10,14,7,6,5,3,13,18,1,2,0,0,A Taylor
20200919_ManUnited_CrystalPalace,2020-21,2020,2020-09-19,Man United,Crystal Palace,1,3,A,0,1,A,,,13,14,4,5,9,3,13,10,2,1,0,0,M Atkinson
20200919_Arsenal_WestHam,2020-21,2020,2020-09-19,Arsenal,West Ham,2,1,H,1,1,D,,,7,14,3,3,7,5,11,13,0,1,0,0,M Oliver
20200920_Leicester_Burnley,2020-21,2020,2020-09-20,Leicester,Burnley,4,2,H,1,1,D,,,14,16,6,5,15,4,11,13,1,2,0,0,L Mason
20200920_Chelsea_Liverpool,2020-21,2020,2020-09-20,Chelsea,Liverpool,0,2,A,0,0,D,,,5,18,3,6,1,11,10,6,0,0,1,0,P Tierney
20200920_Southampton_Tottenham,2020-21,2020,2020-09-20,Southampton,Tottenham,2,5,A,1,1,D,,,14,9,7,6,3,2,16,18,4,3,0,0,D Coote
20200920_Newcastle_Brighton,2020-21,2020,2020-09-20,Newcastle,Brighton,0,3,A,0,2,A,,,6,13,0,6,7,1,16,15,3,0,0,1,K Friend
20200921_AstonVilla_SheffieldUnited,2020-21,2020,2020-09-21,Aston Villa,Sheffield United,1,0,H,0,0,D,,,18,4,2,1,10,4,12,13,3,1,0,1,G Scott
20200921_Wolves_ManCity,2020-21,2020,2020-09-21,Wolves,Man City,1,3,A,0,2,A,,,10,14,1,9,4,6,6,8,0,3,0,0,A Marriner
20200926_Brighton_ManUnited,2020-21,2020,2020-09-26,Brighton,Man United,2,3,A,1,1,D,,,18,7,5,3,7,1,18,16,4,2,0,0,C Kavanagh
20200926_CrystalPalace_Everton,2020-21,2020,2020-09-26,Crystal Palace,Everton,1,2,A,1,2,A,,,8,10,1,5,7,6,16,15,3,1,0,0,K Friend
20200926_WestBrom_Chelsea,2020-21,2020,2020-09-26,West Brom,Chelsea,3,3,D,3,0,H,,,9,22,3,10,3,9,8,16,1,3,0,0,J Moss
20200926_Burnley_Southampton,2020-21,2020,2020-09-26,Burnley,Southampton,0,1,A,0,1,A,,,10,5,2,1,8,2,8,10,1,0,0,0,A Marriner
20200927_ManCity_Leicester,2020-21,2020,2020-09-27,Man City,Leicester,2,5,A,1,1,D,,,16,7,5,7,3,4,13,8,1,3,0,0,M Oliver
20200927_SheffieldUnited_Leeds,2020-21,2020,2020-09-27,Sheffield United,Leeds,0,1,A,0,0,D,,,14,17,4,9,5,7,18,4,2,1,0,0,P Tierney
20200927_Tottenham_Newcastle,2020-21,2020,2020-09-27,Tottenham,Newcastle,1,1,D,1,0,H,,,23,6,12,1,10,4,15,9,1,4,0,0,P Bankes
20200927_WestHam_Wolves,2020-21,2020,2020-09-27,West Ham,Wolves,4,0,H,1,0,H,,,15,11,7,2,1,3,7,11,0,1,0,0,M Atkinson
20200928_Liverpool_Arsenal,2020-21,2020,2020-09-28,Liverpool,Arsenal,3,1,H,2,1,H,,,21,4,8,3,7,3,11,7,2,2,0,0,C Pawson
20200928_Fulham_AstonVilla,2020-21,2020,2020-09-28,Fulham,Aston Villa,0,3,A,0,2,A,,,16,12,3,5,5,3,18,14,6,3,0,0,S Attwell
20201003_Chelsea_CrystalPalace,2020-21,2020,2020-10-03,Chelsea,Crystal Palace,4,0,H,0,0,D,,,17,4,6,0,8,5,17,13,2,0,0,0,M Oliver
20201003_Everton_Brighton,2020-21,2020,2020-10-03,Everton,Brighton,4,2,H,2,1,H,,,11,11,6,3,3,10,13,14,0,1,0,0,S Hooper
20201003_Leeds_ManCity,2020-21,2020,2020-10-03,Leeds,Man City,1,1,D,0,1,A,,,12,23,7,2,7,10,11,12,2,1,0,0,M Dean
20201003_Newcastle_Burnley,2020-21,2020,2020-10-03,Newcastle,Burnley,3,1,H,1,0,H,,,10,7,5,3,3,4,13,17,2,3,0,0,D Coote
20201004_AstonVilla_Liverpool,2020-21,2020,2020-10-04,Aston Villa,Liverpool,7,2,H,4,1,H,,,18,14,11,8,2,7,7,10,2,1,0,0,M Atkinson
20201004_Leicester_WestHam,2020-21,2020,2020-10-04,Leicester,West Ham,0,3,A,0,2,A,,,4,14,0,6,6,4,11,8,2,2,0,0,A Madley
20201004_Southampton_WestBrom,2020-21,2020,2020-10-04,Southampton,West Brom,2,0,H,1,0,H,,,13,5,7,2,5,1,19,10,2,1,0,0,C Kavanagh
20201004_Arsenal_SheffieldUnited,2020-21,2020,2020-10-04,Arsenal,Sheffield United,2,1,H,0,0,D,,,6,6,5,2,2,4,3,9,0,1,0,0,L Mason
20201004_Wolves_Fulham,2020-21,2020,2020-10-04,Wolves,Fulham,1,0,H,0,0,D,,,14,10,5,2,6,2,15,8,1,1,0,0,D England
20201004_ManUnited_Tottenham,2020-21,2020,2020-10-04,Man United,Tottenham,1,6,A,1,4,A,,,5,22,2,8,2,4,14,10,2,1,1,0,A Taylor
20201017_Newcastle_ManUnited,2020-21,2020,2020-10-17,Newcastle,Man United,1,4,A,1,1,D,,,7,28,4,14,0,7,9,12,1,1,0,0,C Pawson
20201017_ManCity_Arsenal,2020-21,2020,2020-10-17,Man City,Arsenal,1,0,H,1,0,H,,,13,11,5,3,6,6,15,10,4,1,0,0,C Kavanagh
20201017_Everton_Liverpool,2020-21,2020,2020-10-17,Everton,Liverpool,2,2,D,1,1,D,,,11,22,5,8,2,5,15,9,3,2,1,0,M Oliver
20201017_Chelsea_Southampton,2020-21,2020,2020-10-17,Chelsea,Southampton,3,3,D,2,1,H,,,11,13,5,6,6,2,11,9,1,1,0,0,P Bankes
20201018_SheffieldUnited_Fulham,2020-21,2020,2020-10-18,Sheffield United,Fulham,1,1,D,0,0,D,,,10,15,6,6,2,5,5,9,0,2,0,0,A Marriner
20201018_CrystalPalace_Brighton,2020-21,2020,2020-10-18,Crystal Palace,Brighton,1,1,D,1,0,H,,,1,20,1,3,2,5,13,12,3,2,0,1,S Attwell
20201018_Tottenham_WestHam,2020-21,2020,2020-10-18,Tottenham,West Ham,3,3,D,3,0,H,,,11,13,6,4,3,7,13,12,0,5,0,0,P Tierney
20201018_Leicester_AstonVilla,2020-21,2020,2020-10-18,Leicester,Aston Villa,0,1,A,0,0,D,,,11,10,5,4,2,7,18,18,4,3,0,0,J Moss
20201019_Leeds_Wolves,2020-21,2020,2020-10-19,Leeds,Wolves,0,1,A,0,0,D,,,13,7,2,3,8,3,13,12,2,1,0,0,D Coote
20201019_WestBrom_Burnley,2020-21,2020,2020-10-19,West Brom,Burnley,0,0,D,0,0,D,,,13,9,6,4,8,2,15,17,2,2,0,0,A Taylor
20201023_AstonVilla_Leeds,2020-21,2020,2020-10-23,Aston Villa,Leeds,0,3,A,0,0,D,,,12,27,4,9,6,5,14,17,2,2,0,0,P Tierney
20201024_Liverpool_SheffieldUnited,2020-21,2020,2020-10-24,Liverpool,Sheffield United,2,1,H,1,1,D,,,17,13,5,2,7,3,7,15,0,3,0,0,M Dean
20201024_ManUnited_Chelsea,2020-21,2020,2020-10-24,Man United,Chelsea,0,0,D,0,0,D,,,14,6,4,1,9,6,8,6,3,1,0,0,M Atkinson
20201024_Fulham_CrystalPalace,2020-21,2020,2020-10-24,Fulham,Crystal Palace,1,2,A,0,1,A,,,16,14,3,10,4,4,11,11,0,1,1,0,G Scott
20201024_WestHam_ManCity,2020-21,2020,2020-10-24,West Ham,Man City,1,1,D,1,0,H,,,6,14,2,7,2,10,14,6,2,0,0,0,A Taylor
20201025_Southampton_Everton,2020-21,2020,2020-10-25,Southampton,Everton,2,0,H,2,0,H,,,12,6,6,2,4,5,11,11,1,2,0,1,K Friend
20201025_Wolves_Newcastle,2020-21,2020,2020-10-25,Wolves,Newcastle,1,1,D,0,0,D,,,16,5,3,2,2,3,10,10,0,1,0,0,L Mason
20201025_Arsenal_Leicester,2020-21,2020,2020-10-25,Arsenal,Leicester,0,1,A,0,0,D,,,12,6,4,2,9,3,13,9,3,5,0,0,C Pawson
20201026_Brighton_WestBrom,2020-21,2020,2020-10-26,Brighton,West Brom,1,1,D,1,0,H,,,5,9,3,3,6,2,14,7,2,0,0,0,J Moss
20201026_Burnley_Tottenham,2020-21,2020,2020-10-26,Burnley,Tottenham,0,1,A,0,0,D,,,13,9,4,3,4,5,9,7,2,0,0,0,M Oliver
20201030_Wolves_CrystalPalace,2020-21,2020,2020-10-30,Wolves,Crystal Palace,2,0,H,2,0,H,,,15,11,5,2,7,6,13,4,0,2,0,1,M Atkinson
20201031_SheffieldUnited_ManCity,2020-21,2020,2020-10-31,Sheffield United,Man City,0,1,A,0,1,A,,,5,16,1,8,2,5,14,6,0,0,0,0,M Oliver
20201031_Burnley_Chelsea,2020-21,2020,2020-10-31,Burnley,Chelsea,0,3,A,0,1,A,,,5,14,0,9,3,4,10,15,1,0,0,0,D Coote
20201031_Liverpool_WestHam,2020-21,2020,2020-10-31,Liverpool,West Ham,2,1,H,1,1,D,,,9,4,5,3,1,2,13,14,0,1,0,0,K Friend
20201101_Tottenham_Brighton,2020-21,2020,2020-11-01,Tottenham,Brighton,2,1,H,1,0,H,,,9,6,3,2,4,5,14,13,2,1,0,0,G Scott
20201101_ManUnited_Arsenal,2020-21,2020,2020-11-01,Man United,Arsenal,0,1,A,0,0,D,,,8,7,2,2,6,3,12,12,3,3,0,0,M Dean
20201101_Newcastle_Everton,2020-21,2020,2020-11-01,Newcastle,Everton,2,1,H,0,0,D,,,11,15,4,4,5,4,9,10,2,4,0,0,S Attwell
20201101_AstonVilla_Southampton,2020-21,2020,2020-11-01,Aston Villa,Southampton,3,4,A,0,3,A,,,19,9,10,4,11,1,12,17,1,2,0,0,D England
20201102_Fulham_WestBrom,2020-21,2020,2020-11-02,Fulham,West Brom,2,0,H,2,0,H,,,13,10,6,1,5,2,13,11,3,2,0,0,S Hooper
20201102_Leeds_Leicester,2020-21,2020,2020-11-02,Leeds,Leicester,1,4,A,0,2,A,,,11,10,4,8,10,3,9,5,1,1,0,0,A Marriner
20201106_Brighton_Burnley,2020-21,2020,2020-11-06,Brighton,Burnley,0,0,D,0,0,D,,,19,4,3,1,5,3,11,5,1,0,0,0,M Dean
20201106_Southampton_Newcastle,2020-21,2020,2020-11-06,Southampton,Newcastle,2,0,H,1,0,H,,,15,4,8,2,8,3,12,11,1,2,0,0,P Bankes
20201107_Everton_ManUnited,2020-21,2020,2020-11-07,Everton,Man United,1,3,A,1,2,A,,,7,13,1,5,5,2,12,19,4,2,0,0,P Tierney
20201107_CrystalPalace_Leeds,2020-21,2020,2020-11-07,Crystal Palace,Leeds,4,1,H,3,1,H,,,10,9,6,3,3,6,9,1,0,2,0,0,C Kavanagh
20201107_Chelsea_SheffieldUnited,2020-21,2020,2020-11-07,Chelsea,Sheffield United,4,1,H,2,1,H,,,20,6,9,3,6,7,5,14,0,2,0,0,J Moss
20201107_WestHam_Fulham,2020-21,2020,2020-11-07,West Ham,Fulham,1,0,H,0,0,D,,,16,13,7,3,9,5,10,9,2,2,0,0,R Jones
20201108_Arsenal_AstonVilla,2020-21,2020,2020-11-08,Arsenal,Aston Villa,0,3,A,0,1,A,,,13,15,2,6,3,8,11,13,0,0,0,0,M Atkinson
20201108_ManCity_Liverpool,2020-21,2020,2020-11-08,Man City,Liverpool,1,1,D,1,1,D,,,7,10,2,3,1,2,19,11,3,1,0,0,C Pawson
20201108_WestBrom_Tottenham,2020-21,2020,2020-11-08,West Brom,Tottenham,0,1,A,0,0,D,,,12,19,2,5,9,6,17,12,1,0,0,0,A Madley
20201108_Leicester_Wolves,2020-21,2020,2020-11-08,Leicester,Wolves,1,0,H,1,0,H,,,10,7,3,2,6,3,12,8,2,3,0,0,A Taylor
20201121_Newcastle_Chelsea,2020-21,2020,2020-11-21,Newcastle,Chelsea,0,2,A,0,1,A,,,8,14,1,3,7,4,11,12,2,0,0,0,C Pawson
20201121_AstonVilla_Brighton,2020-21,2020,2020-11-21,Aston Villa,Brighton,1,2,A,0,1,A,,,15,7,4,3,12,3,5,18,2,1,0,1,M Oliver
20201121_Tottenham_ManCity,2020-21,2020,2020-11-21,Tottenham,Man City,2,0,H,1,0,H,,,4,22,2,5,0,10,13,19,2,2,0,0,M Dean
20201121_ManUnited_WestBrom,2020-21,2020,2020-11-21,Man United,West Brom,1,0,H,0,0,D,,,17,7,7,2,8,2,12,17,1,1,0,0,D Coote
20201122_Liverpool_Leicester,2020-21,2020,2020-11-22,Liverpool,Leicester,3,0,H,2,0,H,,,24,11,13,4,10,3,15,6,0,2,0,0,C Kavanagh
20201122_Fulham_Everton,2020-21,2020,2020-11-22,Fulham,Everton,2,3,A,1,3,A,,,14,9,6,7,2,5,14,10,2,0,0,0,A Madley
20201122_SheffieldUnited_WestHam,2020-21,2020,2020-11-22,Sheffield United,West Ham,0,1,A,0,0,D,,,9,15,5,3,2,6,7,6,0,0,0,0,M Atkinson
20201122_Leeds_Arsenal,2020-21,2020,2020-11-22,Leeds,Arsenal,0,0,D,0,0,D,,,25,9,4,2,5,3,9,8,3,0,0,1,A Taylor
20201123_Wolves_Southampton,2020-21,2020,2020-11-23,Wolves,Southampton,1,1,D,0,0,D,,,20,7,9,2,7,4,14,13,2,0,0,0,A Marriner
20201123_Burnley_CrystalPalace,2020-21,2020,2020-11-23,Burnley,Crystal Palace,1,0,H,1,0,H,,,10,15,4,5,4,7,13,9,2,0,0,0,K Friend
20201127_CrystalPalace_Newcastle,2020-21,2020,2020-11-27,Crystal Palace,Newcastle,0,2,A,0,0,D,,,12,14,3,7,7,3,9,10,2,2,0,0,G Scott
20201128_Brighton_Liverpool,2020-21,2020,2020-11-28,Brighton,Liverpool,1,1,D,0,0,D,,,11,6,3,2,4,3,9,13,2,1,0,0,S Attwell
20201128_ManCity_Burnley,2020-21,2020,2020-11-28,Man City,Burnley,5,0,H,3,0,H,,,19,9,6,1,6,4,12,4,0,0,0,0,L Mason
20201128_Everton_Leeds,2020-21,2020,2020-11-28,Everton,Leeds,0,1,A,0,0,D,,,15,23,8,7,4,2,8,14,1,2,0,0,C Kavanagh
20201128_WestBrom_SheffieldUnited,2020-21,2020,2020-11-28,West Brom,Sheffield United,1,0,H,1,0,H,,,17,21,6,5,14,9,10,9,2,3,0,0,M Dean
20201129_Chelsea_Tottenham,2020-21,2020,2020-11-29,Chelsea,Tottenham,0,0,D,0,0,D,,,13,5,3,1,3,3,20,9,4,2,0,0,P Tierney
20201129_Arsenal_Wolves,2020-21,2020,2020-11-29,Arsenal,Wolves,1,2,A,1,2,A,,,13,11,2,5,8,4,13,13,3,4,0,0,M Oliver
20201129_Southampton_ManUnited,2020-21,2020,2020-11-29,Southampton,Man United,2,3,A,2,0,H,,,10,15,5,6,5,9,12,12,1,0,0,0,J Moss
20201130_WestHam_AstonVilla,2020-21,2020,2020-11-30,West Ham,Aston Villa,2,1,H,1,1,D,,,6,16,2,6,3,7,20,7,1,1,0,0,P Bankes
20201130_Leicester_Fulham,2020-21,2020,2020-11-30,Leicester,Fulham,1,2,A,0,2,A,,,16,10,3,5,6,5,9,21,0,2,0,0,S Hooper
20201205_Burnley_Everton,2020-21,2020,2020-12-05,Burnley,Everton,1,1,D,1,1,D,,,8,13,3,6,8,4,6,9,0,0,0,0,A Taylor
20201205_ManCity_Fulham,2020-21,2020,2020-12-05,Man City,Fulham,2,0,H,2,0,H,,,16,6,6,1,9,3,7,6,0,0,0,0,J Moss
20201205_WestHam_ManUnited,2020-21,2020,2020-12-05,West Ham,Man United,1,3,A,1,0,H,,,19,15,6,6,5,4,9,10,0,0,0,0,A Marriner
20201205_Chelsea_Leeds,2020-21,2020,2020-12-05,Chelsea,Leeds,3,1,H,1,1,D,,,23,8,11,3,8,4,12,9,0,2,0,0,K Friend
20201206_WestBrom_CrystalPalace,2020-21,2020,2020-12-06,West Brom,Crystal Palace,1,5,A,1,1,D,,,9,18,4,6,4,6,10,16,2,2,1,0,P Tierney
20201206_SheffieldUnited_Leicester,2020-21,2020,2020-12-06,Sheffield United,Leicester,1,2,A,1,1,D,,,4,13,1,4,6,5,13,6,1,3,0,0,S Attwell
20201206_Tottenham_Arsenal,2020-21,2020,2020-12-06,Tottenham,Arsenal,2,0,H,2,0,H,,,6,11,3,2,3,9,16,12,1,2,0,0,M Atkinson
20201206_Liverpool_Wolves,2020-21,2020,2020-12-06,Liverpool,Wolves,4,0,H,1,0,H,,,11,9,6,3,4,6,8,14,1,1,0,0,C Pawson
20201207_Brighton_Southampton,2020-21,2020,2020-12-07,Brighton,Southampton,1,2,A,1,1,D,,,12,10,4,3,4,3,12,12,3,3,0,0,D Coote
20201211_Leeds_WestHam,2020-21,2020,2020-12-11,Leeds,West Ham,1,2,A,1,1,D,,,13,19,7,8,5,6,12,10,1,2,0,0,M Oliver
20201212_Everton_Chelsea,2020-21,2020,2020-12-12,Everton,Chelsea,1,0,H,1,0,H,,,9,10,4,3,6,6,10,11,2,3,0,0,J Moss
20201212_ManUnited_ManCity,2020-21,2020,2020-12-12,Man United,Man City,0,0,D,0,0,D,,,11,9,2,2,4,3,13,6,1,1,0,0,C Kavanagh
20201212_Newcastle_WestBrom,2020-21,2020,2020-12-12,Newcastle,West Brom,2,1,H,1,0,H,,,12,13,7,3,4,3,9,12,2,3,0,0,D England
20201212_Wolves_AstonVilla,2020-21,2020,2020-12-12,Wolves,Aston Villa,0,1,A,0,0,D,,,16,13,7,2,5,8,23,15,2,5,0,0,M Dean
20201213_Southampton_SheffieldUnited,2020-21,2020,2020-12-13,Southampton,Sheffield United,3,0,H,1,0,H,,,16,3,6,0,8,4,8,14,0,1,0,0,A Madley
20201213_CrystalPalace_Tottenham,2020-21,2020,2020-12-13,Crystal Palace,Tottenham,1,1,D,0,1,A,,,16,14,5,6,4,7,15,11,1,1,0,0,K Friend
20201213_Fulham_Liverpool,2020-21,2020,2020-12-13,Fulham,Liverpool,1,1,D,1,0,H,,,10,12,5,6,6,8,9,5,3,1,0,0,A Marriner
20201213_Arsenal_Burnley,2020-21,2020,2020-12-13,Arsenal,Burnley,0,1,A,0,0,D,,,18,10,6,2,13,4,5,11,2,1,1,0,G Scott
20201213_Leicester_Brighton,2020-21,2020,2020-12-13,Leicester,Brighton,3,0,H,3,0,H,,,15,12,6,4,9,5,9,11,2,1,0,0,M Atkinson
20201215_Wolves_Chelsea,2020-21,2020,2020-12-15,Wolves,Chelsea,2,1,H,0,0,D,,,12,13,4,3,5,6,12,12,2,2,0,0,S Attwell
20201215_ManCity_WestBrom,2020-21,2020,2020-12-15,Man City,West Brom,1,1,D,1,1,D,,,26,5,7,1,13,2,5,8,2,3,0,0,P Bankes
20201216_WestHam_CrystalPalace,2020-21,2020,2020-12-16,West Ham,Crystal Palace,1,1,D,0,1,A,,,9,8,2,2,5,3,8,12,0,1,0,1,D Coote
20201216_Liverpool_Tottenham,2020-21,2020,2020-12-16,Liverpool,Tottenham,2,1,H,1,1,D,,,17,8,11,2,7,4,8,9,0,2,0,0,A Taylor
20201216_Fulham_Brighton,2020-21,2020,2020-12-16,Fulham,Brighton,0,0,D,0,0,D,,,9,9,4,4,1,8,15,11,1,0,0,0,R Jones
20201216_Leicester_Everton,2020-21,2020,2020-12-16,Leicester,Everton,0,2,A,0,1,A,,,14,11,2,6,4,6,12,9,2,3,0,0,L Mason
20201216_Leeds_Newcastle,2020-21,2020,2020-12-16,Leeds,Newcastle,5,2,H,1,1,D,,,25,10,10,4,7,4,10,13,3,1,0,0,S Hooper
20201216_Arsenal_Southampton,2020-21,2020,2020-12-16,Arsenal,Southampton,1,1,D,0,1,A,,,9,13,4,3,2,7,13,13,1,3,1,0,P Tierney
20201217_AstonVilla_Burnley,2020-21,2020,2020-12-17,Aston Villa,Burnley,0,0,D,0,0,D,,,27,6,7,4,11,1,17,19,1,1,0,0,C Pawson
20201217_SheffieldUnited_ManUnited,2020-21,2020,2020-12-17,Sheffield United,Man United,2,3,A,1,2,A,,,12,14,6,8,6,3,17,8,3,2,0,0,M Oliver
20201219_CrystalPalace_Liverpool,2020-21,2020,2020-12-19,Crystal Palace,Liverpool,0,7,A,0,3,A,,,5,14,3,8,5,4,5,11,1,0,0,0,J Moss
20201219_Southampton_ManCity,2020-21,2020,2020-12-19,Southampton,Man City,0,1,A,0,1,A,,,9,11,3,5,6,6,9,11,2,2,0,0,M Dean
20201219_Everton_Arsenal,2020-21,2020,2020-12-19,Everton,Arsenal,2,1,H,2,1,H,,,9,13,2,2,4,3,9,9,1,3,0,0,A Marriner
20201219_Newcastle_Fulham,2020-21,2020,2020-12-19,Newcastle,Fulham,1,1,D,0,1,A,,,12,11,5,4,2,9,7,17,1,2,0,1,G Scott
20201220_WestBrom_AstonVilla,2020-21,2020,2020-12-20,West Brom,Aston Villa,0,3,A,0,1,A,,,1,19,1,10,1,7,14,8,1,2,1,0,M Atkinson
20201220_ManUnited_Leeds,2020-21,2020,2020-12-20,Man United,Leeds,6,2,H,4,1,H,,,26,17,14,3,11,13,6,6,1,0,0,0,A Taylor
20201220_Brighton_SheffieldUnited,2020-21,2020,2020-12-20,Brighton,Sheffield United,1,1,D,0,0,D,,,21,5,5,3,14,2,9,11,1,5,0,1,P Bankes
20201220_Tottenham_Leicester,2020-21,2020,2020-12-20,Tottenham,Leicester,0,2,A,0,1,A,,,8,17,3,4,5,3,15,14,2,2,0,0,C Pawson
20201221_Burnley_Wolves,2020-21,2020,2020-12-21,Burnley,Wolves,2,1,H,1,0,H,,,10,15,4,3,1,7,11,15,2,1,0,0,L Mason
20201221_Chelsea_WestHam,2020-21,2020,2020-12-21,Chelsea,West Ham,3,0,H,1,0,H,,,11,6,7,0,5,4,11,6,0,0,0,0,C Kavanagh
20201226_Leicester_ManUnited,2020-21,2020,2020-12-26,Leicester,Man United,2,2,D,1,1,D,,,10,9,2,4,5,0,10,17,2,1,0,0,M Dean
20201226_AstonVilla_CrystalPalace,2020-21,2020,2020-12-26,Aston Villa,Crystal Palace,3,0,H,1,0,H,,,21,13,10,6,4,4,18,16,1,4,1,0,A Taylor
20201226_Fulham_Southampton,2020-21,2020,2020-12-26,Fulham,Southampton,0,0,D,0,0,D,,,10,3,1,2,6,3,15,12,2,0,0,0,D England
20201226_Arsenal_Chelsea,2020-21,2020,2020-12-26,Arsenal,Chelsea,3,1,H,2,0,H,,,15,19,7,3,7,9,13,10,2,1,0,0,M Oliver
20201226_ManCity_Newcastle,2020-21,2020,2020-12-26,Man City,Newcastle,2,0,H,1,0,H,,,11,7,6,2,7,3,5,12,2,2,0,0,A Marriner
20201226_SheffieldUnited_Everton,2020-21,2020,2020-12-26,Sheffield United,Everton,0,1,A,0,0,D,,,10,7,2,3,6,3,11,10,2,4,0,0,D Coote
20201227_Wolves_Tottenham,2020-21,2020,2020-12-27,Wolves,Tottenham,1,1,D,0,1,A,,,11,6,6,3,9,2,20,13,4,1,0,0,P Tierney
20201227_Liverpool_WestBrom,2020-21,2020,2020-12-27,Liverpool,West Brom,1,1,D,1,0,H,,,17,5,2,3,8,3,8,5,0,1,0,0,K Friend
20201227_Leeds_Burnley,2020-21,2020,2020-12-27,Leeds,Burnley,1,0,H,1,0,H,,,11,14,4,6,4,12,8,14,0,3,0,0,R Jones
20201227_WestHam_Brighton,2020-21,2020,2020-12-27,West Ham,Brighton,2,2,D,0,1,A,,,11,13,4,4,5,4,6,8,0,0,0,0,S Hooper
20201228_CrystalPalace_Leicester,2020-21,2020,2020-12-28,Crystal Palace,Leicester,1,1,D,0,0,D,,,4,17,1,3,2,5,10,7,0,1,0,0,G Scott
20201228_Chelsea_AstonVilla,2020-21,2020,2020-12-28,Chelsea,Aston Villa,1,1,D,1,0,H,,,16,10,5,2,11,4,16,3,3,1,0,0,S Attwell
20201229_Brighton_Arsenal,2020-21,2020,2020-12-29,Brighton,Arsenal,0,1,A,0,0,D,,,13,11,2,3,5,4,11,4,2,0,0,0,M Atkinson
20201229_Burnley_SheffieldUnited,2020-21,2020,2020-12-29,Burnley,Sheffield United,1,0,H,1,0,H,,,5,7,3,3,3,5,13,17,1,2,0,0,C Kavanagh
20201229_Southampton_WestHam,2020-21,2020,2020-12-29,Southampton,West Ham,0,0,D,0,0,D,,,8,8,3,3,4,3,16,15,3,1,0,0,A Madley
20201229_WestBrom_Leeds,2020-21,2020,2020-12-29,West Brom,Leeds,0,5,A,0,4,A,,,4,14,1,6,3,10,7,10,0,1,0,0,L Mason
20201229_ManUnited_Wolves,2020-21,2020,2020-12-29,Man United,Wolves,1,0,H,0,0,D,,,11,9,3,5,2,2,11,7,1,1,0,0,J Moss
20201230_Newcastle_Liverpool,2020-21,2020,2020-12-30,Newcastle,Liverpool,0,0,D,0,0,D,,,8,11,2,4,5,12,9,13,2,3,0,0,P Tierney
20210101_ManUnited_AstonVilla,2020-21,2020,2021-01-01,Man United,Aston Villa,2,1,H,1,0,H,,,19,5,9,5,5,10,22,10,4,0,0,0,M Oliver
20210101_Everton_WestHam,2020-21,2020,2021-01-01,Everton,West Ham,0,1,A,0,0,D,,,10,11,2,5,5,4,9,7,2,0,0,0,K Friend
20210102_Tottenham_Leeds,2020-21,2020,2021-01-02,Tottenham,Leeds,3,0,H,2,0,H,,,20,18,7,5,3,5,15,13,2,1,1,0,D Coote
20210102_CrystalPalace_SheffieldUnited,2020-21,2020,2021-01-02,Crystal Palace,Sheffield United,2,0,H,2,0,H,,,9,7,4,2,3,6,8,18,1,3,0,0,S Attwell
20210102_Brighton_Wolves,2020-21,2020,2021-01-02,Brighton,Wolves,3,3,D,1,3,A,,,13,11,4,4,5,8,13,8,2,1,0,0,A Madley
20210102_WestBrom_Arsenal,2020-21,2020,2021-01-02,West Brom,Arsenal,0,4,A,0,2,A,,,7,21,3,12,3,5,7,4,1,2,0,0,M Atkinson
20210103_Newcastle_Leicester,2020-21,2020,2021-01-03,Newcastle,Leicester,1,2,A,0,0,D,,,8,9,2,3,3,6,10,11,0,2,0,0,R Jones
20210103_Chelsea_ManCity,2020-21,2020,2021-01-03,Chelsea,Man City,1,3,A,0,3,A,,,9,18,2,6,5,3,11,10,3,1,0,0,A Taylor
20210104_Southampton_Liverpool,2020-21,2020,2021-01-04,Southampton,Liverpool,1,0,H,1,0,H,,,7,17,3,1,1,10,5,12,1,3,0,0,A Marriner
20210112_Wolves_Everton,2020-21,2020,2021-01-12,Wolves,Everton,1,2,A,1,1,D,,,12,5,3,3,6,5,6,11,2,2,0,0,M Atkinson
20210112_SheffieldUnited_Newcastle,2020-21,2020,2021-01-12,Sheffield United,Newcastle,1,0,H,0,0,D,,,17,7,4,3,5,2,13,12,2,3,0,1,A Madley
20210112_Burnley_ManUnited,2020-21,2020,2021-01-12,Burnley,Man United,0,1,A,0,0,D,,,11,13,0,7,3,4,15,13,1,2,0,0,K Friend
20210113_Tottenham_Fulham,2020-21,2020,2021-01-13,Tottenham,Fulham,1,1,D,1,0,H,,,15,15,6,4,6,5,13,15,1,2,0,0,P Tierney
20210113_ManCity_Brighton,2020-21,2020,2021-01-13,Man City,Brighton,1,0,H,1,0,H,,,16,5,6,1,8,4,4,12,0,2,0,0,D England
20210114_Arsenal_CrystalPalace,2020-21,2020,2021-01-14,Arsenal,Crystal Palace,0,0,D,0,0,D,,,11,12,4,2,7,3,10,11,1,1,0,0,A Marriner
20210116_Wolves_WestBrom,2020-21,2020,2021-01-16,Wolves,West Brom,2,3,A,2,1,H,,,23,12,6,5,11,0,10,14,2,1,0,0,M Oliver
20210116_Leeds_Brighton,2020-21,2020,2021-01-16,Leeds,Brighton,0,1,A,0,1,A,,,7,7,2,2,5,2,8,9,1,1,0,0,K Friend
20210116_WestHam_Burnley,2020-21,2020,2021-01-16,West Ham,Burnley,1,0,H,1,0,H,,,15,10,4,2,7,4,12,9,2,1,0,0,C Kavanagh
20210116_Fulham_Chelsea,2020-21,2020,2021-01-16,Fulham,Chelsea,0,1,A,0,0,D,,,10,21,3,6,1,12,11,10,2,3,1,0,P Bankes
20210116_Leicester_Southampton,2020-21,2020,2021-01-16,Leicester,Southampton,2,0,H,1,0,H,,,16,8,5,3,2,5,10,11,2,2,0,0,S Attwell
20210117_Liverpool_ManUnited,2020-21,2020,2021-01-17,Liverpool,Man United,0,0,D,0,0,D,,,17,8,3,4,7,3,15,6,2,1,0,0,P Tierney
20210117_ManCity_CrystalPalace,2020-21,2020,2021-01-17,Man City,Crystal Palace,4,0,H,1,0,H,,,13,2,6,0,11,1,9,8,0,0,0,0,L Mason
20210117_SheffieldUnited_Tottenham,2020-21,2020,2021-01-17,Sheffield United,Tottenham,1,3,A,0,2,A,,,15,14,5,5,5,7,13,4,4,0,0,0,A Marriner
20210118_Arsenal_Newcastle,2020-21,2020,2021-01-18,Arsenal,Newcastle,3,0,H,0,0,D,,,20,4,6,1,7,2,9,8,0,0,0,0,D Coote
20210119_WestHam_WestBrom,2020-21,2020,2021-01-19,West Ham,West Brom,2,1,H,1,0,H,,,14,6,6,2,3,1,10,10,0,1,0,0,G Scott
20210119_Leicester_Chelsea,2020-21,2020,2021-01-19,Leicester,Chelsea,2,0,H,2,0,H,,,8,9,6,5,6,3,7,16,1,3,0,0,C Pawson
20210120_ManCity_AstonVilla,2020-21,2020,2021-01-20,Man City,Aston Villa,2,0,H,0,0,D,,,28,11,9,4,16,2,10,9,0,2,0,0,J Moss
20210120_Fulham_ManUnited,2020-21,2020,2021-01-20,Fulham,Man United,1,2,A,1,1,D,,,12,15,5,5,2,8,6,10,3,1,0,0,M Atkinson
20210121_Liverpool_Burnley,2020-21,2020,2021-01-21,Liverpool,Burnley,0,1,A,0,0,D,,,27,6,6,4,12,0,11,8,2,1,0,0,M Dean
20210123_AstonVilla_Newcastle,2020-21,2020,2021-01-23,Aston Villa,Newcastle,2,0,H,2,0,H,,,14,7,5,1,5,4,9,18,0,3,0,0,S Hooper
20210126_Southampton_Arsenal,2020-21,2020,2021-01-26,Southampton,Arsenal,1,3,A,1,2,A,,,13,9,5,5,4,5,11,6,1,2,0,0,K Friend
20210126_WestBrom_ManCity,2020-21,2020,2021-01-26,West Brom,Man City,0,5,A,0,4,A,,,4,18,1,7,3,8,8,8,2,0,0,0,C Kavanagh
20210126_CrystalPalace_WestHam,2020-21,2020,2021-01-26,Crystal Palace,West Ham,2,3,A,1,2,A,,,6,17,3,7,3,4,9,8,0,0,0,0,S Attwell
20210126_Newcastle_Leeds,2020-21,2020,2021-01-26,Newcastle,Leeds,1,2,A,0,1,A,,,22,9,5,2,9,5,10,15,1,3,0,0,A Taylor
20210127_Brighton_Fulham,2020-21,2020,2021-01-27,Brighton,Fulham,0,0,D,0,0,D,,,16,10,5,3,10,0,10,14,2,1,0,0,C Pawson
20210127_ManUnited_SheffieldUnited,2020-21,2020,2021-01-27,Man United,Sheffield United,1,2,A,0,1,A,,,16,5,4,3,7,2,10,12,1,1,0,0,P Bankes
20210127_Burnley_AstonVilla,2020-21,2020,2021-01-27,Burnley,Aston Villa,3,2,H,0,1,A,,,10,18,5,10,2,4,16,7,1,0,0,0,P Tierney
20210127_Chelsea_Wolves,2020-21,2020,2021-01-27,Chelsea,Wolves,0,0,D,0,0,D,,,14,4,5,0,13,1,14,7,1,1,0,0,A Madley
20210127_Everton_Leicester,2020-21,2020,2021-01-27,Everton,Leicester,1,1,D,1,0,H,,,8,19,2,6,5,11,12,10,1,1,0,0,M Dean
20210128_Tottenham_Liverpool,2020-21,2020,2021-01-28,Tottenham,Liverpool,1,3,A,0,1,A,,,3,14,2,7,1,2,9,11,1,2,0,0,M Atkinson
20210130_Everton_Newcastle,2020-21,2020,2021-01-30,Everton,Newcastle,0,2,A,0,0,D,,,11,13,3,3,7,12,13,6,3,4,0,0,S Attwell
20210130_CrystalPalace_Wolves,2020-21,2020,2021-01-30,Crystal Palace,Wolves,1,0,H,0,0,D,,,11,6,2,4,1,6,7,10,1,2,0,0,S Hooper
20210130_ManCity_SheffieldUnited,2020-21,2020,2021-01-30,Man City,Sheffield United,1,0,H,1,0,H,,,10,4,5,1,10,0,7,10,0,3,0,0,D Coote
20210130_WestBrom_Fulham,2020-21,2020,2021-01-30,West Brom,Fulham,2,2,D,0,1,A,,,5,12,3,7,2,3,9,10,1,0,0,0,A Taylor
20210130_Arsenal_ManUnited,2020-21,2020,2021-01-30,Arsenal,Man United,0,0,D,0,0,D,,,17,14,3,3,4,7,9,16,1,3,0,0,M Oliver
20210130_Southampton_AstonVilla,2020-21,2020,2021-01-30,Southampton,Aston Villa,0,1,A,0,1,A,,,20,8,5,4,7,1,12,11,1,0,0,0,L Mason
20210131_Chelsea_Burnley,2020-21,2020,2021-01-31,Chelsea,Burnley,2,0,H,1,0,H,,,19,1,8,0,4,2,7,9,0,1,0,0,G Scott
20210131_Leicester_Leeds,2020-21,2020,2021-01-31,Leicester,Leeds,1,3,A,1,1,D,,,18,8,8,7,6,4,17,16,0,3,0,0,C Kavanagh
20210131_WestHam_Liverpool,2020-21,2020,2021-01-31,West Ham,Liverpool,1,3,A,0,0,D,,,8,14,2,5,6,5,7,8,2,0,0,0,J Moss
20210131_Brighton_Tottenham,2020-21,2020,2021-01-31,Brighton,Tottenham,1,0,H,1,0,H,,,16,8,5,4,9,2,11,11,2,1,0,0,P Bankes
20210202_Newcastle_CrystalPalace,2020-21,2020,2021-02-02,Newcastle,Crystal Palace,1,2,A,1,2,A,,,21,6,5,3,9,1,14,11,1,3,0,0,D England
20210202_ManUnited_Southampton,2020-21,2020,2021-02-02,Man United,Southampton,9,0,H,4,0,H,,,24,3,14,1,5,3,11,6,2,3,0,2,M Dean
20210202_SheffieldUnited_WestBrom,2020-21,2020,2021-02-02,Sheffield United,West Brom,2,1,H,0,1,A,,,14,8,6,4,9,2,11,9,2,1,0,0,P Tierney
20210202_Wolves_Arsenal,2020-21,2020,2021-02-02,Wolves,Arsenal,2,1,H,1,1,D,,,11,9,7,3,9,6,11,8,3,2,0,2,C Pawson
20210203_Burnley_ManCity,2020-21,2020,2021-02-03,Burnley,Man City,0,2,A,0,2,A,,,2,17,0,6,1,3,8,5,2,1,0,0,M Atkinson
20210203_Fulham_Leicester,2020-21,2020,2021-02-03,Fulham,Leicester,0,2,A,0,2,A,,,8,9,1,5,5,2,17,10,3,1,0,0,R Jones
20210203_Leeds_Everton,2020-21,2020,2021-02-03,Leeds,Everton,1,2,A,0,2,A,,,16,10,7,6,7,1,12,12,2,3,0,0,M Oliver
20210203_AstonVilla_WestHam,2020-21,2020,2021-02-03,Aston Villa,West Ham,1,3,A,0,0,D,,,9,20,2,10,7,3,11,15,1,1,0,0,A Madley
20210203_Liverpool_Brighton,2020-21,2020,2021-02-03,Liverpool,Brighton,0,1,A,0,0,D,,,11,13,1,4,6,3,12,6,1,0,0,0,K Friend
20210204_Tottenham_Chelsea,2020-21,2020,2021-02-04,Tottenham,Chelsea,0,1,A,0,1,A,,,7,18,2,2,2,7,20,14,2,3,0,0,A Marriner
20210206_ManUnited_Everton,2020-21,2020,2021-02-06,Man United,Everton,3,3,D,2,0,H,,,14,6,5,3,5,1,14,10,2,1,0,0,J Moss
20210206_Fulham_WestHam,2020-21,2020,2021-02-06,Fulham,West Ham,0,0,D,0,0,D,,,20,8,2,1,7,3,11,10,1,2,0,1,M Dean
20210206_Burnley_Brighton,2020-21,2020,2021-02-06,Burnley,Brighton,1,1,D,0,1,A,,,20,10,7,2,8,7,8,10,2,0,0,0,A Taylor
20210206_AstonVilla_Arsenal,2020-21,2020,2021-02-06,Aston Villa,Arsenal,1,0,H,1,0,H,,,12,14,8,3,3,7,12,12,3,2,0,0,C Kavanagh
20210206_Newcastle_Southampton,2020-21,2020,2021-02-06,Newcastle,Southampton,3,2,H,3,1,H,,,6,14,4,5,0,7,11,14,2,1,1,0,C Pawson
20210207_Tottenham_WestBrom,2020-21,2020,2021-02-07,Tottenham,West Brom,2,0,H,0,0,D,,,13,4,6,1,8,0,16,12,1,2,0,0,S Attwell
20210207_Wolves_Leicester,2020-21,2020,2021-02-07,Wolves,Leicester,0,0,D,0,0,D,,,13,13,1,3,8,2,11,15,1,3,0,0,M Atkinson
20210207_Liverpool_ManCity,2020-21,2020,2021-02-07,Liverpool,Man City,1,4,A,0,0,D,,,8,8,3,5,6,1,13,8,2,1,0,0,M Oliver
20210207_SheffieldUnited_Chelsea,2020-21,2020,2021-02-07,Sheffield United,Chelsea,1,2,A,0,1,A,,,8,9,3,3,1,8,8,8,1,0,0,0,K Friend
20210208_Leeds_CrystalPalace,2020-21,2020,2021-02-08,Leeds,Crystal Palace,2,0,H,1,0,H,,,17,8,7,3,5,3,7,8,0,2,0,0,A Marriner
20210213_Brighton_AstonVilla,2020-21,2020,2021-02-13,Brighton,Aston Villa,0,0,D,0,0,D,,,26,4,9,1,9,2,16,12,2,3,0,0,D England
20210213_ManCity_Tottenham,2020-21,2020,2021-02-13,Man City,Tottenham,3,0,H,1,0,H,,,15,7,6,3,4,2,12,13,1,3,0,0,P Tierney
20210213_Leicester_Liverpool,2020-21,2020,2021-02-13,Leicester,Liverpool,3,1,H,0,0,D,,,11,15,6,4,2,12,9,6,1,2,0,0,A Taylor
20210213_CrystalPalace_Burnley,2020-21,2020,2021-02-13,Crystal Palace,Burnley,0,3,A,0,2,A,,,13,16,3,4,7,4,15,14,0,0,0,0,M Oliver
20210214_Southampton_Wolves,2020-21,2020,2021-02-14,Southampton,Wolves,1,2,A,1,0,H,,,7,10,3,4,4,6,10,9,2,2,0,0,G Scott
20210214_WestBrom_ManUnited,2020-21,2020,2021-02-14,West Brom,Man United,1,1,D,1,1,D,,,7,10,3,7,4,5,13,10,5,0,0,0,C Pawson
20210214_Arsenal_Leeds,2020-21,2020,2021-02-14,Arsenal,Leeds,4,2,H,3,0,H,,,13,9,5,5,4,5,8,17,0,2,0,0,S Attwell
20210214_Everton_Fulham,2020-21,2020,2021-02-14,Everton,Fulham,0,2,A,0,0,D,,,7,12,2,3,5,4,7,16,1,1,0,0,A Madley
20210215_WestHam_SheffieldUnited,2020-21,2020,2021-02-15,West Ham,Sheffield United,3,0,H,1,0,H,,,13,8,9,5,7,7,11,12,0,2,0,0,S Hooper
20210215_Chelsea_Newcastle,2020-21,2020,2021-02-15,Chelsea,Newcastle,2,0,H,2,0,H,,,18,10,5,4,10,5,9,13,0,0,0,0,P Bankes
20210217_Burnley_Fulham,2020-21,2020,2021-02-17,Burnley,Fulham,1,1,D,0,0,D,,,8,8,3,3,5,5,7,13,1,1,0,0,J Moss
20210217_Everton_ManCity,2020-21,2020,2021-02-17,Everton,Man City,1,3,A,1,1,D,,,3,16,2,7,0,10,8,8,2,1,0,0,A Marriner
20210219_Wolves_Leeds,2020-21,2020,2021-02-19,Wolves,Leeds,1,0,H,0,0,D,,,15,18,5,7,7,9,13,8,1,0,0,0,D Coote
20210220_Fulham_SheffieldUnited,2020-21,2020,2021-02-20,Fulham,Sheffield United,1,0,H,0,0,D,,,15,4,7,2,6,4,11,14,1,2,0,0,M Atkinson
20210220_Liverpool_Everton,2020-21,2020,2021-02-20,Liverpool,Everton,0,2,A,0,1,A,,,15,9,6,6,7,2,10,10,2,1,0,0,C Kavanagh
20210220_Burnley_WestBrom,2020-21,2020,2021-02-20,Burnley,West Brom,0,0,D,0,0,D,,,6,10,1,3,5,5,16,10,3,0,0,1,M Dean
20210220_Southampton_Chelsea,2020-21,2020,2021-02-20,Southampton,Chelsea,1,1,D,1,0,H,,,4,9,1,3,3,6,10,10,1,1,0,0,A Taylor
20210221_WestHam_Tottenham,2020-21,2020,2021-02-21,West Ham,Tottenham,2,1,H,1,0,H,,,4,20,4,4,5,7,14,7,4,3,0,0,C Pawson
20210221_AstonVilla_Leicester,2020-21,2020,2021-02-21,Aston Villa,Leicester,1,2,A,0,2,A,,,11,16,2,7,7,8,11,12,2,1,0,0,M Oliver
20210221_Arsenal_ManCity,2020-21,2020,2021-02-21,Arsenal,Man City,0,1,A,0,1,A,,,7,15,1,3,1,3,11,9,2,2,0,0,J Moss
20210221_ManUnited_Newcastle,2020-21,2020,2021-02-21,Man United,Newcastle,3,1,H,1,1,D,,,15,10,7,6,6,4,9,11,1,2,0,0,P Tierney
20210222_Brighton_CrystalPalace,2020-21,2020,2021-02-22,Brighton,Crystal Palace,1,2,A,0,1,A,,,25,3,5,2,13,0,11,6,2,0,0,0,K Friend
20210223_Leeds_Southampton,2020-21,2020,2021-02-23,Leeds,Southampton,3,0,H,0,0,D,,,11,13,7,5,2,4,11,13,1,2,0,0,A Marriner
20210227_Leeds_AstonVilla,2020-21,2020,2021-02-27,Leeds,Aston Villa,0,1,A,0,1,A,,,13,9,3,4,7,5,14,14,3,2,0,0,P Bankes
20210227_Newcastle_Wolves,2020-21,2020,2021-02-27,Newcastle,Wolves,1,1,D,0,0,D,,,19,14,7,4,3,5,11,13,2,0,0,0,M Dean
20210227_ManCity_WestHam,2020-21,2020,2021-02-27,Man City,West Ham,2,1,H,1,1,D,,,10,9,3,3,4,2,8,11,1,1,0,0,M Oliver
20210227_WestBrom_Brighton,2020-21,2020,2021-02-27,West Brom,Brighton,1,0,H,1,0,H,,,6,15,2,6,7,4,11,12,0,0,0,0,L Mason
20210228_CrystalPalace_Fulham,2020-21,2020,2021-02-28,Crystal Palace,Fulham,0,0,D,0,0,D,,,3,16,0,4,1,3,10,14,1,1,0,0,A Taylor
20210228_Leicester_Arsenal,2020-21,2020,2021-02-28,Leicester,Arsenal,1,3,A,1,2,A,,,8,12,3,4,2,7,15,3,2,1,0,0,P Tierney
20210228_Tottenham_Burnley,2020-21,2020,2021-02-28,Tottenham,Burnley,4,0,H,3,0,H,,,16,10,7,3,3,4,6,10,0,0,0,0,K Friend
20210228_Chelsea_ManUnited,2020-21,2020,2021-02-28,Chelsea,Man United,0,0,D,0,0,D,,,18,11,6,4,3,4,11,12,1,2,0,0,S Attwell
20210228_SheffieldUnited_Liverpool,2020-21,2020,2021-02-28,Sheffield United,Liverpool,0,2,A,0,0,D,,,8,16,2,8,4,3,9,9,0,0,0,0,J Moss
20210301_Everton_Southampton,2020-21,2020,2021-03-01,Everton,Southampton,1,0,H,1,0,H,,,7,9,1,1,4,10,13,9,0,2,0,0,M Atkinson
20210302_ManCity_Wolves,2020-21,2020,2021-03-02,Man City,Wolves,4,1,H,1,0,H,,,22,6,10,1,10,2,9,5,0,1,0,0,C Kavanagh
20210303_Burnley_Leicester,2020-21,2020,2021-03-03,Burnley,Leicester,1,1,D,1,1,D,,,12,15,7,4,5,8,6,12,0,2,0,0,A Madley
20210303_SheffieldUnited_AstonVilla,2020-21,2020,2021-03-03,Sheffield United,Aston Villa,1,0,H,1,0,H,,,9,16,2,4,2,7,13,6,1,0,1,0,R Jones
20210303_CrystalPalace_ManUnited,2020-21,2020,2021-03-03,Crystal Palace,Man United,0,0,D,0,0,D,,,8,11,2,1,4,6,4,13,1,0,0,0,A Marriner
20210304_Liverpool_Chelsea,2020-21,2020,2021-03-04,Liverpool,Chelsea,0,1,A,0,1,A,,,7,11,1,5,5,2,9,8,0,0,0,0,M Atkinson
20210304_WestBrom_Everton,2020-21,2020,2021-03-04,West Brom,Everton,0,1,A,0,0,D,,,11,11,3,3,3,3,9,7,3,1,0,0,D England
20210304_Fulham_Tottenham,2020-21,2020,2021-03-04,Fulham,Tottenham,0,1,A,0,1,A,,,11,9,3,2,4,1,13,9,2,1,0,0,D Coote
20210306_Burnley_Arsenal,2020-21,2020,2021-03-06,Burnley,Arsenal,1,1,D,1,1,D,,,9,15,5,3,2,4,5,12,1,1,0,0,A Marriner
20210306_SheffieldUnited_Southampton,2020-21,2020,2021-03-06,Sheffield United,Southampton,0,2,A,0,1,A,,,8,15,2,5,7,3,17,11,4,3,0,0,P Tierney
20210306_AstonVilla_Wolves,2020-21,2020,2021-03-06,Aston Villa,Wolves,0,0,D,0,0,D,,,9,10,1,2,5,3,13,13,1,0,0,0,A Madley
20210306_Brighton_Leicester,2020-21,2020,2021-03-06,Brighton,Leicester,1,2,A,1,0,H,,,7,8,2,4,6,6,14,8,0,1,0,0,M Oliver
20210307_WestBrom_Newcastle,2020-21,2020,2021-03-07,West Brom,Newcastle,0,0,D,0,0,D,,,13,9,3,5,9,7,11,10,0,0,0,0,M Atkinson
20210307_Liverpool_Fulham,2020-21,2020,2021-03-07,Liverpool,Fulham,0,1,A,0,1,A,,,16,10,3,3,9,4,10,8,2,3,0,0,K Friend
20210307_ManCity_ManUnited,2020-21,2020,2021-03-07,Man City,Man United,0,2,A,0,1,A,,,23,8,6,6,6,2,9,12,0,3,0,0,A Taylor
20210307_Tottenham_CrystalPalace,2020-21,2020,2021-03-07,Tottenham,Crystal Palace,4,1,H,1,1,D,,,12,5,5,1,1,5,8,17,2,3,0,0,S Attwell
20210308_WestHam_Leeds,2020-21,2020,2021-03-08,West Ham,Leeds,2,0,H,2,0,H,,,16,17,5,2,6,6,9,9,1,1,0,0,M Dean
20210308_Chelsea_Everton,2020-21,2020,2021-03-08,Chelsea,Everton,2,0,H,1,0,H,,,19,7,9,1,7,3,11,12,0,3,0,0,D Coote
20210310_ManCity_Southampton,2020-21,2020,2021-03-10,Man City,Southampton,5,2,H,3,1,H,,,17,11,10,6,5,5,6,4,1,0,0,0,J Moss
20210312_Newcastle_AstonVilla,2020-21,2020,2021-03-12,Newcastle,Aston Villa,1,1,D,0,0,D,,,12,15,3,6,2,2,10,10,2,3,0,0,P Tierney
20210313_Leeds_Chelsea,2020-21,2020,2021-03-13,Leeds,Chelsea,0,0,D,0,0,D,,,7,15,4,8,8,5,16,6,3,0,0,0,K Friend
20210313_CrystalPalace_WestBrom,2020-21,2020,2021-03-13,Crystal Palace,West Brom,1,0,H,1,0,H,,,6,12,4,1,3,2,16,15,3,1,0,0,S Hooper
20210313_Everton_Burnley,2020-21,2020,2021-03-13,Everton,Burnley,1,2,A,1,2,A,,,14,14,4,5,7,4,9,6,0,4,0,0,J Moss
20210313_Fulham_ManCity,2020-21,2020,2021-03-13,Fulham,Man City,0,3,A,0,0,D,,,3,8,0,7,4,2,14,13,0,0,0,0,A Marriner
20210314_Arsenal_Tottenham,2020-21,2020,2021-03-14,Arsenal,Tottenham,2,1,H,1,1,D,,,13,6,3,3,6,3,12,14,1,2,0,1,M Oliver
20210314_Southampton_Brighton,2020-21,2020,2021-03-14,Southampton,Brighton,1,2,A,1,1,D,,,9,8,4,6,4,5,11,10,0,0,0,0,S Attwell
20210314_Leicester_SheffieldUnited,2020-21,2020,2021-03-14,Leicester,Sheffield United,5,0,H,1,0,H,,,19,1,10,0,9,1,10,9,0,2,0,0,P Bankes
20210314_ManUnited_WestHam,2020-21,2020,2021-03-14,Man United,West Ham,1,0,H,0,0,D,,,15,7,4,0,6,3,12,2,4,0,0,0,M Atkinson
20210315_Wolves_Liverpool,2020-21,2020,2021-03-15,Wolves,Liverpool,0,1,A,0,1,A,,,10,12,5,4,3,2,17,10,2,1,0,0,C Pawson
20210319_Fulham_Leeds,2020-21,2020,2021-03-19,Fulham,Leeds,1,2,A,1,1,D,,,13,13,6,4,13,7,13,12,2,2,0,0,D Coote
20210320_Brighton_Newcastle,2020-21,2020,2021-03-20,Brighton,Newcastle,3,0,H,1,0,H,,,11,3,6,1,3,1,12,5,0,1,0,0,A Taylor
20210321_WestHam_Arsenal,2020-21,2020,2021-03-21,West Ham,Arsenal,3,3,D,3,1,H,,,15,16,5,7,3,5,18,8,3,1,0,0,J Moss
20210321_AstonVilla_Tottenham,2020-21,2020,2021-03-21,Aston Villa,Tottenham,0,2,A,0,1,A,,,8,9,1,3,5,8,18,13,3,2,0,0,M Dean
20210403_Chelsea_WestBrom,2020-21,2020,2021-04-03,Chelsea,West Brom,2,5,A,1,2,A,,,18,14,8,7,10,3,11,6,1,1,1,0,D Coote
20210403_Leeds_SheffieldUnited,2020-21,2020,2021-04-03,Leeds,Sheffield United,2,1,H,1,1,D,,,23,9,8,1,5,7,12,13,1,2,0,0,G Scott
20210403_Leicester_ManCity,2020-21,2020,2021-04-03,Leicester,Man City,0,2,A,0,0,D,,,5,11,2,4,1,1,13,12,2,3,0,0,A Taylor
20210403_Arsenal_Liverpool,2020-21,2020,2021-04-03,Arsenal,Liverpool,0,3,A,0,0,D,,,3,16,2,7,1,2,10,10,1,1,0,0,S Attwell
20210404_Southampton_Burnley,2020-21,2020,2021-04-04,Southampton,Burnley,3,2,H,2,2,D,,,24,7,9,5,6,7,11,10,0,0,0,0,A Marriner
20210404_Newcastle_Tottenham,2020-21,2020,2021-04-04,Newcastle,Tottenham,2,2,D,1,2,A,,,22,11,6,5,7,3,13,14,3,2,0,0,C Pawson
20210404_AstonVilla_Fulham,2020-21,2020,2021-04-04,Aston Villa,Fulham,3,1,H,0,0,D,,,14,15,4,7,4,4,14,20,1,2,0,0,A Madley
20210404_ManUnited_Brighton,2020-21,2020,2021-04-04,Man United,Brighton,2,1,H,0,1,A,,,15,5,7,3,5,6,14,7,2,2,0,0,M Dean
20210405_Wolves_WestHam,2020-21,2020,2021-04-05,Wolves,West Ham,2,3,A,1,3,A,,,20,9,5,6,4,2,9,9,1,4,0,0,M Oliver
20210405_Everton_CrystalPalace,2020-21,2020,2021-04-05,Everton,Crystal Palace,1,1,D,0,0,D,,,15,13,7,6,3,4,10,10,2,0,0,0,K Friend
20210409_Fulham_Wolves,2020-21,2020,2021-04-09,Fulham,Wolves,0,1,A,0,0,D,,,14,7,3,3,3,4,11,8,0,0,0,0,J Moss
20210410_ManCity_Leeds,2020-21,2020,2021-04-10,Man City,Leeds,1,2,A,0,1,A,,,29,2,7,2,9,3,12,15,3,1,0,1,A Marriner
20210410_Liverpool_AstonVilla,2020-21,2020,2021-04-10,Liverpool,Aston Villa,2,1,H,0,1,A,,,23,9,10,5,7,0,16,11,2,4,0,0,P Tierney
20210410_CrystalPalace_Chelsea,2020-21,2020,2021-04-10,Crystal Palace,Chelsea,1,4,A,0,3,A,,,1,23,1,10,0,8,7,12,1,0,0,0,M Oliver
20210411_Burnley_Newcastle,2020-21,2020,2021-04-11,Burnley,Newcastle,1,2,A,1,0,H,,,24,10,4,5,13,3,11,12,1,0,0,0,A Taylor
20210411_WestHam_Leicester,2020-21,2020,2021-04-11,West Ham,Leicester,3,2,H,2,0,H,,,4,15,4,5,1,9,7,13,3,3,0,0,M Dean
20210411_Tottenham_ManUnited,2020-21,2020,2021-04-11,Tottenham,Man United,1,3,A,1,0,H,,,12,12,3,7,7,5,11,15,1,5,0,0,C Kavanagh
20210411_SheffieldUnited_Arsenal,2020-21,2020,2021-04-11,Sheffield United,Arsenal,0,3,A,0,1,A,,,7,14,2,5,2,4,9,6,1,1,0,0,P Bankes
20210412_WestBrom_Southampton,2020-21,2020,2021-04-12,West Brom,Southampton,3,0,H,2,0,H,,,15,14,6,4,5,10,12,11,0,1,0,0,S Hooper
20210412_Brighton_Everton,2020-21,2020,2021-04-12,Brighton,Everton,0,0,D,0,0,D,,,23,8,3,1,10,3,12,7,1,2,0,0,D England
20210416_Everton_Tottenham,2020-21,2020,2021-04-16,Everton,Tottenham,2,2,D,1,1,D,,,18,12,7,3,6,3,8,8,1,1,0,0,M Oliver
20210417_Wolves_SheffieldUnited,2020-21,2020,2021-04-17,Wolves,Sheffield United,1,0,H,0,0,D,,,10,8,5,2,3,3,8,15,1,2,0,0,R Jones
20210417_Newcastle_WestHam,2020-21,2020,2021-04-17,Newcastle,West Ham,3,2,H,2,0,H,,,16,16,8,6,3,8,9,7,2,0,0,1,K Friend
20210418_Arsenal_Fulham,2020-21,2020,2021-04-18,Arsenal,Fulham,1,1,D,0,0,D,,,18,3,5,1,11,1,9,11,0,3,0,0,C Pawson
20210418_ManUnited_Burnley,2020-21,2020,2021-04-18,Man United,Burnley,3,1,H,0,0,D,,,17,10,9,3,8,3,9,12,1,2,0,0,J Moss
20210419_Leeds_Liverpool,2020-21,2020,2021-04-19,Leeds,Liverpool,1,1,D,0,1,A,,,12,17,5,7,10,8,17,15,2,1,0,0,A Taylor
20210420_Chelsea_Brighton,2020-21,2020,2021-04-20,Chelsea,Brighton,0,0,D,0,0,D,,,7,11,4,2,0,3,8,9,2,0,0,1,S Attwell
20210421_Tottenham_Southampton,2020-21,2020,2021-04-21,Tottenham,Southampton,2,1,H,0,1,A,,,12,10,3,5,5,5,10,14,2,1,0,0,D Coote
20210421_AstonVilla_ManCity,2020-21,2020,2021-04-21,Aston Villa,Man City,1,2,A,1,2,A,,,8,13,3,3,1,11,12,7,0,1,1,1,P Bankes
20210422_Leicester_WestBrom,2020-21,2020,2021-04-22,Leicester,West Brom,3,0,H,3,0,H,,,17,4,7,1,7,3,13,12,0,2,0,0,A Madley
20210423_Arsenal_Everton,2020-21,2020,2021-04-23,Arsenal,Everton,0,1,A,0,0,D,,,14,8,3,1,7,3,13,10,1,3,0,0,J Moss
20210424_Liverpool_Newcastle,2020-21,2020,2021-04-24,Liverpool,Newcastle,1,1,D,1,0,H,,,22,7,9,4,6,3,9,7,2,1,0,0,A Marriner
20210424_WestHam_Chelsea,2020-21,2020,2021-04-24,West Ham,Chelsea,0,1,A,0,1,A,,,9,17,2,6,4,2,9,11,0,4,1,0,C Kavanagh
20210424_SheffieldUnited_Brighton,2020-21,2020,2021-04-24,Sheffield United,Brighton,1,0,H,1,0,H,,,7,17,3,4,2,12,13,7,3,0,0,0,K Friend
20210425_AstonVilla_WestBrom,2020-21,2020,2021-04-25,Aston Villa,West Brom,2,2,D,1,1,D,,,24,10,11,4,11,4,14,9,0,2,0,0,S Attwell
20210425_Wolves_Burnley,2020-21,2020,2021-04-25,Wolves,Burnley,0,4,A,0,3,A,,,12,14,2,7,8,5,8,9,1,2,0,0,D England
20210425_Leeds_ManUnited,2020-21,2020,2021-04-25,Leeds,Man United,0,0,D,0,0,D,,,6,16,3,4,2,6,21,11,4,1,0,0,C Pawson
20210426_Leicester_CrystalPalace,2020-21,2020,2021-04-26,Leicester,Crystal Palace,2,1,H,0,1,A,,,13,4,5,2,7,2,13,12,0,1,0,0,G Scott
20210430_Southampton_Leicester,2020-21,2020,2021-04-30,Southampton,Leicester,1,1,D,0,0,D,,,5,23,3,9,0,10,9,13,1,0,1,0,R Jones
20210501_CrystalPalace_ManCity,2020-21,2020,2021-05-01,Crystal Palace,Man City,0,2,A,0,0,D,,,9,20,4,3,2,6,9,10,2,0,0,0,D Coote
20210501_Brighton_Leeds,2020-21,2020,2021-05-01,Brighton,Leeds,2,0,H,1,0,H,,,17,11,5,2,2,9,17,6,1,1,0,0,C Kavanagh
20210501_Chelsea_Fulham,2020-21,2020,2021-05-01,Chelsea,Fulham,2,0,H,1,0,H,,,9,10,5,3,1,8,15,8,1,1,0,0,K Friend
20210501_Everton_AstonVilla,2020-21,2020,2021-05-01,Everton,Aston Villa,1,2,A,1,1,D,,,16,13,3,5,3,6,10,13,0,2,0,0,S Hooper
20210502_Tottenham_SheffieldUnited,2020-21,2020,2021-05-02,Tottenham,Sheffield United,4,0,H,1,0,H,,,20,8,11,1,6,6,8,9,1,1,0,0,A Marriner
20210502_Newcastle_Arsenal,2020-21,2020,2021-05-02,Newcastle,Arsenal,0,2,A,0,1,A,,,5,19,1,5,3,7,10,9,2,1,1,0,M Dean
20210503_Burnley_WestHam,2020-21,2020,2021-05-03,Burnley,West Ham,1,2,A,1,2,A,,,8,22,3,4,5,4,4,8,2,1,0,0,A Taylor
20210503_WestBrom_Wolves,2020-21,2020,2021-05-03,West Brom,Wolves,1,1,D,0,1,A,,,10,20,4,10,5,6,17,11,2,0,0,0,P Tierney
20210507_Leicester_Newcastle,2020-21,2020,2021-05-07,Leicester,Newcastle,2,4,A,0,2,A,,,25,14,9,6,9,6,12,9,1,1,0,0,D England
20210508_Leeds_Tottenham,2020-21,2020,2021-05-08,Leeds,Tottenham,3,1,H,2,1,H,,,16,11,7,3,8,6,12,10,1,2,0,0,M Oliver
20210508_SheffieldUnited_CrystalPalace,2020-21,2020,2021-05-08,Sheffield United,Crystal Palace,0,2,A,0,1,A,,,7,21,0,8,5,11,11,8,1,1,0,0,S Hooper
20210508_ManCity_Chelsea,2020-21,2020,2021-05-08,Man City,Chelsea,1,2,A,1,0,H,,,16,12,4,5,6,2,12,10,2,0,0,0,A Taylor
20210508_Liverpool_Southampton,2020-21,2020,2021-05-08,Liverpool,Southampton,2,0,H,1,0,H,,,14,12,6,6,8,4,10,6,0,1,0,0,K Friend
20210509_Wolves_Brighton,2020-21,2020,2021-05-09,Wolves,Brighton,2,1,H,0,1,A,,,16,5,6,3,10,5,12,7,2,2,0,2,J Moss
20210509_AstonVilla_ManUnited,2020-21,2020,2021-05-09,Aston Villa,Man United,1,3,A,1,0,H,,,11,18,5,7,5,6,13,18,1,1,1,0,C Kavanagh
20210509_WestHam_Everton,2020-21,2020,2021-05-09,West Ham,Everton,0,1,A,0,1,A,,,11,9,0,3,5,6,8,10,2,1,0,0,S Attwell
20210509_Arsenal_WestBrom,2020-21,2020,2021-05-09,Arsenal,West Brom,3,1,H,2,0,H,,,15,12,7,1,6,6,7,9,1,2,0,0,P Bankes
20210510_Fulham_Burnley,2020-21,2020,2021-05-10,Fulham,Burnley,0,2,A,0,2,A,,,21,14,3,5,8,4,11,10,2,0,0,0,D Coote
20210511_ManUnited_Leicester,2020-21,2020,2021-05-11,Man United,Leicester,1,2,A,1,1,D,,,4,12,1,3,3,4,9,12,0,0,0,0,C Pawson
20210511_Southampton_CrystalPalace,2020-21,2020,2021-05-11,Southampton,Crystal Palace,3,1,H,1,1,D,,,13,11,6,4,12,8,20,13,2,3,0,0,A Madley
20210512_Chelsea_Arsenal,2020-21,2020,2021-05-12,Chelsea,Arsenal,0,1,A,0,1,A,,,19,5,5,2,9,1,7,6,0,1,0,0,A Marriner
20210513_AstonVilla_Everton,2020-21,2020,2021-05-13,Aston Villa,Everton,0,0,D,0,0,D,,,13,15,2,5,9,1,9,12,2,0,0,0,M Atkinson
20210513_ManUnited_Liverpool,2020-21,2020,2021-05-13,Man United,Liverpool,2,4,A,1,2,A,,,18,17,3,8,6,4,10,12,3,0,0,0,A Taylor
20210514_Newcastle_ManCity,2020-21,2020,2021-05-14,Newcastle,Man City,3,4,A,2,2,D,,,11,15,5,6,4,5,11,10,2,2,0,0,K Friend
20210515_Burnley_Leeds,2020-21,2020,2021-05-15,Burnley,Leeds,0,4,A,0,1,A,,,16,16,4,6,6,8,10,10,1,1,0,0,G Scott
20210515_Southampton_Fulham,2020-21,2020,2021-05-15,Southampton,Fulham,3,1,H,1,0,H,,,11,10,7,3,6,5,9,15,0,1,0,0,C Pawson
20210515_Brighton_WestHam,2020-21,2020,2021-05-15,Brighton,West Ham,1,1,D,0,0,D,,,10,15,2,3,3,3,7,5,1,1,0,0,A Marriner
20210516_CrystalPalace_AstonVilla,2020-21,2020,2021-05-16,Crystal Palace,Aston Villa,3,2,H,1,2,A,,,23,19,8,5,7,7,23,13,3,2,0,0,D Coote
20210516_Tottenham_Wolves,2020-21,2020,2021-05-16,Tottenham,Wolves,2,0,H,1,0,H,,,24,15,13,3,10,3,8,11,1,0,0,0,M Atkinson
20210516_WestBrom_Liverpool,2020-21,2020,2021-05-16,West Brom,Liverpool,1,2,A,1,1,D,,,10,26,3,6,9,13,7,14,0,0,0,0,M Dean
20210516_Everton_SheffieldUnited,2020-21,2020,2021-05-16,Everton,Sheffield United,0,1,A,0,1,A,,,16,10,6,3,11,4,8,12,1,3,0,0,A Moss
20210518_Chelsea_Leicester,2020-21,2020,2021-05-18,Chelsea,Leicester,2,1,H,0,0,D,,,17,7,6,3,6,5,15,16,2,4,0,0,M Dean
20210518_Brighton_ManCity,2020-21,2020,2021-05-18,Brighton,Man City,3,2,H,0,1,A,,,19,8,6,4,5,3,13,11,3,3,0,1,S Attwell
20210518_ManUnited_Fulham,2020-21,2020,2021-05-18,Man United,Fulham,1,1,D,1,0,H,,,13,8,6,5,6,1,10,15,2,3,0,0,L Mason
20210518_Southampton_Leeds,2020-21,2020,2021-05-18,Southampton,Leeds,0,2,A,0,0,D,,,18,15,3,7,4,5,10,12,0,3,0,0,P Bankes
20210519_Everton_Wolves,2020-21,2020,2021-05-19,Everton,Wolves,1,0,H,0,0,D,,,14,9,4,3,7,12,11,11,0,2,0,0,A Madley
20210519_Newcastle_SheffieldUnited,2020-21,2020,2021-05-19,Newcastle,Sheffield United,1,0,H,1,0,H,,,16,11,5,1,5,2,7,7,0,2,0,0,R Jones
20210519_Tottenham_AstonVilla,2020-21,2020,2021-05-19,Tottenham,Aston Villa,1,2,A,1,2,A,,,10,20,4,4,4,5,14,13,1,1,0,0,C Pawson
20210519_CrystalPalace_Arsenal,2020-21,2020,2021-05-19,Crystal Palace,Arsenal,1,3,A,0,1,A,,,12,6,6,3,6,7,7,7,2,1,0,0,A Taylor
20210519_Burnley_Liverpool,2020-21,2020,2021-05-19,Burnley,Liverpool,0,3,A,0,1,A,,,10,20,4,3,6,7,10,7,0,0,0,0,C Kavanagh
20210519_WestBrom_WestHam,2020-21,2020,2021-05-19,West Brom,West Ham,1,3,A,1,1,D,,,14,21,4,9,6,8,8,11,2,2,0,0,M Oliver
20210523_Leeds_WestBrom,2020-21,2020,2021-05-23,Leeds,West Brom,3,1,H,2,0,H,,,17,14,9,5,8,3,12,12,2,1,0,0,D Coote
20210523_WestHam_Southampton,2020-21,2020,2021-05-23,West Ham,Southampton,3,0,H,2,0,H,,,14,17,7,5,2,3,5,9,0,3,0,0,M Atkinson
20210523_SheffieldUnited_Burnley,2020-21,2020,2021-05-23,Sheffield United,Burnley,1,0,H,1,0,H,,,12,10,3,3,8,9,11,1,3,1,0,0,K Friend
20210523_ManCity_Everton,2020-21,2020,2021-05-23,Man City,Everton,5,0,H,2,0,H,,,21,8,11,3,7,5,8,10,2,2,0,0,M Oliver
20210523_Liverpool_CrystalPalace,2020-21,2020,2021-05-23,Liverpool,Crystal Palace,2,0,H,1,0,H,,,19,5,5,4,14,1,10,8,2,2,0,0,C Pawson
20210523_AstonVilla_Chelsea,2020-21,2020,2021-05-23,Aston Villa,Chelsea,2,1,H,1,0,H,,,6,23,3,7,2,9,11,12,3,3,0,1,S Attwell
20210523_Fulham_Newcastle,2020-21,2020,2021-05-23,Fulham,Newcastle,0,2,A,0,1,A,,,14,10,0,4,5,4,12,6,1,0,0,0,C Kavanagh
20210523_Wolves_ManUnited,2020-21,2020,2021-05-23,Wolves,Man United,1,2,A,1,2,A,,,14,9,4,4,6,2,14,3,4,1,0,0,M Dean
20210523_Arsenal_Brighton,2020-21,2020,2021-05-23,Arsenal,Brighton,2,0,H,0,0,D,,,16,5,5,1,11,3,10,8,0,0,0,0,J Moss
20210523_Leicester_Tottenham,2020-21,2020,2021-05-23,Leicester,Tottenham,2,4,A,1,1,D,,,10,11,6,4,8,7,9,8,0,2,0,0,A Taylor
20210813_Brentford_Arsenal,2021-22,2021,2021-08-13,Brentford,Arsenal,2,0,H,1,0,H,,,8,22,3,4,2,5,12,8,0,0,0,0,M Oliver
20210814_Leicester_Wolves,2021-22,2021,2021-08-14,Leicester,Wolves,1,0,H,1,0,H,,,9,17,5,3,5,4,6,10,1,2,0,0,C Pawson
20210814_Watford_AstonVilla,2021-22,2021,2021-08-14,Watford,Aston Villa,3,2,H,2,0,H,,,13,11,7,2,2,4,18,13,3,1,0,0,M Dean
20210814_Norwich_Liverpool,2021-22,2021,2021-08-14,Norwich,Liverpool,0,3,A,0,1,A,,,14,19,3,8,3,11,4,14,1,1,0,0,A Marriner
20210814_Everton_Southampton,2021-22,2021,2021-08-14,Everton,Southampton,3,1,H,0,1,A,,,14,6,6,3,6,8,13,15,2,0,0,0,A Madley
20210814_Burnley_Brighton,2021-22,2021,2021-08-14,Burnley,Brighton,1,2,A,1,0,H,,,14,14,3,8,7,6,10,7,2,1,0,0,D Coote
20210814_Chelsea_CrystalPalace,2021-22,2021,2021-08-14,Chelsea,Crystal Palace,3,0,H,2,0,H,,,13,4,6,1,5,2,15,11,0,0,0,0,J Moss
20210814_ManUnited_Leeds,2021-22,2021,2021-08-14,Man United,Leeds,5,1,H,1,0,H,,,16,10,8,3,5,4,11,9,1,2,0,0,P Tierney
20210815_Newcastle_WestHam,2021-22,2021,2021-08-15,Newcastle,West Ham,2,4,A,2,1,H,,,17,8,3,9,7,6,4,3,1,0,0,0,M Atkinson
20210815_Tottenham_ManCity,2021-22,2021,2021-08-15,Tottenham,Man City,1,0,H,0,0,D,,,13,18,3,4,3,11,11,8,2,1,0,0,A Taylor
20210821_Liverpool_Burnley,2021-22,2021,2021-08-21,Liverpool,Burnley,2,0,H,1,0,H,,,27,9,9,3,8,4,6,12,0,0,0,0,M Dean
20210821_AstonVilla_Newcastle,2021-22,2021,2021-08-21,Aston Villa,Newcastle,2,0,H,1,0,H,,,10,9,2,1,3,4,8,18,3,4,0,0,D Coote
20210821_CrystalPalace_Brentford,2021-22,2021,2021-08-21,Crystal Palace,Brentford,0,0,D,0,0,D,,,7,14,2,3,3,5,12,9,3,1,0,0,M Atkinson
20210821_Leeds_Everton,2021-22,2021,2021-08-21,Leeds,Everton,2,2,D,1,1,D,,,17,17,4,8,8,5,6,13,2,4,0,0,D England
20210821_ManCity_Norwich,2021-22,2021,2021-08-21,Man City,Norwich,5,0,H,2,0,H,,,16,1,4,0,6,1,13,7,1,0,0,0,G Scott
20210821_Brighton_Watford,2021-22,2021,2021-08-21,Brighton,Watford,2,0,H,2,0,H,,,13,10,3,1,7,2,11,6,4,0,0,0,A Taylor
20210822_Arsenal_Chelsea,2021-22,2021,2021-08-22,Arsenal,Chelsea,0,2,A,0,2,A,,,6,22,3,5,9,8,10,4,3,0,0,0,P Tierney
20210822_Wolves_Tottenham,2021-22,2021,2021-08-22,Wolves,Tottenham,0,1,A,0,1,A,,,25,8,6,6,5,4,9,7,1,4,0,0,S Attwell
20210822_Southampton_ManUnited,2021-22,2021,2021-08-22,Southampton,Man United,1,1,D,1,0,H,,,8,15,3,4,7,7,12,10,2,3,0,0,C Pawson
20210823_WestHam_Leicester,2021-22,2021,2021-08-23,West Ham,Leicester,4,1,H,1,0,H,,,13,5,7,1,10,0,8,8,0,1,0,1,M Oliver
20210828_ManCity_Arsenal,2021-22,2021,2021-08-28,Man City,Arsenal,5,0,H,3,0,H,,,25,1,10,0,14,0,5,7,1,2,0,1,M Atkinson
20210828_AstonVilla_Brentford,2021-22,2021,2021-08-28,Aston Villa,Brentford,1,1,D,1,1,D,,,7,9,5,2,3,2,15,14,3,3,0,0,P Bankes
20210828_Brighton_Everton,2021-22,2021,2021-08-28,Brighton,Everton,0,2,A,0,1,A,,,14,14,3,5,4,5,7,9,1,2,0,0,J Moss
20210828_Newcastle_Southampton,2021-22,2021,2021-08-28,Newcastle,Southampton,2,2,D,0,0,D,,,10,22,5,6,4,4,11,6,3,3,0,0,P Tierney
20210828_Norwich_Leicester,2021-22,2021,2021-08-28,Norwich,Leicester,1,2,A,1,1,D,,,14,9,4,3,9,9,8,9,2,1,0,0,R Jones
20210828_WestHam_CrystalPalace,2021-22,2021,2021-08-28,West Ham,Crystal Palace,2,2,D,1,0,H,,,14,9,4,2,5,3,10,7,1,0,0,0,S Attwell
20210828_Liverpool_Chelsea,2021-22,2021,2021-08-28,Liverpool,Chelsea,1,1,D,1,1,D,,,24,6,7,3,12,3,13,4,0,2,0,1,A Taylor
20210829_Tottenham_Watford,2021-22,2021,2021-08-29,Tottenham,Watford,1,0,H,1,0,H,,,15,9,8,2,10,3,8,14,3,3,0,0,A Marriner
20210829_Wolves_ManUnited,2021-22,2021,2021-08-29,Wolves,Man United,0,1,A,0,0,D,,,15,10,6,3,5,7,7,9,3,4,0,0,M Dean
20210829_Burnley_Leeds,2021-22,2021,2021-08-29,Burnley,Leeds,1,1,D,0,0,D,,,12,12,3,2,5,5,13,9,4,3,0,0,M Oliver
20210911_CrystalPalace_Tottenham,2021-22,2021,2021-09-11,Crystal Palace,Tottenham,3,0,H,0,0,D,,,18,2,4,1,8,2,13,15,2,1,0,1,J Moss
20210911_Arsenal_Norwich,2021-22,2021,2021-09-11,Arsenal,Norwich,1,0,H,0,0,D,,,30,10,7,1,8,4,9,11,1,2,0,0,M Oliver
20210911_Brentford_Brighton,2021-22,2021,2021-09-11,Brentford,Brighton,0,1,A,0,0,D,,,7,4,1,2,1,6,9,12,3,2,0,0,G Scott
20210911_Leicester_ManCity,2021-22,2021,2021-09-11,Leicester,Man City,0,1,A,0,0,D,,,6,25,1,8,5,8,4,11,1,2,0,0,P Tierney
20210911_ManUnited_Newcastle,2021-22,2021,2021-09-11,Man United,Newcastle,4,1,H,1,0,H,,,21,12,7,3,7,3,9,2,1,0,0,0,A Taylor
20210911_Southampton_WestHam,2021-22,2021,2021-09-11,Southampton,West Ham,0,0,D,0,0,D,,,11,13,3,3,5,4,10,12,3,1,0,1,D Coote
20210911_Watford_Wolves,2021-22,2021,2021-09-11,Watford,Wolves,0,2,A,0,0,D,,,6,14,2,5,6,8,15,13,3,3,0,0,P Bankes
20210911_Chelsea_AstonVilla,2021-22,2021,2021-09-11,Chelsea,Aston Villa,3,0,H,1,0,H,,,12,18,4,6,4,11,11,11,1,4,0,0,S Attwell
20210912_Leeds_Liverpool,2021-22,2021,2021-09-12,Leeds,Liverpool,0,3,A,0,1,A,,,9,30,4,9,2,11,9,8,2,1,1,0,C Pawson
20210913_Everton_Burnley,2021-22,2021,2021-09-13,Everton,Burnley,3,1,H,0,0,D,,,14,11,6,6,4,6,3,6,1,1,0,0,M Atkinson
20210917_Newcastle_Leeds,2021-22,2021,2021-09-17,Newcastle,Leeds,1,1,D,1,1,D,,,17,22,7,9,4,5,9,11,2,2,0,0,M Dean
20210918_Wolves_Brentford,2021-22,2021,2021-09-18,Wolves,Brentford,0,2,A,0,2,A,,,11,9,0,3,4,2,10,7,4,2,0,1,D England
20210918_Burnley_Arsenal,2021-22,2021,2021-09-18,Burnley,Arsenal,0,1,A,0,1,A,,,18,13,3,3,8,3,9,8,2,1,0,0,A Taylor
20210918_Liverpool_CrystalPalace,2021-22,2021,2021-09-18,Liverpool,Crystal Palace,3,0,H,1,0,H,,,25,13,10,2,10,5,17,11,3,1,0,0,A Madley
20210918_ManCity_Southampton,2021-22,2021,2021-09-18,Man City,Southampton,0,0,D,0,0,D,,,18,10,1,2,8,5,5,12,0,2,0,0,J Moss
20210918_Norwich_Watford,2021-22,2021,2021-09-18,Norwich,Watford,1,3,A,1,1,D,,,12,12,5,8,4,8,10,14,1,1,0,0,R Jones
20210918_AstonVilla_Everton,2021-22,2021,2021-09-18,Aston Villa,Everton,3,0,H,0,0,D,,,15,11,3,1,5,4,7,10,1,1,0,0,C Pawson
20210919_Brighton_Leicester,2021-22,2021,2021-09-19,Brighton,Leicester,2,1,H,1,0,H,,,12,14,5,3,4,9,8,10,2,1,0,0,S Attwell
20210919_WestHam_ManUnited,2021-22,2021,2021-09-19,West Ham,Man United,1,2,A,1,1,D,,,13,17,4,10,2,11,5,8,0,0,0,0,M Atkinson
20210919_Tottenham_Chelsea,2021-22,2021,2021-09-19,Tottenham,Chelsea,0,3,A,0,0,D,,,8,20,2,10,5,11,4,15,0,1,0,0,P Tierney
20210925_Watford_Newcastle,2021-22,2021,2021-09-25,Watford,Newcastle,1,1,D,0,1,A,,,15,20,4,6,5,6,19,12,4,3,0,0,J Gillett
20210925_Brentford_Liverpool,2021-22,2021,2021-09-25,Brentford,Liverpool,3,3,D,1,1,D,,,12,16,4,6,2,11,8,7,1,1,0,0,S Attwell
20210925_Leicester_Burnley,2021-22,2021,2021-09-25,Leicester,Burnley,2,2,D,1,2,A,,,22,9,5,3,8,4,10,8,2,4,0,0,C Kavanagh
20210925_Leeds_WestHam,2021-22,2021,2021-09-25,Leeds,West Ham,1,2,A,1,0,H,,,15,20,5,7,5,7,10,6,3,2,0,0,K Friend
20210925_Everton_Norwich,2021-22,2021,2021-09-25,Everton,Norwich,2,0,H,1,0,H,,,11,10,4,2,6,4,12,9,2,3,0,0,D Coote
20210925_ManUnited_AstonVilla,2021-22,2021,2021-09-25,Man United,Aston Villa,0,1,A,0,0,D,,,28,7,4,3,5,5,9,13,2,2,0,0,M Dean
20210925_Chelsea_ManCity,2021-22,2021,2021-09-25,Chelsea,Man City,0,1,A,0,0,D,,,5,15,0,4,4,13,12,10,3,2,0,0,M Oliver
20210926_Southampton_Wolves,2021-22,2021,2021-09-26,Southampton,Wolves,0,1,A,0,0,D,,,18,5,6,3,5,5,12,8,0,0,0,0,A Madley
20210926_Arsenal_Tottenham,2021-22,2021,2021-09-26,Arsenal,Tottenham,3,1,H,3,0,H,,,12,10,7,4,4,4,12,13,2,1,0,0,C Pawson
20210927_CrystalPalace_Brighton,2021-22,2021,2021-09-27,Crystal Palace,Brighton,1,1,D,1,0,H,,,8,8,3,4,6,5,12,10,2,3,0,0,A Marriner
20211002_Brighton_Arsenal,2021-22,2021,2021-10-02,Brighton,Arsenal,0,0,D,0,0,D,,,21,8,2,2,8,5,8,5,2,1,0,0,J Moss
20211002_Wolves_Newcastle,2021-22,2021,2021-10-02,Wolves,Newcastle,2,1,H,1,1,D,,,7,8,3,2,0,4,15,5,0,2,0,0,G Scott
20211002_Leeds_Watford,2021-22,2021,2021-10-02,Leeds,Watford,1,0,H,1,0,H,,,20,5,4,1,6,3,10,16,0,3,0,0,S Hooper
20211002_Burnley_Norwich,2021-22,2021,2021-10-02,Burnley,Norwich,0,0,D,0,0,D,,,14,10,4,2,9,5,13,3,5,2,0,0,K Friend
20211002_ManUnited_Everton,2021-22,2021,2021-10-02,Man United,Everton,1,1,D,1,0,H,,,13,12,6,2,10,1,10,9,1,1,0,0,M Oliver
20211002_Chelsea_Southampton,2021-22,2021,2021-10-02,Chelsea,Southampton,3,1,H,1,0,H,,,20,6,9,2,7,2,11,13,1,3,0,1,M Atkinson
20211003_CrystalPalace_Leicester,2021-22,2021,2021-10-03,Crystal Palace,Leicester,2,2,D,0,2,A,,,18,9,4,5,1,3,15,11,2,3,0,0,A Taylor
20211003_Tottenham_AstonVilla,2021-22,2021,2021-10-03,Tottenham,Aston Villa,2,1,H,1,0,H,,,17,14,8,3,5,8,11,14,2,1,0,0,C Kavanagh
20211003_WestHam_Brentford,2021-22,2021,2021-10-03,West Ham,Brentford,1,2,A,0,1,A,,,18,13,5,6,11,6,16,13,2,3,0,0,P Bankes
20211003_Liverpool_ManCity,2021-22,2021,2021-10-03,Liverpool,Man City,2,2,D,0,0,D,,,6,12,4,3,3,4,10,12,3,3,0,0,P Tierney
20211016_Norwich_Brighton,2021-22,2021,2021-10-16,Norwich,Brighton,0,0,D,0,0,D,,,15,11,3,3,8,4,5,14,3,5,0,0,P Bankes
20211016_Southampton_Leeds,2021-22,2021,2021-10-16,Southampton,Leeds,1,0,H,0,0,D,,,19,3,5,0,8,1,16,14,2,3,0,0,D Coote
20211016_ManCity_Burnley,2021-22,2021,2021-10-16,Man City,Burnley,2,0,H,1,0,H,,,15,7,6,2,6,2,11,5,1,0,0,0,M Atkinson
20211016_Brentford_Chelsea,2021-22,2021,2021-10-16,Brentford,Chelsea,0,1,A,0,1,A,,,17,5,7,1,5,5,13,8,1,1,0,0,A Taylor
20211016_AstonVilla_Wolves,2021-22,2021,2021-10-16,Aston Villa,Wolves,2,3,A,0,0,D,,,14,9,5,4,6,7,8,17,2,3,0,0,M Oliver
20211016_Watford_Liverpool,2021-22,2021,2021-10-16,Watford,Liverpool,0,5,A,0,2,A,,,6,19,2,8,1,9,4,10,0,0,0,0,J Moss
20211016_Leicester_ManUnited,2021-22,2021,2021-10-16,Leicester,Man United,4,2,H,1,1,D,,,22,18,11,6,4,3,5,17,0,3,0,0,C Pawson
20211017_Everton_WestHam,2021-22,2021,2021-10-17,Everton,West Ham,0,1,A,0,0,D,,,15,16,2,4,7,9,3,3,0,2,0,0,S Attwell
20211017_Newcastle_Tottenham,2021-22,2021,2021-10-17,Newcastle,Tottenham,2,3,A,1,3,A,,,7,14,1,4,2,9,13,4,4,1,1,0,A Marriner
20211018_Arsenal_CrystalPalace,2021-22,2021,2021-10-18,Arsenal,Crystal Palace,2,2,D,1,0,H,,,17,9,6,6,6,4,7,4,1,1,0,0,M Dean
20211022_Arsenal_AstonVilla,2021-22,2021,2021-10-22,Arsenal,Aston Villa,3,1,H,2,0,H,,,22,10,9,4,7,4,17,10,2,5,0,0,C Pawson
20211023_Southampton_Burnley,2021-22,2021,2021-10-23,Southampton,Burnley,2,2,D,1,1,D,,,16,9,4,5,6,2,10,11,1,3,0,0,C Kavanagh
20211023_Leeds_Wolves,2021-22,2021,2021-10-23,Leeds,Wolves,1,1,D,0,1,A,,,18,8,4,4,6,3,15,14,2,3,0,0,R Jones
20211023_Brighton_ManCity,2021-22,2021,2021-10-23,Brighton,Man City,1,4,A,0,3,A,,,10,23,5,14,7,6,10,6,2,3,0,0,K Friend
20211023_CrystalPalace_Newcastle,2021-22,2021,2021-10-23,Crystal Palace,Newcastle,1,1,D,0,0,D,,,15,6,3,2,3,7,13,9,3,4,0,0,D England
20211023_Chelsea_Norwich,2021-22,2021,2021-10-23,Chelsea,Norwich,7,0,H,3,0,H,,,23,3,13,1,5,0,14,16,0,2,0,1,A Madley
20211023_Everton_Watford,2021-22,2021,2021-10-23,Everton,Watford,2,5,A,1,1,D,,,15,20,4,8,3,5,9,13,4,3,0,0,G Scott
20211024_Brentford_Leicester,2021-22,2021,2021-10-24,Brentford,Leicester,1,2,A,0,1,A,,,15,10,5,6,9,2,13,7,1,1,0,0,S Hooper
20211024_WestHam_Tottenham,2021-22,2021,2021-10-24,West Ham,Tottenham,1,0,H,0,0,D,,,13,7,4,4,2,4,11,4,2,1,0,0,P Tierney
20211024_ManUnited_Liverpool,2021-22,2021,2021-10-24,Man United,Liverpool,0,5,A,0,4,A,,,12,19,4,8,6,3,10,8,6,0,1,0,A Taylor
20211030_Leicester_Arsenal,2021-22,2021,2021-10-30,Leicester,Arsenal,0,2,A,0,2,A,,,16,9,8,5,7,6,8,11,2,0,0,0,M Oliver
20211030_Burnley_Brentford,2021-22,2021,2021-10-30,Burnley,Brentford,3,1,H,3,0,H,,,15,12,6,5,4,2,7,10,1,1,0,0,J Moss
20211030_Liverpool_Brighton,2021-22,2021,2021-10-30,Liverpool,Brighton,2,2,D,2,1,H,,,14,9,3,6,5,3,8,5,2,2,0,0,M Dean
20211030_ManCity_CrystalPalace,2021-22,2021,2021-10-30,Man City,Crystal Palace,0,2,A,0,1,A,,,14,8,3,3,7,1,11,11,2,3,1,0,A Marriner
20211030_Newcastle_Chelsea,2021-22,2021,2021-10-30,Newcastle,Chelsea,0,3,A,0,0,D,,,6,19,1,6,0,2,14,12,3,2,0,0,P Tierney
20211030_Watford_Southampton,2021-22,2021,2021-10-30,Watford,Southampton,0,1,A,0,1,A,,,10,12,4,1,5,8,16,6,2,2,0,0,P Bankes
20211030_Tottenham_ManUnited,2021-22,2021,2021-10-30,Tottenham,Man United,0,3,A,0,1,A,,,9,10,0,4,10,2,12,14,2,3,0,0,S Attwell
20211031_AstonVilla_WestHam,2021-22,2021,2021-10-31,Aston Villa,West Ham,1,4,A,1,2,A,,,9,21,3,9,3,6,7,13,1,2,1,0,C Kavanagh
20211031_Norwich_Leeds,2021-22,2021,2021-10-31,Norwich,Leeds,1,2,A,0,0,D,,,14,13,3,6,5,0,14,23,1,4,0,0,A Taylor
20211101_Wolves_Everton,2021-22,2021,2021-11-01,Wolves,Everton,2,1,H,2,0,H,,,10,14,4,5,4,3,10,8,1,1,0,0,M Atkinson
20211105_Southampton_AstonVilla,2021-22,2021,2021-11-05,Southampton,Aston Villa,1,0,H,1,0,H,,,9,14,3,3,10,8,12,12,2,2,0,0,A Madley
20211106_Brighton_Newcastle,2021-22,2021,2021-11-06,Brighton,Newcastle,1,1,D,1,0,H,,,14,6,5,1,2,5,16,10,3,4,1,0,D Coote
20211106_CrystalPalace_Wolves,2021-22,2021,2021-11-06,Crystal Palace,Wolves,2,0,H,0,0,D,,,13,4,6,2,4,6,14,13,2,1,0,0,G Scott
20211106_ManUnited_ManCity,2021-22,2021,2021-11-06,Man United,Man City,0,2,A,0,2,A,,,5,16,1,5,1,9,9,12,1,2,0,0,M Oliver
20211106_Brentford_Norwich,2021-22,2021,2021-11-06,Brentford,Norwich,1,2,A,0,2,A,,,19,9,7,5,6,2,12,13,2,3,0,0,J Gillett
20211106_Chelsea_Burnley,2021-22,2021,2021-11-06,Chelsea,Burnley,1,1,D,1,0,H,,,25,5,4,2,14,2,6,9,1,4,0,0,A Marriner
20211107_Arsenal_Watford,2021-22,2021,2021-11-07,Arsenal,Watford,1,0,H,0,0,D,,,14,7,6,1,4,2,6,19,4,2,0,1,K Friend
20211107_Everton_Tottenham,2021-22,2021,2021-11-07,Everton,Tottenham,0,0,D,0,0,D,,,12,8,2,0,4,2,13,17,2,4,1,0,C Kavanagh
20211107_Leeds_Leicester,2021-22,2021,2021-11-07,Leeds,Leicester,1,1,D,1,1,D,,,18,9,5,3,10,5,12,5,1,1,0,0,D England
20211107_WestHam_Liverpool,2021-22,2021,2021-11-07,West Ham,Liverpool,3,2,H,1,1,D,,,7,16,3,5,3,2,11,6,1,1,0,0,C Pawson
20211120_Liverpool_Arsenal,2021-22,2021,2021-11-20,Liverpool,Arsenal,4,0,H,1,0,H,,,19,5,9,3,6,1,15,12,2,0,0,0,M Oliver
20211120_Wolves_WestHam,2021-22,2021,2021-11-20,Wolves,West Ham,1,0,H,0,0,D,,,15,8,5,3,7,3,6,9,1,1,0,0,M Dean
20211120_Norwich_Southampton,2021-22,2021,2021-11-20,Norwich,Southampton,2,1,H,1,1,D,,,8,17,4,5,5,7,8,9,3,2,0,0,M Atkinson
20211120_Watford_ManUnited,2021-22,2021,2021-11-20,Watford,Man United,4,1,H,2,0,H,,,20,9,7,3,9,3,7,5,2,1,0,1,J Moss
20211120_Burnley_CrystalPalace,2021-22,2021,2021-11-20,Burnley,Crystal Palace,3,3,D,2,3,A,,,15,18,9,8,3,6,14,15,2,3,0,0,S Hooper
20211120_AstonVilla_Brighton,2021-22,2021,2021-11-20,Aston Villa,Brighton,2,0,H,0,0,D,,,9,6,5,2,5,7,7,13,3,3,0,0,A Taylor
20211120_Leicester_Chelsea,2021-22,2021,2021-11-20,Leicester,Chelsea,0,3,A,0,2,A,,,4,16,3,7,3,5,15,8,3,1,0,0,P Tierney
20211120_Newcastle_Brentford,2021-22,2021,2021-11-20,Newcastle,Brentford,3,3,D,2,2,D,,,23,10,9,4,8,2,13,11,2,2,0,0,R Jones
20211121_ManCity_Everton,2021-22,2021,2021-11-21,Man City,Everton,3,0,H,1,0,H,,,17,4,7,1,7,1,5,7,1,1,0,0,S Attwell
20211121_Tottenham_Leeds,2021-22,2021,2021-11-21,Tottenham,Leeds,2,1,H,0,1,A,,,13,18,4,7,4,8,11,12,1,4,0,0,A Marriner
20211127_Arsenal_Newcastle,2021-22,2021,2021-11-27,Arsenal,Newcastle,2,0,H,0,0,D,,,24,9,6,5,4,4,6,12,1,3,0,0,S Attwell
20211127_CrystalPalace_AstonVilla,2021-22,2021,2021-11-27,Crystal Palace,Aston Villa,1,2,A,0,1,A,,,8,10,3,3,7,3,12,10,3,3,0,0,M Salisbury
20211127_Liverpool_Southampton,2021-22,2021,2021-11-27,Liverpool,Southampton,4,0,H,3,0,H,,,20,7,6,3,5,7,7,14,0,1,0,0,A Marriner
20211127_Norwich_Wolves,2021-22,2021,2021-11-27,Norwich,Wolves,0,0,D,0,0,D,,,14,5,4,2,4,3,11,10,2,2,0,0,S Hooper
20211127_Brighton_Leeds,2021-22,2021,2021-11-27,Brighton,Leeds,0,0,D,0,0,D,,,20,11,4,4,6,1,12,14,1,3,0,0,C Pawson
20211128_Chelsea_ManUnited,2021-22,2021,2021-11-28,Chelsea,Man United,1,1,D,0,0,D,,,24,3,6,2,15,2,13,14,2,5,0,0,A Taylor
20211128_ManCity_WestHam,2021-22,2021,2021-11-28,Man City,West Ham,2,1,H,1,0,H,,,19,5,9,3,8,4,7,6,2,0,0,0,M Oliver
20211128_Leicester_Watford,2021-22,2021,2021-11-28,Leicester,Watford,4,2,H,3,1,H,,,18,16,8,5,8,6,5,19,0,0,0,0,A Madley
20211128_Brentford_Everton,2021-22,2021,2021-11-28,Brentford,Everton,1,0,H,1,0,H,,,6,14,4,5,3,3,8,11,4,3,0,0,D England
20211130_Newcastle_Norwich,2021-22,2021,2021-11-30,Newcastle,Norwich,1,1,D,0,0,D,,,9,16,1,6,2,5,8,11,0,0,0,1,A Madley
20211130_Leeds_CrystalPalace,2021-22,2021,2021-11-30,Leeds,Crystal Palace,1,0,H,0,0,D,,,15,9,3,1,7,4,15,15,5,3,0,0,K Friend
20211201_Southampton_Leicester,2021-22,2021,2021-12-01,Southampton,Leicester,2,2,D,2,1,H,,,15,15,7,6,2,4,14,11,1,3,0,0,R Jones
20211201_Watford_Chelsea,2021-22,2021,2021-12-01,Watford,Chelsea,1,2,A,1,1,D,,,13,8,6,4,6,0,18,16,4,3,0,0,D Coote
20211201_WestHam_Brighton,2021-22,2021,2021-12-01,West Ham,Brighton,1,1,D,1,0,H,,,14,9,6,3,9,5,10,8,1,1,0,0,C Kavanagh
20211201_Wolves_Burnley,2021-22,2021,2021-12-01,Wolves,Burnley,0,0,D,0,0,D,,,16,6,2,1,5,5,5,7,2,3,0,0,J Brooks
20211201_AstonVilla_ManCity,2021-22,2021,2021-12-01,Aston Villa,Man City,1,2,A,0,2,A,,,9,17,3,7,4,11,8,12,0,0,0,0,M Dean
20211201_Everton_Liverpool,2021-22,2021,2021-12-01,Everton,Liverpool,1,4,A,1,2,A,,,8,16,2,7,3,11,8,16,4,3,0,0,P Tierney
20211202_ManUnited_Arsenal,2021-22,2021,2021-12-02,Man United,Arsenal,3,2,H,1,1,D,,,14,17,10,8,3,8,9,10,1,0,0,0,M Atkinson
20211202_Tottenham_Brentford,2021-22,2021,2021-12-02,Tottenham,Brentford,2,0,H,1,0,H,,,11,6,6,2,11,5,13,11,0,0,0,0,J Moss
20211204_WestHam_Chelsea,2021-22,2021,2021-12-04,West Ham,Chelsea,3,2,H,1,2,A,,,11,19,5,7,1,9,10,10,1,3,0,0,A Marriner
20211204_Newcastle_Burnley,2021-22,2021,2021-12-04,Newcastle,Burnley,1,0,H,1,0,H,,,19,10,4,1,10,3,11,9,1,1,0,0,P Tierney
20211204_Southampton_Brighton,2021-22,2021,2021-12-04,Southampton,Brighton,1,1,D,1,0,H,,,14,14,4,4,6,2,15,12,4,2,0,0,A Taylor
20211204_Wolves_Liverpool,2021-22,2021,2021-12-04,Wolves,Liverpool,0,1,A,0,0,D,,,3,17,1,5,2,8,4,7,2,2,0,0,C Kavanagh
20211204_Watford_ManCity,2021-22,2021,2021-12-04,Watford,Man City,1,3,A,0,2,A,,,11,26,4,13,5,11,10,7,3,0,0,0,S Hooper
20211205_AstonVilla_Leicester,2021-22,2021,2021-12-05,Aston Villa,Leicester,2,1,H,1,1,D,,,13,12,4,5,3,6,8,25,1,1,0,0,M Oliver
20211205_Leeds_Brentford,2021-22,2021,2021-12-05,Leeds,Brentford,2,2,D,1,0,H,,,13,9,6,3,5,1,11,9,5,3,0,0,D Coote
20211205_ManUnited_CrystalPalace,2021-22,2021,2021-12-05,Man United,Crystal Palace,1,0,H,0,0,D,,,16,8,3,2,9,6,16,9,2,2,0,0,C Pawson
20211205_Tottenham_Norwich,2021-22,2021,2021-12-05,Tottenham,Norwich,3,0,H,1,0,H,,,17,10,7,1,6,4,11,4,1,2,0,0,J Gillett
20211206_Everton_Arsenal,2021-22,2021,2021-12-06,Everton,Arsenal,2,1,H,0,1,A,,,11,10,5,3,3,3,8,12,2,2,0,0,M Dean
20211210_Brentford_Watford,2021-22,2021,2021-12-10,Brentford,Watford,2,1,H,0,1,A,,,14,6,5,2,8,2,12,18,4,0,0,0,M Oliver
20211211_ManCity_Wolves,2021-22,2021,2021-12-11,Man City,Wolves,1,0,H,0,0,D,,,24,2,10,1,14,1,12,5,3,2,0,1,J Moss
20211211_Arsenal_Southampton,2021-22,2021,2021-12-11,Arsenal,Southampton,3,0,H,2,0,H,,,15,11,5,6,9,8,5,9,2,0,0,0,J Gillett
20211211_Chelsea_Leeds,2021-22,2021,2021-12-11,Chelsea,Leeds,3,2,H,1,1,D,,,16,12,6,5,5,2,9,15,2,5,0,0,C Kavanagh
20211211_Liverpool_AstonVilla,2021-22,2021,2021-12-11,Liverpool,Aston Villa,1,0,H,0,0,D,,,20,4,5,0,11,3,13,6,1,2,0,0,S Attwell
20211211_Norwich_ManUnited,2021-22,2021,2021-12-11,Norwich,Man United,0,1,A,0,0,D,,,11,13,5,5,8,6,6,17,1,1,0,0,D England
20211212_Burnley_WestHam,2021-22,2021,2021-12-12,Burnley,West Ham,0,0,D,0,0,D,,,9,16,1,3,6,4,13,11,2,1,0,0,G Scott
20211212_Leicester_Newcastle,2021-22,2021,2021-12-12,Leicester,Newcastle,4,0,H,1,0,H,,,8,12,5,3,4,6,9,16,2,3,0,0,P Bankes
20211212_CrystalPalace_Everton,2021-22,2021,2021-12-12,Crystal Palace,Everton,3,1,H,1,0,H,,,17,12,6,6,8,2,15,14,0,2,0,0,A Madley
20211214_Norwich_AstonVilla,2021-22,2021,2021-12-14,Norwich,Aston Villa,0,2,A,0,1,A,,,7,17,3,6,7,10,12,9,3,1,0,0,D Coote
20211214_ManCity_Leeds,2021-22,2021,2021-12-14,Man City,Leeds,7,0,H,3,0,H,,,31,6,15,3,6,2,5,9,1,1,0,0,P Tierney
20211215_Arsenal_WestHam,2021-22,2021,2021-12-15,Arsenal,West Ham,2,0,H,0,0,D,,,21,7,8,1,5,2,8,9,2,0,0,1,A Taylor
20211215_Brighton_Wolves,2021-22,2021,2021-12-15,Brighton,Wolves,0,1,A,0,1,A,,,12,8,2,5,7,4,11,14,2,0,0,0,T Harrington
20211215_CrystalPalace_Southampton,2021-22,2021,2021-12-15,Crystal Palace,Southampton,2,2,D,1,2,A,,,9,15,6,4,4,6,16,20,2,4,0,0,S Hooper
20211216_Chelsea_Everton,2021-22,2021,2021-12-16,Chelsea,Everton,1,1,D,0,0,D,,,23,5,10,3,7,1,11,11,2,3,0,0,M Oliver
20211216_Liverpool_Newcastle,2021-22,2021,2021-12-16,Liverpool,Newcastle,3,1,H,2,1,H,,,23,4,8,2,11,0,9,4,1,3,0,0,M Dean
20211218_Leeds_Arsenal,2021-22,2021,2021-12-18,Leeds,Arsenal,1,4,A,0,3,A,,,9,21,2,12,1,4,11,7,3,1,0,0,A Marriner
20211219_Newcastle_ManCity,2021-22,2021,2021-12-19,Newcastle,Man City,0,4,A,0,2,A,,,5,18,1,7,3,6,9,6,1,2,0,0,M Atkinson
20211219_Wolves_Chelsea,2021-22,2021,2021-12-19,Wolves,Chelsea,0,0,D,0,0,D,,,4,8,1,1,4,9,9,7,0,2,0,0,D Coote
20211219_Tottenham_Liverpool,2021-22,2021,2021-12-19,Tottenham,Liverpool,2,2,D,1,1,D,,,10,18,5,6,6,4,12,11,4,4,0,1,P Tierney
20211226_Brighton_Brentford,2021-22,2021,2021-12-26,Brighton,Brentford,2,0,H,2,0,H,,,15,16,5,6,6,9,8,10,1,3,0,0,D England
20211226_AstonVilla_Chelsea,2021-22,2021,2021-12-26,Aston Villa,Chelsea,1,3,A,1,1,D,,,8,10,1,4,2,5,8,11,3,1,0,0,M Atkinson
20211226_WestHam_Southampton,2021-22,2021,2021-12-26,West Ham,Southampton,2,3,A,0,1,A,,,11,11,5,6,10,2,10,9,2,3,0,0,K Friend
20211226_Norwich_Arsenal,2021-22,2021,2021-12-26,Norwich,Arsenal,0,5,A,0,2,A,,,4,16,2,6,3,5,13,7,1,2,0,0,G Scott
20211226_ManCity_Leicester,2021-22,2021,2021-12-26,Man City,Leicester,6,3,H,4,0,H,,,17,14,9,8,14,4,11,9,1,2,0,0,C Kavanagh
20211226_Tottenham_CrystalPalace,2021-22,2021,2021-12-26,Tottenham,Crystal Palace,3,0,H,2,0,H,,,17,4,6,0,4,2,16,10,1,1,0,1,J Moss
20211227_Newcastle_ManUnited,2021-22,2021,2021-12-27,Newcastle,Man United,1,1,D,1,0,H,,,13,13,8,4,2,4,11,8,3,3,0,0,C Pawson
20211228_CrystalPalace_Norwich,2021-22,2021,2021-12-28,Crystal Palace,Norwich,3,0,H,3,0,H,,,19,12,6,3,8,8,9,13,1,2,0,0,P Tierney
20211228_Southampton_Tottenham,2021-22,2021,2021-12-28,Southampton,Tottenham,1,1,D,1,1,D,,,9,21,2,11,3,7,15,5,2,2,1,0,A Taylor
20211228_Watford_WestHam,2021-22,2021,2021-12-28,Watford,West Ham,1,4,A,1,2,A,,,14,13,5,6,4,5,12,12,0,1,0,0,D England
20211228_Leicester_Liverpool,2021-22,2021,2021-12-28,Leicester,Liverpool,1,0,H,0,0,D,,,6,21,1,4,1,12,8,11,0,1,0,0,M Oliver
20211229_Chelsea_Brighton,2021-22,2021,2021-12-29,Chelsea,Brighton,1,1,D,1,0,H,,,11,18,5,6,10,8,14,7,4,1,0,0,M Dean
20211229_Brentford_ManCity,2021-22,2021,2021-12-29,Brentford,Man City,0,1,A,0,1,A,,,6,12,2,3,3,5,12,10,0,0,0,0,D Coote
20211230_ManUnited_Burnley,2021-22,2021,2021-12-30,Man United,Burnley,3,1,H,3,1,H,,,18,10,6,3,7,5,5,10,0,0,0,0,J Moss
20220101_CrystalPalace_WestHam,2021-22,2021,2022-01-01,Crystal Palace,West Ham,2,3,A,0,3,A,,,22,10,6,5,9,1,6,16,0,2,0,0,D England
20220101_Arsenal_ManCity,2021-22,2021,2022-01-01,Arsenal,Man City,1,2,A,1,0,H,,,7,15,2,2,5,5,13,5,3,2,1,0,S Attwell
20220101_Watford_Tottenham,2021-22,2021,2022-01-01,Watford,Tottenham,0,1,A,0,0,D,,,6,21,4,9,3,7,6,9,0,1,0,0,R Jones
20220102_Brentford_AstonVilla,2021-22,2021,2022-01-02,Brentford,Aston Villa,2,1,H,1,1,D,,,10,16,4,5,3,7,17,11,2,2,0,0,C Pawson
20220102_Everton_Brighton,2021-22,2021,2022-01-02,Everton,Brighton,2,3,A,0,2,A,,,17,12,6,5,8,5,5,12,1,1,0,0,J Brooks
20220102_Leeds_Burnley,2021-22,2021,2022-01-02,Leeds,Burnley,3,1,H,1,0,H,,,22,8,7,2,9,3,11,7,2,1,0,0,P Tierney
20220102_Chelsea_Liverpool,2021-22,2021,2022-01-02,Chelsea,Liverpool,2,2,D,2,2,D,,,15,10,6,6,6,7,5,13,1,2,0,0,A Taylor
20220103_ManUnited_Wolves,2021-22,2021,2022-01-03,Man United,Wolves,0,1,A,0,0,D,,,9,19,2,6,3,8,9,8,3,1,0,0,M Dean
20220111_Southampton_Brentford,2021-22,2021,2022-01-11,Southampton,Brentford,4,1,H,2,1,H,,,12,5,6,4,5,2,9,8,0,1,0,0,S Attwell
20220112_WestHam_Norwich,2021-22,2021,2022-01-12,West Ham,Norwich,2,0,H,1,0,H,,,13,7,5,3,11,2,9,8,0,0,0,0,S Hooper
20220114_Brighton_CrystalPalace,2021-22,2021,2022-01-14,Brighton,Crystal Palace,1,1,D,0,0,D,,,19,3,4,1,9,0,11,7,0,2,0,0,R Jones
20220115_Wolves_Southampton,2021-22,2021,2022-01-15,Wolves,Southampton,3,1,H,1,0,H,,,9,13,5,10,2,10,13,14,2,3,0,0,M Salisbury
20220115_AstonVilla_ManUnited,2021-22,2021,2022-01-15,Aston Villa,Man United,2,2,D,0,1,A,,,13,13,9,6,3,6,8,13,1,2,0,0,D Coote
20220115_Norwich_Everton,2021-22,2021,2022-01-15,Norwich,Everton,2,1,H,2,0,H,,,14,12,3,5,8,8,12,14,3,1,0,0,A Madley
20220115_ManCity_Chelsea,2021-22,2021,2022-01-15,Man City,Chelsea,1,0,H,0,0,D,,,11,4,6,1,9,1,11,6,0,2,0,0,C Pawson
20220115_Newcastle_Watford,2021-22,2021,2022-01-15,Newcastle,Watford,1,1,D,0,0,D,,,12,18,1,5,4,6,13,13,3,2,0,0,P Tierney
20220116_Liverpool_Brentford,2021-22,2021,2022-01-16,Liverpool,Brentford,3,0,H,1,0,H,,,27,6,13,1,9,0,6,6,0,1,0,0,J Moss
20220116_WestHam_Leeds,2021-22,2021,2022-01-16,West Ham,Leeds,2,3,A,1,2,A,,,15,18,5,5,4,3,6,9,3,2,0,0,M Dean
20220118_Brighton_Chelsea,2021-22,2021,2022-01-18,Brighton,Chelsea,1,1,D,0,1,A,,,10,15,2,3,5,7,8,5,1,2,0,0,K Friend
20220119_Leicester_Tottenham,2021-22,2021,2022-01-19,Leicester,Tottenham,2,3,A,1,1,D,,,14,27,4,10,3,8,6,12,1,2,0,0,J Moss
20220119_Brentford_ManUnited,2021-22,2021,2022-01-19,Brentford,Man United,1,3,A,0,0,D,,,18,13,8,5,6,9,7,9,0,0,0,0,A Marriner
20220121_Watford_Norwich,2021-22,2021,2022-01-21,Watford,Norwich,0,3,A,0,0,D,,,15,7,4,2,5,1,16,11,0,1,1,0,M Dean
20220122_Southampton_ManCity,2021-22,2021,2022-01-22,Southampton,Man City,1,1,D,1,0,H,,,7,20,3,5,2,11,13,5,3,0,0,0,S Hooper
20220122_Leeds_Newcastle,2021-22,2021,2022-01-22,Leeds,Newcastle,0,1,A,0,0,D,,,13,15,4,3,6,7,9,9,4,2,0,0,C Kavanagh
20220122_ManUnited_WestHam,2021-22,2021,2022-01-22,Man United,West Ham,1,0,H,0,0,D,,,18,6,3,1,3,3,9,8,1,1,0,0,J Moss
20220122_Everton_AstonVilla,2021-22,2021,2022-01-22,Everton,Aston Villa,0,1,A,0,1,A,,,15,8,1,3,9,2,14,16,5,3,0,0,C Pawson
20220122_Brentford_Wolves,2021-22,2021,2022-01-22,Brentford,Wolves,1,2,A,0,0,D,,,11,7,1,2,6,3,6,7,2,3,0,0,P Bankes
20220123_Arsenal_Burnley,2021-22,2021,2022-01-23,Arsenal,Burnley,0,0,D,0,0,D,,,20,10,5,1,12,4,9,13,0,2,0,0,D Coote
20220123_CrystalPalace_Liverpool,2021-22,2021,2022-01-23,Crystal Palace,Liverpool,1,3,A,0,2,A,,,8,15,5,7,2,5,12,10,4,1,0,0,K Friend
20220123_Leicester_Brighton,2021-22,2021,2022-01-23,Leicester,Brighton,1,1,D,0,0,D,,,15,14,5,5,4,5,6,8,0,1,0,0,M Atkinson
20220123_Chelsea_Tottenham,2021-22,2021,2022-01-23,Chelsea,Tottenham,2,0,H,0,0,D,,,15,6,7,3,10,3,17,14,2,1,0,0,P Tierney
20220205_Burnley_Watford,2021-22,2021,2022-02-05,Burnley,Watford,0,0,D,0,0,D,,,13,11,2,5,4,7,16,9,1,2,0,0,C Pawson
20220208_Newcastle_Everton,2021-22,2021,2022-02-08,Newcastle,Everton,3,1,H,1,1,D,,,20,11,9,3,6,2,13,13,2,3,0,0,A Taylor
20220208_WestHam_Watford,2021-22,2021,2022-02-08,West Ham,Watford,1,0,H,0,0,D,,,9,6,3,1,5,6,1,6,1,0,0,0,M Atkinson
20220208_Burnley_ManUnited,2021-22,2021,2022-02-08,Burnley,Man United,1,1,D,0,1,A,,,9,22,3,5,2,10,11,10,2,1,0,0,M Dean
20220209_AstonVilla_Leeds,2021-22,2021,2022-02-09,Aston Villa,Leeds,3,3,D,3,2,H,,,12,16,4,8,6,11,11,9,1,3,1,0,J Gillett
20220209_Tottenham_Southampton,2021-22,2021,2022-02-09,Tottenham,Southampton,2,3,A,1,1,D,,,8,23,3,10,2,8,7,13,2,3,0,0,D Coote
20220209_Norwich_CrystalPalace,2021-22,2021,2022-02-09,Norwich,Crystal Palace,1,1,D,1,0,H,,,5,13,1,5,4,6,11,15,1,2,0,0,P Tierney
20220209_ManCity_Brentford,2021-22,2021,2022-02-09,Man City,Brentford,2,0,H,1,0,H,,,15,6,7,2,9,3,7,13,0,0,0,0,D England
20220210_Liverpool_Leicester,2021-22,2021,2022-02-10,Liverpool,Leicester,2,0,H,1,0,H,,,22,5,11,1,7,6,11,7,1,0,0,0,C Kavanagh
20220210_Wolves_Arsenal,2021-22,2021,2022-02-10,Wolves,Arsenal,0,1,A,0,1,A,,,15,12,4,2,7,4,12,13,2,3,0,1,M Oliver
20220212_ManUnited_Southampton,2021-22,2021,2022-02-12,Man United,Southampton,1,1,D,1,0,H,,,12,13,8,4,1,4,12,13,4,0,0,0,S Attwell
20220212_Brentford_CrystalPalace,2021-22,2021,2022-02-12,Brentford,Crystal Palace,0,0,D,0,0,D,,,9,6,2,3,3,9,10,10,1,0,0,0,S Hooper
20220212_Everton_Leeds,2021-22,2021,2022-02-12,Everton,Leeds,3,0,H,2,0,H,,,21,7,10,0,5,3,8,9,1,1,0,0,G Scott
20220212_Watford_Brighton,2021-22,2021,2022-02-12,Watford,Brighton,0,2,A,0,1,A,,,9,11,1,6,4,5,16,9,3,2,0,0,J Moss
20220212_Norwich_ManCity,2021-22,2021,2022-02-12,Norwich,Man City,0,4,A,0,1,A,,,8,22,3,9,4,12,7,8,0,2,0,0,A Marriner
20220213_Leicester_WestHam,2021-22,2021,2022-02-13,Leicester,West Ham,2,2,D,1,1,D,,,13,8,2,3,5,4,10,9,1,2,0,0,M Oliver
20220213_Tottenham_Wolves,2021-22,2021,2022-02-13,Tottenham,Wolves,0,2,A,0,2,A,,,17,11,7,7,7,3,13,13,3,1,0,0,K Friend
20220213_Burnley_Liverpool,2021-22,2021,2022-02-13,Burnley,Liverpool,0,1,A,0,1,A,,,8,12,5,4,5,8,7,6,0,1,0,0,M Atkinson
20220213_Newcastle_AstonVilla,2021-22,2021,2022-02-13,Newcastle,Aston Villa,1,0,H,1,0,H,,,10,11,2,1,3,6,22,15,3,4,0,0,C Pawson
20220215_ManUnited_Brighton,2021-22,2021,2022-02-15,Man United,Brighton,2,0,H,0,0,D,,,19,10,7,3,10,2,8,10,3,1,0,1,P Bankes
20220219_Southampton_Everton,2021-22,2021,2022-02-19,Southampton,Everton,2,0,H,0,0,D,,,19,9,11,0,4,4,6,9,0,2,0,0,A Madley
20220219_WestHam_Newcastle,2021-22,2021,2022-02-19,West Ham,Newcastle,1,1,D,1,1,D,,,11,14,3,3,3,7,3,7,3,3,0,0,C Kavanagh
20220219_Arsenal_Brentford,2021-22,2021,2022-02-19,Arsenal,Brentford,2,1,H,0,0,D,,,24,6,8,2,14,0,10,5,1,1,0,0,J Moss
20220219_AstonVilla_Watford,2021-22,2021,2022-02-19,Aston Villa,Watford,0,1,A,0,0,D,,,20,8,1,4,10,5,12,7,1,2,0,0,R Jones
20220219_Brighton_Burnley,2021-22,2021,2022-02-19,Brighton,Burnley,0,3,A,0,2,A,,,11,10,1,4,4,4,12,12,1,4,0,0,K Friend
20220219_CrystalPalace_Chelsea,2021-22,2021,2022-02-19,Crystal Palace,Chelsea,0,1,A,0,0,D,,,7,9,0,3,4,4,4,20,1,3,0,0,D Coote
20220219_Liverpool_Norwich,2021-22,2021,2022-02-19,Liverpool,Norwich,3,1,H,0,0,D,,,29,6,8,1,9,4,7,8,0,1,0,0,M Dean
20220219_ManCity_Tottenham,2021-22,2021,2022-02-19,Man City,Tottenham,2,3,A,1,1,D,,,21,6,4,5,10,0,5,7,0,3,0,0,A Taylor
20220220_Wolves_Leicester,2021-22,2021,2022-02-20,Wolves,Leicester,2,1,H,1,1,D,,,11,17,3,7,7,10,12,9,4,4,0,0,C Pawson
20220220_Leeds_ManUnited,2021-22,2021,2022-02-20,Leeds,Man United,2,4,A,0,2,A,,,16,15,6,9,3,3,13,19,6,3,0,0,P Tierney
20220223_Burnley_Tottenham,2021-22,2021,2022-02-23,Burnley,Tottenham,1,0,H,0,0,D,,,15,12,4,2,3,7,8,8,0,0,0,0,G Scott
20220223_Watford_CrystalPalace,2021-22,2021,2022-02-23,Watford,Crystal Palace,1,4,A,1,2,A,,,8,7,1,5,6,4,12,9,2,1,0,0,A Marriner
20220223_Liverpool_Leeds,2021-22,2021,2022-02-23,Liverpool,Leeds,6,0,H,3,0,H,,,23,3,15,2,4,0,5,11,0,3,0,0,M Oliver
20220224_Arsenal_Wolves,2021-22,2021,2022-02-24,Arsenal,Wolves,2,1,H,0,1,A,,,26,6,5,2,5,4,8,9,1,1,0,0,M Atkinson
20220225_Southampton_Norwich,2021-22,2021,2022-02-25,Southampton,Norwich,2,0,H,1,0,H,,,27,8,9,1,13,6,12,9,1,2,0,0,S Hooper
20220226_Brighton_AstonVilla,2021-22,2021,2022-02-26,Brighton,Aston Villa,0,2,A,0,1,A,,,12,9,1,4,7,2,17,11,4,5,0,0,J Brooks
20220226_ManUnited_Watford,2021-22,2021,2022-02-26,Man United,Watford,0,0,D,0,0,D,,,22,10,3,2,4,3,2,7,0,0,0,0,K Friend
20220226_Everton_ManCity,2021-22,2021,2022-02-26,Everton,Man City,0,1,A,0,0,D,,,6,13,2,8,3,4,7,14,3,2,0,0,P Tierney
20220226_Brentford_Newcastle,2021-22,2021,2022-02-26,Brentford,Newcastle,0,2,A,0,2,A,,,6,26,1,11,6,6,9,7,3,1,1,0,M Dean
20220226_Leeds_Tottenham,2021-22,2021,2022-02-26,Leeds,Tottenham,0,4,A,0,3,A,,,19,15,3,11,3,6,16,11,4,2,0,0,C Pawson
20220226_CrystalPalace_Burnley,2021-22,2021,2022-02-26,Crystal Palace,Burnley,1,1,D,1,0,H,,,11,5,4,1,5,4,5,17,0,2,0,0,J Moss
20220227_WestHam_Wolves,2021-22,2021,2022-02-27,West Ham,Wolves,1,0,H,0,0,D,,,13,14,4,1,3,5,8,2,1,0,0,0,A Taylor
20220301_Burnley_Leicester,2021-22,2021,2022-03-01,Burnley,Leicester,0,2,A,0,0,D,,,9,22,2,6,6,8,10,13,1,1,0,0,C Kavanagh
20220305_Leicester_Leeds,2021-22,2021,2022-03-05,Leicester,Leeds,1,0,H,0,0,D,,,7,19,4,4,5,10,9,12,1,2,0,0,D Coote
20220305_AstonVilla_Southampton,2021-22,2021,2022-03-05,Aston Villa,Southampton,4,0,H,2,0,H,,,14,11,9,1,4,7,10,8,1,1,0,0,P Bankes
20220305_Burnley_Chelsea,2021-22,2021,2022-03-05,Burnley,Chelsea,0,4,A,0,0,D,,,6,11,1,5,5,2,12,7,2,0,0,0,A Marriner
20220305_Newcastle_Brighton,2021-22,2021,2022-03-05,Newcastle,Brighton,2,1,H,2,0,H,,,10,15,4,4,4,7,8,10,1,1,0,0,M Atkinson
20220305_Norwich_Brentford,2021-22,2021,2022-03-05,Norwich,Brentford,1,3,A,0,1,A,,,15,10,7,6,5,5,13,18,2,5,0,0,A Taylor
20220305_Wolves_CrystalPalace,2021-22,2021,2022-03-05,Wolves,Crystal Palace,0,2,A,0,2,A,,,12,12,5,8,7,7,13,8,0,3,0,0,A Madley
20220305_Liverpool_WestHam,2021-22,2021,2022-03-05,Liverpool,West Ham,1,0,H,1,0,H,,,22,13,5,5,4,6,7,7,2,1,0,0,J Moss
20220306_Watford_Arsenal,2021-22,2021,2022-03-06,Watford,Arsenal,2,3,A,1,2,A,,,13,16,7,4,1,5,5,11,1,2,0,0,C Pawson
20220306_ManCity_ManUnited,2021-22,2021,2022-03-06,Man City,Man United,4,1,H,2,1,H,,,24,5,10,2,9,3,10,14,0,1,0,0,M Oliver
20220307_Tottenham_Everton,2021-22,2021,2022-03-07,Tottenham,Everton,5,0,H,3,0,H,,,14,6,7,0,5,2,15,10,2,0,0,0,S Attwell
20220310_Norwich_Chelsea,2021-22,2021,2022-03-10,Norwich,Chelsea,1,3,A,0,2,A,,,9,15,3,7,3,8,8,15,0,2,0,0,M Atkinson
20220310_Southampton_Newcastle,2021-22,2021,2022-03-10,Southampton,Newcastle,1,2,A,1,1,D,,,14,8,5,4,12,5,6,7,1,1,0,0,K Friend
20220310_Wolves_Watford,2021-22,2021,2022-03-10,Wolves,Watford,4,0,H,3,0,H,,,10,9,5,0,5,2,11,10,2,2,0,0,D England
20220310_Leeds_AstonVilla,2021-22,2021,2022-03-10,Leeds,Aston Villa,0,3,A,0,1,A,,,4,15,1,9,3,5,17,11,5,3,0,0,S Hooper
20220312_Brighton_Liverpool,2021-22,2021,2022-03-12,Brighton,Liverpool,0,2,A,0,1,A,,,8,18,3,9,7,6,12,15,3,1,0,0,M Dean
20220312_Brentford_Burnley,2021-22,2021,2022-03-12,Brentford,Burnley,2,0,H,0,0,D,,,13,7,4,1,2,9,6,10,1,1,0,1,P Tierney
20220312_ManUnited_Tottenham,2021-22,2021,2022-03-12,Man United,Tottenham,3,2,H,2,1,H,,,10,10,6,3,4,5,8,7,2,1,0,0,J Moss
20220313_Arsenal_Leicester,2021-22,2021,2022-03-13,Arsenal,Leicester,2,0,H,1,0,H,,,21,6,8,3,2,6,8,10,0,3,0,0,A Taylor
20220313_WestHam_AstonVilla,2021-22,2021,2022-03-13,West Ham,Aston Villa,2,1,H,0,0,D,,,11,13,4,7,5,7,9,3,1,0,0,0,J Gillett
20220313_Southampton_Watford,2021-22,2021,2022-03-13,Southampton,Watford,1,2,A,1,2,A,,,13,9,7,5,11,3,8,12,3,2,0,0,G Scott
20220313_Everton_Wolves,2021-22,2021,2022-03-13,Everton,Wolves,0,1,A,0,0,D,,,8,14,2,3,5,2,13,11,2,1,1,0,M Oliver
20220313_Chelsea_Newcastle,2021-22,2021,2022-03-13,Chelsea,Newcastle,1,0,H,0,0,D,,,8,7,3,2,7,2,17,16,4,3,0,0,D Coote
20220313_Leeds_Norwich,2021-22,2021,2022-03-13,Leeds,Norwich,2,1,H,1,0,H,,,13,12,7,4,6,2,18,8,3,1,0,0,S Attwell
20220314_CrystalPalace_ManCity,2021-22,2021,2022-03-14,Crystal Palace,Man City,0,0,D,0,0,D,,,7,18,1,4,2,6,6,11,3,1,0,0,M Atkinson
20220316_Brighton_Tottenham,2021-22,2021,2022-03-16,Brighton,Tottenham,0,2,A,0,1,A,,,15,17,0,7,6,3,11,9,2,2,0,0,R Jones
20220316_Arsenal_Liverpool,2021-22,2021,2022-03-16,Arsenal,Liverpool,0,2,A,0,0,D,,,9,9,2,3,1,6,9,9,0,1,0,0,A Marriner
20220317_Everton_Newcastle,2021-22,2021,2022-03-17,Everton,Newcastle,1,0,H,0,0,D,,,9,17,3,6,5,7,13,11,2,1,1,0,C Pawson
20220318_Wolves_Leeds,2021-22,2021,2022-03-18,Wolves,Leeds,2,3,A,2,0,H,,,14,15,8,6,2,5,13,14,1,4,1,0,K Friend
20220319_AstonVilla_Arsenal,2021-22,2021,2022-03-19,Aston Villa,Arsenal,0,1,A,0,1,A,,,8,10,1,3,6,5,13,14,3,3,0,0,A Madley
20220320_Leicester_Brentford,2021-22,2021,2022-03-20,Leicester,Brentford,2,1,H,2,0,H,,,12,15,4,6,2,5,10,10,1,2,0,0,D England
20220320_Tottenham_WestHam,2021-22,2021,2022-03-20,Tottenham,West Ham,3,1,H,2,1,H,,,17,6,4,1,5,3,7,7,0,1,0,0,A Taylor
20220402_ManUnited_Leicester,2021-22,2021,2022-04-02,Man United,Leicester,1,1,D,0,0,D,,,11,11,5,3,6,5,13,6,2,2,0,0,A Marriner
20220402_Wolves_AstonVilla,2021-22,2021,2022-04-02,Wolves,Aston Villa,2,1,H,2,0,H,,,11,15,5,5,4,9,15,8,4,3,0,0,D England
20220402_Chelsea_Brentford,2021-22,2021,2022-04-02,Chelsea,Brentford,1,4,A,0,0,D,,,21,17,8,6,12,7,11,7,0,0,0,0,A Madley
20220402_Leeds_Southampton,2021-22,2021,2022-04-02,Leeds,Southampton,1,1,D,1,0,H,,,12,14,3,6,4,7,14,7,1,1,0,0,A Taylor
20220402_Brighton_Norwich,2021-22,2021,2022-04-02,Brighton,Norwich,0,0,D,0,0,D,,,31,6,4,0,11,2,12,11,1,1,0,0,S Hooper
20220402_Burnley_ManCity,2021-22,2021,2022-04-02,Burnley,Man City,0,2,A,0,2,A,,,3,18,1,6,1,8,11,6,1,0,0,0,C Pawson
20220402_Liverpool_Watford,2021-22,2021,2022-04-02,Liverpool,Watford,2,0,H,1,0,H,,,20,5,3,2,9,3,9,8,1,1,0,0,S Attwell
20220403_WestHam_Everton,2021-22,2021,2022-04-03,West Ham,Everton,2,1,H,1,0,H,,,11,13,5,2,2,4,9,12,1,1,0,1,M Oliver
20220403_Tottenham_Newcastle,2021-22,2021,2022-04-03,Tottenham,Newcastle,5,1,H,1,1,D,,,19,8,6,1,2,3,10,7,2,3,0,0,M Atkinson
20220404_CrystalPalace_Arsenal,2021-22,2021,2022-04-04,Crystal Palace,Arsenal,3,0,H,2,0,H,,,6,12,5,3,0,2,11,15,0,2,0,0,P Tierney
20220406_Burnley_Everton,2021-22,2021,2022-04-06,Burnley,Everton,3,2,H,1,2,A,,,13,16,4,4,9,6,11,16,2,2,0,0,M Dean
20220408_Newcastle_Wolves,2021-22,2021,2022-04-08,Newcastle,Wolves,1,0,H,0,0,D,,,12,5,4,2,1,2,6,13,1,1,0,0,P Bankes
20220409_AstonVilla_Tottenham,2021-22,2021,2022-04-09,Aston Villa,Tottenham,0,4,A,0,1,A,,,9,11,8,5,9,3,12,14,2,3,0,0,G Scott
20220409_Everton_ManUnited,2021-22,2021,2022-04-09,Everton,Man United,1,0,H,1,0,H,,,7,12,3,4,5,7,4,10,2,2,0,0,J Moss
20220409_Arsenal_Brighton,2021-22,2021,2022-04-09,Arsenal,Brighton,1,2,A,0,1,A,,,20,8,4,3,11,2,12,19,3,4,0,0,D Coote
20220409_Southampton_Chelsea,2021-22,2021,2022-04-09,Southampton,Chelsea,0,6,A,0,4,A,,,4,24,1,14,3,3,11,10,1,0,0,0,K Friend
20220409_Watford_Leeds,2021-22,2021,2022-04-09,Watford,Leeds,0,3,A,0,1,A,,,8,10,1,5,3,8,8,12,2,0,0,0,A Marriner
20220410_ManCity_Liverpool,2021-22,2021,2022-04-10,Man City,Liverpool,2,2,D,2,1,H,,,11,6,5,4,4,1,9,11,1,4,0,0,A Taylor
20220410_Norwich_Burnley,2021-22,2021,2022-04-10,Norwich,Burnley,2,0,H,1,0,H,,,17,18,6,4,6,7,12,10,1,1,0,0,M Oliver
20220410_Brentford_WestHam,2021-22,2021,2022-04-10,Brentford,West Ham,2,0,H,0,0,D,,,15,5,7,1,4,6,2,6,0,1,0,0,M Atkinson
20220410_Leicester_CrystalPalace,2021-22,2021,2022-04-10,Leicester,Crystal Palace,2,1,H,2,0,H,,,12,11,3,3,3,4,11,12,1,1,0,0,R Jones
20220416_Tottenham_Brighton,2021-22,2021,2022-04-16,Tottenham,Brighton,0,1,A,0,0,D,,,5,12,0,5,4,4,14,10,3,3,0,0,C Pawson
20220416_ManUnited_Norwich,2021-22,2021,2022-04-16,Man United,Norwich,3,2,H,2,1,H,,,20,15,9,4,6,7,7,6,0,0,0,0,A Madley
20220416_Southampton_Arsenal,2021-22,2021,2022-04-16,Southampton,Arsenal,1,0,H,1,0,H,,,9,23,3,6,6,8,6,6,2,1,0,0,P Bankes
20220416_Watford_Brentford,2021-22,2021,2022-04-16,Watford,Brentford,1,2,A,0,1,A,,,17,16,4,5,6,5,11,9,2,1,0,0,S Hooper
20220417_Newcastle_Leicester,2021-22,2021,2022-04-17,Newcastle,Leicester,2,1,H,1,1,D,,,16,8,7,2,3,5,10,10,2,2,0,0,J Gillett
20220417_WestHam_Burnley,2021-22,2021,2022-04-17,West Ham,Burnley,1,1,D,0,1,A,,,21,9,8,1,13,4,9,10,2,2,0,0,P Tierney
20220419_Liverpool_ManUnited,2021-22,2021,2022-04-19,Liverpool,Man United,4,0,H,2,0,H,,,14,2,5,1,10,2,3,6,1,2,0,0,M Atkinson
20220420_ManCity_Brighton,2021-22,2021,2022-04-20,Man City,Brighton,3,0,H,0,0,D,,,17,2,5,1,7,4,12,7,0,3,0,0,M Dean
20220420_Newcastle_CrystalPalace,2021-22,2021,2022-04-20,Newcastle,Crystal Palace,1,0,H,1,0,H,,,13,10,4,2,2,5,12,12,1,1,0,0,T Harrington
20220420_Chelsea_Arsenal,2021-22,2021,2022-04-20,Chelsea,Arsenal,2,4,A,2,2,D,,,11,14,2,4,6,1,7,6,3,1,0,0,J Moss
20220420_Everton_Leicester,2021-22,2021,2022-04-20,Everton,Leicester,1,1,D,0,1,A,,,13,11,3,3,5,4,8,17,3,1,0,0,D Coote
20220421_Burnley_Southampton,2021-22,2021,2022-04-21,Burnley,Southampton,2,0,H,2,0,H,,,16,11,6,3,10,10,7,7,2,2,0,0,S Attwell
20220423_Arsenal_ManUnited,2021-22,2021,2022-04-23,Arsenal,Man United,3,1,H,2,1,H,,,14,14,7,5,1,7,9,12,3,4,0,0,C Pawson
20220423_Leicester_AstonVilla,2021-22,2021,2022-04-23,Leicester,Aston Villa,0,0,D,0,0,D,,,5,11,2,3,7,6,15,16,3,2,0,0,A Madley
20220423_ManCity_Watford,2021-22,2021,2022-04-23,Man City,Watford,5,1,H,3,1,H,,,21,5,8,2,11,4,9,7,1,0,0,0,K Friend
20220423_Norwich_Newcastle,2021-22,2021,2022-04-23,Norwich,Newcastle,0,3,A,0,2,A,,,5,13,2,7,2,3,11,10,0,2,0,0,C Kavanagh
20220423_Brentford_Tottenham,2021-22,2021,2022-04-23,Brentford,Tottenham,0,0,D,0,0,D,,,15,9,2,0,12,8,8,7,2,1,0,0,M Atkinson
20220424_Chelsea_WestHam,2021-22,2021,2022-04-24,Chelsea,West Ham,1,0,H,0,0,D,,,26,6,5,2,3,1,11,9,1,0,0,1,M Oliver
20220424_Brighton_Southampton,2021-22,2021,2022-04-24,Brighton,Southampton,2,2,D,2,1,H,,,8,18,5,5,6,6,12,7,1,0,0,0,R Jones
20220424_Burnley_Wolves,2021-22,2021,2022-04-24,Burnley,Wolves,1,0,H,0,0,D,,,14,10,5,4,3,6,8,7,3,1,0,0,A Taylor
20220424_Liverpool_Everton,2021-22,2021,2022-04-24,Liverpool,Everton,2,0,H,0,0,D,,,18,9,4,1,13,1,8,8,2,5,0,0,S Attwell
20220425_CrystalPalace_Leeds,2021-22,2021,2022-04-25,Crystal Palace,Leeds,0,0,D,0,0,D,,,17,9,7,2,6,3,12,13,2,2,0,0,D England
20220428_ManUnited_Chelsea,2021-22,2021,2022-04-28,Man United,Chelsea,1,1,D,0,0,D,,,6,21,3,6,2,9,9,12,0,1,0,0,M Dean
20220430_Wolves_Brighton,2021-22,2021,2022-04-30,Wolves,Brighton,0,3,A,0,1,A,,,11,17,1,9,7,3,6,4,2,1,0,0,S Hooper
20220430_Watford_Burnley,2021-22,2021,2022-04-30,Watford,Burnley,1,2,A,1,0,H,,,13,17,1,6,5,6,13,9,1,2,0,0,C Pawson
20220430_Leeds_ManCity,2021-22,2021,2022-04-30,Leeds,Man City,0,4,A,0,1,A,,,7,19,2,6,3,6,13,3,1,2,0,0,P Tierney
20220430_AstonVilla_Norwich,2021-22,2021,2022-04-30,Aston Villa,Norwich,2,0,H,1,0,H,,,21,9,6,3,2,3,16,8,4,1,0,0,J Brooks
20220430_Newcastle_Liverpool,2021-22,2021,2022-04-30,Newcastle,Liverpool,0,1,A,0,1,A,,,4,24,2,10,0,6,11,11,1,3,0,0,A Marriner
20220430_Southampton_CrystalPalace,2021-22,2021,2022-04-30,Southampton,Crystal Palace,1,2,A,1,0,H,,,8,14,3,5,6,7,13,11,1,3,0,0,J Gillett
20220501_WestHam_Arsenal,2021-22,2021,2022-05-01,West Ham,Arsenal,1,2,A,1,1,D,,,8,13,3,7,3,7,8,9,2,2,0,0,M Dean
20220501_Tottenham_Leicester,2021-22,2021,2022-05-01,Tottenham,Leicester,3,1,H,1,0,H,,,13,6,7,2,7,3,13,8,2,3,0,0,J Moss
20220501_Everton_Chelsea,2021-22,2021,2022-05-01,Everton,Chelsea,1,0,H,0,0,D,,,9,17,4,5,3,8,9,12,3,5,0,0,K Friend
20220502_ManUnited_Brentford,2021-22,2021,2022-05-02,Man United,Brentford,3,0,H,1,0,H,,,9,12,5,4,3,8,4,6,1,0,0,0,C Kavanagh
20220507_Brentford_Southampton,2021-22,2021,2022-05-07,Brentford,Southampton,3,0,H,2,0,H,,,18,19,5,4,4,7,12,9,0,1,0,0,M Salisbury
20220507_Burnley_AstonVilla,2021-22,2021,2022-05-07,Burnley,Aston Villa,1,3,A,0,2,A,,,14,12,6,7,4,5,13,11,1,2,0,0,D Coote
20220507_Chelsea_Wolves,2021-22,2021,2022-05-07,Chelsea,Wolves,2,2,D,0,0,D,,,19,14,6,4,9,3,7,11,1,3,0,0,P Bankes
20220507_CrystalPalace_Watford,2021-22,2021,2022-05-07,Crystal Palace,Watford,1,0,H,1,0,H,,,15,6,7,1,8,5,11,18,2,1,0,1,G Scott
20220507_Brighton_ManUnited,2021-22,2021,2022-05-07,Brighton,Man United,4,0,H,1,0,H,,,17,15,6,5,7,6,13,9,0,2,0,0,A Madley
20220507_Liverpool_Tottenham,2021-22,2021,2022-05-07,Liverpool,Tottenham,1,1,D,0,0,D,,,22,8,3,3,11,5,12,8,3,2,0,0,M Oliver
20220508_Norwich_WestHam,2021-22,2021,2022-05-08,Norwich,West Ham,0,4,A,0,3,A,,,8,13,2,5,9,5,7,7,1,1,0,0,R Jones
20220508_ManCity_Newcastle,2021-22,2021,2022-05-08,Man City,Newcastle,5,0,H,2,0,H,,,21,7,9,3,8,2,6,11,1,3,0,0,S Attwell
20220508_Arsenal_Leeds,2021-22,2021,2022-05-08,Arsenal,Leeds,2,1,H,2,0,H,,,19,3,9,2,8,2,13,15,2,2,0,1,C Kavanagh
20220508_Leicester_Everton,2021-22,2021,2022-05-08,Leicester,Everton,1,2,A,1,2,A,,,16,10,9,4,6,1,11,6,3,0,0,0,C Pawson
20220510_AstonVilla_Liverpool,2021-22,2021,2022-05-10,Aston Villa,Liverpool,1,2,A,1,1,D,,,9,17,4,6,2,3,10,12,0,0,0,0,J Moss
20220511_Wolves_ManCity,2021-22,2021,2022-05-11,Wolves,Man City,1,5,A,1,3,A,,,7,16,3,5,6,2,2,10,0,1,0,0,M Atkinson
20220511_Leeds_Chelsea,2021-22,2021,2022-05-11,Leeds,Chelsea,0,3,A,0,1,A,,,5,17,0,4,1,5,10,14,1,0,1,0,A Taylor
20220511_Leicester_Norwich,2021-22,2021,2022-05-11,Leicester,Norwich,3,0,H,0,0,D,,,20,9,8,5,10,2,10,5,0,0,0,0,S Hooper
20220511_Watford_Everton,2021-22,2021,2022-05-11,Watford,Everton,0,0,D,0,0,D,,,6,16,0,5,1,13,5,12,1,2,0,0,M Dean
20220512_Tottenham_Arsenal,2021-22,2021,2022-05-12,Tottenham,Arsenal,3,0,H,2,0,H,,,16,8,6,4,2,2,8,15,1,3,0,1,P Tierney
20220515_Wolves_Norwich,2021-22,2021,2022-05-15,Wolves,Norwich,1,1,D,0,1,A,,,17,11,4,2,5,3,5,10,0,3,0,0,T Harrington
20220515_Everton_Brentford,2021-22,2021,2022-05-15,Everton,Brentford,2,3,A,2,1,H,,,10,18,5,7,5,2,8,8,0,3,2,0,M Oliver
20220515_WestHam_ManCity,2021-22,2021,2022-05-15,West Ham,Man City,2,2,D,2,0,H,,,6,31,2,8,4,9,9,5,3,1,0,0,A Taylor
20220515_Watford_Leicester,2021-22,2021,2022-05-15,Watford,Leicester,1,5,A,1,2,A,,,13,13,5,7,7,3,4,6,0,1,0,0,J Gillett
20220515_Leeds_Brighton,2021-22,2021,2022-05-15,Leeds,Brighton,1,1,D,0,1,A,,,19,16,5,6,8,1,16,8,3,2,0,0,M Dean
20220515_AstonVilla_CrystalPalace,2021-22,2021,2022-05-15,Aston Villa,Crystal Palace,1,1,D,0,0,D,,,13,16,4,4,1,5,11,15,1,3,0,0,C Kavanagh
20220515_Tottenham_Burnley,2021-22,2021,2022-05-15,Tottenham,Burnley,1,0,H,1,0,H,,,21,8,8,1,8,2,12,8,3,2,0,0,K Friend
20220516_Newcastle_Arsenal,2021-22,2021,2022-05-16,Newcastle,Arsenal,2,0,H,0,0,D,,,16,11,4,2,12,8,11,8,0,3,0,0,D England
20220517_Southampton_Liverpool,2021-22,2021,2022-05-17,Southampton,Liverpool,1,2,A,1,1,D,,,4,24,2,5,1,9,6,6,2,0,0,0,M Atkinson
20220519_Everton_CrystalPalace,2021-22,2021,2022-05-19,Everton,Crystal Palace,3,2,H,0,2,A,,,12,7,6,5,4,5,9,13,2,3,0,0,A Taylor
20220519_AstonVilla_Burnley,2021-22,2021,2022-05-19,Aston Villa,Burnley,1,1,D,0,1,A,,,22,10,9,5,13,6,11,20,0,1,0,1,P Tierney
20220519_Chelsea_Leicester,2021-22,2021,2022-05-19,Chelsea,Leicester,1,1,D,1,1,D,,,20,2,7,1,6,0,13,7,4,1,0,0,S Attwell
20220522_Norwich_Tottenham,2021-22,2021,2022-05-22,Norwich,Tottenham,0,5,A,0,2,A,,,9,19,0,13,3,2,13,7,3,1,0,0,C Kavanagh
20220522_ManCity_AstonVilla,2021-22,2021,2022-05-22,Man City,Aston Villa,3,2,H,0,1,A,,,24,4,5,2,13,1,5,11,0,1,0,0,M Oliver
20220522_Liverpool_Wolves,2021-22,2021,2022-05-22,Liverpool,Wolves,3,1,H,1,1,D,,,29,7,8,5,5,3,6,3,1,0,0,0,A Taylor
20220522_Leicester_Southampton,2021-22,2021,2022-05-22,Leicester,Southampton,4,1,H,0,0,D,,,12,7,6,2,3,3,10,5,0,1,0,0,J Moss
20220522_CrystalPalace_ManUnited,2021-22,2021,2022-05-22,Crystal Palace,Man United,1,0,H,1,0,H,,,6,10,3,4,3,6,12,22,2,4,0,0,M Atkinson
20220522_Brighton_WestHam,2021-22,2021,2022-05-22,Brighton,West Ham,3,1,H,0,1,A,,,18,7,7,2,5,6,9,9,1,1,0,0,K Friend
20220522_Burnley_Newcastle,2021-22,2021,2022-05-22,Burnley,Newcastle,1,2,A,0,1,A,,,12,8,5,6,8,2,8,9,1,0,0,0,C Pawson
20220522_Brentford_Leeds,2021-22,2021,2022-05-22,Brentford,Leeds,1,2,A,0,0,D,,,14,14,5,6,3,2,11,13,2,1,1,0,P Tierney
20220522_Arsenal_Everton,2021-22,2021,2022-05-22,Arsenal,Everton,5,1,H,2,1,H,,,26,6,9,2,12,2,8,9,0,1,0,0,A Marriner
20220522_Chelsea_Watford,2021-22,2021,2022-05-22,Chelsea,Watford,2,1,H,1,0,H,,,19,8,8,3,3,3,9,9,0,0,0,0,M Dean
20220805_CrystalPalace_Arsenal,2022-23,2022,2022-08-05,Crystal Palace,Arsenal,0,2,A,0,1,A,,,10,10,2,2,3,5,16,11,1,2,0,0,A Taylor
20220806_Tottenham_Southampton,2022-23,2022,2022-08-06,Tottenham,Southampton,4,1,H,2,1,H,,,18,10,8,2,10,2,11,6,3,0,0,0,A Marriner
20220806_Newcastle_Nott'mForest,2022-23,2022,2022-08-06,Newcastle,Nott'm Forest,2,0,H,0,0,D,,,23,5,10,0,11,1,9,14,0,3,0,0,S Hooper
20220806_Everton_Chelsea,2022-23,2022,2022-08-06,Everton,Chelsea,0,1,A,0,1,A,,,8,15,4,6,4,16,14,11,3,2,0,0,C Pawson
20220806_Bournemouth_AstonVilla,2022-23,2022,2022-08-06,Bournemouth,Aston Villa,2,0,H,1,0,H,,,7,15,3,2,5,5,18,16,3,3,0,0,P Bankes
20220806_Fulham_Liverpool,2022-23,2022,2022-08-06,Fulham,Liverpool,2,2,D,1,0,H,,,9,11,3,4,4,4,7,9,2,0,0,0,A Madley
20220806_Leeds_Wolves,2022-23,2022,2022-08-06,Leeds,Wolves,2,1,H,1,1,D,,,12,15,4,6,6,4,13,9,2,0,0,0,R Jones
20220807_ManUnited_Brighton,2022-23,2022,2022-08-07,Man United,Brighton,1,2,A,0,2,A,,,17,15,5,4,6,2,7,12,4,1,0,0,P Tierney
20220807_WestHam_ManCity,2022-23,2022,2022-08-07,West Ham,Man City,0,2,A,0,1,A,,,6,14,1,2,1,4,8,4,0,1,0,0,M Oliver
20220807_Leicester_Brentford,2022-23,2022,2022-08-07,Leicester,Brentford,2,2,D,1,0,H,,,14,8,5,3,5,6,6,5,0,0,0,0,J Gillett
20220813_AstonVilla_Everton,2022-23,2022,2022-08-13,Aston Villa,Everton,2,1,H,1,0,H,,,12,15,4,4,5,8,9,7,4,1,0,0,M Oliver
20220813_Arsenal_Leicester,2022-23,2022,2022-08-13,Arsenal,Leicester,4,2,H,2,0,H,,,19,6,7,2,6,2,15,9,1,1,0,0,D England
20220813_Brighton_Newcastle,2022-23,2022,2022-08-13,Brighton,Newcastle,0,0,D,0,0,D,,,13,4,7,1,7,3,8,6,2,3,0,0,G Scott
20220813_ManCity_Bournemouth,2022-23,2022,2022-08-13,Man City,Bournemouth,4,0,H,3,0,H,,,19,3,7,1,11,1,9,9,0,3,0,0,D Coote
20220813_Southampton_Leeds,2022-23,2022,2022-08-13,Southampton,Leeds,2,2,D,0,0,D,,,14,13,4,5,2,5,10,12,1,3,0,0,T Harrington
20220813_Wolves_Fulham,2022-23,2022,2022-08-13,Wolves,Fulham,0,0,D,0,0,D,,,7,9,1,3,5,3,7,14,3,3,0,0,J Brooks
20220813_Brentford_ManUnited,2022-23,2022,2022-08-13,Brentford,Man United,4,0,H,4,0,H,,,13,15,7,4,8,2,6,15,0,4,0,0,S Attwell
20220814_Nott'mForest_WestHam,2022-23,2022,2022-08-14,Nott'm Forest,West Ham,1,0,H,1,0,H,,,13,19,6,5,6,7,10,11,4,1,0,0,R Jones
20220814_Chelsea_Tottenham,2022-23,2022,2022-08-14,Chelsea,Tottenham,2,2,D,1,0,H,,,16,10,3,5,8,5,9,9,3,0,0,0,A Taylor
20220815_Liverpool_CrystalPalace,2022-23,2022,2022-08-15,Liverpool,Crystal Palace,1,1,D,0,1,A,,,24,7,4,3,4,2,7,8,2,4,1,0,P Tierney
20220820_Bournemouth_Arsenal,2022-23,2022,2022-08-20,Bournemouth,Arsenal,0,3,A,0,2,A,,,6,14,1,6,3,4,12,10,2,1,0,0,C Pawson
20220820_Leicester_Southampton,2022-23,2022,2022-08-20,Leicester,Southampton,1,2,A,0,0,D,,,6,9,1,3,2,5,11,15,2,3,0,0,M Salisbury
20220820_Fulham_Brentford,2022-23,2022,2022-08-20,Fulham,Brentford,3,2,H,2,1,H,,,18,13,9,5,6,3,13,7,3,2,0,0,P Bankes
20220820_Tottenham_Wolves,2022-23,2022,2022-08-20,Tottenham,Wolves,1,0,H,0,0,D,,,11,20,4,3,8,6,10,8,2,2,0,0,S Hooper
20220820_CrystalPalace_AstonVilla,2022-23,2022,2022-08-20,Crystal Palace,Aston Villa,3,1,H,1,1,D,,,17,13,9,5,4,2,16,14,2,1,0,0,A Madley
20220820_Everton_Nott'mForest,2022-23,2022,2022-08-20,Everton,Nott'm Forest,1,1,D,0,0,D,,,19,14,8,5,6,2,6,9,3,2,0,0,A Marriner
20220821_Leeds_Chelsea,2022-23,2022,2022-08-21,Leeds,Chelsea,3,0,H,2,0,H,,,12,14,6,3,4,6,16,15,0,1,0,1,S Attwell
20220821_WestHam_Brighton,2022-23,2022,2022-08-21,West Ham,Brighton,0,2,A,0,1,A,,,13,11,3,2,5,4,10,7,2,0,0,0,A Taylor
20220821_Newcastle_ManCity,2022-23,2022,2022-08-21,Newcastle,Man City,3,3,D,2,1,H,,,12,21,6,10,5,5,14,7,4,2,0,0,J Gillett
20220822_ManUnited_Liverpool,2022-23,2022,2022-08-22,Man United,Liverpool,2,1,H,1,0,H,,,12,17,4,5,6,8,11,7,3,1,0,0,M Oliver
20220827_ManCity_CrystalPalace,2022-23,2022,2022-08-27,Man City,Crystal Palace,4,2,H,0,2,A,,,18,2,5,2,6,1,14,8,1,2,0,0,D England
20220827_Arsenal_Fulham,2022-23,2022,2022-08-27,Arsenal,Fulham,2,1,H,0,0,D,,,22,11,8,3,9,2,6,12,2,3,0,0,J Gillett
20220827_Liverpool_Bournemouth,2022-23,2022,2022-08-27,Liverpool,Bournemouth,9,0,H,5,0,H,,,19,5,12,2,8,1,6,5,0,1,0,0,S Attwell
20220827_Southampton_ManUnited,2022-23,2022,2022-08-27,Southampton,Man United,0,1,A,0,0,D,,,17,11,5,6,5,3,4,14,0,3,0,0,A Madley
20220827_Brighton_Leeds,2022-23,2022,2022-08-27,Brighton,Leeds,1,0,H,0,0,D,,,13,10,4,2,5,3,10,14,2,3,0,0,M Salisbury
20220827_Brentford_Everton,2022-23,2022,2022-08-27,Brentford,Everton,1,1,D,0,1,A,,,19,14,5,7,8,5,8,8,2,2,0,0,J Brooks
20220827_Chelsea_Leicester,2022-23,2022,2022-08-27,Chelsea,Leicester,2,1,H,0,0,D,,,7,17,3,5,3,11,10,7,1,2,1,0,P Tierney
20220828_AstonVilla_WestHam,2022-23,2022,2022-08-28,Aston Villa,West Ham,0,1,A,0,0,D,,,9,7,3,2,3,2,10,10,2,0,0,0,D Coote
20220828_Wolves_Newcastle,2022-23,2022,2022-08-28,Wolves,Newcastle,1,1,D,1,0,H,,,10,21,4,6,4,13,10,11,2,1,0,0,P Bankes
20220828_Nott'mForest_Tottenham,2022-23,2022,2022-08-28,Nott'm Forest,Tottenham,0,2,A,0,1,A,,,17,18,1,7,6,1,11,13,6,1,0,0,C Pawson
20220830_Southampton_Chelsea,2022-23,2022,2022-08-30,Southampton,Chelsea,2,1,H,2,1,H,,,9,10,7,4,5,3,15,10,2,1,0,0,M Oliver
20220830_Leeds_Everton,2022-23,2022,2022-08-30,Leeds,Everton,1,1,D,0,1,A,,,14,7,5,2,10,2,10,9,3,3,0,0,D England
20220830_CrystalPalace_Brentford,2022-23,2022,2022-08-30,Crystal Palace,Brentford,1,1,D,0,0,D,,,13,9,4,3,4,6,11,8,1,2,0,0,S Hooper
20220830_Fulham_Brighton,2022-23,2022,2022-08-30,Fulham,Brighton,2,1,H,0,0,D,,,10,7,3,4,3,3,9,11,2,1,0,0,T Bramall
20220831_Arsenal_AstonVilla,2022-23,2022,2022-08-31,Arsenal,Aston Villa,2,1,H,1,0,H,,,22,4,9,3,10,3,10,14,2,3,0,0,R Jones
20220831_Bournemouth_Wolves,2022-23,2022,2022-08-31,Bournemouth,Wolves,0,0,D,0,0,D,,,5,17,2,4,2,5,12,12,2,1,0,0,A Taylor
20220831_ManCity_Nott'mForest,2022-23,2022,2022-08-31,Man City,Nott'm Forest,6,0,H,3,0,H,,,17,8,9,1,10,1,9,7,0,1,0,0,P Tierney
20220831_WestHam_Tottenham,2022-23,2022,2022-08-31,West Ham,Tottenham,1,1,D,0,1,A,,,14,13,4,4,3,4,10,9,2,5,0,0,P Bankes
20220831_Liverpool_Newcastle,2022-23,2022,2022-08-31,Liverpool,Newcastle,2,1,H,0,1,A,,,23,5,6,2,13,0,9,10,0,2,0,0,A Marriner
20220901_Leicester_ManUnited,2022-23,2022,2022-09-01,Leicester,Man United,0,1,A,0,1,A,,,10,9,2,2,1,3,7,15,1,3,0,0,C Pawson
20220903_Wolves_Southampton,2022-23,2022,2022-09-03,Wolves,Southampton,1,0,H,1,0,H,,,7,12,2,1,5,6,10,14,4,2,0,0,J Brooks
20220903_AstonVilla_ManCity,2022-23,2022,2022-09-03,Aston Villa,Man City,1,1,D,0,0,D,,,3,13,1,4,1,4,7,6,2,0,0,0,S Hooper
20220903_Tottenham_Fulham,2022-23,2022,2022-09-03,Tottenham,Fulham,2,1,H,1,0,H,,,23,9,10,3,10,3,9,6,3,4,0,0,S Attwell
20220903_Nott'mForest_Bournemouth,2022-23,2022,2022-09-03,Nott'm Forest,Bournemouth,2,3,A,2,0,H,,,11,8,3,3,4,6,13,10,2,1,0,0,M Oliver
20220903_Chelsea_WestHam,2022-23,2022,2022-09-03,Chelsea,West Ham,2,1,H,0,0,D,,,8,6,3,3,10,3,6,11,4,2,0,0,A Madley
20220903_Brentford_Leeds,2022-23,2022,2022-09-03,Brentford,Leeds,5,2,H,2,1,H,,,14,17,8,6,2,6,8,9,2,2,0,0,R Jones
20220903_Everton_Liverpool,2022-23,2022,2022-09-03,Everton,Liverpool,0,0,D,0,0,D,,,14,23,3,8,7,9,7,11,2,2,0,0,A Taylor
20220903_Newcastle_CrystalPalace,2022-23,2022,2022-09-03,Newcastle,Crystal Palace,0,0,D,0,0,D,,,23,19,6,9,13,5,19,12,2,1,0,0,M Salisbury
20220904_Brighton_Leicester,2022-23,2022,2022-09-04,Brighton,Leicester,5,2,H,2,2,D,,,23,6,11,4,10,1,6,8,1,1,0,0,T Harrington
20220904_ManUnited_Arsenal,2022-23,2022,2022-09-04,Man United,Arsenal,3,1,H,1,0,H,,,10,16,6,3,2,5,13,9,3,3,0,0,P Tierney
20220916_AstonVilla_Southampton,2022-23,2022,2022-09-16,Aston Villa,Southampton,1,0,H,1,0,H,,,11,7,3,1,6,3,13,13,3,1,0,0,T Harrington
20220916_Nott'mForest_Fulham,2022-23,2022,2022-09-16,Nott'm Forest,Fulham,2,3,A,1,0,H,,,11,15,3,7,2,10,11,10,2,4,0,0,J Gillett
20220917_Tottenham_Leicester,2022-23,2022,2022-09-17,Tottenham,Leicester,6,2,H,2,2,D,,,16,19,11,7,6,1,9,9,1,2,0,0,S Hooper
20220917_Wolves_ManCity,2022-23,2022,2022-09-17,Wolves,Man City,0,3,A,0,2,A,,,6,16,1,7,5,7,7,9,2,1,1,0,A Taylor
20220917_Newcastle_Bournemouth,2022-23,2022,2022-09-17,Newcastle,Bournemouth,1,1,D,0,0,D,,,20,10,7,3,8,1,10,11,2,2,0,0,C Pawson
20220918_Everton_WestHam,2022-23,2022,2022-09-18,Everton,West Ham,1,0,H,0,0,D,,,7,14,2,4,5,14,8,11,3,1,0,0,M Oliver
20220918_Brentford_Arsenal,2022-23,2022,2022-09-18,Brentford,Arsenal,0,3,A,0,2,A,,,5,13,2,7,3,3,10,10,0,2,0,0,D Coote
20221001_Arsenal_Tottenham,2022-23,2022,2022-10-01,Arsenal,Tottenham,3,1,H,1,1,D,,,22,7,9,3,5,2,10,10,2,1,0,1,A Taylor
20221001_Bournemouth_Brentford,2022-23,2022,2022-10-01,Bournemouth,Brentford,0,0,D,0,0,D,,,7,13,1,4,7,8,11,10,1,2,0,0,T Bramall
20221001_CrystalPalace_Chelsea,2022-23,2022,2022-10-01,Crystal Palace,Chelsea,1,2,A,1,1,D,,,7,13,3,3,5,2,11,13,1,3,0,0,C Kavanagh
20221001_Fulham_Newcastle,2022-23,2022,2022-10-01,Fulham,Newcastle,1,4,A,0,3,A,,,3,19,1,10,1,8,9,10,2,0,1,0,D England
20221001_Liverpool_Brighton,2022-23,2022,2022-10-01,Liverpool,Brighton,3,3,D,1,2,A,,,15,6,7,6,9,2,9,13,1,1,0,0,A Madley
20221001_Southampton_Everton,2022-23,2022,2022-10-01,Southampton,Everton,1,2,A,0,0,D,,,22,12,6,5,7,6,11,10,2,2,0,0,A Marriner
20221001_WestHam_Wolves,2022-23,2022,2022-10-01,West Ham,Wolves,2,0,H,1,0,H,,,18,15,5,4,1,6,8,6,2,2,0,0,P Tierney
20221002_ManCity_ManUnited,2022-23,2022,2022-10-02,Man City,Man United,6,3,H,4,0,H,,,22,12,10,8,5,1,3,9,0,3,0,0,M Oliver
20221002_Leeds_AstonVilla,2022-23,2022,2022-10-02,Leeds,Aston Villa,0,0,D,0,0,D,,,9,19,1,7,2,9,23,12,3,2,1,0,S Attwell
20221003_Leicester_Nott'mForest,2022-23,2022,2022-10-03,Leicester,Nott'm Forest,4,0,H,3,0,H,,,17,10,7,3,6,6,13,12,2,4,0,0,R Jones
20221008_Brighton_Tottenham,2022-23,2022,2022-10-08,Brighton,Tottenham,0,1,A,0,1,A,,,14,8,4,3,6,2,9,14,1,2,0,0,T Harrington
20221008_Newcastle_Brentford,2022-23,2022,2022-10-08,Newcastle,Brentford,5,1,H,2,0,H,,,16,6,6,3,9,5,14,9,0,1,0,0,J Brooks
20221008_Bournemouth_Leicester,2022-23,2022,2022-10-08,Bournemouth,Leicester,2,1,H,0,1,A,,,10,9,4,5,7,2,8,16,1,2,0,0,M Salisbury
20221008_Chelsea_Wolves,2022-23,2022,2022-10-08,Chelsea,Wolves,3,0,H,1,0,H,,,20,8,7,2,4,2,8,8,2,0,0,0,S Hooper
20221008_ManCity_Southampton,2022-23,2022,2022-10-08,Man City,Southampton,4,0,H,2,0,H,,,21,5,8,0,9,1,4,8,0,1,0,0,A Madley
20221009_CrystalPalace_Leeds,2022-23,2022,2022-10-09,Crystal Palace,Leeds,2,1,H,1,1,D,,,13,10,5,4,5,3,13,23,3,3,0,0,P Tierney
20221009_WestHam_Fulham,2022-23,2022,2022-10-09,West Ham,Fulham,3,1,H,1,1,D,,,17,8,8,2,4,2,9,7,1,3,0,0,C Kavanagh
20221009_Arsenal_Liverpool,2022-23,2022,2022-10-09,Arsenal,Liverpool,3,2,H,2,1,H,,,11,8,7,3,4,3,11,11,1,2,0,0,M Oliver
20221009_Everton_ManUnited,2022-23,2022,2022-10-09,Everton,Man United,1,2,A,1,2,A,,,11,12,2,4,5,4,7,13,2,1,0,0,D Coote
20221010_Nott'mForest_AstonVilla,2022-23,2022,2022-10-10,Nott'm Forest,Aston Villa,1,1,D,1,1,D,,,6,12,3,2,1,4,13,19,3,3,0,0,A Taylor
20221014_Brentford_Brighton,2022-23,2022,2022-10-14,Brentford,Brighton,2,0,H,1,0,H,,,7,21,3,7,2,11,12,15,3,1,0,0,M Salisbury
20221015_Tottenham_Everton,2022-23,2022,2022-10-15,Tottenham,Everton,2,0,H,0,0,D,,,21,4,7,0,7,1,12,13,1,4,0,0,P Tierney
20221015_Wolves_Nott'mForest,2022-23,2022,2022-10-15,Wolves,Nott'm Forest,1,0,H,0,0,D,,,9,10,2,2,4,5,17,13,2,2,0,0,T Bramall
20221015_Fulham_Bournemouth,2022-23,2022,2022-10-15,Fulham,Bournemouth,2,2,D,1,2,A,,,19,10,4,6,5,6,9,11,2,0,0,0,G Scott
20221015_Leicester_CrystalPalace,2022-23,2022,2022-10-15,Leicester,Crystal Palace,0,0,D,0,0,D,,,14,8,5,1,9,2,18,13,2,2,0,0,A Madley
20221016_AstonVilla_Chelsea,2022-23,2022,2022-10-16,Aston Villa,Chelsea,0,2,A,0,1,A,,,18,8,7,4,7,1,12,11,0,3,0,0,R Jones
20221016_Leeds_Arsenal,2022-23,2022,2022-10-16,Leeds,Arsenal,0,1,A,0,1,A,,,16,9,4,4,6,3,10,11,0,2,0,0,C Kavanagh
20221016_ManUnited_Newcastle,2022-23,2022,2022-10-16,Man United,Newcastle,0,0,D,0,0,D,,,15,9,2,2,4,4,13,11,3,1,0,0,C Pawson
20221016_Southampton_WestHam,2022-23,2022,2022-10-16,Southampton,West Ham,1,1,D,1,0,H,,,10,25,8,4,4,14,7,3,1,1,0,0,P Bankes
20221016_Liverpool_ManCity,2022-23,2022,2022-10-16,Liverpool,Man City,1,0,H,0,0,D,,,13,16,2,6,5,6,10,7,3,1,0,0,A Taylor
20221018_Brighton_Nott'mForest,2022-23,2022,2022-10-18,Brighton,Nott'm Forest,0,0,D,0,0,D,,,19,3,7,0,9,1,10,14,3,1,0,0,D England
20221018_CrystalPalace_Wolves,2022-23,2022,2022-10-18,Crystal Palace,Wolves,2,1,H,0,1,A,,,14,10,4,4,4,3,14,18,3,1,0,0,D Coote
20221019_Newcastle_Everton,2022-23,2022,2022-10-19,Newcastle,Everton,1,0,H,1,0,H,,,16,1,4,0,8,2,9,12,2,4,0,0,T Harrington
20221019_Liverpool_WestHam,2022-23,2022,2022-10-19,Liverpool,West Ham,1,0,H,1,0,H,,,22,8,7,3,8,3,9,8,0,0,0,0,S Attwell
20221019_ManUnited_Tottenham,2022-23,2022,2022-10-19,Man United,Tottenham,2,0,H,0,0,D,,,28,9,10,2,8,3,7,7,1,0,0,0,S Hooper
20221019_Bournemouth_Southampton,2022-23,2022,2022-10-19,Bournemouth,Southampton,0,1,A,0,1,A,,,15,9,3,3,7,3,8,13,1,3,0,0,J Brooks
20221019_Brentford_Chelsea,2022-23,2022,2022-10-19,Brentford,Chelsea,0,0,D,0,0,D,,,8,14,5,5,6,2,7,7,0,0,0,0,J Gillett
20221020_Fulham_AstonVilla,2022-23,2022,2022-10-20,Fulham,Aston Villa,3,0,H,1,0,H,,,18,12,8,6,9,7,11,11,0,2,0,1,M Oliver
20221020_Leicester_Leeds,2022-23,2022,2022-10-20,Leicester,Leeds,2,0,H,2,0,H,,,5,14,1,2,2,9,15,11,2,1,0,0,P Bankes
20221022_Nott'mForest_Liverpool,2022-23,2022,2022-10-22,Nott'm Forest,Liverpool,1,0,H,0,0,D,,,10,15,7,7,2,11,14,8,2,1,0,0,P Tierney
20221022_Everton_CrystalPalace,2022-23,2022,2022-10-22,Everton,Crystal Palace,3,0,H,1,0,H,,,9,9,6,2,3,4,16,14,3,4,0,0,S Hooper
20221022_ManCity_Brighton,2022-23,2022,2022-10-22,Man City,Brighton,3,1,H,2,0,H,,,10,8,4,2,7,3,11,12,1,3,0,0,C Pawson
20221022_Chelsea_ManUnited,2022-23,2022,2022-10-22,Chelsea,Man United,1,1,D,0,0,D,,,6,13,2,6,6,4,8,10,1,4,0,0,S Attwell
20221023_Tottenham_Newcastle,2022-23,2022,2022-10-23,Tottenham,Newcastle,1,2,A,0,2,A,,,17,13,5,5,6,7,12,6,4,2,0,0,J Gillett
20221023_Wolves_Leicester,2022-23,2022,2022-10-23,Wolves,Leicester,0,4,A,0,2,A,,,21,5,5,4,9,2,10,13,2,1,0,0,M Oliver
20221023_Southampton_Arsenal,2022-23,2022,2022-10-23,Southampton,Arsenal,1,1,D,0,1,A,,,10,12,3,3,9,4,11,8,2,1,0,0,R Jones
20221023_Leeds_Fulham,2022-23,2022,2022-10-23,Leeds,Fulham,2,3,A,1,1,D,,,14,11,5,5,3,6,12,8,1,1,0,0,A Taylor
20221023_AstonVilla_Brentford,2022-23,2022,2022-10-23,Aston Villa,Brentford,4,0,H,3,0,H,,,19,12,11,3,7,6,14,11,1,0,0,0,D England
20221024_WestHam_Bournemouth,2022-23,2022,2022-10-24,West Ham,Bournemouth,2,0,H,1,0,H,,,20,5,4,3,5,0,9,11,0,2,0,0,D Coote
20221029_Leicester_ManCity,2022-23,2022,2022-10-29,Leicester,Man City,0,1,A,0,0,D,,,10,15,5,5,3,10,5,10,0,0,0,0,R Jones
20221029_Bournemouth_Tottenham,2022-23,2022,2022-10-29,Bournemouth,Tottenham,2,3,A,1,0,H,,,6,23,4,7,2,19,10,5,1,2,0,0,A Taylor
20221029_Brentford_Wolves,2022-23,2022,2022-10-29,Brentford,Wolves,1,1,D,0,0,D,,,12,14,3,4,3,6,10,17,3,3,0,1,R Madley
20221029_Brighton_Chelsea,2022-23,2022,2022-10-29,Brighton,Chelsea,4,1,H,3,0,H,,,19,15,9,7,8,7,16,6,1,2,0,0,A Madley
20221029_CrystalPalace_Southampton,2022-23,2022,2022-10-29,Crystal Palace,Southampton,1,0,H,1,0,H,,,12,14,3,4,8,4,13,12,3,3,0,0,M Salisbury
20221029_Newcastle_AstonVilla,2022-23,2022,2022-10-29,Newcastle,Aston Villa,4,0,H,1,0,H,,,20,3,7,0,3,0,11,11,1,1,0,0,P Tierney
20221029_Fulham_Everton,2022-23,2022,2022-10-29,Fulham,Everton,0,0,D,0,0,D,,,24,9,6,4,13,4,10,8,2,1,0,0,J Brooks
20221029_Liverpool_Leeds,2022-23,2022,2022-10-29,Liverpool,Leeds,1,2,A,1,1,D,,,22,14,10,6,14,5,9,3,0,1,0,0,M Oliver
20221030_ManUnited_WestHam,2022-23,2022,2022-10-30,Man United,West Ham,1,0,H,1,0,H,,,16,13,3,5,5,10,12,10,1,3,0,0,C Kavanagh
20221030_Arsenal_Nott'mForest,2022-23,2022,2022-10-30,Arsenal,Nott'm Forest,5,0,H,1,0,H,,,24,5,10,2,9,4,9,8,0,1,0,0,S Hooper
20221105_Leeds_Bournemouth,2022-23,2022,2022-11-05,Leeds,Bournemouth,4,3,H,1,2,A,,,18,9,4,6,13,3,16,10,2,2,0,0,T Harrington
20221105_ManCity_Fulham,2022-23,2022,2022-11-05,Man City,Fulham,2,1,H,1,1,D,,,16,4,5,2,9,0,6,11,2,4,1,0,D England
20221105_Nott'mForest_Brentford,2022-23,2022,2022-11-05,Nott'm Forest,Brentford,2,2,D,1,1,D,,,15,6,7,2,3,3,10,11,2,2,0,0,A Marriner
20221105_Wolves_Brighton,2022-23,2022,2022-11-05,Wolves,Brighton,2,3,A,2,2,D,,,8,19,5,8,4,9,15,11,2,0,1,0,G Scott
20221105_Everton_Leicester,2022-23,2022,2022-11-05,Everton,Leicester,0,2,A,0,1,A,,,12,22,2,8,8,3,9,5,0,0,0,0,D Coote
20221106_Tottenham_Liverpool,2022-23,2022,2022-11-06,Tottenham,Liverpool,1,2,A,0,2,A,,,14,13,5,6,5,3,10,8,0,0,0,0,A Madley
20221106_Chelsea_Arsenal,2022-23,2022,2022-11-06,Chelsea,Arsenal,0,1,A,0,0,D,,,5,14,1,2,4,6,20,13,5,2,0,0,M Oliver
20221106_AstonVilla_ManUnited,2022-23,2022,2022-11-06,Aston Villa,Man United,3,1,H,2,1,H,,,6,8,4,3,3,5,6,12,3,3,0,0,A Taylor
20221106_Southampton_Newcastle,2022-23,2022,2022-11-06,Southampton,Newcastle,1,4,A,0,1,A,,,16,7,5,4,8,2,7,10,1,0,0,0,S Attwell
20221106_WestHam_CrystalPalace,2022-23,2022,2022-11-06,West Ham,Crystal Palace,1,2,A,1,1,D,,,5,15,2,6,2,5,10,7,1,1,0,0,P Tierney
20221112_Wolves_Arsenal,2022-23,2022,2022-11-12,Wolves,Arsenal,0,2,A,0,0,D,,,11,14,2,4,6,4,5,6,3,2,0,0,S Attwell
20221112_Newcastle_Chelsea,2022-23,2022,2022-11-12,Newcastle,Chelsea,1,0,H,0,0,D,,,10,5,3,2,5,3,14,11,3,2,0,0,R Jones
20221112_WestHam_Leicester,2022-23,2022,2022-11-12,West Ham,Leicester,0,2,A,0,1,A,,,18,9,6,6,7,2,9,8,3,1,0,0,J Gillett
20221112_Tottenham_Leeds,2022-23,2022,2022-11-12,Tottenham,Leeds,4,3,H,1,2,A,,,14,12,8,5,9,2,8,7,1,1,0,1,M Salisbury
20221112_ManCity_Brentford,2022-23,2022,2022-11-12,Man City,Brentford,1,2,A,1,1,D,,,29,10,6,8,10,2,9,7,2,2,0,0,P Bankes
20221112_Liverpool_Southampton,2022-23,2022,2022-11-12,Liverpool,Southampton,3,1,H,3,1,H,,,15,9,7,5,6,0,8,8,0,2,0,0,S Hooper
20221112_Bournemouth_Everton,2022-23,2022,2022-11-12,Bournemouth,Everton,3,0,H,2,0,H,,,16,15,9,3,3,5,12,8,2,0,0,0,C Pawson
20221112_Nott'mForest_CrystalPalace,2022-23,2022,2022-11-12,Nott'm Forest,Crystal Palace,1,0,H,0,0,D,,,9,8,2,0,1,5,11,13,1,4,0,0,J Brooks
20221113_Brighton_AstonVilla,2022-23,2022,2022-11-13,Brighton,Aston Villa,1,2,A,1,1,D,,,7,8,2,2,11,4,14,11,2,7,0,0,C Kavanagh
20221113_Fulham_ManUnited,2022-23,2022,2022-11-13,Fulham,Man United,1,2,A,0,1,A,,,14,14,7,9,10,3,9,10,1,1,0,0,P Tierney
20221226_Arsenal_WestHam,2022-23,2022,2022-12-26,Arsenal,West Ham,3,1,H,0,1,A,,,16,8,5,4,7,5,13,17,0,2,0,0,M Oliver
20221226_AstonVilla_Liverpool,2022-23,2022,2022-12-26,Aston Villa,Liverpool,1,3,A,0,2,A,,,12,16,6,9,0,6,7,12,0,0,0,0,P Tierney
20221226_Leicester_Newcastle,2022-23,2022,2022-12-26,Leicester,Newcastle,0,3,A,0,3,A,,,8,12,2,5,5,5,9,6,0,0,0,0,J Gillett
20221226_Southampton_Brighton,2022-23,2022,2022-12-26,Southampton,Brighton,1,3,A,0,2,A,,,14,7,4,4,4,2,9,10,1,2,0,0,R Jones
20221226_CrystalPalace_Fulham,2022-23,2022,2022-12-26,Crystal Palace,Fulham,0,3,A,0,1,A,,,4,23,0,11,1,8,12,15,0,0,2,0,A Madley
20221226_Brentford_Tottenham,2022-23,2022,2022-12-26,Brentford,Tottenham,2,2,D,1,0,H,,,9,16,5,8,6,5,11,10,3,1,0,0,D Coote
20221226_Everton_Wolves,2022-23,2022,2022-12-26,Everton,Wolves,1,2,A,1,1,D,,,12,7,6,4,2,2,9,22,1,6,0,0,C Pawson
20221227_Chelsea_Bournemouth,2022-23,2022,2022-12-27,Chelsea,Bournemouth,2,0,H,2,0,H,,,15,9,5,4,6,8,8,10,0,0,0,0,S Hooper
20221227_ManUnited_Nott'mForest,2022-23,2022,2022-12-27,Man United,Nott'm Forest,3,0,H,2,0,H,,,17,8,8,3,9,9,13,4,3,1,0,0,A Taylor
20221228_Leeds_ManCity,2022-23,2022,2022-12-28,Leeds,Man City,1,3,A,0,1,A,,,9,26,1,9,3,5,11,14,3,3,0,0,S Attwell
20221230_WestHam_Brentford,2022-23,2022,2022-12-30,West Ham,Brentford,0,2,A,0,2,A,,,20,9,5,6,8,1,9,5,1,0,0,0,D England
20221230_Liverpool_Leicester,2022-23,2022,2022-12-30,Liverpool,Leicester,2,1,H,2,1,H,,,21,7,5,2,4,5,8,15,0,1,0,0,C Pawson
20221231_Brighton_Arsenal,2022-23,2022,2022-12-31,Brighton,Arsenal,2,4,A,0,2,A,,,9,14,5,7,7,4,7,11,3,3,0,0,A Taylor
20221231_Newcastle_Leeds,2022-23,2022,2022-12-31,Newcastle,Leeds,0,0,D,0,0,D,,,16,8,5,1,9,3,13,19,3,5,0,0,S Hooper
20221231_ManCity_Everton,2022-23,2022,2022-12-31,Man City,Everton,1,1,D,1,0,H,,,16,2,3,1,7,1,13,14,3,4,0,0,A Madley
20221231_Fulham_Southampton,2022-23,2022,2022-12-31,Fulham,Southampton,2,1,H,1,0,H,,,8,9,2,3,4,4,8,13,0,1,0,0,G Scott
20221231_Bournemouth_CrystalPalace,2022-23,2022,2022-12-31,Bournemouth,Crystal Palace,0,2,A,0,2,A,,,6,15,2,6,2,7,17,11,4,1,0,0,A Marriner
20221231_Wolves_ManUnited,2022-23,2022,2022-12-31,Wolves,Man United,0,1,A,0,0,D,,,10,16,3,6,7,5,11,11,1,3,0,0,R Jones
20230101_Tottenham_AstonVilla,2022-23,2022,2023-01-01,Tottenham,Aston Villa,0,2,A,0,0,D,,,6,13,2,4,5,3,15,10,4,3,0,0,J Brooks
20230101_Nott'mForest_Chelsea,2022-23,2022,2023-01-01,Nott'm Forest,Chelsea,1,1,D,0,1,A,,,12,7,5,2,1,2,16,14,2,2,0,0,P Bankes
20230102_Brentford_Liverpool,2022-23,2022,2023-01-02,Brentford,Liverpool,3,1,H,2,0,H,,,10,16,7,6,4,9,5,8,1,3,0,0,S Attwell
20230103_Arsenal_Newcastle,2022-23,2022,2023-01-03,Arsenal,Newcastle,0,0,D,0,0,D,,,17,8,4,1,5,5,10,16,4,4,0,0,A Madley
20230103_Everton_Brighton,2022-23,2022,2023-01-03,Everton,Brighton,1,4,A,0,1,A,,,10,19,4,8,5,2,8,10,3,1,0,0,A Marriner
20230103_Leicester_Fulham,2022-23,2022,2023-01-03,Leicester,Fulham,0,1,A,0,1,A,,,15,11,6,2,6,3,12,11,2,6,0,0,D Bond
20230103_ManUnited_Bournemouth,2022-23,2022,2023-01-03,Man United,Bournemouth,3,0,H,1,0,H,,,18,7,6,4,6,5,13,7,0,3,0,0,M Salisbury
20230104_AstonVilla_Wolves,2022-23,2022,2023-01-04,Aston Villa,Wolves,1,1,D,0,1,A,,,13,10,4,3,7,8,6,12,1,3,0,0,J Gillett
20230104_CrystalPalace_Tottenham,2022-23,2022,2023-01-04,Crystal Palace,Tottenham,0,4,A,0,0,D,,,19,14,4,6,10,4,11,8,1,2,0,0,M Oliver
20230104_Southampton_Nott'mForest,2022-23,2022,2023-01-04,Southampton,Nott'm Forest,0,1,A,0,1,A,,,8,11,0,1,6,2,14,17,2,2,0,0,T Bramall
20230104_Leeds_WestHam,2022-23,2022,2023-01-04,Leeds,West Ham,2,2,D,1,1,D,,,14,15,6,2,8,1,11,18,3,1,0,0,D Coote
20230105_Chelsea_ManCity,2022-23,2022,2023-01-05,Chelsea,Man City,0,1,A,0,0,D,,,8,12,2,3,3,2,9,9,2,0,0,0,P Tierney
20230112_Fulham_Chelsea,2022-23,2022,2023-01-12,Fulham,Chelsea,2,1,H,1,0,H,,,8,20,3,10,5,7,12,16,4,3,0,1,D Coote
20230113_AstonVilla_Leeds,2022-23,2022,2023-01-13,Aston Villa,Leeds,2,1,H,1,0,H,,,11,16,5,4,0,11,12,8,2,2,0,0,M Oliver
20230114_ManUnited_ManCity,2022-23,2022,2023-01-14,Man United,Man City,2,1,H,0,0,D,,,8,5,4,1,1,2,15,5,3,0,0,0,S Attwell
20230114_Brighton_Liverpool,2022-23,2022,2023-01-14,Brighton,Liverpool,3,0,H,0,0,D,,,16,6,9,2,7,1,8,15,1,3,0,0,D England
20230114_Everton_Southampton,2022-23,2022,2023-01-14,Everton,Southampton,1,2,A,1,0,H,,,12,13,4,5,6,4,7,19,0,3,0,0,J Brooks
20230114_Nott'mForest_Leicester,2022-23,2022,2023-01-14,Nott'm Forest,Leicester,2,0,H,0,0,D,,,15,6,5,1,3,5,11,12,1,2,0,0,P Tierney
20230114_Wolves_WestHam,2022-23,2022,2023-01-14,Wolves,West Ham,1,0,H,0,0,D,,,17,16,4,4,4,3,10,7,0,2,0,0,S Hooper
20230114_Brentford_Bournemouth,2022-23,2022,2023-01-14,Brentford,Bournemouth,2,0,H,1,0,H,,,12,7,4,2,5,3,5,9,1,1,0,0,J Gillett
20230115_Tottenham_Arsenal,2022-23,2022,2023-01-15,Tottenham,Arsenal,0,2,A,0,2,A,,,17,14,7,5,4,3,16,15,4,2,0,0,C Pawson
20230115_Newcastle_Fulham,2022-23,2022,2023-01-15,Newcastle,Fulham,1,0,H,0,0,D,,,20,5,5,0,10,5,6,14,1,3,0,0,R Jones
20230115_Chelsea_CrystalPalace,2022-23,2022,2023-01-15,Chelsea,Crystal Palace,1,0,H,0,0,D,,,15,10,5,5,11,7,10,17,2,5,0,0,P Bankes
20230118_CrystalPalace_ManUnited,2022-23,2022,2023-01-18,Crystal Palace,Man United,1,1,D,0,1,A,,,10,15,5,4,3,3,9,10,1,2,0,0,R Jones
20230119_ManCity_Tottenham,2022-23,2022,2023-01-19,Man City,Tottenham,4,2,H,0,2,A,,,16,9,6,3,8,3,10,14,1,2,0,0,S Hooper
20230121_Liverpool_Chelsea,2022-23,2022,2023-01-21,Liverpool,Chelsea,0,0,D,0,0,D,,,15,11,3,2,5,5,16,9,3,1,0,0,M Oliver
20230121_Bournemouth_Nott'mForest,2022-23,2022,2023-01-21,Bournemouth,Nott'm Forest,1,1,D,1,0,H,,,16,20,4,5,4,6,10,7,1,2,0,0,A Madley
20230121_Leicester_Brighton,2022-23,2022,2023-01-21,Leicester,Brighton,2,2,D,1,1,D,,,9,13,2,4,5,6,9,9,0,1,0,0,T Bramall
20230121_Southampton_AstonVilla,2022-23,2022,2023-01-21,Southampton,Aston Villa,0,1,A,0,0,D,,,8,16,5,5,2,2,19,9,1,2,0,0,M Salisbury
20230121_WestHam_Everton,2022-23,2022,2023-01-21,West Ham,Everton,2,0,H,2,0,H,,,11,5,4,2,4,9,9,6,1,1,0,0,S Attwell
20230121_CrystalPalace_Newcastle,2022-23,2022,2023-01-21,Crystal Palace,Newcastle,0,0,D,0,0,D,,,6,16,1,7,3,15,13,7,4,2,0,0,C Pawson
20230122_Arsenal_ManUnited,2022-23,2022,2023-01-22,Arsenal,Man United,3,2,H,1,1,D,,,25,6,5,4,12,4,8,9,1,2,0,0,A Taylor
20230122_Leeds_Brentford,2022-23,2022,2023-01-22,Leeds,Brentford,0,0,D,0,0,D,,,9,6,5,0,2,3,10,18,2,2,0,0,P Bankes
20230122_ManCity_Wolves,2022-23,2022,2023-01-22,Man City,Wolves,3,0,H,1,0,H,,,13,10,7,1,5,7,10,10,1,2,0,0,D Coote
20230123_Fulham_Tottenham,2022-23,2022,2023-01-23,Fulham,Tottenham,0,1,A,0,1,A,,,10,10,5,3,3,8,10,10,1,3,0,0,P Tierney
20230203_Chelsea_Fulham,2022-23,2022,2023-02-03,Chelsea,Fulham,0,0,D,0,0,D,,,12,10,3,4,6,2,16,12,1,4,0,0,S Attwell
20230204_Everton_Arsenal,2022-23,2022,2023-02-04,Everton,Arsenal,1,0,H,0,0,D,,,12,15,4,3,7,5,13,8,4,1,0,0,D Coote
20230204_AstonVilla_Leicester,2022-23,2022,2023-02-04,Aston Villa,Leicester,2,4,A,2,3,A,,,19,9,4,5,11,3,10,10,0,2,0,0,D England
20230204_Brentford_Southampton,2022-23,2022,2023-02-04,Brentford,Southampton,3,0,H,2,0,H,,,14,14,4,6,4,4,10,9,1,2,0,0,D Bond
20230204_Brighton_Bournemouth,2022-23,2022,2023-02-04,Brighton,Bournemouth,1,0,H,0,0,D,,,20,12,6,2,7,3,14,7,3,1,0,0,C Pawson
20230204_ManUnited_CrystalPalace,2022-23,2022,2023-02-04,Man United,Crystal Palace,2,1,H,1,0,H,,,14,10,5,3,5,5,9,9,1,2,1,0,A Marriner
20230204_Wolves_Liverpool,2022-23,2022,2023-02-04,Wolves,Liverpool,3,0,H,2,0,H,,,12,22,6,4,2,7,9,7,1,1,0,0,P Tierney
20230204_Newcastle_WestHam,2022-23,2022,2023-02-04,Newcastle,West Ham,1,1,D,1,1,D,,,8,10,2,1,4,2,11,13,2,1,0,0,P Bankes
20230205_Nott'mForest_Leeds,2022-23,2022,2023-02-05,Nott'm Forest,Leeds,1,0,H,1,0,H,,,6,10,2,4,0,2,15,14,4,2,0,0,R Jones
20230205_Tottenham_ManCity,2022-23,2022,2023-02-05,Tottenham,Man City,1,0,H,1,0,H,,,12,15,3,5,4,6,19,14,2,3,1,0,A Madley
20230208_ManUnited_Leeds,2022-23,2022,2023-02-08,Man United,Leeds,2,2,D,0,1,A,,,24,8,7,2,6,5,7,11,1,3,0,0,S Hooper
20230211_Bournemouth_Newcastle,2022-23,2022,2023-02-11,Bournemouth,Newcastle,1,1,D,1,1,D,,,11,15,5,7,4,6,8,10,2,3,0,0,S Attwell
20230211_Southampton_Wolves,2022-23,2022,2023-02-11,Southampton,Wolves,1,2,A,1,0,H,,,17,11,2,2,5,2,12,14,2,2,0,1,J Gillett
20230211_Leicester_Tottenham,2022-23,2022,2023-02-11,Leicester,Tottenham,4,1,H,3,1,H,,,15,11,7,4,1,5,14,9,5,2,0,0,M Salisbury
20230211_CrystalPalace_Brighton,2022-23,2022,2023-02-11,Crystal Palace,Brighton,1,1,D,0,0,D,,,6,17,1,7,1,6,10,11,4,1,0,0,M Oliver
20230211_Arsenal_Brentford,2022-23,2022,2023-02-11,Arsenal,Brentford,1,1,D,0,0,D,,,23,9,7,2,7,4,9,9,0,2,0,0,P Bankes
20230211_WestHam_Chelsea,2022-23,2022,2023-02-11,West Ham,Chelsea,1,1,D,1,1,D,,,10,12,2,4,5,6,9,11,1,1,0,0,C Pawson
20230211_Fulham_Nott'mForest,2022-23,2022,2023-02-11,Fulham,Nott'm Forest,2,0,H,1,0,H,,,16,10,3,1,5,4,9,11,0,1,0,0,A Madley
20230212_Leeds_ManUnited,2022-23,2022,2023-02-12,Leeds,Man United,0,2,A,0,0,D,,,16,11,6,5,7,3,10,13,2,1,0,0,P Tierney
20230212_ManCity_AstonVilla,2022-23,2022,2023-02-12,Man City,Aston Villa,3,1,H,3,0,H,,,17,6,9,2,8,4,13,14,1,2,0,0,R Jones
20230213_Liverpool_Everton,2022-23,2022,2023-02-13,Liverpool,Everton,2,0,H,1,0,H,,,15,6,6,1,3,3,8,16,1,3,0,0,S Hooper
20230215_Arsenal_ManCity,2022-23,2022,2023-02-15,Arsenal,Man City,1,3,A,1,1,D,,,10,9,1,6,1,3,11,15,2,3,0,0,A Taylor
20230218_Nott'mForest_ManCity,2022-23,2022,2023-02-18,Nott'm Forest,Man City,1,1,D,0,1,A,,,4,26,1,6,0,10,8,6,1,0,0,0,G Scott
20230218_Newcastle_Liverpool,2022-23,2022,2023-02-18,Newcastle,Liverpool,0,2,A,0,2,A,,,14,13,4,7,6,7,3,8,1,1,1,0,A Taylor
20230218_Wolves_Bournemouth,2022-23,2022,2023-02-18,Wolves,Bournemouth,0,1,A,0,0,D,,,15,5,4,1,12,2,12,10,3,3,0,0,M Salisbury
20230218_Everton_Leeds,2022-23,2022,2023-02-18,Everton,Leeds,1,0,H,0,0,D,,,15,8,6,0,6,4,8,6,2,3,0,0,A Madley
20230218_AstonVilla_Arsenal,2022-23,2022,2023-02-18,Aston Villa,Arsenal,2,4,A,2,1,H,,,7,20,5,5,2,9,13,4,2,1,0,0,S Hooper
20230218_Brighton_Fulham,2022-23,2022,2023-02-18,Brighton,Fulham,0,1,A,0,0,D,,,21,5,7,2,10,2,12,14,0,5,0,0,D England
20230218_Brentford_CrystalPalace,2022-23,2022,2023-02-18,Brentford,Crystal Palace,1,1,D,0,0,D,,,12,10,5,4,2,6,10,8,2,2,0,0,P Tierney
20230218_Chelsea_Southampton,2022-23,2022,2023-02-18,Chelsea,Southampton,0,1,A,0,1,A,,,17,8,5,5,8,2,16,24,3,6,0,0,D Coote
20230219_ManUnited_Leicester,2022-23,2022,2023-02-19,Man United,Leicester,3,0,H,1,0,H,,,26,19,8,3,6,6,9,9,0,2,0,0,S Attwell
20230219_Tottenham_WestHam,2022-23,2022,2023-02-19,Tottenham,West Ham,2,0,H,0,0,D,,,16,6,6,1,4,7,16,10,2,1,0,0,M Oliver
20230224_Fulham_Wolves,2022-23,2022,2023-02-24,Fulham,Wolves,1,1,D,0,1,A,,,10,8,5,2,4,3,12,17,2,0,0,0,M Oliver
20230225_CrystalPalace_Liverpool,2022-23,2022,2023-02-25,Crystal Palace,Liverpool,0,0,D,0,0,D,,,6,12,0,4,5,3,11,14,2,5,0,0,D England
20230225_Bournemouth_ManCity,2022-23,2022,2023-02-25,Bournemouth,Man City,1,4,A,0,3,A,,,13,20,2,5,4,6,10,9,2,2,0,0,P Tierney
20230225_WestHam_Nott'mForest,2022-23,2022,2023-02-25,West Ham,Nott'm Forest,4,0,H,0,0,D,,,18,8,5,3,12,3,8,5,0,0,0,0,J Gillett
20230225_Leicester_Arsenal,2022-23,2022,2023-02-25,Leicester,Arsenal,0,1,A,0,0,D,,,1,10,0,2,0,8,14,9,0,1,0,0,C Pawson
20230225_Everton_AstonVilla,2022-23,2022,2023-02-25,Everton,Aston Villa,0,2,A,0,0,D,,,15,9,5,5,5,1,12,12,2,1,0,0,A Taylor
20230225_Leeds_Southampton,2022-23,2022,2023-02-25,Leeds,Southampton,1,0,H,0,0,D,,,14,8,4,2,9,2,15,13,2,4,0,0,P Bankes
20230226_Tottenham_Chelsea,2022-23,2022,2023-02-26,Tottenham,Chelsea,2,0,H,0,0,D,,,8,10,3,2,4,4,10,10,2,3,0,0,S Attwell
20230301_Arsenal_Everton,2022-23,2022,2023-03-01,Arsenal,Everton,4,0,H,2,0,H,,,15,8,5,5,5,1,5,12,0,2,0,0,M Oliver
20230301_Liverpool_Wolves,2022-23,2022,2023-03-01,Liverpool,Wolves,2,0,H,0,0,D,,,15,4,6,1,5,2,13,14,2,3,0,0,P Tierney
20230304_Chelsea_Leeds,2022-23,2022,2023-03-04,Chelsea,Leeds,1,0,H,0,0,D,,,13,11,3,2,5,7,10,7,2,0,0,0,M Oliver
20230304_Wolves_Tottenham,2022-23,2022,2023-03-04,Wolves,Tottenham,1,0,H,0,0,D,,,8,21,5,6,4,8,11,18,1,1,0,0,T Robinson
20230304_Brighton_WestHam,2022-23,2022,2023-03-04,Brighton,West Ham,4,0,H,1,0,H,,,20,3,9,2,7,3,6,8,0,3,0,0,S Attwell
20230304_Southampton_Leicester,2022-23,2022,2023-03-04,Southampton,Leicester,1,0,H,1,0,H,,,11,11,5,0,3,4,12,11,4,2,0,0,R Jones
20230304_Arsenal_Bournemouth,2022-23,2022,2023-03-04,Arsenal,Bournemouth,3,2,H,0,1,A,,,31,4,9,4,17,1,6,8,0,2,0,0,C Kavanagh
20230304_ManCity_Newcastle,2022-23,2022,2023-03-04,Man City,Newcastle,2,0,H,1,0,H,,,11,5,3,2,8,4,8,13,2,4,0,0,S Hooper
20230304_AstonVilla_CrystalPalace,2022-23,2022,2023-03-04,Aston Villa,Crystal Palace,1,0,H,1,0,H,,,8,3,1,0,2,4,14,17,2,3,0,1,C Pawson
20230305_Nott'mForest_Everton,2022-23,2022,2023-03-05,Nott'm Forest,Everton,2,2,D,1,2,A,,,10,10,4,3,3,3,11,17,3,5,0,0,J Brooks
20230305_Liverpool_ManUnited,2022-23,2022,2023-03-05,Liverpool,Man United,7,0,H,1,0,H,,,18,8,8,4,4,3,13,14,2,3,0,0,A Madley
20230306_Brentford_Fulham,2022-23,2022,2023-03-06,Brentford,Fulham,3,2,H,1,1,D,,,14,9,6,5,2,3,12,17,0,3,0,0,A Taylor
20230311_Tottenham_Nott'mForest,2022-23,2022,2023-03-11,Tottenham,Nott'm Forest,3,1,H,2,0,H,,,15,9,7,5,2,10,13,13,3,1,0,0,C Pawson
20230311_Leicester_Chelsea,2022-23,2022,2023-03-11,Leicester,Chelsea,1,3,A,1,2,A,,,17,12,7,6,2,5,10,11,1,2,1,0,A Marriner
20230311_CrystalPalace_ManCity,2022-23,2022,2023-03-11,Crystal Palace,Man City,0,1,A,0,0,D,,,4,14,0,4,2,6,11,17,2,2,0,0,R Jones
20230311_Everton_Brentford,2022-23,2022,2023-03-11,Everton,Brentford,1,0,H,1,0,H,,,13,12,6,4,5,8,11,12,2,1,0,0,S Hooper
20230311_Bournemouth_Liverpool,2022-23,2022,2023-03-11,Bournemouth,Liverpool,1,0,H,1,0,H,,,5,15,2,6,3,8,7,9,2,1,0,0,J Brooks
20230311_Leeds_Brighton,2022-23,2022,2023-03-11,Leeds,Brighton,2,2,D,1,1,D,,,12,14,4,2,4,7,12,9,1,1,0,0,P Tierney
20230312_Fulham_Arsenal,2022-23,2022,2023-03-12,Fulham,Arsenal,0,3,A,0,3,A,,,12,15,2,7,4,8,10,9,0,1,0,0,D Coote
20230312_ManUnited_Southampton,2022-23,2022,2023-03-12,Man United,Southampton,0,0,D,0,0,D,,,10,17,4,4,7,8,12,9,2,0,0,0,A Taylor
20230312_WestHam_AstonVilla,2022-23,2022,2023-03-12,West Ham,Aston Villa,1,1,D,1,1,D,,,17,12,6,4,13,2,8,6,1,0,0,0,C Kavanagh
20230312_Newcastle_Wolves,2022-23,2022,2023-03-12,Newcastle,Wolves,2,1,H,1,0,H,,,19,7,8,4,10,3,11,10,1,2,0,0,A Madley
20230315_Brighton_CrystalPalace,2022-23,2022,2023-03-15,Brighton,Crystal Palace,1,0,H,1,0,H,,,11,11,5,3,1,4,13,20,1,2,0,0,P Bankes
20230315_Southampton_Brentford,2022-23,2022,2023-03-15,Southampton,Brentford,0,2,A,0,1,A,,,7,11,1,5,3,3,14,10,1,2,0,0,M Salisbury
20230317_Nott'mForest_Newcastle,2022-23,2022,2023-03-17,Nott'm Forest,Newcastle,1,2,A,1,1,D,,,5,15,3,4,3,7,17,9,5,1,0,0,P Tierney
20230318_Wolves_Leeds,2022-23,2022,2023-03-18,Wolves,Leeds,2,4,A,0,1,A,,,23,11,8,4,5,4,15,9,3,5,1,0,M Salisbury
20230318_AstonVilla_Bournemouth,2022-23,2022,2023-03-18,Aston Villa,Bournemouth,3,0,H,1,0,H,,,20,10,9,3,9,6,8,13,1,4,0,0,R Jones
20230318_Brentford_Leicester,2022-23,2022,2023-03-18,Brentford,Leicester,1,1,D,1,0,H,,,11,14,2,1,8,4,10,11,1,2,1,0,D Bond
20230318_Southampton_Tottenham,2022-23,2022,2023-03-18,Southampton,Tottenham,3,3,D,0,1,A,,,19,17,7,3,10,3,13,8,1,1,0,0,S Hooper
20230318_Chelsea_Everton,2022-23,2022,2023-03-18,Chelsea,Everton,2,2,D,0,0,D,,,20,12,7,3,8,2,8,12,2,2,0,0,D England
20230319_Arsenal_CrystalPalace,2022-23,2022,2023-03-19,Arsenal,Crystal Palace,4,1,H,2,0,H,,,15,8,5,4,5,4,8,10,0,1,0,0,S Attwell
20230401_ManCity_Liverpool,2022-23,2022,2023-04-01,Man City,Liverpool,4,1,H,1,1,D,,,17,4,8,1,7,1,9,12,1,1,0,0,S Hooper
20230401_Arsenal_Leeds,2022-23,2022,2023-04-01,Arsenal,Leeds,4,1,H,1,0,H,,,13,7,6,5,4,3,11,13,0,2,0,0,D England
20230401_Bournemouth_Fulham,2022-23,2022,2023-04-01,Bournemouth,Fulham,2,1,H,0,1,A,,,12,10,7,2,4,3,15,13,1,4,0,0,P Bankes
20230401_Brighton_Brentford,2022-23,2022,2023-04-01,Brighton,Brentford,3,3,D,2,2,D,,,33,7,15,5,14,0,16,10,2,1,0,0,M Oliver
20230401_CrystalPalace_Leicester,2022-23,2022,2023-04-01,Crystal Palace,Leicester,2,1,H,0,0,D,,,31,3,9,2,10,1,12,16,3,4,0,0,T Robinson
20230401_Nott'mForest_Wolves,2022-23,2022,2023-04-01,Nott'm Forest,Wolves,1,1,D,1,0,H,,,17,8,7,1,4,3,14,13,3,5,0,0,C Kavanagh
20230401_Chelsea_AstonVilla,2022-23,2022,2023-04-01,Chelsea,Aston Villa,0,2,A,0,1,A,,,27,5,8,2,13,2,14,16,3,3,0,0,A Madley
20230402_WestHam_Southampton,2022-23,2022,2023-04-02,West Ham,Southampton,1,0,H,1,0,H,,,12,9,2,3,5,3,10,11,0,2,0,0,P Tierney
20230402_Newcastle_ManUnited,2022-23,2022,2023-04-02,Newcastle,Man United,2,0,H,0,0,D,,,22,6,6,1,7,4,8,12,0,0,0,0,S Attwell
20230403_Everton_Tottenham,2022-23,2022,2023-04-03,Everton,Tottenham,1,1,D,0,0,D,,,15,8,6,2,3,3,10,14,0,3,1,1,D Coote
20230404_Chelsea_Liverpool,2022-23,2022,2023-04-04,Chelsea,Liverpool,0,0,D,0,0,D,,,12,7,3,4,3,5,6,17,1,4,0,0,A Taylor
20230404_Leicester_AstonVilla,2022-23,2022,2023-04-04,Leicester,Aston Villa,1,2,A,1,1,D,,,9,15,4,5,4,8,10,14,2,0,1,0,G Scott
20230404_Bournemouth_Brighton,2022-23,2022,2023-04-04,Bournemouth,Brighton,0,2,A,0,1,A,,,14,16,3,6,5,5,11,5,1,1,0,0,D Bond
20230404_Leeds_Nott'mForest,2022-23,2022,2023-04-04,Leeds,Nott'm Forest,2,1,H,2,1,H,,,21,13,6,1,11,4,11,13,1,4,0,0,R Jones
20230405_ManUnited_Brentford,2022-23,2022,2023-04-05,Man United,Brentford,1,0,H,1,0,H,,,18,6,3,1,12,3,8,13,3,2,0,0,J Brooks
20230405_WestHam_Newcastle,2022-23,2022,2023-04-05,West Ham,Newcastle,1,5,A,1,2,A,,,7,15,2,8,7,6,11,12,2,1,0,0,C Pawson
20230408_Southampton_ManCity,2022-23,2022,2023-04-08,Southampton,Man City,1,4,A,0,1,A,,,4,13,1,8,0,10,6,10,0,2,0,0,R Jones
20230408_ManUnited_Everton,2022-23,2022,2023-04-08,Man United,Everton,2,0,H,1,0,H,,,29,15,11,1,10,4,10,9,0,0,0,0,M Oliver
20230408_AstonVilla_Nott'mForest,2022-23,2022,2023-04-08,Aston Villa,Nott'm Forest,2,0,H,0,0,D,,,8,6,3,2,1,8,7,17,3,4,0,0,A Taylor
20230408_Brentford_Newcastle,2022-23,2022,2023-04-08,Brentford,Newcastle,1,2,A,1,0,H,,,12,10,6,4,6,5,10,15,0,0,0,0,C Kavanagh
20230408_Fulham_WestHam,2022-23,2022,2023-04-08,Fulham,West Ham,0,1,A,0,1,A,,,16,9,3,5,11,4,10,12,1,1,0,0,J Gillett
20230408_Leicester_Bournemouth,2022-23,2022,2023-04-08,Leicester,Bournemouth,0,1,A,0,1,A,,,14,19,4,7,6,6,10,13,0,3,0,0,D Coote
20230408_Tottenham_Brighton,2022-23,2022,2023-04-08,Tottenham,Brighton,2,1,H,1,1,D,,,9,17,3,4,3,7,15,15,3,1,0,0,S Attwell
20230408_Wolves_Chelsea,2022-23,2022,2023-04-08,Wolves,Chelsea,1,0,H,1,0,H,,,9,13,4,1,8,8,14,10,2,5,0,0,P Bankes
20230409_Liverpool_Arsenal,2022-23,2022,2023-04-09,Liverpool,Arsenal,2,2,D,1,2,A,,,21,9,6,5,5,4,11,11,4,4,0,0,P Tierney
20230409_Leeds_CrystalPalace,2022-23,2022,2023-04-09,Leeds,Crystal Palace,1,5,A,1,1,D,,,11,16,7,8,2,4,11,8,3,1,0,0,S Hooper
20230415_AstonVilla_Newcastle,2022-23,2022,2023-04-15,Aston Villa,Newcastle,3,0,H,1,0,H,,,16,8,6,2,7,2,13,15,1,1,0,0,J Brooks
20230415_Chelsea_Brighton,2022-23,2022,2023-04-15,Chelsea,Brighton,1,2,A,1,1,D,,,8,26,2,10,2,8,11,11,2,2,0,0,R Jones
20230415_Everton_Fulham,2022-23,2022,2023-04-15,Everton,Fulham,1,3,A,1,1,D,,,15,21,7,7,4,8,10,6,3,2,0,0,A Taylor
20230415_Southampton_CrystalPalace,2022-23,2022,2023-04-15,Southampton,Crystal Palace,0,2,A,0,0,D,,,11,9,4,2,6,2,6,13,3,1,0,0,M Oliver
20230415_Tottenham_Bournemouth,2022-23,2022,2023-04-15,Tottenham,Bournemouth,2,3,A,1,1,D,,,24,6,8,6,8,1,8,9,1,2,0,0,A Madley
20230415_Wolves_Brentford,2022-23,2022,2023-04-15,Wolves,Brentford,2,0,H,1,0,H,,,11,10,9,3,5,2,12,8,1,1,0,0,P Tierney
20230415_ManCity_Leicester,2022-23,2022,2023-04-15,Man City,Leicester,3,1,H,3,0,H,,,12,10,4,4,6,2,8,8,1,1,0,0,D England
20230416_WestHam_Arsenal,2022-23,2022,2023-04-16,West Ham,Arsenal,2,2,D,1,2,A,,,16,11,3,5,7,2,11,8,1,2,0,0,D Coote
20230416_Nott'mForest_ManUnited,2022-23,2022,2023-04-16,Nott'm Forest,Man United,0,2,A,0,1,A,,,6,22,0,8,4,9,9,9,2,2,0,0,S Hooper
20230417_Leeds_Liverpool,2022-23,2022,2023-04-17,Leeds,Liverpool,1,6,A,0,2,A,,,13,13,3,7,4,2,6,12,0,1,0,0,C Pawson
20230421_Arsenal_Southampton,2022-23,2022,2023-04-21,Arsenal,Southampton,3,3,D,1,2,A,,,25,8,6,6,7,2,10,14,1,5,0,0,S Hooper
20230422_Fulham_Leeds,2022-23,2022,2023-04-22,Fulham,Leeds,2,1,H,0,0,D,,,12,10,5,2,8,6,10,15,1,4,0,0,P Bankes
20230422_Brentford_AstonVilla,2022-23,2022,2023-04-22,Brentford,Aston Villa,1,1,D,0,0,D,,,6,14,5,2,8,4,12,8,3,2,0,0,M Salisbury
20230422_CrystalPalace_Everton,2022-23,2022,2023-04-22,Crystal Palace,Everton,0,0,D,0,0,D,,,12,10,2,5,8,1,12,14,1,1,0,1,J Brooks
20230422_Leicester_Wolves,2022-23,2022,2023-04-22,Leicester,Wolves,2,1,H,1,1,D,,,15,16,8,3,1,7,17,16,1,3,0,0,A Madley
20230422_Liverpool_Nott'mForest,2022-23,2022,2023-04-22,Liverpool,Nott'm Forest,3,2,H,0,0,D,,,18,11,6,5,9,3,9,12,0,1,0,0,M Oliver
20230423_Bournemouth_WestHam,2022-23,2022,2023-04-23,Bournemouth,West Ham,0,4,A,0,3,A,,,17,18,5,10,8,5,7,8,1,2,0,0,A Taylor
20230423_Newcastle_Tottenham,2022-23,2022,2023-04-23,Newcastle,Tottenham,6,1,H,5,0,H,,,25,11,8,3,9,3,7,13,0,3,0,0,D Coote
20230425_Wolves_CrystalPalace,2022-23,2022,2023-04-25,Wolves,Crystal Palace,2,0,H,1,0,H,,,9,14,3,4,6,11,13,14,5,4,0,0,R Jones
20230425_AstonVilla_Fulham,2022-23,2022,2023-04-25,Aston Villa,Fulham,1,0,H,1,0,H,,,14,1,3,0,8,2,6,18,3,2,0,0,T Bramall
20230425_Leeds_Leicester,2022-23,2022,2023-04-25,Leeds,Leicester,1,1,D,1,0,H,,,13,15,3,3,3,6,14,15,4,2,0,0,P Tierney
20230426_ManCity_Arsenal,2022-23,2022,2023-04-26,Man City,Arsenal,4,1,H,2,0,H,,,14,8,9,2,1,3,13,13,3,1,0,0,M Oliver
20230426_WestHam_Liverpool,2022-23,2022,2023-04-26,West Ham,Liverpool,1,2,A,1,1,D,,,7,20,2,4,3,6,6,8,0,0,0,0,C Kavanagh
20230426_Nott'mForest_Brighton,2022-23,2022,2023-04-26,Nott'm Forest,Brighton,3,1,H,1,1,D,,,12,17,5,7,2,7,7,8,2,0,0,0,J Gillett
20230426_Chelsea_Brentford,2022-23,2022,2023-04-26,Chelsea,Brentford,0,2,A,0,1,A,,,15,7,4,1,5,2,5,13,1,2,0,0,A Madley
20230427_Everton_Newcastle,2022-23,2022,2023-04-27,Everton,Newcastle,1,4,A,0,1,A,,,13,15,5,8,3,14,8,6,2,1,0,0,A Marriner
20230427_Southampton_Bournemouth,2022-23,2022,2023-04-27,Southampton,Bournemouth,0,1,A,0,0,D,,,11,16,2,2,6,4,9,11,0,3,0,0,D England
20230427_Tottenham_ManUnited,2022-23,2022,2023-04-27,Tottenham,Man United,2,2,D,0,2,A,,,18,17,7,8,6,8,8,7,1,2,0,0,A Taylor
20230429_CrystalPalace_WestHam,2022-23,2022,2023-04-29,Crystal Palace,West Ham,4,3,H,3,2,H,,,16,8,6,4,8,5,9,17,1,2,0,0,C Pawson
20230429_Brentford_Nott'mForest,2022-23,2022,2023-04-29,Brentford,Nott'm Forest,2,1,H,0,1,A,,,14,5,8,3,6,0,6,13,1,2,0,0,P Bankes
20230429_Brighton_Wolves,2022-23,2022,2023-04-29,Brighton,Wolves,6,0,H,4,0,H,,,22,10,8,2,2,5,14,11,1,1,0,0,D Coote
20230430_Newcastle_Southampton,2022-23,2022,2023-04-30,Newcastle,Southampton,3,1,H,0,1,A,,,22,4,5,3,11,2,7,10,1,4,0,0,A Taylor
20230430_Liverpool_Tottenham,2022-23,2022,2023-04-30,Liverpool,Tottenham,4,3,H,3,1,H,,,12,10,4,7,5,2,12,6,3,2,0,0,P Tierney
20230430_Fulham_ManCity,2022-23,2022,2023-04-30,Fulham,Man City,1,2,A,1,2,A,,,4,12,1,9,2,5,9,10,1,3,0,0,S Hooper
20230430_Bournemouth_Leeds,2022-23,2022,2023-04-30,Bournemouth,Leeds,4,1,H,2,1,H,,,12,15,7,6,2,6,12,14,1,0,0,0,C Kavanagh
20230430_ManUnited_AstonVilla,2022-23,2022,2023-04-30,Man United,Aston Villa,1,0,H,1,0,H,,,14,7,6,1,1,4,16,7,2,0,0,0,J Gillett
20230501_Leicester_Everton,2022-23,2022,2023-05-01,Leicester,Everton,2,2,D,2,1,H,,,15,23,6,8,2,9,10,12,4,1,0,0,M Oliver
20230502_Arsenal_Chelsea,2022-23,2022,2023-05-02,Arsenal,Chelsea,3,1,H,3,0,H,,,16,7,10,4,7,2,10,10,0,2,0,0,R Jones
20230503_Liverpool_Fulham,2022-23,2022,2023-05-03,Liverpool,Fulham,1,0,H,1,0,H,,,15,9,3,3,7,5,10,8,0,0,0,0,S Attwell
20230503_ManCity_WestHam,2022-23,2022,2023-05-03,Man City,West Ham,3,0,H,0,0,D,,,16,6,7,2,6,3,8,8,0,1,0,0,J Brooks
20230504_Brighton_ManUnited,2022-23,2022,2023-05-04,Brighton,Man United,1,0,H,0,0,D,,,22,16,6,5,8,6,10,14,4,4,0,0,A Marriner
20230506_Wolves_AstonVilla,2022-23,2022,2023-05-06,Wolves,Aston Villa,1,0,H,1,0,H,,,6,16,2,3,5,6,20,9,3,3,0,0,S Attwell
20230506_Tottenham_CrystalPalace,2022-23,2022,2023-05-06,Tottenham,Crystal Palace,1,0,H,1,0,H,,,8,7,3,2,8,4,15,14,3,5,0,0,D England
20230506_Liverpool_Brentford,2022-23,2022,2023-05-06,Liverpool,Brentford,1,0,H,1,0,H,,,15,5,5,1,7,3,19,10,4,2,0,0,A Taylor
20230506_Bournemouth_Chelsea,2022-23,2022,2023-05-06,Bournemouth,Chelsea,1,3,A,1,1,D,,,10,11,4,5,7,7,9,11,1,3,0,0,J Brooks
20230506_ManCity_Leeds,2022-23,2022,2023-05-06,Man City,Leeds,2,1,H,2,0,H,,,18,4,6,2,10,1,3,16,0,3,0,0,A Madley
20230507_WestHam_ManUnited,2022-23,2022,2023-05-07,West Ham,Man United,1,0,H,1,0,H,,,15,19,4,4,5,6,4,9,0,2,0,0,P Bankes
20230507_Newcastle_Arsenal,2022-23,2022,2023-05-07,Newcastle,Arsenal,0,2,A,0,1,A,,,12,10,5,6,9,4,16,12,2,1,0,0,C Kavanagh
20230508_Fulham_Leicester,2022-23,2022,2023-05-08,Fulham,Leicester,5,3,H,3,0,H,,,17,18,7,9,2,7,13,15,0,3,0,0,R Jones
20230508_Brighton_Everton,2022-23,2022,2023-05-08,Brighton,Everton,1,5,A,0,3,A,,,23,10,5,5,15,1,11,13,1,5,0,0,S Hooper
20230508_Nott'mForest_Southampton,2022-23,2022,2023-05-08,Nott'm Forest,Southampton,4,3,H,3,1,H,,,9,19,4,5,2,11,16,10,1,0,0,0,M Oliver
20230513_Leeds_Newcastle,2022-23,2022,2023-05-13,Leeds,Newcastle,2,2,D,1,1,D,,,9,18,4,5,2,6,16,14,3,2,1,0,S Hooper
20230513_AstonVilla_Tottenham,2022-23,2022,2023-05-13,Aston Villa,Tottenham,2,1,H,1,0,H,,,8,5,4,2,8,3,9,14,3,3,0,0,P Bankes
20230513_Chelsea_Nott'mForest,2022-23,2022,2023-05-13,Chelsea,Nott'm Forest,2,2,D,0,1,A,,,14,11,6,2,2,5,13,15,3,1,0,0,P Tierney
20230513_CrystalPalace_Bournemouth,2022-23,2022,2023-05-13,Crystal Palace,Bournemouth,2,0,H,1,0,H,,,17,5,5,0,11,2,5,12,0,2,0,0,M Salisbury
20230513_ManUnited_Wolves,2022-23,2022,2023-05-13,Man United,Wolves,2,0,H,1,0,H,,,27,5,9,0,11,7,9,9,3,2,0,0,J Brooks
20230513_Southampton_Fulham,2022-23,2022,2023-05-13,Southampton,Fulham,0,2,A,0,0,D,,,5,9,1,4,1,8,17,12,2,0,0,0,T Bramall
20230514_Arsenal_Brighton,2022-23,2022,2023-05-14,Arsenal,Brighton,0,3,A,0,0,D,,,14,12,2,6,5,2,13,17,1,2,0,0,A Madley
20230514_Everton_ManCity,2022-23,2022,2023-05-14,Everton,Man City,0,3,A,0,2,A,,,7,9,3,4,8,6,12,4,1,0,0,0,A Taylor
20230514_Brentford_WestHam,2022-23,2022,2023-05-14,Brentford,West Ham,2,0,H,2,0,H,,,24,4,10,4,7,5,5,5,1,0,0,0,M Oliver
20230515_Leicester_Liverpool,2022-23,2022,2023-05-15,Leicester,Liverpool,0,3,A,0,2,A,,,4,16,4,5,4,4,11,17,2,1,0,0,C Pawson
20230518_Newcastle_Brighton,2022-23,2022,2023-05-18,Newcastle,Brighton,4,1,H,2,0,H,,,22,8,9,2,6,1,17,16,2,4,0,0,R Jones
20230520_Tottenham_Brentford,2022-23,2022,2023-05-20,Tottenham,Brentford,1,3,A,1,0,H,,,22,11,8,4,8,2,11,9,1,1,0,0,J Gillett
20230520_Bournemouth_ManUnited,2022-23,2022,2023-05-20,Bournemouth,Man United,0,1,A,0,1,A,,,10,20,4,5,3,6,6,7,1,0,0,0,C Kavanagh
20230520_Fulham_CrystalPalace,2022-23,2022,2023-05-20,Fulham,Crystal Palace,2,2,D,1,1,D,,,11,11,4,5,7,4,13,12,3,0,0,0,J Smith
20230520_Liverpool_AstonVilla,2022-23,2022,2023-05-20,Liverpool,Aston Villa,1,1,D,0,1,A,,,10,6,5,3,9,4,16,13,3,5,0,0,J Brooks
20230520_Wolves_Everton,2022-23,2022,2023-05-20,Wolves,Everton,1,1,D,1,0,H,,,13,19,5,4,1,7,18,10,5,1,0,0,D Coote
20230520_Nott'mForest_Arsenal,2022-23,2022,2023-05-20,Nott'm Forest,Arsenal,1,0,H,1,0,H,,,6,11,2,3,3,6,11,12,3,2,0,0,A Taylor
20230521_Brighton_Southampton,2022-23,2022,2023-05-21,Brighton,Southampton,3,1,H,2,0,H,,,26,5,8,1,4,3,8,9,2,5,0,0,P Tierney
20230521_ManCity_Chelsea,2022-23,2022,2023-05-21,Man City,Chelsea,1,0,H,1,0,H,,,15,13,2,6,5,2,12,9,0,2,0,0,M Oliver
20230521_WestHam_Leeds,2022-23,2022,2023-05-21,West Ham,Leeds,3,1,H,1,1,D,,,19,12,9,3,9,5,6,11,1,3,0,0,P Bankes
20230522_Newcastle_Leicester,2022-23,2022,2023-05-22,Newcastle,Leicester,0,0,D,0,0,D,,,23,1,4,1,12,1,9,5,2,0,0,0,A Marriner
20230524_Brighton_ManCity,2022-23,2022,2023-05-24,Brighton,Man City,1,1,D,1,1,D,,,20,13,7,4,5,1,16,11,2,1,0,0,S Hooper
20230525_ManUnited_Chelsea,2022-23,2022,2023-05-25,Man United,Chelsea,4,1,H,2,0,H,,,18,14,9,5,3,4,12,6,1,1,0,0,S Attwell
20230528_Leicester_WestHam,2022-23,2022,2023-05-28,Leicester,West Ham,2,1,H,1,0,H,,,13,16,4,3,3,5,8,10,1,1,0,0,S Hooper
20230528_Southampton_Liverpool,2022-23,2022,2023-05-28,Southampton,Liverpool,4,4,D,2,2,D,,,15,30,10,8,2,9,4,10,0,2,0,0,D England
20230528_ManUnited_Fulham,2022-23,2022,2023-05-28,Man United,Fulham,2,1,H,1,1,D,,,21,10,8,3,5,4,14,10,1,2,0,0,R Jones
20230528_Everton_Bournemouth,2022-23,2022,2023-05-28,Everton,Bournemouth,1,0,H,0,0,D,,,13,7,6,2,9,3,11,12,1,3,0,0,S Attwell
20230528_Leeds_Tottenham,2022-23,2022,2023-05-28,Leeds,Tottenham,1,4,A,0,1,A,,,19,11,2,7,12,3,7,5,3,0,0,0,A Taylor
20230528_Chelsea_Newcastle,2022-23,2022,2023-05-28,Chelsea,Newcastle,1,1,D,1,1,D,,,22,13,5,4,10,3,9,11,0,0,0,0,J Gillett
20230528_Brentford_ManCity,2022-23,2022,2023-05-28,Brentford,Man City,1,0,H,0,0,D,,,11,17,4,3,3,4,12,8,4,0,0,0,J Brooks
20230528_AstonVilla_Brighton,2022-23,2022,2023-05-28,Aston Villa,Brighton,2,1,H,2,1,H,,,12,8,5,4,4,3,15,16,4,4,0,0,D Coote
20230528_Arsenal_Wolves,2022-23,2022,2023-05-28,Arsenal,Wolves,5,0,H,3,0,H,,,14,6,8,0,8,4,8,11,0,0,0,0,A Marriner
20230528_CrystalPalace_Nott'mForest,2022-23,2022,2023-05-28,Crystal Palace,Nott'm Forest,1,1,D,0,1,A,,,16,7,4,4,5,4,9,13,0,2,0,0,T Bramall
20230811_Burnley_ManCity,2023-24,2023,2023-08-11,Burnley,Man City,0,3,A,0,2,A,,,6,17,1,8,6,5,11,8,0,0,1,0,C Pawson
20230812_SheffieldUnited_CrystalPalace,2023-24,2023,2023-08-12,Sheffield United,Crystal Palace,0,1,A,0,0,D,,,8,24,1,8,5,5,18,11,3,0,0,0,J Brooks
20230812_Arsenal_Nott'mForest,2023-24,2023,2023-08-12,Arsenal,Nott'm Forest,2,1,H,2,0,H,,,15,6,7,2,8,3,12,12,2,2,0,0,M Oliver
20230812_Bournemouth_WestHam,2023-24,2023,2023-08-12,Bournemouth,West Ham,1,1,D,0,0,D,,,14,16,5,3,10,4,9,14,1,4,0,0,P Bankes
20230812_Brighton_Luton,2023-24,2023,2023-08-12,Brighton,Luton,4,1,H,1,0,H,,,27,9,12,3,6,7,11,12,2,2,0,0,D Coote
20230812_Everton_Fulham,2023-24,2023,2023-08-12,Everton,Fulham,0,1,A,0,0,D,,,19,9,9,2,10,4,12,6,0,2,0,0,S Attwell
20230812_Newcastle_AstonVilla,2023-24,2023,2023-08-12,Newcastle,Aston Villa,5,1,H,2,1,H,,,17,16,13,6,6,5,12,17,4,4,0,0,A Madley
20230813_Chelsea_Liverpool,2023-24,2023,2023-08-13,Chelsea,Liverpool,1,1,D,1,1,D,,,10,13,4,1,4,4,5,12,3,3,0,0,A Taylor
20230813_Brentford_Tottenham,2023-24,2023,2023-08-13,Brentford,Tottenham,2,2,D,2,2,D,,,11,18,6,6,3,6,12,13,1,4,0,0,R Jones
20230814_ManUnited_Wolves,2023-24,2023,2023-08-14,Man United,Wolves,1,0,H,0,0,D,,,15,23,3,6,8,7,14,10,2,3,0,0,S Hooper
20230818_Nott'mForest_SheffieldUnited,2023-24,2023,2023-08-18,Nott'm Forest,Sheffield United,2,1,H,1,0,H,,,16,7,4,3,6,7,5,9,2,3,0,0,P Bankes
20230819_Fulham_Brentford,2023-24,2023,2023-08-19,Fulham,Brentford,0,3,A,0,1,A,,,10,17,2,8,5,5,13,12,2,2,1,0,D Bond
20230819_Liverpool_Bournemouth,2023-24,2023,2023-08-19,Liverpool,Bournemouth,3,1,H,2,1,H,,,26,13,10,5,10,2,11,13,1,3,1,0,T Bramall
20230819_Wolves_Brighton,2023-24,2023,2023-08-19,Wolves,Brighton,1,4,A,0,1,A,,,16,16,5,8,5,3,14,11,3,6,1,0,A Madley
20230819_Tottenham_ManUnited,2023-24,2023,2023-08-19,Tottenham,Man United,2,0,H,0,0,D,,,17,22,6,6,5,6,9,8,1,3,0,0,M Oliver
20230819_ManCity_Newcastle,2023-24,2023,2023-08-19,Man City,Newcastle,1,0,H,1,0,H,,,14,7,4,1,3,0,12,11,1,5,0,0,R Jones
20230820_AstonVilla_Everton,2023-24,2023,2023-08-20,Aston Villa,Everton,4,0,H,2,0,H,,,13,9,7,2,7,6,8,12,3,4,0,0,A Taylor
20230820_WestHam_Chelsea,2023-24,2023,2023-08-20,West Ham,Chelsea,3,1,H,1,1,D,,,12,17,6,4,3,9,12,9,2,3,1,0,J Brooks
20230821_CrystalPalace_Arsenal,2023-24,2023,2023-08-21,Crystal Palace,Arsenal,0,1,A,0,0,D,,,14,14,2,3,1,8,14,10,2,1,0,1,D Coote
20230825_Chelsea_Luton,2023-24,2023,2023-08-25,Chelsea,Luton,3,0,H,1,0,H,,,19,11,8,1,6,4,15,12,2,3,0,0,R Jones
20230826_Brighton_WestHam,2023-24,2023,2023-08-26,Brighton,West Ham,1,3,A,0,1,A,,,25,12,10,3,17,4,10,9,1,3,0,0,A Taylor
20230826_ManUnited_Nott'mForest,2023-24,2023,2023-08-26,Man United,Nott'm Forest,3,2,H,1,2,A,,,18,9,9,4,11,3,13,11,4,4,0,1,S Attwell
20230826_Everton_Wolves,2023-24,2023,2023-08-26,Everton,Wolves,0,1,A,0,0,D,,,15,11,7,2,7,0,10,14,3,4,0,0,C Pawson
20230826_Arsenal_Fulham,2023-24,2023,2023-08-26,Arsenal,Fulham,2,2,D,0,1,A,,,19,8,11,3,8,3,6,5,0,3,0,1,P Tierney
20230826_Bournemouth_Tottenham,2023-24,2023,2023-08-26,Bournemouth,Tottenham,0,2,A,0,1,A,,,11,17,3,6,6,2,18,11,1,3,0,0,T Robinson
20230826_Brentford_CrystalPalace,2023-24,2023,2023-08-26,Brentford,Crystal Palace,1,1,D,1,0,H,,,12,15,1,5,8,6,9,15,0,0,0,0,P Bankes
20230827_Burnley_AstonVilla,2023-24,2023,2023-08-27,Burnley,Aston Villa,1,3,A,0,2,A,,,9,16,2,6,4,6,12,11,2,0,0,0,M Salisbury
20230827_SheffieldUnited_ManCity,2023-24,2023,2023-08-27,Sheffield United,Man City,1,2,A,0,0,D,,,6,30,2,9,1,12,11,2,3,0,0,0,J Gillett
20230827_Newcastle_Liverpool,2023-24,2023,2023-08-27,Newcastle,Liverpool,1,2,A,1,0,H,,,23,9,8,4,5,9,16,10,1,2,0,1,J Brooks
20230901_Luton_WestHam,2023-24,2023,2023-09-01,Luton,West Ham,1,2,A,0,1,A,,,16,9,1,3,9,6,8,13,1,1,0,0,P Tierney
20230902_Brighton_Newcastle,2023-24,2023,2023-09-02,Brighton,Newcastle,3,1,H,1,0,H,,,15,9,6,2,5,3,14,17,4,4,0,0,S Attwell
20230902_ManCity_Fulham,2023-24,2023,2023-09-02,Man City,Fulham,5,1,H,2,1,H,,,7,6,5,4,4,5,12,12,2,4,0,0,M Oliver
20230902_Chelsea_Nott'mForest,2023-24,2023,2023-09-02,Chelsea,Nott'm Forest,0,1,A,0,0,D,,,21,7,2,3,8,0,10,9,3,4,0,0,T Robinson
20230902_Brentford_Bournemouth,2023-24,2023,2023-09-02,Brentford,Bournemouth,2,2,D,1,1,D,,,21,12,7,5,5,2,6,13,1,2,0,0,R Madley
20230902_SheffieldUnited_Everton,2023-24,2023,2023-09-02,Sheffield United,Everton,2,2,D,2,1,H,,,13,16,8,6,4,6,11,13,1,2,0,0,A Madley
20230902_Burnley_Tottenham,2023-24,2023,2023-09-02,Burnley,Tottenham,2,5,A,1,2,A,,,16,20,4,10,7,4,15,9,4,3,0,0,D England
20230903_CrystalPalace_Wolves,2023-24,2023,2023-09-03,Crystal Palace,Wolves,3,2,H,0,0,D,,,16,12,11,4,4,2,12,12,1,3,0,0,R Jones
20230903_Liverpool_AstonVilla,2023-24,2023,2023-09-03,Liverpool,Aston Villa,3,0,H,2,0,H,,,17,9,4,3,7,3,12,7,0,1,0,0,S Hooper
20230903_Arsenal_ManUnited,2023-24,2023,2023-09-03,Arsenal,Man United,3,1,H,1,1,D,,,17,10,5,2,12,3,8,7,2,3,0,0,A Taylor
20230916_WestHam_ManCity,2023-24,2023,2023-09-16,West Ham,Man City,1,3,A,1,0,H,,,6,29,3,15,4,11,7,11,3,2,0,0,A Madley
20230916_Newcastle_Brentford,2023-24,2023,2023-09-16,Newcastle,Brentford,1,0,H,0,0,D,,,9,11,2,2,8,3,8,12,3,5,0,0,C Pawson
20230916_ManUnited_Brighton,2023-24,2023,2023-09-16,Man United,Brighton,1,3,A,0,1,A,,,14,10,4,8,8,1,8,9,2,2,0,0,J Gillett
20230916_Tottenham_SheffieldUnited,2023-24,2023,2023-09-16,Tottenham,Sheffield United,2,1,H,0,0,D,,,28,7,10,5,15,2,13,14,6,5,0,1,P Bankes
20230916_AstonVilla_CrystalPalace,2023-24,2023,2023-09-16,Aston Villa,Crystal Palace,3,1,H,0,0,D,,,16,6,5,3,4,2,13,9,5,3,0,0,D England
20230916_Wolves_Liverpool,2023-24,2023,2023-09-16,Wolves,Liverpool,1,3,A,1,0,H,,,11,16,2,6,4,4,10,4,1,3,0,0,M Oliver
20230916_Fulham_Luton,2023-24,2023,2023-09-16,Fulham,Luton,1,0,H,0,0,D,,,13,7,2,2,6,2,6,14,2,2,0,0,M Salisbury
20230917_Bournemouth_Chelsea,2023-24,2023,2023-09-17,Bournemouth,Chelsea,0,0,D,0,0,D,,,13,14,4,6,1,7,15,20,1,5,0,0,D Coote
20230917_Everton_Arsenal,2023-24,2023,2023-09-17,Everton,Arsenal,0,1,A,0,0,D,,,8,13,1,4,1,11,12,10,1,1,0,0,S Hooper
20230918_Nott'mForest_Burnley,2023-24,2023,2023-09-18,Nott'm Forest,Burnley,1,1,D,0,1,A,,,14,10,4,3,5,4,16,10,2,3,0,1,R Jones
20230923_Brentford_Everton,2023-24,2023,2023-09-23,Brentford,Everton,1,3,A,1,1,D,,,12,18,2,6,1,4,9,12,2,2,0,0,M Oliver
20230923_CrystalPalace_Fulham,2023-24,2023,2023-09-23,Crystal Palace,Fulham,0,0,D,0,0,D,,,7,10,3,5,3,2,10,15,3,2,0,0,P Tierney
20230923_Luton_Wolves,2023-24,2023,2023-09-23,Luton,Wolves,1,1,D,0,0,D,,,20,3,4,3,10,1,12,17,0,2,0,1,J Smith
20230923_ManCity_Nott'mForest,2023-24,2023,2023-09-23,Man City,Nott'm Forest,2,0,H,2,0,H,,,7,10,4,3,6,6,5,17,3,7,1,0,A Taylor
20230923_Burnley_ManUnited,2023-24,2023,2023-09-23,Burnley,Man United,0,1,A,0,1,A,,,12,11,4,4,9,5,6,12,1,2,0,0,T Harrington
20230924_SheffieldUnited_Newcastle,2023-24,2023,2023-09-24,Sheffield United,Newcastle,0,8,A,0,3,A,,,9,22,1,15,2,6,12,8,3,0,0,0,S Attwell
20230924_Liverpool_WestHam,2023-24,2023,2023-09-24,Liverpool,West Ham,3,1,H,1,1,D,,,22,11,7,4,7,4,12,13,0,2,0,0,C Kavanagh
20230924_Chelsea_AstonVilla,2023-24,2023,2023-09-24,Chelsea,Aston Villa,0,1,A,0,0,D,,,10,15,4,7,5,11,9,11,2,3,0,0,J Gillett
20230924_Brighton_Bournemouth,2023-24,2023,2023-09-24,Brighton,Bournemouth,3,1,H,1,1,D,,,13,12,4,4,4,4,12,17,3,3,0,0,J Brooks
20230924_Arsenal_Tottenham,2023-24,2023,2023-09-24,Arsenal,Tottenham,2,2,D,1,1,D,,,13,13,6,5,11,4,12,19,3,4,0,0,R Jones
20230930_Wolves_ManCity,2023-24,2023,2023-09-30,Wolves,Man City,2,1,H,1,0,H,,,3,23,1,8,0,6,18,12,5,4,0,0,C Pawson
20230930_WestHam_SheffieldUnited,2023-24,2023,2023-09-30,West Ham,Sheffield United,2,0,H,2,0,H,,,20,16,9,2,7,4,6,9,1,1,0,0,G Scott
20230930_Newcastle_Burnley,2023-24,2023,2023-09-30,Newcastle,Burnley,2,0,H,1,0,H,,,20,8,8,2,5,3,7,15,1,3,0,0,T Bramall
20230930_Tottenham_Liverpool,2023-24,2023,2023-09-30,Tottenham,Liverpool,2,1,H,1,1,D,,,24,12,8,4,12,5,11,17,5,4,0,2,S Hooper
20230930_Everton_Luton,2023-24,2023,2023-09-30,Everton,Luton,1,2,A,1,2,A,,,23,9,5,2,3,6,8,10,0,1,0,0,A Taylor
20230930_Bournemouth_Arsenal,2023-24,2023,2023-09-30,Bournemouth,Arsenal,0,4,A,0,2,A,,,8,15,1,8,6,6,11,10,0,1,0,0,M Salisbury
20230930_AstonVilla_Brighton,2023-24,2023,2023-09-30,Aston Villa,Brighton,6,1,H,3,0,H,,,19,11,9,3,1,3,19,21,4,4,0,0,A Madley
20230930_ManUnited_CrystalPalace,2023-24,2023,2023-09-30,Man United,Crystal Palace,0,1,A,0,1,A,,,19,8,4,2,10,4,10,8,3,2,0,0,C Kavanagh
20231001_Nott'mForest_Brentford,2023-24,2023,2023-10-01,Nott'm Forest,Brentford,1,1,D,0,0,D,,,6,18,1,5,1,11,6,10,1,2,1,0,P Tierney
20231002_Fulham_Chelsea,2023-24,2023,2023-10-02,Fulham,Chelsea,0,2,A,0,2,A,,,10,11,3,4,8,1,15,12,1,4,0,0,T Robinson
20231003_Luton_Burnley,2023-24,2023,2023-10-03,Luton,Burnley,1,2,A,0,1,A,,,18,14,3,4,7,6,14,6,4,2,0,0,P Bankes
20231007_CrystalPalace_Nott'mForest,2023-24,2023,2023-10-07,Crystal Palace,Nott'm Forest,0,0,D,0,0,D,,,8,16,2,5,3,7,7,12,0,1,0,0,C Pawson
20231007_Luton_Tottenham,2023-24,2023,2023-10-07,Luton,Tottenham,0,1,A,0,0,D,,,12,15,2,4,5,6,16,7,2,1,0,1,J Brooks
20231007_Burnley_Chelsea,2023-24,2023,2023-10-07,Burnley,Chelsea,1,4,A,1,1,D,,,10,9,3,5,7,3,11,8,2,4,0,0,S Attwell
20231007_Everton_Bournemouth,2023-24,2023,2023-10-07,Everton,Bournemouth,3,0,H,2,0,H,,,25,11,8,4,8,7,14,15,1,2,0,0,D Coote
20231007_Fulham_SheffieldUnited,2023-24,2023,2023-10-07,Fulham,Sheffield United,3,1,H,0,0,D,,,20,5,6,2,9,4,8,10,1,2,0,0,S Barrott
20231007_ManUnited_Brentford,2023-24,2023,2023-10-07,Man United,Brentford,2,1,H,0,1,A,,,21,11,8,3,7,5,10,17,0,5,0,0,A Madley
20231008_Wolves_AstonVilla,2023-24,2023,2023-10-08,Wolves,Aston Villa,1,1,D,0,0,D,,,8,18,3,4,2,10,19,9,2,2,1,0,R Jones
20231008_Arsenal_ManCity,2023-24,2023,2023-10-08,Arsenal,Man City,1,0,H,0,0,D,,,12,4,2,1,5,4,8,7,2,3,0,0,M Oliver
20231008_Brighton_Liverpool,2023-24,2023,2023-10-08,Brighton,Liverpool,2,2,D,1,2,A,,,14,14,3,4,8,1,12,20,1,2,0,0,A Taylor
20231008_WestHam_Newcastle,2023-24,2023,2023-10-08,West Ham,Newcastle,2,2,D,1,0,H,,,5,10,3,3,4,2,11,18,3,3,0,0,P Bankes
20231021_Liverpool_Everton,2023-24,2023,2023-10-21,Liverpool,Everton,2,0,H,0,0,D,,,26,6,6,1,12,4,9,9,1,1,0,1,C Pawson
20231021_Bournemouth_Wolves,2023-24,2023,2023-10-21,Bournemouth,Wolves,1,2,A,1,0,H,,,7,20,4,7,3,12,15,10,2,6,1,0,P Tierney
20231021_Brentford_Burnley,2023-24,2023,2023-10-21,Brentford,Burnley,3,0,H,1,0,H,,,23,6,10,1,5,5,14,12,5,2,0,1,J Smith
20231021_ManCity_Brighton,2023-24,2023,2023-10-21,Man City,Brighton,2,1,H,2,0,H,,,10,5,6,3,2,2,9,11,2,2,1,0,R Jones
20231021_Newcastle_CrystalPalace,2023-24,2023,2023-10-21,Newcastle,Crystal Palace,4,0,H,3,0,H,,,10,17,7,3,6,8,7,12,2,3,0,0,T Robinson
20231021_Nott'mForest_Luton,2023-24,2023,2023-10-21,Nott'm Forest,Luton,2,2,D,0,0,D,,,19,13,8,4,4,2,12,11,3,0,0,0,S Barrott
20231021_Chelsea_Arsenal,2023-24,2023,2023-10-21,Chelsea,Arsenal,2,2,D,1,0,H,,,11,13,5,3,2,7,7,14,3,3,0,0,C Kavanagh
20231021_SheffieldUnited_ManUnited,2023-24,2023,2023-10-21,Sheffield United,Man United,1,2,A,1,1,D,,,12,14,6,5,5,4,12,10,3,1,0,0,M Oliver
20231022_AstonVilla_WestHam,2023-24,2023,2023-10-22,Aston Villa,West Ham,4,1,H,1,0,H,,,15,14,7,4,8,7,9,15,0,1,0,0,D Coote
20231023_Tottenham_Fulham,2023-24,2023,2023-10-23,Tottenham,Fulham,2,0,H,1,0,H,,,15,10,5,3,3,5,10,14,2,0,0,0,A Taylor
20231027_CrystalPalace_Tottenham,2023-24,2023,2023-10-27,Crystal Palace,Tottenham,1,2,A,0,0,D,,,13,10,3,1,11,2,19,11,2,1,0,0,A Madley
20231028_Chelsea_Brentford,2023-24,2023,2023-10-28,Chelsea,Brentford,0,2,A,0,0,D,,,17,7,2,5,10,1,12,7,1,4,0,0,S Hooper
20231028_Arsenal_SheffieldUnited,2023-24,2023,2023-10-28,Arsenal,Sheffield United,5,0,H,1,0,H,,,13,2,8,0,6,1,9,13,0,3,0,0,T Robinson
20231028_Bournemouth_Burnley,2023-24,2023,2023-10-28,Bournemouth,Burnley,2,1,H,1,1,D,,,13,6,6,3,10,5,9,12,2,3,0,0,S Barrott
20231028_Wolves_Newcastle,2023-24,2023,2023-10-28,Wolves,Newcastle,2,2,D,1,2,A,,,11,13,6,5,8,7,13,15,1,4,0,0,A Taylor
20231029_WestHam_Everton,2023-24,2023,2023-10-29,West Ham,Everton,0,1,A,0,0,D,,,12,10,2,4,4,3,7,11,4,1,0,0,S Attwell
20231029_AstonVilla_Luton,2023-24,2023,2023-10-29,Aston Villa,Luton,3,1,H,1,0,H,,,17,7,6,1,6,4,11,10,3,2,0,0,J Brooks
20231029_Brighton_Fulham,2023-24,2023,2023-10-29,Brighton,Fulham,1,1,D,1,0,H,,,18,10,7,5,7,3,12,8,0,3,0,0,M Salisbury
20231029_Liverpool_Nott'mForest,2023-24,2023,2023-10-29,Liverpool,Nott'm Forest,3,0,H,2,0,H,,,21,9,8,1,8,3,9,13,2,3,0,0,C Kavanagh
20231029_ManUnited_ManCity,2023-24,2023,2023-10-29,Man United,Man City,0,3,A,0,1,A,,,7,21,3,10,7,12,9,4,4,1,0,0,P Tierney
20231104_SheffieldUnited_Wolves,2023-24,2023,2023-11-04,Sheffield United,Wolves,2,1,H,0,0,D,,,11,10,2,3,4,4,13,10,2,3,0,0,R Jones
20231104_ManCity_Bournemouth,2023-24,2023,2023-11-04,Man City,Bournemouth,6,1,H,3,0,H,,,21,5,8,1,12,1,8,9,0,1,0,0,C Pawson
20231104_Everton_Brighton,2023-24,2023,2023-11-04,Everton,Brighton,1,1,D,1,0,H,,,10,7,4,2,3,3,15,5,4,2,0,0,T Robinson
20231104_Newcastle_Arsenal,2023-24,2023,2023-11-04,Newcastle,Arsenal,1,0,H,0,0,D,,,9,14,2,1,0,11,14,9,5,1,0,0,S Attwell
20231104_Brentford_WestHam,2023-24,2023,2023-11-04,Brentford,West Ham,3,2,H,1,2,A,,,16,12,4,2,4,3,12,14,1,4,0,0,T Bramall
20231104_Burnley_CrystalPalace,2023-24,2023,2023-11-04,Burnley,Crystal Palace,0,2,A,0,1,A,,,17,4,5,3,12,1,9,12,0,5,0,0,P Bankes
20231104_Fulham_ManUnited,2023-24,2023,2023-11-04,Fulham,Man United,0,1,A,0,0,D,,,18,12,3,5,9,4,9,15,5,2,0,0,J Brooks
20231105_Nott'mForest_AstonVilla,2023-24,2023,2023-11-05,Nott'm Forest,Aston Villa,2,0,H,1,0,H,,,5,13,3,3,0,10,6,9,1,1,0,0,J Gillett
20231105_Luton_Liverpool,2023-24,2023,2023-11-05,Luton,Liverpool,1,1,D,0,0,D,,,8,24,5,6,4,7,7,13,1,1,0,0,A Madley
20231106_Tottenham_Chelsea,2023-24,2023,2023-11-06,Tottenham,Chelsea,1,4,A,1,1,D,,,8,17,5,8,1,6,12,21,1,5,2,0,M Oliver
20231111_Wolves_Tottenham,2023-24,2023,2023-11-11,Wolves,Tottenham,2,1,H,0,1,A,,,17,6,4,2,11,3,19,15,4,3,0,0,T Robinson
20231111_Arsenal_Burnley,2023-24,2023,2023-11-11,Arsenal,Burnley,3,1,H,1,0,H,,,16,8,6,5,3,3,8,9,0,1,1,0,M Oliver
20231111_CrystalPalace_Everton,2023-24,2023,2023-11-11,Crystal Palace,Everton,2,3,A,1,1,D,,,13,8,4,4,9,2,9,18,1,4,0,0,S Barrott
20231111_ManUnited_Luton,2023-24,2023,2023-11-11,Man United,Luton,1,0,H,0,0,D,,,15,10,4,4,11,3,9,11,0,2,0,0,G Scott
20231111_Bournemouth_Newcastle,2023-24,2023,2023-11-11,Bournemouth,Newcastle,2,0,H,0,0,D,,,19,8,10,5,6,5,10,4,2,1,0,0,C Kavanagh
20231112_Chelsea_ManCity,2023-24,2023,2023-11-12,Chelsea,Man City,4,4,D,2,2,D,,,17,15,9,10,3,3,12,15,5,3,0,0,A Taylor
20231112_WestHam_Nott'mForest,2023-24,2023,2023-11-12,West Ham,Nott'm Forest,3,2,H,1,1,D,,,16,10,6,5,9,4,9,12,2,2,0,0,M Salisbury
20231112_Liverpool_Brentford,2023-24,2023,2023-11-12,Liverpool,Brentford,3,0,H,1,0,H,,,17,16,10,3,6,8,16,12,1,2,0,0,P Tierney
20231112_Brighton_SheffieldUnited,2023-24,2023,2023-11-12,Brighton,Sheffield United,1,1,D,1,0,H,,,11,9,6,1,6,3,13,16,3,2,1,0,J Brooks
20231112_AstonVilla_Fulham,2023-24,2023,2023-11-12,Aston Villa,Fulham,3,1,H,2,0,H,,,12,9,6,5,2,2,4,17,2,5,0,0,S Hooper
20231125_ManCity_Liverpool,2023-24,2023,2023-11-25,Man City,Liverpool,1,1,D,1,0,H,,,16,8,5,3,9,6,9,11,1,3,0,0,C Kavanagh
20231125_Burnley_WestHam,2023-24,2023,2023-11-25,Burnley,West Ham,1,2,A,0,0,D,,,11,11,5,3,4,5,11,7,1,3,0,0,S Barrott
20231125_Luton_CrystalPalace,2023-24,2023,2023-11-25,Luton,Crystal Palace,2,1,H,0,0,D,,,8,16,3,8,4,5,15,12,6,1,0,0,J Gillett
20231125_Newcastle_Chelsea,2023-24,2023,2023-11-25,Newcastle,Chelsea,4,1,H,1,1,D,,,14,7,5,4,4,2,13,19,4,4,0,1,S Hooper
20231125_Nott'mForest_Brighton,2023-24,2023,2023-11-25,Nott'm Forest,Brighton,2,3,A,1,2,A,,,18,11,5,5,6,4,12,7,2,4,0,1,A Taylor
20231125_SheffieldUnited_Bournemouth,2023-24,2023,2023-11-25,Sheffield United,Bournemouth,1,3,A,0,2,A,,,10,23,2,11,4,7,6,8,4,1,0,0,A Madley
20231125_Brentford_Arsenal,2023-24,2023,2023-11-25,Brentford,Arsenal,0,1,A,0,0,D,,,9,15,3,4,1,8,9,7,1,1,0,0,T Robinson
20231126_Tottenham_AstonVilla,2023-24,2023,2023-11-26,Tottenham,Aston Villa,1,2,A,1,1,D,,,18,15,8,5,9,3,11,13,0,4,0,0,R Jones
20231126_Everton_ManUnited,2023-24,2023,2023-11-26,Everton,Man United,0,3,A,0,1,A,,,24,9,6,4,6,5,10,8,3,0,0,0,J Brooks
20231127_Fulham_Wolves,2023-24,2023,2023-11-27,Fulham,Wolves,3,2,H,1,1,D,,,12,10,6,6,6,2,13,13,2,2,0,0,M Salisbury
20231202_Arsenal_Wolves,2023-24,2023,2023-12-02,Arsenal,Wolves,2,1,H,2,0,H,,,19,6,6,3,4,0,10,10,1,2,0,0,P Bankes
20231202_Brentford_Luton,2023-24,2023,2023-12-02,Brentford,Luton,3,1,H,0,0,D,,,27,7,6,1,7,5,10,8,1,2,0,0,A Taylor
20231202_Burnley_SheffieldUnited,2023-24,2023,2023-12-02,Burnley,Sheffield United,5,0,H,2,0,H,,,19,6,7,3,6,1,9,12,2,5,0,1,C Kavanagh
20231202_Nott'mForest_Everton,2023-24,2023,2023-12-02,Nott'm Forest,Everton,0,1,A,0,0,D,,,13,12,2,3,4,3,15,14,1,0,0,0,P Tierney
20231202_Newcastle_ManUnited,2023-24,2023,2023-12-02,Newcastle,Man United,1,0,H,0,0,D,,,22,8,4,1,7,3,6,13,1,2,0,0,R Jones
20231203_Bournemouth_AstonVilla,2023-24,2023,2023-12-03,Bournemouth,Aston Villa,2,2,D,1,1,D,,,15,11,7,3,7,7,16,12,5,3,0,0,T Bramall
20231203_Chelsea_Brighton,2023-24,2023,2023-12-03,Chelsea,Brighton,3,2,H,2,1,H,,,8,18,5,9,5,8,16,12,3,5,1,0,C Pawson
20231203_Liverpool_Fulham,2023-24,2023,2023-12-03,Liverpool,Fulham,4,3,H,2,2,D,,,26,9,12,5,3,4,6,7,0,0,0,0,S Attwell
20231203_WestHam_CrystalPalace,2023-24,2023,2023-12-03,West Ham,Crystal Palace,1,1,D,1,0,H,,,9,9,3,2,2,3,17,7,2,0,0,0,M Oliver
20231203_ManCity_Tottenham,2023-24,2023,2023-12-03,Man City,Tottenham,3,3,D,2,1,H,,,18,8,4,4,10,8,14,14,4,4,0,0,S Hooper
20231205_Luton_Arsenal,2023-24,2023,2023-12-05,Luton,Arsenal,3,4,A,1,2,A,,,6,23,4,9,3,8,14,7,2,1,0,0,S Barrott
20231205_Wolves_Burnley,2023-24,2023,2023-12-05,Wolves,Burnley,1,0,H,1,0,H,,,7,12,4,3,6,8,11,15,2,4,0,0,J Gillett
20231206_Brighton_Brentford,2023-24,2023,2023-12-06,Brighton,Brentford,2,1,H,1,1,D,,,18,8,7,2,7,3,10,8,3,1,0,0,P Bankes
20231206_CrystalPalace_Bournemouth,2023-24,2023,2023-12-06,Crystal Palace,Bournemouth,0,2,A,0,1,A,,,16,11,3,4,3,9,10,17,1,3,0,0,C Pawson
20231206_Fulham_Nott'mForest,2023-24,2023,2023-12-06,Fulham,Nott'm Forest,5,0,H,2,0,H,,,14,4,6,1,6,1,7,10,0,1,0,0,J Smith
20231206_SheffieldUnited_Liverpool,2023-24,2023,2023-12-06,Sheffield United,Liverpool,0,2,A,0,1,A,,,6,15,1,8,2,12,12,8,2,3,0,0,S Hooper
20231206_AstonVilla_ManCity,2023-24,2023,2023-12-06,Aston Villa,Man City,1,0,H,0,0,D,,,22,2,7,2,6,0,13,13,2,2,0,0,J Brooks
20231206_ManUnited_Chelsea,2023-24,2023,2023-12-06,Man United,Chelsea,2,1,H,1,1,D,,,28,13,9,3,12,4,12,12,4,0,0,0,C Kavanagh
20231207_Everton_Newcastle,2023-24,2023,2023-12-07,Everton,Newcastle,3,0,H,0,0,D,,,21,13,6,3,5,2,18,8,3,0,0,0,T Robinson
20231207_Tottenham_WestHam,2023-24,2023,2023-12-07,Tottenham,West Ham,1,2,A,1,0,H,,,23,11,7,5,8,4,11,12,3,3,0,0,M Salisbury
20231209_SheffieldUnited_Brentford,2023-24,2023,2023-12-09,Sheffield United,Brentford,1,0,H,1,0,H,,,9,10,4,4,3,4,14,13,5,1,0,0,S Attwell
20231209_Wolves_Nott'mForest,2023-24,2023,2023-12-09,Wolves,Nott'm Forest,1,1,D,1,1,D,,,10,8,4,2,4,3,9,11,0,1,0,0,S Barrott
20231209_AstonVilla_Arsenal,2023-24,2023,2023-12-09,Aston Villa,Arsenal,1,0,H,1,0,H,,,10,12,3,5,3,3,16,11,4,2,0,0,J Gillett
20231209_ManUnited_Bournemouth,2023-24,2023,2023-12-09,Man United,Bournemouth,0,3,A,0,1,A,,,20,10,3,4,10,4,7,10,3,1,0,0,P Bankes
20231209_CrystalPalace_Liverpool,2023-24,2023,2023-12-09,Crystal Palace,Liverpool,1,2,A,0,0,D,,,8,14,4,2,6,5,17,17,5,2,1,0,A Madley
20231209_Brighton_Burnley,2023-24,2023,2023-12-09,Brighton,Burnley,1,1,D,0,1,A,,,29,6,11,3,9,1,5,8,0,4,0,0,S Hooper
20231210_Everton_Chelsea,2023-24,2023,2023-12-10,Everton,Chelsea,2,0,H,0,0,D,,,9,16,5,4,4,8,12,12,2,2,0,0,M Oliver
20231210_Fulham_WestHam,2023-24,2023,2023-12-10,Fulham,West Ham,5,0,H,3,0,H,,,14,9,8,5,3,6,5,10,2,1,0,0,P Tierney
20231210_Luton_ManCity,2023-24,2023,2023-12-10,Luton,Man City,1,2,A,1,0,H,,,4,18,2,6,6,3,16,6,2,1,0,0,T Robinson
20231210_Tottenham_Newcastle,2023-24,2023,2023-12-10,Tottenham,Newcastle,4,1,H,2,0,H,,,23,9,12,3,3,6,10,12,1,3,0,0,C Kavanagh
20231215_Nott'mForest_Tottenham,2023-24,2023,2023-12-15,Nott'm Forest,Tottenham,0,2,A,0,1,A,,,15,12,1,6,6,4,16,11,2,4,0,1,J Gillett
20231216_Chelsea_SheffieldUnited,2023-24,2023,2023-12-16,Chelsea,Sheffield United,2,0,H,0,0,D,,,15,6,6,1,7,6,9,14,1,3,0,0,A Madley
20231216_ManCity_CrystalPalace,2023-24,2023,2023-12-16,Man City,Crystal Palace,2,2,D,1,0,H,,,19,5,9,2,6,1,12,9,1,1,0,0,P Tierney
20231216_Newcastle_Fulham,2023-24,2023,2023-12-16,Newcastle,Fulham,3,0,H,0,0,D,,,27,6,10,4,5,1,7,12,0,2,0,1,S Barrott
20231216_Burnley_Everton,2023-24,2023,2023-12-16,Burnley,Everton,0,2,A,0,2,A,,,14,9,2,6,8,6,9,8,0,1,0,0,A Taylor
20231217_Liverpool_ManUnited,2023-24,2023,2023-12-17,Liverpool,Man United,0,0,D,0,0,D,,,34,6,8,1,12,0,13,8,2,4,0,1,M Oliver
20231217_WestHam_Wolves,2023-24,2023,2023-12-17,West Ham,Wolves,3,0,H,2,0,H,,,13,14,4,3,6,6,12,15,3,1,0,0,C Kavanagh
20231217_Arsenal_Brighton,2023-24,2023,2023-12-17,Arsenal,Brighton,2,0,H,0,0,D,,,26,6,9,1,10,1,11,9,1,3,0,0,T Robinson
20231217_Brentford_AstonVilla,2023-24,2023,2023-12-17,Brentford,Aston Villa,1,2,A,1,0,H,,,4,15,3,5,7,12,19,6,6,4,1,1,D Coote
20231221_CrystalPalace_Brighton,2023-24,2023,2023-12-21,Crystal Palace,Brighton,1,1,D,1,0,H,,,11,18,3,6,3,1,12,11,5,2,0,0,J Brooks
20231222_AstonVilla_SheffieldUnited,2023-24,2023,2023-12-22,Aston Villa,Sheffield United,1,1,D,0,0,D,,,12,5,4,2,9,1,11,16,3,3,0,0,A Taylor
20231223_Tottenham_Everton,2023-24,2023,2023-12-23,Tottenham,Everton,2,1,H,2,0,H,,,13,18,6,8,3,8,6,18,1,4,0,0,S Attwell
20231223_WestHam_ManUnited,2023-24,2023,2023-12-23,West Ham,Man United,2,0,H,0,0,D,,,12,11,5,3,4,4,13,15,2,3,0,0,S Hooper
20231223_Fulham_Burnley,2023-24,2023,2023-12-23,Fulham,Burnley,0,2,A,0,0,D,,,19,7,5,2,8,6,5,17,2,1,0,0,R Welch
20231223_Luton_Newcastle,2023-24,2023,2023-12-23,Luton,Newcastle,1,0,H,1,0,H,,,16,15,5,2,6,7,11,5,2,1,0,0,D England
20231223_Nott'mForest_Bournemouth,2023-24,2023,2023-12-23,Nott'm Forest,Bournemouth,2,3,A,0,0,D,,,11,18,5,7,6,6,10,10,0,3,1,0,R Jones
20231223_Liverpool_Arsenal,2023-24,2023,2023-12-23,Liverpool,Arsenal,1,1,D,1,1,D,,,13,13,3,2,4,5,13,14,2,5,0,0,C Kavanagh
20231224_Wolves_Chelsea,2023-24,2023,2023-12-24,Wolves,Chelsea,2,1,H,0,0,D,,,14,16,6,5,10,6,11,9,3,5,0,0,D Coote
20231226_Newcastle_Nott'mForest,2023-24,2023,2023-12-26,Newcastle,Nott'm Forest,1,3,A,1,1,D,,,19,15,7,6,10,2,10,11,3,3,0,0,C Kavanagh
20231226_Bournemouth_Fulham,2023-24,2023,2023-12-26,Bournemouth,Fulham,3,0,H,1,0,H,,,16,8,4,3,6,5,10,10,0,2,0,0,T Robinson
20231226_SheffieldUnited_Luton,2023-24,2023,2023-12-26,Sheffield United,Luton,2,3,A,0,1,A,,,21,12,6,4,9,4,13,13,5,0,0,0,S Allison
20231226_Burnley_Liverpool,2023-24,2023,2023-12-26,Burnley,Liverpool,0,2,A,0,1,A,,,9,19,0,10,4,4,7,10,2,1,0,0,P Tierney
20231226_ManUnited_AstonVilla,2023-24,2023,2023-12-26,Man United,Aston Villa,3,2,H,0,2,A,,,13,10,7,4,3,6,10,10,1,3,0,0,C Pawson
20231227_Brentford_Wolves,2023-24,2023,2023-12-27,Brentford,Wolves,1,4,A,1,3,A,,,14,11,4,5,8,2,5,14,1,1,0,0,A Madley
20231227_Chelsea_CrystalPalace,2023-24,2023,2023-12-27,Chelsea,Crystal Palace,2,1,H,1,1,D,,,9,13,4,5,4,3,13,16,3,2,0,0,M Salisbury
20231227_Everton_ManCity,2023-24,2023,2023-12-27,Everton,Man City,1,3,A,1,0,H,,,7,23,2,9,8,4,13,5,4,2,0,0,J Brooks
20231228_Brighton_Tottenham,2023-24,2023,2023-12-28,Brighton,Tottenham,4,2,H,2,0,H,,,15,19,9,3,7,6,18,6,3,2,0,0,J Gillett
20231228_Arsenal_WestHam,2023-24,2023,2023-12-28,Arsenal,West Ham,0,2,A,0,1,A,,,30,6,8,3,10,3,8,8,2,0,0,0,M Oliver
20231230_Nott'mForest_ManUnited,2023-24,2023,2023-12-30,Nott'm Forest,Man United,2,1,H,0,0,D,,,8,10,2,5,4,5,9,11,2,4,0,0,T Robinson
20231230_Wolves_Everton,2023-24,2023,2023-12-30,Wolves,Everton,3,0,H,1,0,H,,,12,10,6,0,5,2,9,14,2,3,0,0,T Bramall
20231230_ManCity_SheffieldUnited,2023-24,2023,2023-12-30,Man City,Sheffield United,2,0,H,1,0,H,,,18,4,4,2,12,2,5,6,1,1,0,0,D Coote
20231230_AstonVilla_Burnley,2023-24,2023,2023-12-30,Aston Villa,Burnley,3,2,H,2,1,H,,,19,9,7,5,6,2,9,14,4,1,0,1,S Attwell
20231230_Luton_Chelsea,2023-24,2023,2023-12-30,Luton,Chelsea,2,3,A,0,2,A,,,15,12,6,8,7,2,14,21,2,2,0,0,P Tierney
20231230_CrystalPalace_Brentford,2023-24,2023,2023-12-30,Crystal Palace,Brentford,3,1,H,2,1,H,,,13,9,6,4,7,4,14,10,0,1,0,0,R Jones
20231231_Fulham_Arsenal,2023-24,2023,2023-12-31,Fulham,Arsenal,2,1,H,1,1,D,,,15,13,4,3,5,4,11,10,4,1,0,0,J Smith
20231231_Tottenham_Bournemouth,2023-24,2023,2023-12-31,Tottenham,Bournemouth,3,1,H,1,0,H,,,12,24,6,4,4,13,9,18,3,3,0,0,S Hooper
20240101_Liverpool_Newcastle,2023-24,2023,2024-01-01,Liverpool,Newcastle,4,2,H,0,0,D,,,34,5,15,3,7,3,16,15,3,5,0,0,A Taylor
20240102_WestHam_Brighton,2023-24,2023,2024-01-02,West Ham,Brighton,0,0,D,0,0,D,,,6,22,2,8,2,0,4,6,1,0,0,0,S Barrott
20240112_Burnley_Luton,2023-24,2023,2024-01-12,Burnley,Luton,1,1,D,1,0,H,,,13,14,7,5,2,8,7,12,1,0,0,0,T Harrington
20240113_Newcastle_ManCity,2023-24,2023,2024-01-13,Newcastle,Man City,2,3,A,2,1,H,,,12,27,5,11,3,13,7,7,1,2,0,0,C Kavanagh
20240113_Chelsea_Fulham,2023-24,2023,2024-01-13,Chelsea,Fulham,1,0,H,1,0,H,,,17,14,3,4,6,4,13,9,5,1,0,0,A Taylor
20240114_ManUnited_Tottenham,2023-24,2023,2024-01-14,Man United,Tottenham,2,2,D,2,1,H,,,9,16,2,6,8,13,8,5,2,1,0,0,J Brooks
20240114_Everton_AstonVilla,2023-24,2023,2024-01-14,Everton,Aston Villa,0,0,D,0,0,D,,,10,16,2,5,4,5,13,14,1,4,0,0,D Coote
20240120_Arsenal_CrystalPalace,2023-24,2023,2024-01-20,Arsenal,Crystal Palace,5,0,H,2,0,H,,,21,12,6,5,6,7,8,12,0,0,0,0,P Tierney
20240120_Brentford_Nott'mForest,2023-24,2023,2024-01-20,Brentford,Nott'm Forest,3,2,H,1,1,D,,,11,12,5,3,6,4,10,14,1,3,0,0,D England
20240121_SheffieldUnited_WestHam,2023-24,2023,2024-01-21,Sheffield United,West Ham,2,2,D,1,1,D,,,21,16,6,5,4,1,11,10,3,1,1,1,M Salisbury
20240121_Bournemouth_Liverpool,2023-24,2023,2024-01-21,Bournemouth,Liverpool,0,4,A,0,0,D,,,11,14,1,7,8,5,9,12,1,2,0,0,A Madley
20240122_Brighton_Wolves,2023-24,2023,2024-01-22,Brighton,Wolves,0,0,D,0,0,D,,,11,8,4,3,8,2,10,13,1,4,0,0,C Pawson
20240130_Nott'mForest_Arsenal,2023-24,2023,2024-01-30,Nott'm Forest,Arsenal,1,2,A,0,0,D,,,9,19,3,3,2,11,6,7,0,1,0,0,S Hooper
20240130_Fulham_Everton,2023-24,2023,2024-01-30,Fulham,Everton,0,0,D,0,0,D,,,25,21,6,4,15,6,6,13,1,2,0,0,T Bramall
20240130_Luton_Brighton,2023-24,2023,2024-01-30,Luton,Brighton,4,0,H,3,0,H,,,18,9,8,2,7,4,13,14,2,2,0,0,R Jones
20240130_CrystalPalace_SheffieldUnited,2023-24,2023,2024-01-30,Crystal Palace,Sheffield United,3,2,H,2,2,D,,,12,9,4,5,11,1,8,18,1,4,0,0,T Harrington
20240130_AstonVilla_Newcastle,2023-24,2023,2024-01-30,Aston Villa,Newcastle,1,3,A,0,2,A,,,12,14,6,5,8,7,14,12,4,1,0,0,J Brooks
20240131_Liverpool_Chelsea,2023-24,2023,2024-01-31,Liverpool,Chelsea,4,1,H,2,0,H,,,28,4,13,3,8,1,15,16,2,4,0,0,P Tierney
20240131_ManCity_Burnley,2023-24,2023,2024-01-31,Man City,Burnley,3,1,H,2,0,H,,,14,8,4,3,7,3,3,13,2,2,0,0,S Barrott
20240131_Tottenham_Brentford,2023-24,2023,2024-01-31,Tottenham,Brentford,3,2,H,0,1,A,,,19,9,5,5,5,3,13,15,2,3,0,0,D Coote
20240201_WestHam_Bournemouth,2023-24,2023,2024-02-01,West Ham,Bournemouth,1,1,D,0,1,A,,,9,9,3,4,1,5,13,11,1,3,0,0,T Robinson
20240201_Wolves_ManUnited,2023-24,2023,2024-02-01,Wolves,Man United,3,4,A,0,2,A,,,16,21,7,8,4,5,10,10,2,5,0,0,J Gillett
20240203_SheffieldUnited_AstonVilla,2023-24,2023,2024-02-03,Sheffield United,Aston Villa,0,5,A,0,4,A,,,10,14,5,10,3,4,10,7,1,0,0,0,P Tierney
20240203_Everton_Tottenham,2023-24,2023,2024-02-03,Everton,Tottenham,2,2,D,1,2,A,,,14,9,5,6,9,5,8,14,3,0,0,0,M Oliver
20240203_Brighton_CrystalPalace,2023-24,2023,2024-02-03,Brighton,Crystal Palace,4,1,H,3,0,H,,,13,7,6,5,3,2,8,14,1,3,0,0,S Hooper
20240203_Burnley_Fulham,2023-24,2023,2024-02-03,Burnley,Fulham,2,2,D,0,2,A,,,12,15,4,7,2,13,11,7,2,2,0,0,D Bond
20240203_Newcastle_Luton,2023-24,2023,2024-02-03,Newcastle,Luton,4,4,D,2,2,D,,,19,11,6,8,8,2,13,16,2,2,0,0,T Bramall
20240204_Arsenal_Liverpool,2023-24,2023,2024-02-04,Arsenal,Liverpool,3,1,H,1,1,D,,,15,10,7,1,2,4,11,11,6,2,0,1,A Taylor
20240204_ManUnited_WestHam,2023-24,2023,2024-02-04,Man United,West Ham,3,0,H,1,0,H,,,12,22,5,3,5,8,10,5,0,1,0,0,A Madley
20240204_Bournemouth_Nott'mForest,2023-24,2023,2024-02-04,Bournemouth,Nott'm Forest,1,1,D,1,1,D,,,9,8,2,6,11,6,19,12,3,2,1,0,R Welch
20240204_Chelsea_Wolves,2023-24,2023,2024-02-04,Chelsea,Wolves,2,4,A,1,2,A,,,15,14,6,7,10,1,15,11,3,2,0,0,T Robinson
20240205_Brentford_ManCity,2023-24,2023,2024-02-05,Brentford,Man City,1,3,A,1,1,D,,,9,25,3,15,8,13,2,4,1,0,0,0,J Gillett
20240210_Nott'mForest_Newcastle,2023-24,2023,2024-02-10,Nott'm Forest,Newcastle,2,3,A,2,2,D,,,13,7,3,5,4,4,9,6,1,2,0,0,A Taylor
20240210_ManCity_Everton,2023-24,2023,2024-02-10,Man City,Everton,2,0,H,0,0,D,,,19,5,3,1,9,0,6,11,0,2,0,0,J Brooks
20240210_Fulham_Bournemouth,2023-24,2023,2024-02-10,Fulham,Bournemouth,3,1,H,2,0,H,,,7,25,6,4,1,14,11,11,1,2,0,0,D England
20240210_Liverpool_Burnley,2023-24,2023,2024-02-10,Liverpool,Burnley,3,1,H,1,1,D,,,25,9,10,4,9,3,11,13,3,2,0,0,T Robinson
20240210_Luton_SheffieldUnited,2023-24,2023,2024-02-10,Luton,Sheffield United,1,3,A,0,2,A,,,20,7,5,3,13,1,7,12,1,2,0,0,C Kavanagh
20240210_Tottenham_Brighton,2023-24,2023,2024-02-10,Tottenham,Brighton,2,1,H,0,1,A,,,16,6,6,3,9,6,14,13,2,3,0,0,S Barrott
20240210_Wolves_Brentford,2023-24,2023,2024-02-10,Wolves,Brentford,0,2,A,0,1,A,,,17,9,5,6,7,4,11,9,2,3,0,0,S Hooper
20240211_AstonVilla_ManUnited,2023-24,2023,2024-02-11,Aston Villa,Man United,1,2,A,0,1,A,,,23,17,10,5,10,8,9,7,3,2,0,0,R Jones
20240211_WestHam_Arsenal,2023-24,2023,2024-02-11,West Ham,Arsenal,0,6,A,0,4,A,,,5,25,1,12,2,6,17,11,4,0,0,0,C Pawson
20240212_CrystalPalace_Chelsea,2023-24,2023,2024-02-12,Crystal Palace,Chelsea,1,3,A,1,0,H,,,13,14,4,5,1,7,14,7,2,2,0,0,M Oliver
20240217_Tottenham_Wolves,2023-24,2023,2024-02-17,Tottenham,Wolves,1,2,A,0,1,A,,,15,12,4,7,10,4,8,13,0,1,0,0,A Taylor
20240217_Brentford_Liverpool,2023-24,2023,2024-02-17,Brentford,Liverpool,1,4,A,0,1,A,,,15,15,6,8,1,6,4,18,2,1,0,0,M Oliver
20240217_Burnley_Arsenal,2023-24,2023,2024-02-17,Burnley,Arsenal,0,5,A,0,2,A,,,8,16,0,7,4,6,11,8,2,1,0,0,J Gillett
20240217_Fulham_AstonVilla,2023-24,2023,2024-02-17,Fulham,Aston Villa,1,2,A,0,1,A,,,15,12,4,3,4,4,11,6,5,2,0,0,L Smith
20240217_Newcastle_Bournemouth,2023-24,2023,2024-02-17,Newcastle,Bournemouth,2,2,D,0,0,D,,,17,12,5,7,4,2,9,22,1,3,0,0,M Salisbury
20240217_Nott'mForest_WestHam,2023-24,2023,2024-02-17,Nott'm Forest,West Ham,2,0,H,1,0,H,,,19,10,8,3,5,3,13,15,4,4,0,1,T Bramall
20240217_ManCity_Chelsea,2023-24,2023,2024-02-17,Man City,Chelsea,1,1,D,0,1,A,,,31,9,5,6,12,1,7,12,1,3,0,0,A Madley
20240218_Luton_ManUnited,2023-24,2023,2024-02-18,Luton,Man United,1,2,A,1,2,A,,,22,21,4,9,8,6,7,21,3,5,0,0,D Coote
20240218_SheffieldUnited_Brighton,2023-24,2023,2024-02-18,Sheffield United,Brighton,0,5,A,0,2,A,,,6,24,1,10,5,10,3,5,1,4,1,0,S Attwell
20240219_Everton_CrystalPalace,2023-24,2023,2024-02-19,Everton,Crystal Palace,1,1,D,0,0,D,,,19,10,4,4,3,6,8,12,0,2,0,0,P Tierney
20240220_ManCity_Brentford,2023-24,2023,2024-02-20,Man City,Brentford,1,0,H,0,0,D,,,25,6,11,2,10,1,12,6,2,4,0,0,D England
20240221_Liverpool_Luton,2023-24,2023,2024-02-21,Liverpool,Luton,4,1,H,0,1,A,,,29,12,13,3,13,4,15,14,1,4,0,0,A Madley
20240224_AstonVilla_Nott'mForest,2023-24,2023,2024-02-24,Aston Villa,Nott'm Forest,4,2,H,3,1,H,,,16,10,6,3,7,2,7,16,1,2,0,0,S Barrott
20240224_Brighton_Everton,2023-24,2023,2024-02-24,Brighton,Everton,1,1,D,0,0,D,,,23,6,7,3,11,3,9,14,2,3,1,0,T Harrington
20240224_CrystalPalace_Burnley,2023-24,2023,2024-02-24,Crystal Palace,Burnley,3,0,H,0,0,D,,,15,2,6,0,12,3,8,13,3,1,0,1,L Smith
20240224_ManUnited_Fulham,2023-24,2023,2024-02-24,Man United,Fulham,1,2,A,0,0,D,,,21,17,9,5,10,9,6,11,2,5,0,0,M Oliver
20240224_Bournemouth_ManCity,2023-24,2023,2024-02-24,Bournemouth,Man City,0,1,A,0,1,A,,,13,15,4,6,3,8,14,6,2,2,0,0,J Gillett
20240224_Arsenal_Newcastle,2023-24,2023,2024-02-24,Arsenal,Newcastle,4,1,H,2,0,H,,,18,3,8,2,9,0,15,6,1,0,0,0,P Tierney
20240225_Wolves_SheffieldUnited,2023-24,2023,2024-02-25,Wolves,Sheffield United,1,0,H,1,0,H,,,13,12,2,4,5,6,8,4,2,1,0,0,D Bond
20240226_WestHam_Brentford,2023-24,2023,2024-02-26,West Ham,Brentford,4,2,H,2,1,H,,,17,14,6,8,1,7,5,9,1,2,0,0,S Hooper
20240302_Luton_AstonVilla,2023-24,2023,2024-03-02,Luton,Aston Villa,2,3,A,0,2,A,,,13,12,5,8,8,6,8,19,1,4,0,0,M Oliver
20240302_Tottenham_CrystalPalace,2023-24,2023,2024-03-02,Tottenham,Crystal Palace,3,1,H,0,0,D,,,14,4,6,1,11,1,7,16,1,2,0,0,J Brooks
20240302_Nott'mForest_Liverpool,2023-24,2023,2024-03-02,Nott'm Forest,Liverpool,0,1,A,0,0,D,,,8,22,2,2,3,12,11,12,2,2,0,0,P Tierney
20240302_Everton_WestHam,2023-24,2023,2024-03-02,Everton,West Ham,1,3,A,0,0,D,,,22,12,11,5,4,5,9,6,1,2,0,0,C Pawson
20240302_Fulham_Brighton,2023-24,2023,2024-03-02,Fulham,Brighton,3,0,H,2,0,H,,,12,15,5,5,2,6,16,10,1,2,0,0,S Hooper
20240302_Brentford_Chelsea,2023-24,2023,2024-03-02,Brentford,Chelsea,2,2,D,0,1,A,,,14,17,5,6,0,6,10,9,3,1,0,0,J Gillett
20240302_Newcastle_Wolves,2023-24,2023,2024-03-02,Newcastle,Wolves,3,0,H,2,0,H,,,14,12,7,3,3,5,8,11,0,1,0,0,T Robinson
20240303_Burnley_Bournemouth,2023-24,2023,2024-03-03,Burnley,Bournemouth,0,2,A,0,1,A,,,20,10,6,3,7,2,8,13,2,4,0,0,D Coote
20240303_ManCity_ManUnited,2023-24,2023,2024-03-03,Man City,Man United,3,1,H,0,1,A,,,27,3,8,1,15,2,5,10,0,1,0,0,A Madley
20240304_SheffieldUnited_Arsenal,2023-24,2023,2024-03-04,Sheffield United,Arsenal,0,6,A,0,5,A,,,4,22,0,10,0,7,11,4,1,0,0,0,S Barrott
20240309_Arsenal_Brentford,2023-24,2023,2024-03-09,Arsenal,Brentford,2,1,H,1,1,D,,,17,9,6,4,10,4,9,10,2,4,0,0,R Jones
20240309_CrystalPalace_Luton,2023-24,2023,2024-03-09,Crystal Palace,Luton,1,1,D,1,0,H,,,21,8,4,2,8,6,20,11,2,3,0,0,S Singh
20240309_Wolves_Fulham,2023-24,2023,2024-03-09,Wolves,Fulham,2,1,H,0,0,D,,,8,23,3,6,3,4,7,11,2,2,0,0,T Harrington
20240309_ManUnited_Everton,2023-24,2023,2024-03-09,Man United,Everton,2,0,H,2,0,H,,,15,23,8,6,5,8,13,11,1,2,0,0,S Hooper
20240309_Bournemouth_SheffieldUnited,2023-24,2023,2024-03-09,Bournemouth,Sheffield United,2,2,D,0,1,A,,,32,13,12,9,10,3,12,11,3,5,0,0,A Taylor
20240310_AstonVilla_Tottenham,2023-24,2023,2024-03-10,Aston Villa,Tottenham,0,4,A,0,0,D,,,10,9,1,5,6,4,11,15,0,2,1,0,C Kavanagh
20240310_Brighton_Nott'mForest,2023-24,2023,2024-03-10,Brighton,Nott'm Forest,1,0,H,1,0,H,,,10,9,3,4,6,3,14,14,4,4,0,0,M Salisbury
20240310_WestHam_Burnley,2023-24,2023,2024-03-10,West Ham,Burnley,2,2,D,0,2,A,,,22,11,4,4,4,4,11,18,2,4,0,0,D England
20240310_Liverpool_ManCity,2023-24,2023,2024-03-10,Liverpool,Man City,1,1,D,0,1,A,,,19,10,6,6,7,4,6,10,0,3,0,0,M Oliver
20240311_Chelsea_Newcastle,2023-24,2023,2024-03-11,Chelsea,Newcastle,3,2,H,1,1,D,,,12,11,8,3,0,4,12,7,3,1,0,0,J Brooks
20240313_Bournemouth_Luton,2023-24,2023,2024-03-13,Bournemouth,Luton,4,3,H,0,3,A,,,24,8,10,4,11,3,16,11,1,2,0,0,S Allison
20240316_Fulham_Tottenham,2023-24,2023,2024-03-16,Fulham,Tottenham,3,0,H,1,0,H,,,16,14,7,5,4,5,9,10,2,3,0,0,R Jones
20240316_Burnley_Brentford,2023-24,2023,2024-03-16,Burnley,Brentford,2,1,H,1,0,H,,,17,9,6,5,5,4,14,17,2,4,0,1,D Bond
20240316_Luton_Nott'mForest,2023-24,2023,2024-03-16,Luton,Nott'm Forest,1,1,D,0,1,A,,,10,16,4,6,6,7,10,17,1,2,0,0,D England
20240317_WestHam_AstonVilla,2023-24,2023,2024-03-17,West Ham,Aston Villa,1,1,D,1,0,H,,,13,13,5,5,7,11,13,12,3,3,0,0,J Gillett
20240330_Newcastle_WestHam,2023-24,2023,2024-03-30,Newcastle,West Ham,4,3,H,1,2,A,,,24,10,9,4,3,4,9,8,1,1,1,0,R Jones
20240330_Bournemouth_Everton,2023-24,2023,2024-03-30,Bournemouth,Everton,2,1,H,0,0,D,,,11,7,4,3,9,8,14,11,1,2,0,0,S Barrott
20240330_Chelsea_Burnley,2023-24,2023,2024-03-30,Chelsea,Burnley,2,2,D,1,0,H,,,33,18,13,7,12,4,12,7,2,2,0,1,D England
20240330_Nott'mForest_CrystalPalace,2023-24,2023,2024-03-30,Nott'm Forest,Crystal Palace,1,1,D,0,1,A,,,12,10,5,3,4,6,14,12,1,1,0,0,C Kavanagh
20240330_SheffieldUnited_Fulham,2023-24,2023,2024-03-30,Sheffield United,Fulham,3,3,D,0,0,D,,,8,24,4,9,2,15,10,13,4,1,0,0,T Robinson
20240330_Tottenham_Luton,2023-24,2023,2024-03-30,Tottenham,Luton,2,1,H,0,1,A,,,17,7,4,3,3,6,16,14,2,4,0,0,J Gillett
20240330_AstonVilla_Wolves,2023-24,2023,2024-03-30,Aston Villa,Wolves,2,0,H,1,0,H,,,11,13,5,3,5,4,11,19,3,4,0,0,P Tierney
20240330_Brentford_ManUnited,2023-24,2023,2024-03-30,Brentford,Man United,1,1,D,0,0,D,,,31,11,5,5,14,4,7,14,2,2,0,0,S Hooper
20240331_Liverpool_Brighton,2023-24,2023,2024-03-31,Liverpool,Brighton,2,1,H,1,1,D,,,30,9,8,3,8,4,20,6,5,3,0,0,D Coote
20240331_ManCity_Arsenal,2023-24,2023,2024-03-31,Man City,Arsenal,0,0,D,0,0,D,,,12,6,1,2,7,4,9,20,0,2,0,0,A Taylor
20240402_Burnley_Wolves,2023-24,2023,2024-04-02,Burnley,Wolves,1,1,D,1,1,D,,,13,8,6,2,7,4,10,12,0,2,0,0,T Bramall
20240402_Bournemouth_CrystalPalace,2023-24,2023,2024-04-02,Bournemouth,Crystal Palace,1,0,H,0,0,D,,,11,3,6,2,9,2,13,14,3,2,0,0,G Scott
20240402_WestHam_Tottenham,2023-24,2023,2024-04-02,West Ham,Tottenham,1,1,D,1,1,D,,,11,13,4,4,9,5,13,9,1,4,0,0,J Brooks
20240402_Newcastle_Everton,2023-24,2023,2024-04-02,Newcastle,Everton,1,1,D,1,0,H,,,18,10,6,3,7,3,9,14,0,3,0,0,T Harrington
20240402_Nott'mForest_Fulham,2023-24,2023,2024-04-02,Nott'm Forest,Fulham,3,1,H,3,0,H,,,16,18,4,3,3,8,7,8,0,0,0,0,M Oliver
20240403_Arsenal_Luton,2023-24,2023,2024-04-03,Arsenal,Luton,2,0,H,2,0,H,,,13,5,4,1,3,1,12,8,1,1,0,0,C Pawson
20240403_Brentford_Brighton,2023-24,2023,2024-04-03,Brentford,Brighton,0,0,D,0,0,D,,,5,24,2,6,1,5,9,12,1,1,0,0,A Madley
20240403_ManCity_AstonVilla,2023-24,2023,2024-04-03,Man City,Aston Villa,4,1,H,2,1,H,,,25,8,11,3,2,3,6,13,1,2,0,0,D England
20240404_Liverpool_SheffieldUnited,2023-24,2023,2024-04-04,Liverpool,Sheffield United,3,1,H,1,0,H,,,29,8,9,3,13,1,6,9,0,1,0,0,S Attwell
20240404_Chelsea_ManUnited,2023-24,2023,2024-04-04,Chelsea,Man United,4,3,H,2,2,D,,,28,19,10,5,12,3,7,15,3,0,0,0,J Gillett
20240406_Brighton_Arsenal,2023-24,2023,2024-04-06,Brighton,Arsenal,0,3,A,0,1,A,,,10,20,2,7,8,7,14,13,1,2,0,0,J Brooks
20240406_Luton_Bournemouth,2023-24,2023,2024-04-06,Luton,Bournemouth,2,1,H,0,0,D,,,19,8,9,1,7,2,7,14,0,0,0,0,A Madley
20240406_Fulham_Newcastle,2023-24,2023,2024-04-06,Fulham,Newcastle,0,1,A,0,0,D,,,14,12,4,5,14,3,10,13,1,2,0,0,S Allison
20240406_Wolves_WestHam,2023-24,2023,2024-04-06,Wolves,West Ham,1,2,A,1,0,H,,,14,11,7,4,4,4,15,7,5,2,0,0,T Harrington
20240406_AstonVilla_Brentford,2023-24,2023,2024-04-06,Aston Villa,Brentford,3,3,D,1,0,H,,,11,8,3,3,11,3,15,11,2,2,0,0,M Salisbury
20240406_CrystalPalace_ManCity,2023-24,2023,2024-04-06,Crystal Palace,Man City,2,4,A,1,1,D,,,7,18,4,8,2,9,13,3,1,1,0,0,P Tierney
20240406_Everton_Burnley,2023-24,2023,2024-04-06,Everton,Burnley,1,0,H,1,0,H,,,12,6,3,1,3,5,11,13,2,1,0,1,M Oliver
20240407_ManUnited_Liverpool,2023-24,2023,2024-04-07,Man United,Liverpool,2,2,D,0,1,A,,,9,28,5,7,6,11,9,10,5,2,0,0,A Taylor
20240407_SheffieldUnited_Chelsea,2023-24,2023,2024-04-07,Sheffield United,Chelsea,2,2,D,1,1,D,,,11,6,6,3,7,6,12,10,4,2,0,0,R Jones
20240407_Tottenham_Nott'mForest,2023-24,2023,2024-04-07,Tottenham,Nott'm Forest,3,1,H,1,1,D,,,17,13,7,6,12,2,11,12,2,3,0,0,S Hooper
20240413_Bournemouth_ManUnited,2023-24,2023,2024-04-13,Bournemouth,Man United,2,2,D,2,1,H,,,20,8,5,2,7,2,13,14,4,0,0,0,T Harrington
20240413_Newcastle_Tottenham,2023-24,2023,2024-04-13,Newcastle,Tottenham,4,0,H,2,0,H,,,18,11,5,2,16,3,14,12,0,4,0,0,T Robinson
20240413_Brentford_SheffieldUnited,2023-24,2023,2024-04-13,Brentford,Sheffield United,2,0,H,0,0,D,,,9,8,5,2,3,6,8,11,3,1,0,0,S Barrott
20240413_Burnley_Brighton,2023-24,2023,2024-04-13,Burnley,Brighton,1,1,D,0,0,D,,,11,20,3,8,4,5,18,8,1,2,0,0,S Hooper
20240413_ManCity_Luton,2023-24,2023,2024-04-13,Man City,Luton,5,1,H,1,0,H,,,33,4,13,2,12,1,7,6,1,0,0,0,J Brooks
20240413_Nott'mForest_Wolves,2023-24,2023,2024-04-13,Nott'm Forest,Wolves,2,2,D,1,1,D,,,18,11,9,4,10,1,15,10,2,3,0,0,C Pawson
20240414_Arsenal_AstonVilla,2023-24,2023,2024-04-14,Arsenal,Aston Villa,0,2,A,0,0,D,,,18,11,4,2,4,6,12,7,3,1,0,0,D Coote
20240414_WestHam_Fulham,2023-24,2023,2024-04-14,West Ham,Fulham,0,2,A,0,1,A,,,15,18,4,10,8,3,6,13,1,2,0,0,S Attwell
20240414_Liverpool_CrystalPalace,2023-24,2023,2024-04-14,Liverpool,Crystal Palace,0,1,A,0,1,A,,,21,8,6,5,11,1,10,10,1,1,0,0,C Kavanagh
20240415_Chelsea_Everton,2023-24,2023,2024-04-15,Chelsea,Everton,6,0,H,4,0,H,,,14,10,10,2,4,8,5,21,1,4,0,0,P Tierney
20240420_Luton_Brentford,2023-24,2023,2024-04-20,Luton,Brentford,1,5,A,0,2,A,,,6,21,3,9,4,9,13,9,1,2,0,0,J Gillett
20240420_SheffieldUnited_Burnley,2023-24,2023,2024-04-20,Sheffield United,Burnley,1,4,A,0,2,A,,,18,16,11,9,11,2,10,9,1,0,0,0,A Madley
20240420_Wolves_Arsenal,2023-24,2023,2024-04-20,Wolves,Arsenal,0,2,A,0,1,A,,,5,24,3,9,1,2,14,9,3,2,0,0,P Tierney
20240421_Everton_Nott'mForest,2023-24,2023,2024-04-21,Everton,Nott'm Forest,2,0,H,1,0,H,,,7,8,4,3,6,4,15,9,3,2,0,0,A Taylor
20240421_AstonVilla_Bournemouth,2023-24,2023,2024-04-21,Aston Villa,Bournemouth,3,1,H,1,1,D,,,14,14,4,6,8,4,8,14,1,3,0,0,T Robinson
20240421_CrystalPalace_WestHam,2023-24,2023,2024-04-21,Crystal Palace,West Ham,5,2,H,4,1,H,,,18,4,7,1,4,0,9,9,3,2,0,0,G Scott
20240421_Fulham_Liverpool,2023-24,2023,2024-04-21,Fulham,Liverpool,1,3,A,1,1,D,,,12,14,5,7,1,4,5,11,3,0,0,0,C Pawson
20240423_Arsenal_Chelsea,2023-24,2023,2024-04-23,Arsenal,Chelsea,5,0,H,1,0,H,,,27,7,10,1,4,2,12,11,2,2,0,0,S Hooper
20240424_ManUnited_SheffieldUnited,2023-24,2023,2024-04-24,Man United,Sheffield United,4,2,H,1,1,D,,,25,10,13,4,9,4,7,9,0,1,0,0,M Salisbury
20240424_Everton_Liverpool,2023-24,2023,2024-04-24,Everton,Liverpool,2,0,H,1,0,H,,,16,23,6,7,4,13,6,13,0,3,0,0,A Madley
20240424_CrystalPalace_Newcastle,2023-24,2023,2024-04-24,Crystal Palace,Newcastle,2,0,H,0,0,D,,,20,7,7,2,7,2,10,15,3,3,0,0,T Bramall
20240424_Wolves_Bournemouth,2023-24,2023,2024-04-24,Wolves,Bournemouth,0,1,A,0,1,A,,,15,21,4,6,8,12,10,17,4,1,0,1,S Attwell
20240425_Brighton_ManCity,2023-24,2023,2024-04-25,Brighton,Man City,0,4,A,0,3,A,,,7,14,3,6,4,4,10,3,2,0,0,0,J Gillett
20240427_WestHam_Liverpool,2023-24,2023,2024-04-27,West Ham,Liverpool,2,2,D,1,0,H,,,11,28,8,8,5,8,8,10,0,2,0,0,A Taylor
20240427_Fulham_CrystalPalace,2023-24,2023,2024-04-27,Fulham,Crystal Palace,1,1,D,0,0,D,,,9,14,2,4,5,9,11,15,0,2,0,0,S Attwell
20240427_ManUnited_Burnley,2023-24,2023,2024-04-27,Man United,Burnley,1,1,D,0,0,D,,,27,16,10,7,6,5,7,11,1,3,0,0,J Brooks
20240427_Newcastle_SheffieldUnited,2023-24,2023,2024-04-27,Newcastle,Sheffield United,5,1,H,1,1,D,,,20,15,7,5,4,5,9,10,0,0,0,0,T Harrington
20240427_Wolves_Luton,2023-24,2023,2024-04-27,Wolves,Luton,2,1,H,1,0,H,,,13,9,5,6,4,4,14,14,3,1,0,0,D Coote
20240427_Everton_Brentford,2023-24,2023,2024-04-27,Everton,Brentford,1,0,H,0,0,D,,,18,10,1,4,6,6,10,12,1,2,0,0,D England
20240427_AstonVilla_Chelsea,2023-24,2023,2024-04-27,Aston Villa,Chelsea,2,2,D,2,0,H,,,9,21,4,5,2,4,13,14,3,5,0,0,C Pawson
20240428_Nott'mForest_ManCity,2023-24,2023,2024-04-28,Nott'm Forest,Man City,0,2,A,0,1,A,,,14,11,2,5,4,5,8,6,0,0,0,0,S Hooper
20240428_Tottenham_Arsenal,2023-24,2023,2024-04-28,Tottenham,Arsenal,2,3,A,0,3,A,,,14,9,2,3,8,6,12,16,2,1,0,0,M Oliver
20240428_Bournemouth_Brighton,2023-24,2023,2024-04-28,Bournemouth,Brighton,3,0,H,1,0,H,,,15,13,6,1,8,2,14,10,2,2,0,0,P Tierney
20240502_Chelsea_Tottenham,2023-24,2023,2024-05-02,Chelsea,Tottenham,2,0,H,1,0,H,,,16,19,5,3,4,9,12,16,0,1,0,0,R Jones
20240503_Luton_Everton,2023-24,2023,2024-05-03,Luton,Everton,1,1,D,1,1,D,,,18,10,5,3,8,7,14,12,1,3,0,0,T Robinson
20240504_Arsenal_Bournemouth,2023-24,2023,2024-05-04,Arsenal,Bournemouth,3,0,H,1,0,H,,,25,7,9,2,6,1,16,12,2,3,0,0,D Coote
20240504_Brentford_Fulham,2023-24,2023,2024-05-04,Brentford,Fulham,0,0,D,0,0,D,,,7,15,3,3,7,6,3,6,1,1,0,0,G Scott
20240504_Burnley_Newcastle,2023-24,2023,2024-05-04,Burnley,Newcastle,1,4,A,0,3,A,,,17,23,5,11,4,11,8,8,2,2,0,0,A Taylor
20240504_SheffieldUnited_Nott'mForest,2023-24,2023,2024-05-04,Sheffield United,Nott'm Forest,1,3,A,1,1,D,,,17,15,5,4,5,3,9,7,0,1,1,0,C Kavanagh
20240504_ManCity_Wolves,2023-24,2023,2024-05-04,Man City,Wolves,5,1,H,3,0,H,,,20,2,12,1,6,0,4,17,0,4,0,0,C Pawson
20240505_Brighton_AstonVilla,2023-24,2023,2024-05-05,Brighton,Aston Villa,1,0,H,0,0,D,,,15,2,8,1,7,3,13,10,2,1,0,0,R Jones
20240505_Chelsea_WestHam,2023-24,2023,2024-05-05,Chelsea,West Ham,5,0,H,3,0,H,,,25,13,14,2,8,6,12,10,1,3,0,0,A Madley
20240505_Liverpool_Tottenham,2023-24,2023,2024-05-05,Liverpool,Tottenham,4,2,H,2,0,H,,,25,11,13,6,8,3,14,12,1,4,0,0,P Tierney
20240506_CrystalPalace_ManUnited,2023-24,2023,2024-05-06,Crystal Palace,Man United,4,0,H,2,0,H,,,18,7,10,2,6,3,12,8,1,1,0,0,J Gillett 
20240511_Fulham_ManCity,2023-24,2023,2024-05-11,Fulham,Man City,0,4,A,0,1,A,,,1,16,1,9,1,7,9,6,1,0,1,0,A Taylor
20240511_Bournemouth_Brentford,2023-24,2023,2024-05-11,Bournemouth,Brentford,1,2,A,0,0,D,,,13,11,4,5,3,8,16,12,2,2,0,0,M Donohue
20240511_Everton_SheffieldUnited,2023-24,2023,2024-05-11,Everton,Sheffield United,1,0,H,1,0,H,,,15,13,6,1,3,6,6,11,1,2,0,0,S Attwell
20240511_Newcastle_Brighton,2023-24,2023,2024-05-11,Newcastle,Brighton,1,1,D,1,1,D,,,18,15,7,4,8,4,9,16,3,4,0,0,D England
20240511_Tottenham_Burnley,2023-24,2023,2024-05-11,Tottenham,Burnley,2,1,H,1,1,D,,,21,7,9,3,9,3,10,14,3,5,0,0,J Gillett
20240511_WestHam_Luton,2023-24,2023,2024-05-11,West Ham,Luton,3,1,H,0,1,A,,,24,4,8,1,7,6,9,15,1,3,0,0,M Oliver
20240511_Wolves_CrystalPalace,2023-24,2023,2024-05-11,Wolves,Crystal Palace,1,3,A,0,2,A,,,13,13,7,3,8,3,13,12,3,2,0,1,T Bramall
20240511_Nott'mForest_Chelsea,2023-24,2023,2024-05-11,Nott'm Forest,Chelsea,2,3,A,1,1,D,,,20,12,4,5,5,6,14,8,2,3,0,0,T Harrington
20240512_ManUnited_Arsenal,2023-24,2023,2024-05-12,Man United,Arsenal,0,1,A,0,1,A,,,14,11,2,5,4,7,5,6,0,2,0,0,P Tierney
20240513_AstonVilla_Liverpool,2023-24,2023,2024-05-13,Aston Villa,Liverpool,3,3,D,1,2,A,,,19,14,5,7,5,4,11,15,1,1,0,0,S Hooper
20240514_Tottenham_ManCity,2023-24,2023,2024-05-14,Tottenham,Man City,0,2,A,0,0,D,,,10,8,5,5,7,4,14,11,3,3,0,0,C Kavanagh
20240515_ManUnited_Newcastle,2023-24,2023,2024-05-15,Man United,Newcastle,3,2,H,1,0,H,,,17,21,8,8,9,9,16,7,3,3,0,0,R Jones
20240515_Brighton_Chelsea,2023-24,2023,2024-05-15,Brighton,Chelsea,1,2,A,0,1,A,,,12,13,2,6,4,6,13,14,2,2,0,1,M Salisbury
20240519_Arsenal_Everton,2023-24,2023,2024-05-19,Arsenal,Everton,2,1,H,1,1,D,,,26,5,5,2,8,1,8,11,4,3,0,0,M Oliver
20240519_ManCity_WestHam,2023-24,2023,2024-05-19,Man City,West Ham,3,1,H,2,1,H,,,28,3,12,2,11,2,3,12,0,1,0,0,J Brooks
20240519_Luton_Fulham,2023-24,2023,2024-05-19,Luton,Fulham,2,4,A,1,2,A,,,15,15,6,7,4,4,15,20,5,4,0,0,M Donohue
20240519_Liverpool_Wolves,2023-24,2023,2024-05-19,Liverpool,Wolves,2,0,H,2,0,H,,,36,4,14,3,10,2,14,11,1,1,0,1,C Kavanagh
20240519_CrystalPalace_AstonVilla,2023-24,2023,2024-05-19,Crystal Palace,Aston Villa,5,0,H,2,0,H,,,15,8,9,2,2,4,10,8,1,4,0,0,D Bond
20240519_SheffieldUnited_Tottenham,2023-24,2023,2024-05-19,Sheffield United,Tottenham,0,3,A,0,1,A,,,6,18,1,9,2,6,11,9,2,0,0,0,A Madley
20240519_Burnley_Nott'mForest,2023-24,2023,2024-05-19,Burnley,Nott'm Forest,1,2,A,0,2,A,,,20,12,3,6,4,3,11,5,1,0,0,0,G Scott
20240519_Brighton_ManUnited,2023-24,2023,2024-05-19,Brighton,Man United,0,2,A,0,0,D,,,17,11,3,4,7,5,10,9,1,3,0,0,C Pawson
20240519_Brentford_Newcastle,2023-24,2023,2024-05-19,Brentford,Newcastle,2,4,A,0,3,A,,,10,12,5,7,3,0,15,11,4,4,0,0,S Hooper
20240519_Chelsea_Bournemouth,2023-24,2023,2024-05-19,Chelsea,Bournemouth,2,1,H,1,0,H,,,16,22,6,5,6,5,5,9,2,3,0,0,A Taylor
20240816_ManUnited_Fulham,2024-25,2024,2024-08-16,Man United,Fulham,1,0,H,0,0,D,,,14,10,5,2,7,8,12,10,2,3,0,0,R Jones
20240817_Ipswich_Liverpool,2024-25,2024,2024-08-17,Ipswich,Liverpool,0,2,A,0,0,D,,,7,18,2,5,2,10,9,18,3,1,0,0,T Robinson
20240817_Arsenal_Wolves,2024-25,2024,2024-08-17,Arsenal,Wolves,2,0,H,1,0,H,,,18,9,6,3,8,2,17,14,2,2,0,0,J Gillett
20240817_Everton_Brighton,2024-25,2024,2024-08-17,Everton,Brighton,0,3,A,0,1,A,,,9,10,1,5,1,5,8,8,1,1,1,0,S Hooper
20240817_Newcastle_Southampton,2024-25,2024,2024-08-17,Newcastle,Southampton,1,0,H,1,0,H,,,3,19,1,4,3,12,15,16,2,4,1,0,C Pawson
20240817_Nott'mForest_Bournemouth,2024-25,2024,2024-08-17,Nott'm Forest,Bournemouth,1,1,D,1,0,H,,,14,13,8,4,2,6,17,8,1,3,0,0,M Oliver
20240817_WestHam_AstonVilla,2024-25,2024,2024-08-17,West Ham,Aston Villa,1,2,A,1,1,D,,,14,15,3,3,5,3,18,11,1,2,0,0,T Harrington
20240818_Chelsea_ManCity,2024-25,2024,2024-08-18,Chelsea,Man City,0,2,A,0,1,A,,,10,11,3,5,4,3,12,9,1,1,0,0,A Taylor
20240818_Brentford_CrystalPalace,2024-25,2024,2024-08-18,Brentford,Crystal Palace,2,1,H,1,0,H,,,9,14,5,6,4,7,6,15,1,5,0,0,S Barrott
20240819_Leicester_Tottenham,2024-25,2024,2024-08-19,Leicester,Tottenham,1,1,D,0,1,A,,,7,15,3,7,2,13,11,12,1,1,0,0,C Kavanagh
20240824_Tottenham_Everton,2024-25,2024,2024-08-24,Tottenham,Everton,4,0,H,2,0,H,,,13,10,7,1,12,5,11,15,0,0,0,0,A Taylor
20240824_AstonVilla_Arsenal,2024-25,2024,2024-08-24,Aston Villa,Arsenal,0,2,A,0,0,D,,,11,9,3,4,4,1,8,15,1,3,0,0,M Oliver
20240824_Southampton_Nott'mForest,2024-25,2024,2024-08-24,Southampton,Nott'm Forest,0,1,A,0,0,D,,,5,23,1,8,4,10,14,14,3,3,0,0,S Barrott
20240824_Fulham_Leicester,2024-25,2024,2024-08-24,Fulham,Leicester,2,1,H,1,1,D,,,18,10,6,4,7,5,14,13,2,2,0,0,D Bond
20240824_ManCity_Ipswich,2024-25,2024,2024-08-24,Man City,Ipswich,4,1,H,3,1,H,,,14,1,5,1,10,1,4,15,2,3,0,0,M Salisbury
20240824_CrystalPalace_WestHam,2024-25,2024,2024-08-24,Crystal Palace,West Ham,0,2,A,0,0,D,,,14,18,2,3,3,3,9,17,1,1,0,0,R Jones
20240824_Brighton_ManUnited,2024-25,2024,2024-08-24,Brighton,Man United,2,1,H,1,0,H,,,14,11,5,4,4,4,9,13,1,2,0,0,C Pawson
20240825_Bournemouth_Newcastle,2024-25,2024,2024-08-25,Bournemouth,Newcastle,1,1,D,1,0,H,,,16,14,4,5,8,9,19,8,2,2,0,0,D Coote
20240825_Wolves_Chelsea,2024-25,2024,2024-08-25,Wolves,Chelsea,2,6,A,2,2,D,,,12,14,4,8,5,5,13,13,2,3,0,0,D England
20240825_Liverpool_Brentford,2024-25,2024,2024-08-25,Liverpool,Brentford,2,0,H,1,0,H,,,19,8,8,2,9,4,10,7,2,3,0,0,S Attwell
20240831_Nott'mForest_Wolves,2024-25,2024,2024-08-31,Nott'm Forest,Wolves,1,1,D,1,1,D,,,16,11,5,3,7,3,15,18,3,4,0,0,S Hooper
20240831_Leicester_AstonVilla,2024-25,2024,2024-08-31,Leicester,Aston Villa,1,2,A,0,1,A,,,9,10,3,5,1,4,13,21,4,5,0,0,D Coote
20240831_Ipswich_Fulham,2024-25,2024,2024-08-31,Ipswich,Fulham,1,1,D,1,1,D,,,11,9,4,4,8,6,15,15,2,3,0,0,L Smith
20240831_WestHam_ManCity,2024-25,2024,2024-08-31,West Ham,Man City,1,3,A,1,2,A,,,10,23,2,8,3,11,10,3,3,2,0,0,M Oliver
20240831_Brentford_Southampton,2024-25,2024,2024-08-31,Brentford,Southampton,3,1,H,1,0,H,,,20,18,7,6,2,8,10,7,2,1,0,0,J Smith
20240831_Arsenal_Brighton,2024-25,2024,2024-08-31,Arsenal,Brighton,1,1,D,1,0,H,,,11,22,7,4,3,7,12,7,3,2,1,0,C Kavanagh
20240831_Everton_Bournemouth,2024-25,2024,2024-08-31,Everton,Bournemouth,2,3,A,0,0,D,,,18,17,8,7,8,4,6,1,2,1,0,0,S Attwell
20240901_Chelsea_CrystalPalace,2024-25,2024,2024-09-01,Chelsea,Crystal Palace,1,1,D,1,0,H,,,13,9,7,3,4,5,9,13,4,2,0,0,J Gillett
20240901_Newcastle_Tottenham,2024-25,2024,2024-09-01,Newcastle,Tottenham,2,1,H,1,0,H,,,9,20,3,6,7,12,16,13,4,4,0,0,R Jones
20240901_ManUnited_Liverpool,2024-25,2024,2024-09-01,Man United,Liverpool,0,3,A,0,2,A,,,8,11,3,3,5,2,7,7,4,1,0,0,A Taylor
20240914_Bournemouth_Chelsea,2024-25,2024,2024-09-14,Bournemouth,Chelsea,0,1,A,0,0,D,,,19,10,7,3,6,3,16,9,6,8,0,0,A Taylor
20240914_Southampton_ManUnited,2024-25,2024,2024-09-14,Southampton,Man United,0,3,A,0,2,A,,,6,20,4,10,0,7,11,14,1,4,1,0,S Attwell
20240914_Brighton_Ipswich,2024-25,2024,2024-09-14,Brighton,Ipswich,0,0,D,0,0,D,,,21,6,6,1,9,2,14,16,4,3,0,0,S Barrott
20240914_CrystalPalace_Leicester,2024-25,2024,2024-09-14,Crystal Palace,Leicester,2,2,D,0,1,A,,,20,9,4,4,5,2,11,15,0,3,0,0,T Harrington
20240914_Fulham_WestHam,2024-25,2024,2024-09-14,Fulham,West Ham,1,1,D,1,0,H,,,21,11,5,3,3,2,15,18,2,3,0,0,T Robinson
20240914_Liverpool_Nott'mForest,2024-25,2024,2024-09-14,Liverpool,Nott'm Forest,0,1,A,0,0,D,,,14,5,5,3,7,2,15,6,4,4,0,0,M Oliver
20240914_ManCity_Brentford,2024-25,2024,2024-09-14,Man City,Brentford,2,1,H,2,1,H,,,18,8,7,5,12,3,9,3,3,1,0,0,D Bond
20240914_AstonVilla_Everton,2024-25,2024,2024-09-14,Aston Villa,Everton,3,2,H,1,2,A,,,17,6,8,2,6,2,10,12,1,4,0,0,C Pawson
20240915_Wolves_Newcastle,2024-25,2024,2024-09-15,Wolves,Newcastle,1,2,A,1,0,H,,,12,14,5,6,4,7,17,6,3,3,0,0,C Kavanagh
20240915_Tottenham_Arsenal,2024-25,2024,2024-09-15,Tottenham,Arsenal,0,1,A,0,0,D,,,15,7,5,4,7,6,13,10,5,3,0,0,J Gillett
20240921_WestHam_Chelsea,2024-25,2024,2024-09-21,West Ham,Chelsea,0,3,A,0,2,A,,,15,12,7,5,6,5,17,9,5,2,0,0,S Barrott
20240921_AstonVilla_Wolves,2024-25,2024,2024-09-21,Aston Villa,Wolves,3,1,H,0,1,A,,,9,10,4,4,6,5,11,16,3,6,0,0,T Robinson
20240921_Fulham_Newcastle,2024-25,2024,2024-09-21,Fulham,Newcastle,3,1,H,2,0,H,,,22,15,11,4,6,0,16,8,6,0,0,0,P Bankes
20240921_Leicester_Everton,2024-25,2024,2024-09-21,Leicester,Everton,1,1,D,0,1,A,,,12,16,2,5,6,1,11,12,1,2,0,0,D England
20240921_Liverpool_Bournemouth,2024-25,2024,2024-09-21,Liverpool,Bournemouth,3,0,H,3,0,H,,,19,19,13,6,3,9,10,12,1,4,0,0,T Harrington
20240921_Southampton_Ipswich,2024-25,2024,2024-09-21,Southampton,Ipswich,1,1,D,1,0,H,,,11,13,3,6,2,10,16,16,4,4,0,0,S Allison
20240921_Tottenham_Brentford,2024-25,2024,2024-09-21,Tottenham,Brentford,3,1,H,2,1,H,,,23,6,10,6,9,4,11,9,3,1,0,0,J Brooks
20240921_CrystalPalace_ManUnited,2024-25,2024,2024-09-21,Crystal Palace,Man United,0,0,D,0,0,D,,,9,15,4,6,4,11,7,12,3,1,0,0,D Coote
20240922_Brighton_Nott'mForest,2024-25,2024,2024-09-22,Brighton,Nott'm Forest,2,2,D,2,1,H,,,14,4,3,3,9,1,12,11,3,4,0,1,R Jones
20240922_ManCity_Arsenal,2024-25,2024,2024-09-22,Man City,Arsenal,2,2,D,1,2,A,,,33,5,11,3,8,2,7,10,3,4,0,1,M Oliver
20240928_Wolves_Liverpool,2024-25,2024,2024-09-28,Wolves,Liverpool,1,2,A,0,1,A,,,8,10,3,6,2,10,16,8,2,3,0,0,A Taylor
20240928_Nott'mForest_Fulham,2024-25,2024,2024-09-28,Nott'm Forest,Fulham,0,1,A,0,0,D,,,11,14,1,2,6,5,11,15,2,4,0,0,J Smith
20240928_Everton_CrystalPalace,2024-25,2024,2024-09-28,Everton,Crystal Palace,2,1,H,0,1,A,,,8,17,2,5,5,8,13,11,2,1,0,0,A Madley
20240928_Arsenal_Leicester,2024-25,2024,2024-09-28,Arsenal,Leicester,4,2,H,2,0,H,,,36,5,16,3,17,0,11,6,2,4,0,0,S Barrott
20240928_Brentford_WestHam,2024-25,2024,2024-09-28,Brentford,West Ham,1,1,D,1,0,H,,,8,19,3,3,7,7,2,11,2,3,0,0,S Hooper
20240928_Newcastle_ManCity,2024-25,2024,2024-09-28,Newcastle,Man City,1,1,D,0,1,A,,,11,16,4,6,5,6,14,10,4,4,0,0,J Gillett
20240928_Chelsea_Brighton,2024-25,2024,2024-09-28,Chelsea,Brighton,4,2,H,4,2,H,,,15,15,7,5,8,2,11,8,3,2,0,0,P Bankes
20240929_Ipswich_AstonVilla,2024-25,2024,2024-09-29,Ipswich,Aston Villa,2,2,D,1,2,A,,,15,7,5,3,10,0,10,14,4,1,0,0,S Attwell
20240929_ManUnited_Tottenham,2024-25,2024,2024-09-29,Man United,Tottenham,0,3,A,0,1,A,,,11,24,2,10,5,3,16,14,5,3,1,0,C Kavanagh
20240930_Bournemouth_Southampton,2024-25,2024,2024-09-30,Bournemouth,Southampton,3,1,H,3,0,H,,,14,9,6,3,7,4,19,12,2,5,0,0,M Oliver
20241005_WestHam_Ipswich,2024-25,2024,2024-10-05,West Ham,Ipswich,4,1,H,2,1,H,,,23,9,13,2,5,5,12,6,0,1,0,0,A Taylor
20241005_Everton_Newcastle,2024-25,2024,2024-10-05,Everton,Newcastle,0,0,D,0,0,D,,,8,14,2,3,0,10,12,8,1,2,0,0,C Pawson
20241005_ManCity_Fulham,2024-25,2024,2024-10-05,Man City,Fulham,3,2,H,1,1,D,,,20,11,7,4,8,3,4,10,2,1,0,0,P Bankes
20241005_CrystalPalace_Liverpool,2024-25,2024,2024-10-05,Crystal Palace,Liverpool,0,1,A,0,1,A,,,9,16,5,4,3,8,7,15,4,2,0,0,S Hooper
20241005_Brentford_Wolves,2024-25,2024,2024-10-05,Brentford,Wolves,5,3,H,4,2,H,,,19,17,12,6,10,3,9,10,2,3,0,0,A Madley
20241005_Arsenal_Southampton,2024-25,2024,2024-10-05,Arsenal,Southampton,3,1,H,0,0,D,,,29,8,6,2,13,1,10,9,0,3,0,0,T Harrington
20241005_Leicester_Bournemouth,2024-25,2024,2024-10-05,Leicester,Bournemouth,1,0,H,1,0,H,,,6,17,2,2,0,9,12,14,4,1,0,0,D Bond
20241006_AstonVilla_ManUnited,2024-25,2024,2024-10-06,Aston Villa,Man United,0,0,D,0,0,D,,,11,10,1,4,6,3,12,11,1,5,0,0,R Jones
20241006_Chelsea_Nott'mForest,2024-25,2024,2024-10-06,Chelsea,Nott'm Forest,1,1,D,0,0,D,,,22,16,8,9,11,3,12,11,6,2,0,1,C Kavanagh
20241006_Brighton_Tottenham,2024-25,2024,2024-10-06,Brighton,Tottenham,3,2,H,0,2,A,,,11,13,4,3,4,7,14,10,2,2,0,0,D Coote
20241019_Bournemouth_Arsenal,2024-25,2024,2024-10-19,Bournemouth,Arsenal,2,0,H,0,0,D,,,13,6,4,1,7,4,12,11,1,1,0,1,R Jones
20241019_Southampton_Leicester,2024-25,2024,2024-10-19,Southampton,Leicester,2,3,A,2,0,H,,,14,18,7,4,10,6,10,10,5,3,1,0,A Taylor
20241019_Newcastle_Brighton,2024-25,2024,2024-10-19,Newcastle,Brighton,0,1,A,0,1,A,,,21,10,6,5,9,4,11,9,2,2,0,0,P Bankes
20241019_ManUnited_Brentford,2024-25,2024,2024-10-19,Man United,Brentford,2,1,H,0,1,A,,,23,8,11,2,9,2,14,5,2,2,0,0,S Barrott
20241019_Ipswich_Everton,2024-25,2024,2024-10-19,Ipswich,Everton,0,2,A,0,2,A,,,13,11,2,8,5,8,12,10,1,1,0,0,M Oliver
20241019_Fulham_AstonVilla,2024-25,2024,2024-10-19,Fulham,Aston Villa,1,3,A,1,1,D,,,10,14,4,5,6,11,8,11,3,3,1,1,D England
20241019_Tottenham_WestHam,2024-25,2024,2024-10-19,Tottenham,West Ham,4,1,H,1,1,D,,,22,11,7,4,13,5,10,15,1,3,0,1,A Madley
20241020_Wolves_ManCity,2024-25,2024,2024-10-20,Wolves,Man City,1,2,A,1,1,D,,,3,22,2,7,1,18,8,5,4,1,0,0,C Kavanagh
20241020_Liverpool_Chelsea,2024-25,2024,2024-10-20,Liverpool,Chelsea,2,1,H,1,0,H,,,9,12,5,2,1,6,12,13,4,3,0,0,J Brooks
20241021_Nott'mForest_CrystalPalace,2024-25,2024,2024-10-21,Nott'm Forest,Crystal Palace,1,0,H,0,0,D,,,20,20,6,7,6,6,9,12,2,3,0,0,T Robinson
20241025_Leicester_Nott'mForest,2024-25,2024,2024-10-25,Leicester,Nott'm Forest,1,3,A,1,1,D,,,11,20,1,5,6,7,16,9,5,2,0,0,C Pawson
20241026_ManCity_Southampton,2024-25,2024,2024-10-26,Man City,Southampton,1,0,H,1,0,H,,,22,5,8,2,12,1,9,9,1,3,0,0,T Harrington
20241026_Brighton_Wolves,2024-25,2024,2024-10-26,Brighton,Wolves,2,2,D,1,0,H,,,19,14,6,7,9,6,12,10,3,3,0,0,M Oliver
20241026_Everton_Fulham,2024-25,2024,2024-10-26,Everton,Fulham,1,1,D,0,0,D,,,10,14,5,3,4,2,8,8,1,0,0,0,J Brooks
20241026_AstonVilla_Bournemouth,2024-25,2024,2024-10-26,Aston Villa,Bournemouth,1,1,D,0,0,D,,,18,11,8,3,9,7,12,14,7,6,0,0,A Madley
20241026_Brentford_Ipswich,2024-25,2024,2024-10-26,Brentford,Ipswich,4,3,H,2,2,D,,,20,11,9,5,5,5,7,10,0,1,0,1,L Smith
20241027_Chelsea_Newcastle,2024-25,2024,2024-10-27,Chelsea,Newcastle,2,1,H,1,1,D,,,17,11,7,3,7,4,13,16,6,3,0,0,S Hooper
20241027_CrystalPalace_Tottenham,2024-25,2024,2024-10-27,Crystal Palace,Tottenham,1,0,H,1,0,H,,,14,11,6,3,8,8,16,12,4,4,0,0,D Bond
20241027_WestHam_ManUnited,2024-25,2024,2024-10-27,West Ham,Man United,2,1,H,0,0,D,,,12,18,3,5,6,5,6,7,5,1,0,0,D Coote
20241027_Arsenal_Liverpool,2024-25,2024,2024-10-27,Arsenal,Liverpool,2,2,D,2,1,H,,,9,9,3,4,1,3,14,14,2,2,0,0,A Taylor
20241102_Wolves_CrystalPalace,2024-25,2024,2024-11-02,Wolves,Crystal Palace,2,2,D,0,0,D,,,11,19,6,7,3,6,7,9,1,2,0,0,A Taylor
20241102_Nott'mForest_WestHam,2024-25,2024,2024-11-02,Nott'm Forest,West Ham,3,0,H,1,0,H,,,19,4,6,2,11,6,7,9,1,2,0,1,P Bankes
20241102_Liverpool_Brighton,2024-25,2024,2024-11-02,Liverpool,Brighton,2,1,H,0,1,A,,,16,13,8,5,10,7,10,18,1,1,0,0,T Harrington
20241102_Southampton_Everton,2024-25,2024,2024-11-02,Southampton,Everton,1,0,H,0,0,D,,,9,16,2,5,3,6,14,18,4,2,0,0,A Madley
20241102_Bournemouth_ManCity,2024-25,2024,2024-11-02,Bournemouth,Man City,2,1,H,1,0,H,,,12,18,6,4,3,10,11,6,2,1,0,0,M Oliver
20241102_Newcastle_Arsenal,2024-25,2024,2024-11-02,Newcastle,Arsenal,1,0,H,1,0,H,,,9,10,4,1,4,6,16,18,4,4,0,0,J Brooks
20241102_Ipswich_Leicester,2024-25,2024,2024-11-02,Ipswich,Leicester,1,1,D,0,0,D,,,14,20,2,6,4,6,11,10,4,2,1,0,T Robinson
20241103_Tottenham_AstonVilla,2024-25,2024,2024-11-03,Tottenham,Aston Villa,4,1,H,0,1,A,,,16,12,6,1,6,4,14,14,2,0,0,0,C Pawson
20241103_ManUnited_Chelsea,2024-25,2024,2024-11-03,Man United,Chelsea,1,1,D,0,0,D,,,11,12,4,3,4,8,19,14,6,2,0,0,R Jones
20241104_Fulham_Brentford,2024-25,2024,2024-11-04,Fulham,Brentford,2,1,H,0,1,A,,,26,5,12,2,11,3,3,10,2,1,0,0,S Attwell
20241109_Liverpool_AstonVilla,2024-25,2024,2024-11-09,Liverpool,Aston Villa,2,0,H,1,0,H,,,14,12,5,2,2,9,11,15,0,3,0,0,D Coote
20241109_Brentford_Bournemouth,2024-25,2024,2024-11-09,Brentford,Bournemouth,3,2,H,1,1,D,,,12,15,6,3,6,4,8,16,2,4,0,0,D Bond
20241109_CrystalPalace_Fulham,2024-25,2024,2024-11-09,Crystal Palace,Fulham,0,2,A,0,1,A,,,13,17,5,7,1,8,10,11,1,1,1,0,M Salisbury
20241109_WestHam_Everton,2024-25,2024,2024-11-09,West Ham,Everton,0,0,D,0,0,D,,,11,18,6,4,7,6,10,9,1,2,0,0,S Attwell
20241109_Wolves_Southampton,2024-25,2024,2024-11-09,Wolves,Southampton,2,0,H,1,0,H,,,8,9,4,0,1,9,14,12,1,4,0,0,T Bramall
20241109_Brighton_ManCity,2024-25,2024,2024-11-09,Brighton,Man City,2,1,H,0,1,A,,,10,15,4,6,0,4,12,10,3,3,0,0,S Barrott
20241110_Tottenham_Ipswich,2024-25,2024,2024-11-10,Tottenham,Ipswich,1,2,A,0,2,A,,,17,8,5,3,12,2,10,19,1,5,0,0,D England
20241110_Chelsea_Arsenal,2024-25,2024,2024-11-10,Chelsea,Arsenal,1,1,D,0,0,D,,,17,13,3,3,4,3,12,12,4,2,0,0,M Oliver
20241110_ManUnited_Leicester,2024-25,2024,2024-11-10,Man United,Leicester,3,0,H,2,0,H,,,13,6,3,5,1,5,9,5,0,1,0,0,P Bankes
20241110_Nott'mForest_Newcastle,2024-25,2024,2024-11-10,Nott'm Forest,Newcastle,1,3,A,1,0,H,,,9,17,3,6,4,5,13,6,1,1,0,0,A Taylor
20241123_Leicester_Chelsea,2024-25,2024,2024-11-23,Leicester,Chelsea,1,2,A,0,1,A,,,4,16,1,7,2,9,15,12,4,3,0,0,A Madley
20241123_Arsenal_Nott'mForest,2024-25,2024,2024-11-23,Arsenal,Nott'm Forest,3,0,H,1,0,H,,,19,7,7,0,8,1,10,1,3,2,0,0,S Hooper
20241123_AstonVilla_CrystalPalace,2024-25,2024,2024-11-23,Aston Villa,Crystal Palace,2,2,D,1,2,A,,,17,13,5,6,10,1,10,11,3,2,0,0,T Robinson
20241123_Bournemouth_Brighton,2024-25,2024,2024-11-23,Bournemouth,Brighton,1,2,A,0,1,A,,,19,6,5,4,7,0,13,10,2,2,0,1,S Attwell
20241123_Everton_Brentford,2024-25,2024,2024-11-23,Everton,Brentford,0,0,D,0,0,D,,,27,9,5,2,10,4,8,10,0,0,0,1,C Kavanagh
20241123_Fulham_Wolves,2024-25,2024,2024-11-23,Fulham,Wolves,1,4,A,1,1,D,,,10,10,3,5,7,2,14,14,3,0,0,0,R Jones
20241123_ManCity_Tottenham,2024-25,2024,2024-11-23,Man City,Tottenham,0,4,A,0,2,A,,,23,9,5,7,9,3,19,9,4,2,0,0,J Brooks
20241124_Southampton_Liverpool,2024-25,2024,2024-11-24,Southampton,Liverpool,2,3,A,1,1,D,,,7,27,5,11,3,10,11,9,3,4,0,0,S Barrott
20241124_Ipswich_ManUnited,2024-25,2024,2024-11-24,Ipswich,Man United,1,1,D,1,1,D,,,11,11,6,4,4,3,11,10,0,0,0,0,A Taylor
20241125_Newcastle_WestHam,2024-25,2024,2024-11-25,Newcastle,West Ham,0,2,A,0,1,A,,,18,15,2,6,8,3,11,8,1,0,0,0,C Pawson
20241129_Brighton_Southampton,2024-25,2024,2024-11-29,Brighton,Southampton,1,1,D,1,0,H,,,22,10,5,2,7,6,20,16,2,4,0,0,R Jones
20241130_Brentford_Leicester,2024-25,2024,2024-11-30,Brentford,Leicester,4,1,H,3,1,H,,,13,7,6,3,5,4,9,10,1,1,0,0,M Oliver
20241130_CrystalPalace_Newcastle,2024-25,2024,2024-11-30,Crystal Palace,Newcastle,1,1,D,0,0,D,,,16,1,4,0,8,9,12,11,3,3,0,0,D England
20241130_Nott'mForest_Ipswich,2024-25,2024,2024-11-30,Nott'm Forest,Ipswich,1,0,H,0,0,D,,,12,7,5,3,8,7,5,16,1,3,0,0,T Harrington
20241130_Wolves_Bournemouth,2024-25,2024,2024-11-30,Wolves,Bournemouth,2,4,A,1,3,A,,,10,12,3,8,3,4,13,11,4,1,0,0,P Bankes
20241130_WestHam_Arsenal,2024-25,2024,2024-11-30,West Ham,Arsenal,2,5,A,2,5,A,,,12,16,5,7,2,10,10,13,4,1,0,0,A Taylor
20241201_Chelsea_AstonVilla,2024-25,2024,2024-12-01,Chelsea,Aston Villa,3,0,H,2,0,H,,,17,10,8,4,3,4,21,6,2,2,0,0,S Attwell
20241201_ManUnited_Everton,2024-25,2024,2024-12-01,Man United,Everton,4,0,H,2,0,H,,,11,8,5,2,2,2,12,12,2,3,0,0,J Brooks
20241201_Tottenham_Fulham,2024-25,2024,2024-12-01,Tottenham,Fulham,1,1,D,0,0,D,,,8,14,3,6,7,11,4,14,0,1,0,1,D Bond
20241201_Liverpool_ManCity,2024-25,2024,2024-12-01,Liverpool,Man City,2,0,H,1,0,H,,,18,8,7,2,7,4,9,8,1,3,0,0,C Kavanagh
20241203_Leicester_WestHam,2024-25,2024,2024-12-03,Leicester,West Ham,3,1,H,1,0,H,,,8,31,6,10,3,9,9,7,2,2,0,0,J Smith
20241203_Ipswich_CrystalPalace,2024-25,2024,2024-12-03,Ipswich,Crystal Palace,0,1,A,0,0,D,,,9,13,2,3,4,7,14,13,2,4,0,0,C Pawson
20241204_Everton_Wolves,2024-25,2024,2024-12-04,Everton,Wolves,4,0,H,2,0,H,,,13,6,4,2,3,4,10,8,2,0,0,0,M Salisbury
20241204_ManCity_Nott'mForest,2024-25,2024,2024-12-04,Man City,Nott'm Forest,3,0,H,2,0,H,,,17,12,7,3,8,2,7,15,2,4,0,0,M Oliver
20241204_Newcastle_Liverpool,2024-25,2024,2024-12-04,Newcastle,Liverpool,3,3,D,1,0,H,,,17,16,6,5,5,6,9,17,2,5,0,0,A Madley
20241204_Southampton_Chelsea,2024-25,2024,2024-12-04,Southampton,Chelsea,1,5,A,1,3,A,,,6,26,4,13,5,7,7,14,1,0,1,0,T Harrington
20241204_Arsenal_ManUnited,2024-25,2024,2024-12-04,Arsenal,Man United,2,0,H,0,0,D,,,14,5,6,2,13,0,12,8,1,3,0,0,S Barrott
20241204_AstonVilla_Brentford,2024-25,2024,2024-12-04,Aston Villa,Brentford,3,1,H,3,0,H,,,20,9,10,1,10,5,11,15,2,2,0,0,L Smith
20241205_Fulham_Brighton,2024-25,2024,2024-12-05,Fulham,Brighton,3,1,H,1,0,H,,,6,13,2,3,5,6,7,8,2,2,0,0,P Bankes
20241205_Bournemouth_Tottenham,2024-25,2024,2024-12-05,Bournemouth,Tottenham,1,0,H,1,0,H,,,21,12,8,4,5,9,15,8,2,2,0,0,S Hooper
20241207_ManUnited_Nott'mForest,2024-25,2024,2024-12-07,Man United,Nott'm Forest,2,3,A,1,1,D,,,17,11,7,3,5,3,10,13,0,2,0,0,D England
20241207_CrystalPalace_ManCity,2024-25,2024,2024-12-07,Crystal Palace,Man City,2,2,D,1,1,D,,,12,12,3,4,6,8,4,10,1,0,0,1,R Jones
20241207_AstonVilla_Southampton,2024-25,2024,2024-12-07,Aston Villa,Southampton,1,0,H,1,0,H,,,18,4,5,0,14,1,18,15,1,3,0,0,D Bond
20241207_Brentford_Newcastle,2024-25,2024,2024-12-07,Brentford,Newcastle,4,2,H,2,2,D,,,11,16,8,3,3,4,10,7,3,0,0,0,T Robinson
20241208_Fulham_Arsenal,2024-25,2024,2024-12-08,Fulham,Arsenal,1,1,D,1,0,H,,,2,12,2,4,0,6,10,9,4,2,0,0,C Kavanagh
20241208_Ipswich_Bournemouth,2024-25,2024,2024-12-08,Ipswich,Bournemouth,1,2,A,1,0,H,,,18,22,5,6,6,13,9,13,2,1,0,0,M Salisbury
20241208_Leicester_Brighton,2024-25,2024,2024-12-08,Leicester,Brighton,2,2,D,0,1,A,,,10,16,3,7,5,5,9,10,1,2,0,0,S Attwell
20241208_Tottenham_Chelsea,2024-25,2024,2024-12-08,Tottenham,Chelsea,3,4,A,2,1,H,,,13,17,5,8,5,10,17,11,2,2,0,0,A Taylor
20241209_WestHam_Wolves,2024-25,2024,2024-12-09,West Ham,Wolves,2,1,H,0,0,D,,,19,19,4,5,11,0,12,17,5,4,0,0,J Brooks
20241214_Arsenal_Everton,2024-25,2024,2024-12-14,Arsenal,Everton,0,0,D,0,0,D,,,13,2,5,0,8,2,6,9,0,3,0,0,C Pawson
20241214_Liverpool_Fulham,2024-25,2024,2024-12-14,Liverpool,Fulham,2,2,D,0,1,A,,,16,12,4,3,5,4,10,7,3,4,1,0,T Harrington
20241214_Newcastle_Leicester,2024-25,2024,2024-12-14,Newcastle,Leicester,4,0,H,1,0,H,,,27,4,11,1,5,2,7,16,3,3,0,0,T Bramall
20241214_Wolves_Ipswich,2024-25,2024,2024-12-14,Wolves,Ipswich,1,2,A,0,1,A,,,16,10,6,5,7,3,13,9,0,2,1,0,S Hooper
20241214_Nott'mForest_AstonVilla,2024-25,2024,2024-12-14,Nott'm Forest,Aston Villa,2,1,H,0,0,D,,,17,8,6,2,4,3,12,6,0,1,0,0,S Barrott
20241215_Southampton_Tottenham,2024-25,2024,2024-12-15,Southampton,Tottenham,0,5,A,0,5,A,,,9,18,3,9,2,5,8,15,1,3,0,0,D England
20241215_Chelsea_Brentford,2024-25,2024,2024-12-15,Chelsea,Brentford,2,1,H,1,0,H,,,26,9,8,4,8,5,11,7,0,2,1,0,P Bankes
20241215_Brighton_CrystalPalace,2024-25,2024,2024-12-15,Brighton,Crystal Palace,1,3,A,0,2,A,,,17,13,5,5,8,5,11,15,1,4,0,0,M Oliver
20241215_ManCity_ManUnited,2024-25,2024,2024-12-15,Man City,Man United,1,2,A,1,0,H,,,10,10,3,3,8,2,5,14,1,1,0,0,A Taylor
20241216_Bournemouth_WestHam,2024-25,2024,2024-12-16,Bournemouth,West Ham,1,1,D,0,0,D,,,29,16,9,3,12,6,6,11,0,2,0,0,C Kavanagh
20241221_AstonVilla_ManCity,2024-25,2024,2024-12-21,Aston Villa,Man City,2,1,H,1,0,H,,,11,12,6,6,5,4,14,7,3,3,0,0,P Bankes
20241221_Brentford_Nott'mForest,2024-25,2024,2024-12-21,Brentford,Nott'm Forest,0,2,A,0,1,A,,,7,10,3,6,9,5,9,14,3,4,0,0,M Oliver
20241221_Ipswich_Newcastle,2024-25,2024,2024-12-21,Ipswich,Newcastle,0,4,A,0,3,A,,,10,15,2,7,2,1,9,7,2,0,0,0,S Attwell
20241221_WestHam_Brighton,2024-25,2024,2024-12-21,West Ham,Brighton,1,1,D,0,0,D,,,11,12,4,6,8,4,14,20,2,2,0,0,R Jones
20241221_CrystalPalace_Arsenal,2024-25,2024,2024-12-21,Crystal Palace,Arsenal,1,5,A,1,3,A,,,15,14,6,6,3,3,9,8,2,2,0,0,S Hooper
20241222_ManUnited_Bournemouth,2024-25,2024,2024-12-22,Man United,Bournemouth,0,3,A,0,1,A,,,23,10,7,5,13,1,11,11,1,3,0,0,C Pawson
20241222_Leicester_Wolves,2024-25,2024,2024-12-22,Leicester,Wolves,0,3,A,0,3,A,,,9,8,5,4,6,1,15,16,2,0,0,0,A Taylor
20241222_Tottenham_Liverpool,2024-25,2024,2024-12-22,Tottenham,Liverpool,3,6,A,1,3,A,,,9,24,5,12,7,5,7,9,1,2,0,0,S Barrott
20241222_Everton_Chelsea,2024-25,2024,2024-12-22,Everton,Chelsea,0,0,D,0,0,D,,,5,12,4,5,2,5,20,12,4,1,0,0,C Kavanagh
20241222_Fulham_Southampton,2024-25,2024,2024-12-22,Fulham,Southampton,0,0,D,0,0,D,,,16,5,5,1,6,5,8,15,1,3,0,0,T Robinson
20241226_ManCity_Everton,2024-25,2024,2024-12-26,Man City,Everton,1,1,D,1,1,D,,,24,8,5,3,8,5,5,10,1,4,0,0,S Hooper
20241226_Bournemouth_CrystalPalace,2024-25,2024,2024-12-26,Bournemouth,Crystal Palace,0,0,D,0,0,D,,,18,10,4,4,5,2,13,12,2,2,0,0,T Bramall
20241226_Chelsea_Fulham,2024-25,2024,2024-12-26,Chelsea,Fulham,1,2,A,1,0,H,,,12,14,8,7,3,1,13,13,1,3,0,0,S Barrott
20241226_Newcastle_AstonVilla,2024-25,2024,2024-12-26,Newcastle,Aston Villa,3,0,H,1,0,H,,,22,4,8,1,9,6,15,10,2,1,0,1,A Taylor
20241226_Nott'mForest_Tottenham,2024-25,2024,2024-12-26,Nott'm Forest,Tottenham,1,0,H,1,0,H,,,10,13,3,4,2,7,12,13,3,2,0,1,C Pawson
20241226_Southampton_WestHam,2024-25,2024,2024-12-26,Southampton,West Ham,0,1,A,0,0,D,,,18,16,5,2,2,2,15,8,1,2,0,0,L Smith
20241226_Wolves_ManUnited,2024-25,2024,2024-12-26,Wolves,Man United,2,0,H,0,0,D,,,7,11,4,4,4,4,12,12,2,2,0,1,T Harrington
20241226_Liverpool_Leicester,2024-25,2024,2024-12-26,Liverpool,Leicester,3,1,H,1,1,D,,,19,4,7,1,14,1,17,5,3,2,0,0,D Bond
20241227_Brighton_Brentford,2024-25,2024,2024-12-27,Brighton,Brentford,0,0,D,0,0,D,,,24,8,7,3,5,3,6,12,0,2,0,0,A Madley
20241227_Arsenal_Ipswich,2024-25,2024,2024-12-27,Arsenal,Ipswich,1,0,H,1,0,H,,,13,3,5,0,5,1,7,12,1,1,0,0,D England
20241229_WestHam_Liverpool,2024-25,2024,2024-12-29,West Ham,Liverpool,0,5,A,0,3,A,,,7,22,0,13,3,6,7,10,0,0,0,0,A Taylor
20241229_Tottenham_Wolves,2024-25,2024,2024-12-29,Tottenham,Wolves,2,2,D,2,1,H,,,13,11,3,3,5,5,9,10,1,2,0,0,C Kavanagh
20241229_Fulham_Bournemouth,2024-25,2024,2024-12-29,Fulham,Bournemouth,2,2,D,1,0,H,,,11,16,6,9,1,7,7,16,1,3,0,0,R Jones
20241229_CrystalPalace_Southampton,2024-25,2024,2024-12-29,Crystal Palace,Southampton,2,1,H,1,1,D,,,19,7,10,3,8,7,18,19,2,3,0,0,M Salisbury
20241229_Leicester_ManCity,2024-25,2024,2024-12-29,Leicester,Man City,0,2,A,0,1,A,,,11,14,4,5,4,4,11,6,2,1,0,0,M Oliver
20241229_Everton_Nott'mForest,2024-25,2024,2024-12-29,Everton,Nott'm Forest,0,2,A,0,1,A,,,13,11,2,7,5,4,13,10,4,1,0,0,T Harrington
20241230_AstonVilla_Brighton,2024-25,2024,2024-12-30,Aston Villa,Brighton,2,2,D,1,1,D,,,20,13,4,4,12,3,9,14,2,3,0,0,C Pawson
20241230_Ipswich_Chelsea,2024-25,2024,2024-12-30,Ipswich,Chelsea,2,0,H,1,0,H,,,9,20,6,5,4,7,9,5,4,4,0,0,J Brooks
20241230_ManUnited_Newcastle,2024-25,2024,2024-12-30,Man United,Newcastle,0,2,A,0,2,A,,,10,12,0,4,2,3,13,8,1,1,0,0,S Hooper
20250101_Brentford_Arsenal,2024-25,2024,2025-01-01,Brentford,Arsenal,1,3,A,1,1,D,,,5,14,2,5,4,3,6,8,1,2,0,0,P Bankes
20250104_Brighton_Arsenal,2024-25,2024,2025-01-04,Brighton,Arsenal,1,1,D,0,1,A,,,11,9,4,3,2,5,17,14,2,3,0,0,A Taylor
20250104_Southampton_Brentford,2024-25,2024,2025-01-04,Southampton,Brentford,0,5,A,0,1,A,,,8,20,1,11,2,2,10,4,2,0,0,0,S Attwell
20250104_CrystalPalace_Chelsea,2024-25,2024,2025-01-04,Crystal Palace,Chelsea,1,1,D,0,1,A,,,13,15,6,1,6,6,9,12,0,2,0,0,T Robinson
20250104_ManCity_WestHam,2024-25,2024,2025-01-04,Man City,West Ham,4,1,H,2,0,H,,,10,17,7,4,7,1,8,13,2,1,0,0,M Salisbury
20250104_AstonVilla_Leicester,2024-25,2024,2025-01-04,Aston Villa,Leicester,2,1,H,0,0,D,,,13,4,5,2,7,2,10,11,0,1,0,0,J Gillett
20250104_Tottenham_Newcastle,2024-25,2024,2025-01-04,Tottenham,Newcastle,1,2,A,1,2,A,,,13,14,4,4,9,10,11,15,1,4,0,0,A Madley
20250104_Bournemouth_Everton,2024-25,2024,2025-01-04,Bournemouth,Everton,1,0,H,0,0,D,,,19,9,8,0,9,3,15,14,2,2,0,0,J Brooks
20250105_Fulham_Ipswich,2024-25,2024,2025-01-05,Fulham,Ipswich,2,2,D,0,1,A,,,15,7,4,3,9,2,10,14,1,5,0,0,D Bond
20250105_Liverpool_ManUnited,2024-25,2024,2025-01-05,Liverpool,Man United,2,2,D,0,0,D,,,19,13,6,4,6,9,10,13,2,4,0,0,M Oliver
20250106_Wolves_Nott'mForest,2024-25,2024,2025-01-06,Wolves,Nott'm Forest,0,3,A,0,2,A,,,13,11,6,3,5,3,10,8,1,2,0,0,P Bankes
20250114_Brentford_ManCity,2024-25,2024,2025-01-14,Brentford,Man City,2,2,D,0,0,D,,,18,21,6,8,4,5,4,4,0,0,0,0,A Taylor
20250114_Chelsea_Bournemouth,2024-25,2024,2025-01-14,Chelsea,Bournemouth,2,2,D,1,0,H,,,26,7,10,3,9,3,15,16,2,3,0,0,R Jones
20250114_WestHam_Fulham,2024-25,2024,2025-01-14,West Ham,Fulham,3,2,H,2,0,H,,,4,21,3,5,0,3,9,18,3,3,0,0,C Pawson
20250114_Nott'mForest_Liverpool,2024-25,2024,2025-01-14,Nott'm Forest,Liverpool,1,1,D,1,0,H,,,6,23,3,7,0,9,7,10,2,1,0,0,C Kavanagh
20250115_Arsenal_Tottenham,2024-25,2024,2025-01-15,Arsenal,Tottenham,2,1,H,2,1,H,,,14,10,4,2,10,4,16,9,3,1,0,0,S Hooper
20250115_Newcastle_Wolves,2024-25,2024,2025-01-15,Newcastle,Wolves,3,0,H,1,0,H,,,17,13,5,7,4,2,10,13,0,2,0,0,D England
20250115_Everton_AstonVilla,2024-25,2024,2025-01-15,Everton,Aston Villa,0,1,A,0,0,D,,,10,11,3,3,8,5,17,10,2,1,0,0,S Barrott
20250115_Leicester_CrystalPalace,2024-25,2024,2025-01-15,Leicester,Crystal Palace,0,2,A,0,0,D,,,21,9,4,4,4,3,7,6,0,0,0,0,A Madley
20250116_Ipswich_Brighton,2024-25,2024,2025-01-16,Ipswich,Brighton,0,2,A,0,0,D,,,5,11,3,5,1,9,13,14,2,2,0,0,T Harrington
20250116_ManUnited_Southampton,2024-25,2024,2025-01-16,Man United,Southampton,3,1,H,0,1,A,,,23,13,9,5,5,4,7,10,1,3,0,0,J Brooks
20250118_Newcastle_Bournemouth,2024-25,2024,2025-01-18,Newcastle,Bournemouth,1,4,A,1,2,A,,,13,19,5,10,7,6,7,18,1,6,0,0,S Attwell
20250118_Brentford_Liverpool,2024-25,2024,2025-01-18,Brentford,Liverpool,0,2,A,0,0,D,,,11,37,6,8,2,15,6,14,2,3,0,0,A Madley
20250118_Leicester_Fulham,2024-25,2024,2025-01-18,Leicester,Fulham,0,2,A,0,0,D,,,8,17,4,2,5,2,8,8,3,1,0,0,M Salisbury
20250118_WestHam_CrystalPalace,2024-25,2024,2025-01-18,West Ham,Crystal Palace,0,2,A,0,0,D,,,7,12,0,7,2,4,13,10,1,0,1,0,T Bramall
20250118_Arsenal_AstonVilla,2024-25,2024,2025-01-18,Arsenal,Aston Villa,2,2,D,1,0,H,,,18,8,6,4,10,1,10,18,2,3,0,0,C Kavanagh
20250119_ManUnited_Brighton,2024-25,2024,2025-01-19,Man United,Brighton,1,3,A,1,1,D,,,10,6,1,3,4,2,13,12,3,3,0,0,P Bankes
20250119_Everton_Tottenham,2024-25,2024,2025-01-19,Everton,Tottenham,3,2,H,3,0,H,,,12,11,6,6,3,8,14,14,2,1,0,0,D England
20250119_Nott'mForest_Southampton,2024-25,2024,2025-01-19,Nott'm Forest,Southampton,3,2,H,3,0,H,,,14,10,5,4,2,8,4,18,0,4,0,0,A Taylor
20250119_Ipswich_ManCity,2024-25,2024,2025-01-19,Ipswich,Man City,0,6,A,0,3,A,,,8,17,4,9,4,7,4,7,0,1,0,0,S Barrott
20250120_Chelsea_Wolves,2024-25,2024,2025-01-20,Chelsea,Wolves,3,1,H,1,1,D,,,19,9,7,4,3,6,8,14,4,2,0,0,S Hooper
20250125_Bournemouth_Nott'mForest,2024-25,2024,2025-01-25,Bournemouth,Nott'm Forest,5,0,H,1,0,H,,,16,18,10,4,3,9,9,12,2,3,0,0,C Pawson
20250125_Brighton_Everton,2024-25,2024,2025-01-25,Brighton,Everton,0,1,A,0,1,A,,,16,3,1,1,9,1,8,11,3,4,0,0,T Robinson
20250125_Liverpool_Ipswich,2024-25,2024,2025-01-25,Liverpool,Ipswich,4,1,H,3,0,H,,,16,3,6,3,3,4,10,11,0,2,0,0,M Salisbury
20250125_Southampton_Newcastle,2024-25,2024,2025-01-25,Southampton,Newcastle,1,3,A,1,2,A,,,12,17,5,9,3,8,10,5,1,0,0,0,S Barrott
20250125_Wolves_Arsenal,2024-25,2024,2025-01-25,Wolves,Arsenal,0,1,A,0,0,D,,,9,9,4,3,1,5,20,10,0,1,1,1,M Oliver
20250125_ManCity_Chelsea,2024-25,2024,2025-01-25,Man City,Chelsea,3,1,H,1,1,D,,,15,10,6,4,2,4,6,8,3,2,0,0,J Brooks
20250126_AstonVilla_WestHam,2024-25,2024,2025-01-26,Aston Villa,West Ham,1,1,D,1,0,H,,,14,14,4,4,4,3,13,16,2,3,0,0,P Bankes
20250126_Fulham_ManUnited,2024-25,2024,2025-01-26,Fulham,Man United,0,1,A,0,0,D,,,9,4,3,1,3,0,7,9,0,1,0,0,A Taylor
20250126_CrystalPalace_Brentford,2024-25,2024,2025-01-26,Crystal Palace,Brentford,1,2,A,0,0,D,,,16,13,5,6,4,7,8,11,2,2,0,0,T Harrington
20250126_Tottenham_Leicester,2024-25,2024,2025-01-26,Tottenham,Leicester,1,2,A,1,0,H,,,15,12,6,3,6,4,6,16,1,5,0,0,R Jones
20250201_Wolves_AstonVilla,2024-25,2024,2025-02-01,Wolves,Aston Villa,2,0,H,1,0,H,,,8,10,5,3,5,8,20,13,2,3,0,0,A Madley
20250201_Newcastle_Fulham,2024-25,2024,2025-02-01,Newcastle,Fulham,1,2,A,1,0,H,,,11,15,4,4,4,7,10,15,4,4,0,0,C Kavanagh
20250201_Ipswich_Southampton,2024-25,2024,2025-02-01,Ipswich,Southampton,1,2,A,1,1,D,,,15,9,6,4,1,2,11,14,0,3,0,0,M Oliver
20250201_Bournemouth_Liverpool,2024-25,2024,2025-02-01,Bournemouth,Liverpool,0,2,A,0,1,A,,,14,19,3,7,3,3,15,9,2,3,0,0,D England
20250201_Nott'mForest_Brighton,2024-25,2024,2025-02-01,Nott'm Forest,Brighton,7,0,H,3,0,H,,,14,10,9,5,4,6,8,13,1,3,0,0,S Hooper
20250201_Everton_Leicester,2024-25,2024,2025-02-01,Everton,Leicester,4,0,H,3,0,H,,,13,9,7,1,5,6,7,13,0,0,0,0,D Bond
20250202_Brentford_Tottenham,2024-25,2024,2025-02-02,Brentford,Tottenham,0,2,A,0,1,A,,,20,13,4,2,10,3,4,11,0,1,0,0,J Gillett
20250202_ManUnited_CrystalPalace,2024-25,2024,2025-02-02,Man United,Crystal Palace,0,2,A,0,0,D,,,17,11,2,3,11,0,12,13,3,1,0,0,J Brooks
20250202_Arsenal_ManCity,2024-25,2024,2025-02-02,Arsenal,Man City,5,1,H,1,0,H,,,12,7,7,4,5,2,6,7,2,0,0,0,P Bankes
20250203_Chelsea_WestHam,2024-25,2024,2025-02-03,Chelsea,West Ham,2,1,H,0,1,A,,,22,14,3,5,4,3,11,10,3,1,0,0,S Attwell
20250212_Everton_Liverpool,2024-25,2024,2025-02-12,Everton,Liverpool,2,2,D,1,1,D,,,10,6,3,4,2,3,9,20,2,2,1,1,M Oliver
20250214_Brighton_Chelsea,2024-25,2024,2025-02-14,Brighton,Chelsea,3,0,H,2,0,H,,,13,8,5,0,2,9,12,15,1,2,0,0,K Kavanagh
20250215_CrystalPalace_Everton,2024-25,2024,2025-02-15,Crystal Palace,Everton,1,2,A,0,1,A,,,17,11,6,6,6,2,9,12,0,1,0,0,A Taylor
20250215_WestHam_Brentford,2024-25,2024,2025-02-15,West Ham,Brentford,0,1,A,0,1,A,,,13,14,3,5,9,2,10,13,1,1,0,0,D England
20250215_Southampton_Bournemouth,2024-25,2024,2025-02-15,Southampton,Bournemouth,1,3,A,0,2,A,,,11,14,4,7,4,6,13,15,1,3,0,0,J Gillett
20250215_Leicester_Arsenal,2024-25,2024,2025-02-15,Leicester,Arsenal,0,2,A,0,0,D,,,6,11,2,5,3,7,9,10,2,1,0,0,S Barrott
20250215_Fulham_Nott'mForest,2024-25,2024,2025-02-15,Fulham,Nott'm Forest,2,1,H,1,1,D,,,24,8,10,2,8,4,13,8,0,0,0,0,T Bramall
20250215_AstonVilla_Ipswich,2024-25,2024,2025-02-15,Aston Villa,Ipswich,1,1,D,0,0,D,,,25,4,6,3,16,1,7,11,0,3,0,1,R Jones
20250215_ManCity_Newcastle,2024-25,2024,2025-02-15,Man City,Newcastle,4,0,H,3,0,H,,,11,3,7,1,7,4,5,13,0,1,0,0,A Madley
20250216_Tottenham_ManUnited,2024-25,2024,2025-02-16,Tottenham,Man United,1,0,H,1,0,H,,,22,16,7,6,10,5,13,9,1,2,0,0,P Bankes
20250216_Liverpool_Wolves,2024-25,2024,2025-02-16,Liverpool,Wolves,2,1,H,2,0,H,,,10,16,3,4,4,3,15,13,2,2,0,0,S Hooper
20250219_AstonVilla_Liverpool,2024-25,2024,2025-02-19,Aston Villa,Liverpool,2,2,D,2,1,H,,,9,17,4,3,6,8,8,6,1,0,0,0,C Pawson
20250221_Leicester_Brentford,2024-25,2024,2025-02-21,Leicester,Brentford,0,4,A,0,3,A,,,8,14,3,6,5,6,10,10,4,0,0,0,T Harrington
20250222_Southampton_Brighton,2024-25,2024,2025-02-22,Southampton,Brighton,0,4,A,0,1,A,,,6,18,1,12,5,6,11,12,2,0,0,0,D Bond
20250222_AstonVilla_Chelsea,2024-25,2024,2025-02-22,Aston Villa,Chelsea,2,1,H,0,1,A,,,12,15,6,7,2,3,15,16,1,3,0,0,M Oliver
20250222_Ipswich_Tottenham,2024-25,2024,2025-02-22,Ipswich,Tottenham,1,4,A,1,2,A,,,17,10,5,6,4,4,15,14,2,1,0,0,T Robinson
20250222_Arsenal_WestHam,2024-25,2024,2025-02-22,Arsenal,West Ham,0,1,A,0,1,A,,,20,5,2,2,2,0,16,15,1,3,1,0,C Pawson
20250222_Bournemouth_Wolves,2024-25,2024,2025-02-22,Bournemouth,Wolves,0,1,A,0,1,A,,,8,13,3,5,6,7,17,9,3,3,1,0,M Salisbury
20250222_Everton_ManUnited,2024-25,2024,2025-02-22,Everton,Man United,2,2,D,2,0,H,,,9,9,8,3,7,9,12,9,4,1,0,0,A Madley
20250222_Fulham_CrystalPalace,2024-25,2024,2025-02-22,Fulham,Crystal Palace,0,2,A,0,1,A,,,10,10,0,5,7,7,10,7,1,3,0,0,R Jones
20250223_Newcastle_Nott'mForest,2024-25,2024,2025-02-23,Newcastle,Nott'm Forest,4,3,H,4,1,H,,,13,17,5,5,7,6,11,13,1,4,0,0,J Gillett
20250223_ManCity_Liverpool,2024-25,2024,2025-02-23,Man City,Liverpool,0,2,A,0,2,A,,,16,8,5,4,7,5,3,10,0,0,0,0,A Taylor
20250225_Wolves_Fulham,2024-25,2024,2025-02-25,Wolves,Fulham,1,2,A,1,1,D,,,18,11,5,5,7,5,8,15,1,3,0,0,P Bankes
20250225_Chelsea_Southampton,2024-25,2024,2025-02-25,Chelsea,Southampton,4,0,H,3,0,H,,,19,7,10,2,4,2,6,9,1,2,0,0,T Bramall
20250225_Brighton_Bournemouth,2024-25,2024,2025-02-25,Brighton,Bournemouth,2,1,H,1,0,H,,,11,19,4,5,1,9,12,14,2,1,0,0,M Oliver
20250225_CrystalPalace_AstonVilla,2024-25,2024,2025-02-25,Crystal Palace,Aston Villa,4,1,H,1,0,H,,,19,6,6,2,3,8,19,10,3,1,0,0,S Barrott
20250226_Brentford_Everton,2024-25,2024,2025-02-26,Brentford,Everton,1,1,D,1,0,H,,,12,14,3,4,2,5,3,6,2,1,0,0,S Hooper
20250226_ManUnited_Ipswich,2024-25,2024,2025-02-26,Man United,Ipswich,3,2,H,2,2,D,,,10,12,6,3,5,6,9,16,4,4,1,0,D England
20250226_Nott'mForest_Arsenal,2024-25,2024,2025-02-26,Nott'm Forest,Arsenal,0,0,D,0,0,D,,,6,13,2,1,3,11,10,17,1,1,0,0,A Madley
20250226_Tottenham_ManCity,2024-25,2024,2025-02-26,Tottenham,Man City,0,1,A,0,1,A,,,11,12,6,5,8,3,12,15,3,0,0,0,J Gillett
20250226_Liverpool_Newcastle,2024-25,2024,2025-02-26,Liverpool,Newcastle,2,0,H,1,0,H,,,12,3,3,0,4,2,12,11,0,1,0,0,C Kavanagh
20250227_WestHam_Leicester,2024-25,2024,2025-02-27,West Ham,Leicester,2,0,H,2,0,H,,,8,10,2,2,3,3,12,6,0,0,0,0,S Attwell
20250308_Brentford_AstonVilla,2024-25,2024,2025-03-08,Brentford,Aston Villa,0,1,A,0,0,D,,,13,12,3,4,6,5,10,5,2,2,0,0,J Gillett
20250308_Liverpool_Southampton,2024-25,2024,2025-03-08,Liverpool,Southampton,3,1,H,0,1,A,,,28,6,7,4,6,4,10,9,2,1,0,0,L Smith
20250308_Wolves_Everton,2024-25,2024,2025-03-08,Wolves,Everton,1,1,D,1,1,D,,,11,12,3,4,5,5,11,16,2,2,0,0,S Attwell
20250308_Brighton_Fulham,2024-25,2024,2025-03-08,Brighton,Fulham,2,1,H,1,1,D,,,9,6,4,1,3,7,6,12,0,2,0,0,S Barrott
20250308_Nott'mForest_ManCity,2024-25,2024,2025-03-08,Nott'm Forest,Man City,1,0,H,0,0,D,,,9,14,4,3,3,2,9,7,3,2,0,0,C Kavanagh
20250308_CrystalPalace_Ipswich,2024-25,2024,2025-03-08,Crystal Palace,Ipswich,1,0,H,0,0,D,,,19,15,4,8,5,4,8,7,4,3,0,0,S Hooper
20250309_Chelsea_Leicester,2024-25,2024,2025-03-09,Chelsea,Leicester,1,0,H,0,0,D,,,20,3,7,3,12,2,12,13,1,0,0,0,T Robinson
20250309_Tottenham_Bournemouth,2024-25,2024,2025-03-09,Tottenham,Bournemouth,2,2,D,0,1,A,,,12,17,4,8,3,6,15,16,3,3,0,0,J Brooks
20250309_ManUnited_Arsenal,2024-25,2024,2025-03-09,Man United,Arsenal,1,1,D,1,0,H,,,10,17,6,6,2,9,8,11,0,1,0,0,A Taylor
20250310_WestHam_Newcastle,2024-25,2024,2025-03-10,West Ham,Newcastle,0,1,A,0,0,D,,,9,9,2,3,3,4,7,15,0,1,0,0,M Salisbury
20250315_Southampton_Wolves,2024-25,2024,2025-03-15,Southampton,Wolves,1,2,A,0,1,A,,,10,5,3,3,5,1,12,13,0,0,0,0,R Jones
20250315_ManCity_Brighton,2024-25,2024,2025-03-15,Man City,Brighton,2,2,D,2,1,H,,,11,15,3,3,4,5,10,10,2,5,0,0,S Hooper
20250315_Bournemouth_Brentford,2024-25,2024,2025-03-15,Bournemouth,Brentford,1,2,A,1,1,D,,,17,10,5,4,4,3,13,7,3,0,0,0,C Pawson
20250315_Everton_WestHam,2024-25,2024,2025-03-15,Everton,West Ham,1,1,D,0,0,D,,,13,10,5,5,6,5,12,8,1,2,0,0,D Bond
20250315_Ipswich_Nott'mForest,2024-25,2024,2025-03-15,Ipswich,Nott'm Forest,2,4,A,0,3,A,,,11,11,4,6,6,3,4,13,1,1,0,0,M Salisbury
20250316_Arsenal_Chelsea,2024-25,2024,2025-03-16,Arsenal,Chelsea,1,0,H,1,0,H,,,12,8,4,2,5,4,10,13,3,3,0,0,C Kavanagh
20250316_Fulham_Tottenham,2024-25,2024,2025-03-16,Fulham,Tottenham,2,0,H,0,0,D,,,13,12,4,4,6,5,13,10,0,0,0,0,A Madley
20250316_Leicester_ManUnited,2024-25,2024,2025-03-16,Leicester,Man United,0,3,A,0,1,A,,,11,18,3,5,6,4,6,6,2,0,0,0,T Bramall
20250401_Arsenal_Fulham,2024-25,2024,2025-04-01,Arsenal,Fulham,2,1,H,1,0,H,,,17,9,4,3,5,4,2,10,1,2,0,0,J Brooks
20250401_Wolves_WestHam,2024-25,2024,2025-04-01,Wolves,West Ham,1,0,H,1,0,H,,,9,10,2,1,1,2,16,12,4,2,0,0,T Harrington
20250401_Nott'mForest_ManUnited,2024-25,2024,2025-04-01,Nott'm Forest,Man United,1,0,H,1,0,H,,,8,23,2,6,3,10,5,12,1,3,0,0,J Gillett
20250402_Southampton_CrystalPalace,2024-25,2024,2025-04-02,Southampton,Crystal Palace,1,1,D,1,0,H,,,8,9,2,3,2,2,14,9,2,1,0,0,A Madley
20250402_Bournemouth_Ipswich,2024-25,2024,2025-04-02,Bournemouth,Ipswich,1,2,A,0,1,A,,,24,10,7,2,8,3,14,15,1,2,0,0,R Jones
20250402_Brighton_AstonVilla,2024-25,2024,2025-04-02,Brighton,Aston Villa,0,3,A,0,0,D,,,11,8,4,5,4,0,16,11,1,3,0,0,S Attwell
20250402_ManCity_Leicester,2024-25,2024,2025-04-02,Man City,Leicester,2,0,H,2,0,H,,,18,2,5,0,5,0,11,8,1,4,0,0,D England
20250402_Newcastle_Brentford,2024-25,2024,2025-04-02,Newcastle,Brentford,2,1,H,1,0,H,,,21,12,4,3,4,5,12,12,1,1,0,0,P Bankes
20250402_Liverpool_Everton,2024-25,2024,2025-04-02,Liverpool,Everton,1,0,H,0,0,D,,,17,5,3,0,11,5,7,11,2,2,0,0,S Barrott
20250403_Chelsea_Tottenham,2024-25,2024,2025-04-03,Chelsea,Tottenham,1,0,H,0,0,D,,,11,8,5,2,4,6,7,16,5,5,0,0,C Pawson
20250405_AstonVilla_Nott'mForest,2024-25,2024,2025-04-05,Aston Villa,Nott'm Forest,2,1,H,2,0,H,,,17,19,8,3,4,4,7,15,2,2,0,0,S Hooper
20250405_WestHam_Bournemouth,2024-25,2024,2025-04-05,West Ham,Bournemouth,2,2,D,0,1,A,,,9,11,3,4,4,7,13,13,2,2,0,0,T Robinson
20250405_Everton_Arsenal,2024-25,2024,2025-04-05,Everton,Arsenal,1,1,D,0,1,A,,,5,14,2,5,3,8,17,13,3,1,0,0,D England
20250405_CrystalPalace_Brighton,2024-25,2024,2025-04-05,Crystal Palace,Brighton,2,1,H,1,1,D,,,8,11,3,5,2,4,12,13,0,1,2,1,A Taylor
20250405_Ipswich_Wolves,2024-25,2024,2025-04-05,Ipswich,Wolves,1,2,A,1,0,H,,,6,22,2,7,4,8,12,16,2,2,0,0,P Bankes
20250406_Brentford_Chelsea,2024-25,2024,2025-04-06,Brentford,Chelsea,0,0,D,0,0,D,,,9,21,2,5,3,6,12,12,1,3,0,0,M Oliver
20250406_Fulham_Liverpool,2024-25,2024,2025-04-06,Fulham,Liverpool,3,2,H,3,1,H,,,12,14,6,6,4,4,10,9,3,0,0,0,C Kavanagh
20250406_Tottenham_Southampton,2024-25,2024,2025-04-06,Tottenham,Southampton,3,1,H,2,0,H,,,13,12,8,4,4,1,16,20,1,1,0,0,M Salisbury
20250406_ManUnited_ManCity,2024-25,2024,2025-04-06,Man United,Man City,0,0,D,0,0,D,,,13,9,2,5,5,3,13,9,3,2,0,0,J Brooks
20250407_Leicester_Newcastle,2024-25,2024,2025-04-07,Leicester,Newcastle,0,3,A,0,3,A,,,7,16,2,5,12,2,8,9,2,0,0,0,R Jones
20250412_Arsenal_Brentford,2024-25,2024,2025-04-12,Arsenal,Brentford,1,1,D,0,0,D,,,14,3,3,2,13,5,7,9,1,3,0,0,S Hooper
20250412_Nott'mForest_Everton,2024-25,2024,2025-04-12,Nott'm Forest,Everton,0,1,A,0,0,D,,,10,13,5,5,1,7,9,13,0,3,0,0,C Pawson
20250412_Southampton_AstonVilla,2024-25,2024,2025-04-12,Southampton,Aston Villa,0,3,A,0,0,D,,,7,25,2,10,2,14,11,4,3,1,0,0,T Bramall
20250412_ManCity_CrystalPalace,2024-25,2024,2025-04-12,Man City,Crystal Palace,5,2,H,2,2,D,,,21,8,9,3,1,4,10,16,2,3,0,0,J Gillett
20250412_Brighton_Leicester,2024-25,2024,2025-04-12,Brighton,Leicester,2,2,D,1,1,D,,,21,15,7,6,3,6,9,11,2,5,0,0,D Bond
20250413_Chelsea_Ipswich,2024-25,2024,2025-04-13,Chelsea,Ipswich,2,2,D,0,2,A,,,34,13,9,4,15,4,11,7,2,2,0,0,S Attwell
20250413_Liverpool_WestHam,2024-25,2024,2025-04-13,Liverpool,West Ham,2,1,H,1,0,H,,,15,11,6,4,10,3,15,8,0,2,0,0,A Madley
20250413_Wolves_Tottenham,2024-25,2024,2025-04-13,Wolves,Tottenham,4,2,H,2,0,H,,,13,11,5,4,1,4,12,15,1,2,0,0,A Taylor
20250413_Newcastle_ManUnited,2024-25,2024,2025-04-13,Newcastle,Man United,4,1,H,1,1,D,,,13,9,6,5,7,2,7,9,0,2,0,0,C Kavanagh
20250414_Bournemouth_Fulham,2024-25,2024,2025-04-14,Bournemouth,Fulham,1,0,H,1,0,H,,,12,12,3,7,6,9,11,10,3,2,0,0,O Oliver
20250416_Newcastle_CrystalPalace,2024-25,2024,2025-04-16,Newcastle,Crystal Palace,5,0,H,4,0,H,,,14,11,7,4,5,4,9,15,2,3,0,0,D England
20250419_WestHam_Southampton,2024-25,2024,2025-04-19,West Ham,Southampton,1,1,D,0,0,D,,,12,15,4,4,2,5,14,13,2,1,0,0,A Kitchen
20250419_Everton_ManCity,2024-25,2024,2025-04-19,Everton,Man City,0,2,A,0,0,D,,,8,12,3,7,2,5,7,6,4,0,0,0,S Hooper
20250419_AstonVilla_Newcastle,2024-25,2024,2025-04-19,Aston Villa,Newcastle,4,1,H,1,1,D,,,23,10,9,3,7,7,9,12,1,3,0,0,J Gillett
20250419_Brentford_Brighton,2024-25,2024,2025-04-19,Brentford,Brighton,4,2,H,1,1,D,,,16,12,8,3,4,8,7,11,3,3,0,1,T Robinson
20250419_CrystalPalace_Bournemouth,2024-25,2024,2025-04-19,Crystal Palace,Bournemouth,0,0,D,0,0,D,,,5,15,0,4,5,4,13,10,3,4,1,0,S Barrott
20250420_Leicester_Liverpool,2024-25,2024,2025-04-20,Leicester,Liverpool,0,1,A,0,0,D,,,5,28,0,10,1,13,11,7,1,2,0,0,S Attwell
20250420_ManUnited_Wolves,2024-25,2024,2025-04-20,Man United,Wolves,0,1,A,0,0,D,,,12,4,2,2,9,2,11,18,2,3,0,0,R Jones
20250420_Fulham_Chelsea,2024-25,2024,2025-04-20,Fulham,Chelsea,1,2,A,1,0,H,,,6,13,1,8,6,4,13,9,1,3,0,0,A Taylor
20250420_Ipswich_Arsenal,2024-25,2024,2025-04-20,Ipswich,Arsenal,0,4,A,0,2,A,,,4,24,0,7,0,12,10,7,0,0,1,0,C Kavanagh
20250421_Tottenham_Nott'mForest,2024-25,2024,2025-04-21,Tottenham,Nott'm Forest,1,2,A,0,2,A,,,22,4,6,3,7,1,11,12,1,4,0,0,P Bankes
20250422_ManCity_AstonVilla,2024-25,2024,2025-04-22,Man City,Aston Villa,2,1,H,1,1,D,,,14,7,6,3,10,2,9,10,3,3,0,0,C Pawson
20250423_Arsenal_CrystalPalace,2024-25,2024,2025-04-23,Arsenal,Crystal Palace,2,2,D,2,1,H,,,12,15,6,4,3,6,4,6,1,1,0,0,M Salisbury
20250426_Newcastle_Ipswich,2024-25,2024,2025-04-26,Newcastle,Ipswich,3,0,H,1,0,H,,,25,4,5,0,11,2,9,9,1,2,0,1,M Salisbury
20250426_Chelsea_Everton,2024-25,2024,2025-04-26,Chelsea,Everton,1,0,H,1,0,H,,,10,6,7,3,10,2,11,11,0,0,0,0,C Kavanagh
20250426_Brighton_WestHam,2024-25,2024,2025-04-26,Brighton,West Ham,3,2,H,1,0,H,,,16,12,9,4,8,1,7,9,1,1,0,0,D England
20250426_Southampton_Fulham,2024-25,2024,2025-04-26,Southampton,Fulham,1,2,A,1,0,H,,,7,26,3,5,0,13,10,12,1,1,0,0,T Harrington
20250426_Wolves_Leicester,2024-25,2024,2025-04-26,Wolves,Leicester,3,0,H,1,0,H,,,20,8,6,2,4,2,7,17,1,4,0,0,S Barrott
20250427_Liverpool_Tottenham,2024-25,2024,2025-04-27,Liverpool,Tottenham,5,1,H,3,1,H,,,25,8,8,3,8,2,16,9,2,1,0,0,T Bramall
20250427_Bournemouth_ManUnited,2024-25,2024,2025-04-27,Bournemouth,Man United,1,1,D,1,0,H,,,8,25,1,6,5,10,11,12,4,2,1,0,P Bankes
20250501_Nott'mForest_Brentford,2024-25,2024,2025-05-01,Nott'm Forest,Brentford,0,2,A,0,1,A,,,14,11,5,3,4,5,10,12,3,5,0,0,D England
20250502_ManCity_Wolves,2024-25,2024,2025-05-02,Man City,Wolves,1,0,H,1,0,H,,,9,6,2,1,4,5,7,11,0,0,0,0,P Bankes
20250503_AstonVilla_Fulham,2024-25,2024,2025-05-03,Aston Villa,Fulham,1,0,H,1,0,H,,,10,11,3,3,5,3,6,17,0,5,0,0,R Jones
20250503_Everton_Ipswich,2024-25,2024,2025-05-03,Everton,Ipswich,2,2,D,2,1,H,,,8,12,3,5,3,3,12,15,4,4,0,0,L Smith
20250503_Leicester_Southampton,2024-25,2024,2025-05-03,Leicester,Southampton,2,0,H,2,0,H,,,14,8,4,2,7,7,12,13,1,3,0,0,D Webb
20250503_Arsenal_Bournemouth,2024-25,2024,2025-05-03,Arsenal,Bournemouth,1,2,A,1,0,H,,,13,9,4,2,2,3,7,16,0,2,0,0,J Gillett
20250504_WestHam_Tottenham,2024-25,2024,2025-05-04,West Ham,Tottenham,1,1,D,1,1,D,,,11,7,2,2,1,3,18,15,2,2,0,0,M Oliver
20250504_Chelsea_Liverpool,2024-25,2024,2025-05-04,Chelsea,Liverpool,3,1,H,1,0,H,,,17,11,7,2,3,6,10,11,2,2,0,0,S Hooper
20250504_Brighton_Newcastle,2024-25,2024,2025-05-04,Brighton,Newcastle,1,1,D,1,0,H,,,5,13,2,5,1,4,15,10,2,1,0,0,C Pawson
20250504_Brentford_ManUnited,2024-25,2024,2025-05-04,Brentford,Man United,4,3,H,2,1,H,,,12,14,6,5,7,4,8,10,0,2,0,0,A Taylor
20250505_CrystalPalace_Nott'mForest,2024-25,2024,2025-05-05,Crystal Palace,Nott'm Forest,1,1,D,0,0,D,,,20,12,3,4,7,4,9,15,3,8,0,0,A Madley
20250510_Fulham_Everton,2024-25,2024,2025-05-10,Fulham,Everton,1,3,A,1,1,D,,,18,11,6,7,5,5,15,9,1,0,0,0,M Salisbury
20250510_Ipswich_Brentford,2024-25,2024,2025-05-10,Ipswich,Brentford,0,1,A,0,1,A,,,11,15,4,5,5,6,6,12,2,4,0,0,S Barrott
20250510_Southampton_ManCity,2024-25,2024,2025-05-10,Southampton,Man City,0,0,D,0,0,D,,,2,26,0,5,1,15,9,8,2,0,0,0,T Robinson
20250510_Wolves_Brighton,2024-25,2024,2025-05-10,Wolves,Brighton,0,2,A,0,1,A,,,10,7,3,2,7,4,8,12,1,1,0,0,M Oliver
20250510_Bournemouth_AstonVilla,2024-25,2024,2025-05-10,Bournemouth,Aston Villa,0,1,A,0,1,A,,,10,6,4,3,10,0,19,12,4,3,0,1,S Attwell
20250511_Liverpool_Arsenal,2024-25,2024,2025-05-11,Liverpool,Arsenal,2,2,D,2,0,H,,,14,15,5,7,3,1,13,10,1,1,0,1,A Taylor
20250511_Nott'mForest_Leicester,2024-25,2024,2025-05-11,Nott'm Forest,Leicester,2,2,D,1,1,D,,,15,10,4,6,4,4,11,11,3,3,0,0,T Harrington
20250511_Tottenham_CrystalPalace,2024-25,2024,2025-05-11,Tottenham,Crystal Palace,0,2,A,0,1,A,,,8,23,1,10,4,8,12,10,1,1,0,0,C Kavanagh
20250511_Newcastle_Chelsea,2024-25,2024,2025-05-11,Newcastle,Chelsea,2,0,H,1,0,H,,,15,10,6,3,2,8,9,13,4,2,0,1,J Brooks
20250511_ManUnited_WestHam,2024-25,2024,2025-05-11,Man United,West Ham,0,2,A,0,1,A,,,20,9,5,4,8,5,3,13,0,1,0,0,J Gillett
20250516_AstonVilla_Tottenham,2024-25,2024,2025-05-16,Aston Villa,Tottenham,2,0,H,0,0,D,,,18,3,7,1,9,1,5,12,1,2,0,0,P Bankes
20250516_Chelsea_ManUnited,2024-25,2024,2025-05-16,Chelsea,Man United,1,0,H,0,0,D,,,11,4,3,1,7,2,10,14,1,6,0,0,C Kavanagh
20250518_Everton_Southampton,2024-25,2024,2025-05-18,Everton,Southampton,2,0,H,2,0,H,,,13,6,5,2,4,5,6,10,1,1,0,0,M Oliver
20250518_WestHam_Nott'mForest,2024-25,2024,2025-05-18,West Ham,Nott'm Forest,1,2,A,0,1,A,,,16,10,5,5,8,7,14,7,6,3,0,0,S Barrott
20250518_Brentford_Fulham,2024-25,2024,2025-05-18,Brentford,Fulham,2,3,A,2,1,H,,,11,16,6,7,5,3,12,8,4,4,0,0,J Gillett
20250518_Leicester_Ipswich,2024-25,2024,2025-05-18,Leicester,Ipswich,2,0,H,1,0,H,,,9,20,3,2,2,2,15,12,1,0,0,0,A Kitchen
20250518_Arsenal_Newcastle,2024-25,2024,2025-05-18,Arsenal,Newcastle,1,0,H,0,0,D,,,12,14,4,5,10,7,9,9,3,3,0,0,S Hooper
20250519_Brighton_Liverpool,2024-25,2024,2025-05-19,Brighton,Liverpool,3,2,H,1,2,A,,,25,18,12,5,3,3,9,8,1,0,0,0,J Brooks
20250520_ManCity_Bournemouth,2024-25,2024,2025-05-20,Man City,Bournemouth,3,1,H,2,0,H,,,12,8,5,2,3,1,7,13,1,3,1,1,T Bramall
20250520_CrystalPalace_Wolves,2024-25,2024,2025-05-20,Crystal Palace,Wolves,4,2,H,2,1,H,,,14,12,10,3,0,10,14,8,1,2,0,0,D Webb
20250525_Bournemouth_Leicester,2024-25,2024,2025-05-25,Bournemouth,Leicester,2,0,H,0,0,D,,,20,3,7,0,6,1,19,16,0,2,0,0,L Smith
20250525_Tottenham_Brighton,2024-25,2024,2025-05-25,Tottenham,Brighton,1,4,A,1,0,H,,,4,23,2,8,2,11,13,8,3,1,0,0,R Jones
20250525_Southampton_Arsenal,2024-25,2024,2025-05-25,Southampton,Arsenal,1,2,A,0,1,A,,,7,23,2,8,5,8,7,8,0,0,0,0,D Bond
20250525_Nott'mForest_Chelsea,2024-25,2024,2025-05-25,Nott'm Forest,Chelsea,0,1,A,0,0,D,,,10,6,2,2,7,4,10,11,2,2,0,0,A Taylor
20250525_Newcastle_Everton,2024-25,2024,2025-05-25,Newcastle,Everton,0,1,A,0,0,D,,,17,14,6,6,12,3,12,9,1,4,0,0,T Harrington
20250525_Wolves_Brentford,2024-25,2024,2025-05-25,Wolves,Brentford,1,1,D,0,1,A,,,18,13,6,7,8,3,7,9,2,1,0,0,C Pawson
20250525_Liverpool_CrystalPalace,2024-25,2024,2025-05-25,Liverpool,Crystal Palace,1,1,D,0,1,A,,,14,8,3,5,11,0,7,10,1,0,1,0,D England
20250525_Ipswich_WestHam,2024-25,2024,2025-05-25,Ipswich,West Ham,1,3,A,0,1,A,,,14,10,4,6,4,0,10,9,1,1,0,0,T Robinson
20250525_Fulham_ManCity,2024-25,2024,2025-05-25,Fulham,Man City,0,2,A,0,1,A,,,13,20,3,5,1,6,11,5,0,0,0,0,A Madley
20250525_ManUnited_AstonVilla,2024-25,2024,2025-05-25,Man United,Aston Villa,2,0,H,0,0,D,,,25,6,10,1,4,3,10,10,2,2,0,1,T Bramall
20250815_Liverpool_Bournemouth,2025-26,2025,2025-08-15,Liverpool,Bournemouth,4,2,H,1,0,H,,,19,10,10,3,6,7,7,10,1,2,0,0,A Taylor
20250816_AstonVilla_Newcastle,2025-26,2025,2025-08-16,Aston Villa,Newcastle,0,0,D,0,0,D,,,3,16,3,3,3,6,13,11,1,1,1,0,C Pawson
20250816_Brighton_Fulham,2025-26,2025,2025-08-16,Brighton,Fulham,1,1,D,0,0,D,,,10,7,4,2,4,3,16,15,3,3,0,0,S Barrott
20250816_Sunderland_WestHam,2025-26,2025,2025-08-16,Sunderland,West Ham,3,0,H,0,0,D,,,10,12,5,4,5,7,8,10,0,1,0,0,R Jones
20250816_Tottenham_Burnley,2025-26,2025,2025-08-16,Tottenham,Burnley,3,0,H,1,0,H,,,16,14,6,4,6,5,14,8,0,0,0,0,M Oliver
20250816_Wolves_ManCity,2025-26,2025,2025-08-16,Wolves,Man City,0,4,A,0,2,A,,,9,15,3,4,4,6,13,7,1,2,0,0,J Gillett
20250817_Nott'mForest_Brentford,2025-26,2025,2025-08-17,Nott'm Forest,Brentford,3,1,H,3,0,H,,,11,10,5,3,5,5,7,15,1,2,0,0,P Bankes
20250817_Chelsea_CrystalPalace,2025-26,2025,2025-08-17,Chelsea,Crystal Palace,0,0,D,0,0,D,,,19,12,3,4,11,2,10,12,2,3,0,0,D England
20250817_ManUnited_Arsenal,2025-26,2025,2025-08-17,Man United,Arsenal,0,1,A,0,1,A,,,22,9,7,3,3,4,10,19,1,4,0,0,S Hooper
20250818_Leeds_Everton,2025-26,2025,2025-08-18,Leeds,Everton,1,0,H,0,0,D,,,21,7,3,1,7,2,6,8,0,2,0,0,C Kavanagh
20250822_WestHam_Chelsea,2025-26,2025,2025-08-22,West Ham,Chelsea,1,5,A,1,3,A,,,12,12,4,7,7,5,7,10,0,1,0,0,M Oliver
20250823_Arsenal_Leeds,2025-26,2025,2025-08-23,Arsenal,Leeds,5,0,H,2,0,H,,,18,3,5,1,2,2,8,11,0,2,0,0,J Gillett
20250823_Burnley_Sunderland,2025-26,2025,2025-08-23,Burnley,Sunderland,2,0,H,0,0,D,,,7,9,2,1,4,3,9,5,0,1,0,0,M Salisbury
20250823_Bournemouth_Wolves,2025-26,2025,2025-08-23,Bournemouth,Wolves,1,0,H,1,0,H,,,14,6,4,1,8,3,13,16,2,4,0,1,T Bramall
20250823_Brentford_AstonVilla,2025-26,2025,2025-08-23,Brentford,Aston Villa,1,0,H,1,0,H,,,9,17,2,2,2,9,11,9,1,2,0,0,T Harrington
20250823_ManCity_Tottenham,2025-26,2025,2025-08-23,Man City,Tottenham,0,2,A,0,2,A,,,10,12,4,5,7,2,7,12,1,4,0,0,P Bankes
20250824_CrystalPalace_Nott'mForest,2025-26,2025,2025-08-24,Crystal Palace,Nott'm Forest,1,1,D,1,0,H,,,8,9,4,1,1,3,11,11,3,3,0,0,A Taylor
20250824_Everton_Brighton,2025-26,2025,2025-08-24,Everton,Brighton,2,0,H,1,0,H,,,11,13,3,4,2,2,7,15,4,3,0,0,S Attwell
20250824_Fulham_ManUnited,2025-26,2025,2025-08-24,Fulham,Man United,1,1,D,0,0,D,,,13,10,4,3,9,6,12,10,1,1,0,0,C Kavanagh
20250825_Newcastle_Liverpool,2025-26,2025,2025-08-25,Newcastle,Liverpool,2,3,A,0,1,A,,,10,5,3,4,7,1,17,15,2,3,1,0,S Hooper
20250830_Leeds_Newcastle,2025-26,2025,2025-08-30,Leeds,Newcastle,0,0,D,0,0,D,,,10,8,1,2,5,5,10,15,1,1,0,0,P Bankes
20250830_Wolves_Everton,2025-26,2025,2025-08-30,Wolves,Everton,2,3,A,1,2,A,,,12,10,4,4,2,2,15,10,0,1,0,0,M Oliver
20250830_Tottenham_Bournemouth,2025-26,2025,2025-08-30,Tottenham,Bournemouth,0,1,A,0,1,A,,,5,20,1,6,0,8,17,13,2,4,0,0,S Hooper
20250830_ManUnited_Burnley,2025-26,2025,2025-08-30,Man United,Burnley,3,2,H,1,0,H,,,26,6,6,3,7,1,9,9,1,5,0,0,S Barrott
20250830_Chelsea_Fulham,2025-26,2025,2025-08-30,Chelsea,Fulham,2,0,H,1,0,H,,,13,11,6,3,6,4,11,17,2,2,0,0,R Jones
20250830_Sunderland_Brentford,2025-26,2025,2025-08-30,Sunderland,Brentford,2,1,H,0,0,D,,,12,7,3,4,3,4,11,12,3,2,0,0,A Taylor
20250831_Brighton_ManCity,2025-26,2025,2025-08-31,Brighton,Man City,2,1,H,0,1,A,,,12,12,7,3,3,2,16,14,2,2,0,0,D England
20250831_Nott'mForest_WestHam,2025-26,2025,2025-08-31,Nott'm Forest,West Ham,0,3,A,0,0,D,,,11,12,3,8,9,7,14,6,0,0,0,0,C Pawson
20250831_Liverpool_Arsenal,2025-26,2025,2025-08-31,Liverpool,Arsenal,1,0,H,0,0,D,,,9,11,3,1,3,8,7,10,2,2,0,0,C Kavanagh
20250831_AstonVilla_CrystalPalace,2025-26,2025,2025-08-31,Aston Villa,Crystal Palace,0,3,A,0,1,A,,,13,6,4,4,10,1,7,14,2,3,0,0,S Attwell
20250913_Newcastle_Wolves,2025-26,2025,2025-09-13,Newcastle,Wolves,1,0,H,1,0,H,,,16,8,4,3,10,4,10,17,1,4,0,0,C Kavanagh
20250913_Brentford_Chelsea,2025-26,2025,2025-09-13,Brentford,Chelsea,2,2,D,1,0,H,,,7,16,4,6,5,6,13,9,3,2,0,0,S Attwell
20250913_Fulham_Leeds,2025-26,2025,2025-09-13,Fulham,Leeds,1,0,H,0,0,D,,,5,10,3,3,3,3,20,15,1,2,0,0,C Pawson
20250913_WestHam_Tottenham,2025-26,2025,2025-09-13,West Ham,Tottenham,0,3,A,0,0,D,,,7,14,4,5,2,13,8,7,0,1,1,0,J Gillett
20250913_CrystalPalace_Sunderland,2025-26,2025,2025-09-13,Crystal Palace,Sunderland,0,0,D,0,0,D,,,14,6,6,0,5,3,10,8,1,1,0,0,T Bramall
20250913_Bournemouth_Brighton,2025-26,2025,2025-09-13,Bournemouth,Brighton,2,1,H,1,0,H,,,13,6,5,2,4,4,16,10,4,4,0,0,P Bankes
20250913_Everton_AstonVilla,2025-26,2025,2025-09-13,Everton,Aston Villa,0,0,D,0,0,D,,,20,7,2,1,10,3,17,15,3,3,0,0,S Hooper
20250913_Arsenal_Nott'mForest,2025-26,2025,2025-09-13,Arsenal,Nott'm Forest,3,0,H,1,0,H,,,16,5,5,1,8,4,8,11,1,1,0,0,D England
20250914_Burnley_Liverpool,2025-26,2025,2025-09-14,Burnley,Liverpool,0,1,A,0,0,D,,,3,27,0,4,1,13,9,9,0,2,0,0,M Oliver
20250914_ManCity_ManUnited,2025-26,2025,2025-09-14,Man City,Man United,3,0,H,1,0,H,,,13,12,6,2,2,4,8,8,0,0,0,0,A Taylor
20250920_ManUnited_Chelsea,2025-26,2025,2025-09-20,Man United,Chelsea,2,1,H,2,0,H,,,11,5,4,1,5,5,13,14,0,5,1,1,P Bankes
20250920_Wolves_Leeds,2025-26,2025,2025-09-20,Wolves,Leeds,1,3,A,1,3,A,,,16,6,6,4,4,0,11,9,1,1,0,0,A Taylor
20250920_WestHam_CrystalPalace,2025-26,2025,2025-09-20,West Ham,Crystal Palace,1,2,A,0,1,A,,,8,18,3,3,8,8,15,5,3,3,0,0,T Harrington
20250920_Fulham_Brentford,2025-26,2025,2025-09-20,Fulham,Brentford,3,1,H,2,1,H,,,14,8,3,3,2,10,11,13,4,1,0,0,M Oliver
20250920_Brighton_Tottenham,2025-26,2025,2025-09-20,Brighton,Tottenham,2,2,D,2,1,H,,,12,11,4,3,2,10,10,13,1,2,0,0,C Kavanagh
20250920_Liverpool_Everton,2025-26,2025,2025-09-20,Liverpool,Everton,2,1,H,2,0,H,,,11,9,3,2,5,4,11,10,2,3,0,0,D England
20250920_Burnley_Nott'mForest,2025-26,2025,2025-09-20,Burnley,Nott'm Forest,1,1,D,1,1,D,,,12,17,5,8,4,5,12,11,1,1,0,0,T Bramall
20250921_Bournemouth_Newcastle,2025-26,2025,2025-09-21,Bournemouth,Newcastle,0,0,D,0,0,D,,,11,4,2,1,5,2,7,10,2,1,0,0,R Jones
20250921_Sunderland_AstonVilla,2025-26,2025,2025-09-21,Sunderland,Aston Villa,1,1,D,0,0,D,,,14,12,4,2,6,5,14,8,2,1,1,0,S Barrott
20250921_Arsenal_ManCity,2025-26,2025,2025-09-21,Arsenal,Man City,1,1,D,0,1,A,,,12,5,3,3,11,2,11,10,1,2,0,0,S Attwell
20250927_Brentford_ManUnited,2025-26,2025,2025-09-27,Brentford,Man United,3,1,H,2,1,H,,,10,14,8,6,4,2,14,10,2,2,0,0,C Pawson
20250927_Chelsea_Brighton,2025-26,2025,2025-09-27,Chelsea,Brighton,1,3,A,1,0,H,,,13,12,3,3,5,7,9,16,3,5,1,0,S Hooper
20250927_CrystalPalace_Liverpool,2025-26,2025,2025-09-27,Crystal Palace,Liverpool,2,1,H,1,0,H,,,16,20,7,4,2,6,10,8,1,3,0,0,C Kavanagh
20250927_Leeds_Bournemouth,2025-26,2025,2025-09-27,Leeds,Bournemouth,2,2,D,1,1,D,,,19,12,8,5,7,4,12,13,2,2,0,0,M Oliver
20250927_ManCity_Burnley,2025-26,2025,2025-09-27,Man City,Burnley,5,1,H,1,1,D,,,21,9,8,2,10,2,5,7,1,3,0,0,R Jones
20250927_Nott'mForest_Sunderland,2025-26,2025,2025-09-27,Nott'm Forest,Sunderland,0,1,A,0,1,A,,,22,11,6,3,7,4,11,6,4,2,0,0,T Harrington
20250927_Tottenham_Wolves,2025-26,2025,2025-09-27,Tottenham,Wolves,1,1,D,0,0,D,,,10,9,3,3,10,9,9,11,3,2,0,0,M Salisbury
20250928_Newcastle_Arsenal,2025-26,2025,2025-09-28,Newcastle,Arsenal,1,2,A,1,0,H,,,8,20,3,7,7,12,8,9,2,1,0,0,J Gillett
20250928_AstonVilla_Fulham,2025-26,2025,2025-09-28,Aston Villa,Fulham,3,1,H,1,1,D,,,9,11,4,4,2,8,10,13,1,4,0,0,A Madley
20250929_Everton_WestHam,2025-26,2025,2025-09-29,Everton,West Ham,1,1,D,1,0,H,,,12,14,6,3,3,5,7,16,3,4,0,0,S Barrott
20251003_Bournemouth_Fulham,2025-26,2025,2025-10-03,Bournemouth,Fulham,3,1,H,0,0,D,,,11,12,6,4,4,3,8,10,0,1,0,0,S Hooper
20251004_Leeds_Tottenham,2025-26,2025,2025-10-04,Leeds,Tottenham,1,2,A,1,1,D,,,16,9,4,3,4,1,10,12,2,3,0,0,T Bramall
20251004_Arsenal_WestHam,2025-26,2025,2025-10-04,Arsenal,West Ham,2,0,H,1,0,H,,,21,4,5,0,8,3,14,14,0,2,0,0,J Brooks
20251004_ManUnited_Sunderland,2025-26,2025,2025-10-04,Man United,Sunderland,2,0,H,2,0,H,,,15,8,6,3,2,3,10,12,1,4,0,0,S Attwell
20251004_Chelsea_Liverpool,2025-26,2025,2025-10-04,Chelsea,Liverpool,2,1,H,1,0,H,,,12,12,6,2,7,2,9,8,0,2,0,0,A Taylor
20251005_AstonVilla_Burnley,2025-26,2025,2025-10-05,Aston Villa,Burnley,2,1,H,1,0,H,,,15,5,7,2,6,4,9,15,3,1,0,0,A Kitchen
20251005_Everton_CrystalPalace,2025-26,2025,2025-10-05,Everton,Crystal Palace,2,1,H,0,1,A,,,14,15,7,8,2,4,13,16,2,3,0,0,M Salisbury
20251005_Newcastle_Nott'mForest,2025-26,2025,2025-10-05,Newcastle,Nott'm Forest,2,0,H,0,0,D,,,18,5,9,4,8,1,16,15,0,4,0,0,P Bankes
20251005_Wolves_Brighton,2025-26,2025,2025-10-05,Wolves,Brighton,1,1,D,1,0,H,,,6,17,3,6,2,8,13,9,2,4,0,0,J Gillett
20251005_Brentford_ManCity,2025-26,2025,2025-10-05,Brentford,Man City,0,1,A,0,1,A,,,6,10,1,4,3,2,10,6,3,2,0,0,D England
20251018_Fulham_Arsenal,2025-26,2025,2025-10-18,Fulham,Arsenal,0,1,A,0,0,D,,,9,16,0,5,6,10,11,4,0,0,0,0,A Taylor
20251018_Sunderland_Wolves,2025-26,2025,2025-10-18,Sunderland,Wolves,2,0,H,1,0,H,,,8,16,2,3,3,2,5,12,0,0,0,0,R Jones
20251018_ManCity_Everton,2025-26,2025,2025-10-18,Man City,Everton,2,0,H,0,0,D,,,19,5,7,1,11,3,8,14,0,2,0,0,T Harrington
20251018_Brighton_Newcastle,2025-26,2025,2025-10-18,Brighton,Newcastle,2,1,H,1,0,H,,,13,16,5,3,8,4,9,9,0,1,0,0,C Pawson
20251018_Burnley_Leeds,2025-26,2025,2025-10-18,Burnley,Leeds,2,0,H,1,0,H,,,4,19,3,4,1,5,10,7,2,1,0,0,T Robinson
20251018_Nott'mForest_Chelsea,2025-26,2025,2025-10-18,Nott'm Forest,Chelsea,0,3,A,0,0,D,,,12,17,2,6,5,2,13,16,2,2,0,1,C Kavanagh
20251018_CrystalPalace_Bournemouth,2025-26,2025,2025-10-18,Crystal Palace,Bournemouth,3,3,D,0,2,A,,,20,8,7,5,6,5,8,16,1,4,0,0,J Gillett
20251019_Tottenham_AstonVilla,2025-26,2025,2025-10-19,Tottenham,Aston Villa,1,2,A,1,1,D,,,9,8,3,2,6,6,11,7,2,0,0,0,S Hooper
20251019_Liverpool_ManUnited,2025-26,2025,2025-10-19,Liverpool,Man United,1,2,A,0,1,A,,,19,12,6,4,9,4,8,14,0,2,0,0,M Oliver
20251020_WestHam_Brentford,2025-26,2025,2025-10-20,West Ham,Brentford,0,2,A,0,1,A,,,7,22,1,7,6,10,10,10,1,1,0,0,A Madley
20251024_Leeds_WestHam,2025-26,2025,2025-10-24,Leeds,West Ham,2,1,H,2,0,H,,,13,9,5,3,3,4,12,11,3,3,0,0,S Attwell
20251025_Brentford_Liverpool,2025-26,2025,2025-10-25,Brentford,Liverpool,3,2,H,2,1,H,,,17,18,8,5,5,4,7,10,3,2,0,0,S Hooper
20251025_ManUnited_Brighton,2025-26,2025,2025-10-25,Man United,Brighton,4,2,H,2,0,H,,,13,17,9,5,1,6,4,13,2,2,0,0,A Taylor
20251025_Newcastle_Fulham,2025-26,2025,2025-10-25,Newcastle,Fulham,2,1,H,1,0,H,,,18,12,7,5,4,3,11,18,0,2,0,0,P Bankes
20251025_Chelsea_Sunderland,2025-26,2025,2025-10-25,Chelsea,Sunderland,1,2,A,1,1,D,,,16,10,7,4,9,1,15,13,1,1,0,0,A Madley
20251026_Arsenal_CrystalPalace,2025-26,2025,2025-10-26,Arsenal,Crystal Palace,1,0,H,1,0,H,,,10,7,3,1,4,3,6,11,0,0,0,0,T Bramall
20251026_AstonVilla_ManCity,2025-26,2025,2025-10-26,Aston Villa,Man City,1,0,H,1,0,H,,,9,18,3,4,5,6,8,16,1,4,0,0,M Oliver
20251026_Bournemouth_Nott'mForest,2025-26,2025,2025-10-26,Bournemouth,Nott'm Forest,2,0,H,2,0,H,,,13,8,5,4,6,4,17,7,3,1,0,0,S Barrott
20251026_Wolves_Burnley,2025-26,2025,2025-10-26,Wolves,Burnley,2,3,A,2,2,D,,,15,11,7,7,5,3,12,7,1,0,0,0,T Harrington
20251026_Everton_Tottenham,2025-26,2025,2025-10-26,Everton,Tottenham,0,3,A,0,2,A,,,12,7,2,4,9,8,9,8,2,0,0,0,C Pawson
20251101_Liverpool_AstonVilla,2025-26,2025,2025-11-01,Liverpool,Aston Villa,2,0,H,1,0,H,,,16,10,4,3,1,4,13,11,2,3,0,0,S Attwell
20251101_Tottenham_Chelsea,2025-26,2025,2025-11-01,Tottenham,Chelsea,0,1,A,0,1,A,,,3,15,1,9,6,5,14,12,4,2,0,0,J Gillett
20251101_Fulham_Wolves,2025-26,2025,2025-11-01,Fulham,Wolves,3,0,H,1,0,H,,,19,5,6,2,10,1,13,14,1,3,0,1,J Brooks
20251101_Nott'mForest_ManUnited,2025-26,2025,2025-11-01,Nott'm Forest,Man United,2,2,D,0,1,A,,,17,18,3,7,8,5,10,7,1,1,0,0,D England
20251101_Burnley_Arsenal,2025-26,2025,2025-11-01,Burnley,Arsenal,0,2,A,0,2,A,,,3,12,0,8,1,6,10,13,2,1,0,0,C Kavanagh
20251101_Brighton_Leeds,2025-26,2025,2025-11-01,Brighton,Leeds,3,0,H,1,0,H,,,14,5,7,2,4,7,10,7,0,1,0,0,M Oliver
20251101_CrystalPalace_Brentford,2025-26,2025,2025-11-01,Crystal Palace,Brentford,2,0,H,1,0,H,,,9,6,2,2,6,5,7,11,0,3,0,0,P Bankes
20251102_WestHam_Newcastle,2025-26,2025,2025-11-02,West Ham,Newcastle,3,1,H,2,1,H,,,15,12,9,4,7,6,5,10,1,2,0,0,R Jones
20251102_ManCity_Bournemouth,2025-26,2025,2025-11-02,Man City,Bournemouth,3,1,H,2,1,H,,,15,8,8,5,10,4,8,11,2,2,0,0,A Taylor
20251103_Sunderland_Everton,2025-26,2025,2025-11-03,Sunderland,Everton,1,1,D,0,1,A,,,17,8,3,2,4,1,10,12,3,2,0,0,T Bramall
20251108_Sunderland_Arsenal,2025-26,2025,2025-11-08,Sunderland,Arsenal,2,2,D,1,0,H,,,6,17,2,7,2,2,13,13,2,1,0,0,C Pawson
20251108_Tottenham_ManUnited,2025-26,2025,2025-11-08,Tottenham,Man United,2,2,D,0,1,A,,,10,5,4,2,5,3,10,8,5,1,0,0,S Barrott
20251108_Everton_Fulham,2025-26,2025,2025-11-08,Everton,Fulham,2,0,H,1,0,H,,,14,8,5,4,7,5,11,14,2,2,0,0,A Madley
20251108_WestHam_Burnley,2025-26,2025,2025-11-08,West Ham,Burnley,3,2,H,1,1,D,,,15,16,6,7,7,4,15,13,2,2,0,0,M Salisbury
20251108_Chelsea_Wolves,2025-26,2025,2025-11-08,Chelsea,Wolves,3,0,H,0,0,D,,,20,3,8,0,10,1,12,14,1,2,0,0,A Kitchen
20251109_ManCity_Liverpool,2025-26,2025,2025-11-09,Man City,Liverpool,3,0,H,2,0,H,,,14,7,6,1,7,7,14,15,2,4,0,0,C Kavanagh
20251109_Nott'mForest_Leeds,2025-26,2025,2025-11-09,Nott'm Forest,Leeds,3,1,H,1,1,D,,,14,10,6,3,6,4,10,11,2,1,0,0,J Gillett
20251109_CrystalPalace_Brighton,2025-26,2025,2025-11-09,Crystal Palace,Brighton,0,0,D,0,0,D,,,10,7,2,3,4,8,10,12,1,4,0,0,T Robinson
20251109_Brentford_Newcastle,2025-26,2025,2025-11-09,Brentford,Newcastle,3,1,H,0,1,A,,,15,5,7,1,6,2,10,13,2,1,0,0,S Attwell
20251109_AstonVilla_Bournemouth,2025-26,2025,2025-11-09,Aston Villa,Bournemouth,4,0,H,2,0,H,,,16,13,8,4,6,9,8,20,2,2,0,0,J Brooks
20251122_Burnley_Chelsea,2025-26,2025,2025-11-22,Burnley,Chelsea,0,2,A,0,1,A,,,8,15,2,5,1,9,13,8,2,3,0,0,P Bankes
20251122_Bournemouth_WestHam,2025-26,2025,2025-11-22,Bournemouth,West Ham,2,2,D,0,2,A,,,28,5,10,2,9,2,9,10,3,2,0,0,T Bramall
20251122_Brighton_Brentford,2025-26,2025,2025-11-22,Brighton,Brentford,2,1,H,0,1,A,,,14,10,5,4,7,4,10,9,4,2,0,0,C Kavanagh
20251122_Fulham_Sunderland,2025-26,2025,2025-11-22,Fulham,Sunderland,1,0,H,0,0,D,,,24,4,6,2,7,4,5,13,3,3,0,0,D England
20251122_Liverpool_Nott'mForest,2025-26,2025,2025-11-22,Liverpool,Nott'm Forest,0,3,A,0,1,A,,,21,15,4,7,8,6,11,8,2,0,0,0,A Madley
20251122_Wolves_CrystalPalace,2025-26,2025,2025-11-22,Wolves,Crystal Palace,0,2,A,0,0,D,,,8,10,1,4,1,4,13,9,2,3,0,0,A Taylor
20251122_Newcastle_ManCity,2025-26,2025,2025-11-22,Newcastle,Man City,2,1,H,0,0,D,,,9,17,5,4,5,9,13,8,1,3,0,0,S Barrott
20251123_Leeds_AstonVilla,2025-26,2025,2025-11-23,Leeds,Aston Villa,1,2,A,1,0,H,,,14,14,5,3,3,3,18,16,5,1,0,0,R Jones
20251123_Arsenal_Tottenham,2025-26,2025,2025-11-23,Arsenal,Tottenham,4,1,H,2,0,H,,,17,3,8,2,4,1,11,15,1,3,0,0,M Oliver
20251124_ManUnited_Everton,2025-26,2025,2025-11-24,Man United,Everton,0,1,A,0,1,A,,,25,3,6,1,9,1,12,9,2,0,0,1,T Harrington
20251129_Brentford_Burnley,2025-26,2025,2025-11-29,Brentford,Burnley,3,1,H,0,0,D,,,14,6,4,2,5,6,7,7,0,2,0,0,S Barrott
20251129_ManCity_Leeds,2025-26,2025,2025-11-29,Man City,Leeds,3,2,H,2,0,H,,,18,9,9,4,8,1,17,11,4,1,0,0,P Bankes
20251129_Sunderland_Bournemouth,2025-26,2025,2025-11-29,Sunderland,Bournemouth,3,2,H,1,2,A,,,12,18,6,6,6,3,14,13,5,5,0,1,T Robinson
20251129_Everton_Newcastle,2025-26,2025,2025-11-29,Everton,Newcastle,1,4,A,0,3,A,,,10,13,2,8,8,7,4,6,0,0,0,0,C Pawson
20251129_Tottenham_Fulham,2025-26,2025,2025-11-29,Tottenham,Fulham,1,2,A,0,2,A,,,14,7,2,3,8,2,11,7,3,2,0,0,S Attwell
20251130_CrystalPalace_ManUnited,2025-26,2025,2025-11-30,Crystal Palace,Man United,1,2,A,1,0,H,,,14,14,3,6,4,4,14,14,3,2,0,0,R Jones
20251130_AstonVilla_Wolves,2025-26,2025,2025-11-30,Aston Villa,Wolves,1,0,H,0,0,D,,,16,9,6,4,7,3,13,21,0,4,0,0,C Kavanagh
20251130_Nott'mForest_Brighton,2025-26,2025,2025-11-30,Nott'm Forest,Brighton,0,2,A,0,1,A,,,19,17,3,6,9,2,11,10,0,1,0,0,M Oliver
20251130_WestHam_Liverpool,2025-26,2025,2025-11-30,West Ham,Liverpool,0,2,A,0,0,D,,,7,9,0,5,7,2,12,14,1,0,1,0,D England
20251130_Chelsea_Arsenal,2025-26,2025,2025-11-30,Chelsea,Arsenal,1,1,D,0,0,D,,,11,8,4,4,3,3,12,13,1,6,1,0,A Taylor
20251202_Newcastle_Tottenham,2025-26,2025,2025-12-02,Newcastle,Tottenham,2,2,D,0,0,D,,,19,8,7,2,11,8,5,12,0,3,0,0,T Bramall
20251202_Fulham_ManCity,2025-26,2025,2025-12-02,Fulham,Man City,4,5,A,1,3,A,,,12,11,6,4,7,2,9,7,0,1,0,0,C Pawson
20251202_Bournemouth_Everton,2025-26,2025,2025-12-02,Bournemouth,Everton,0,1,A,0,0,D,,,5,13,2,3,1,6,14,14,3,3,0,0,M Salisbury
20251203_Arsenal_Brentford,2025-26,2025,2025-12-03,Arsenal,Brentford,2,0,H,1,0,H,,,15,6,7,1,4,8,7,9,0,1,0,0,T Harrington
20251203_Brighton_AstonVilla,2025-26,2025,2025-12-03,Brighton,Aston Villa,3,4,A,2,2,D,,,16,14,7,10,5,6,10,9,2,2,0,0,A Madley
20251203_Burnley_CrystalPalace,2025-26,2025,2025-12-03,Burnley,Crystal Palace,0,1,A,0,1,A,,,11,3,4,3,3,4,9,8,0,0,0,0,T Kirk
20251203_Wolves_Nott'mForest,2025-26,2025,2025-12-03,Wolves,Nott'm Forest,0,1,A,0,0,D,,,5,10,1,3,3,9,19,11,2,2,0,0,T Robinson
20251203_Leeds_Chelsea,2025-26,2025,2025-12-03,Leeds,Chelsea,3,1,H,2,0,H,,,17,14,5,2,4,2,10,13,1,1,0,0,D England
20251203_Liverpool_Sunderland,2025-26,2025,2025-12-03,Liverpool,Sunderland,1,1,D,0,0,D,,,23,9,4,6,7,3,10,5,1,1,0,0,S Attwell
20251204_ManUnited_WestHam,2025-26,2025,2025-12-04,Man United,West Ham,1,1,D,0,0,D,,,17,11,4,3,6,6,13,9,2,2,0,0,A Kitchen
20251206_Leeds_Liverpool,2025-26,2025,2025-12-06,Leeds,Liverpool,3,3,D,0,0,D,,,12,16,5,7,5,4,14,14,3,3,0,0,A Taylor
20251206_Tottenham_Brentford,2025-26,2025,2025-12-06,Tottenham,Brentford,2,0,H,2,0,H,,,15,4,7,1,7,6,8,9,3,4,0,0,R Jones
20251206_Newcastle_Burnley,2025-26,2025,2025-12-06,Newcastle,Burnley,2,1,H,2,0,H,,,17,9,7,3,9,9,9,11,2,2,0,1,S Attwell
20251206_ManCity_Sunderland,2025-26,2025,2025-12-06,Man City,Sunderland,3,0,H,2,0,H,,,18,8,6,1,6,5,9,10,1,0,0,1,A Madley
20251206_Everton_Nott'mForest,2025-26,2025,2025-12-06,Everton,Nott'm Forest,3,0,H,2,0,H,,,11,7,5,3,6,3,17,15,4,3,0,0,C Kavanagh
20251206_Bournemouth_Chelsea,2025-26,2025,2025-12-06,Bournemouth,Chelsea,0,0,D,0,0,D,,,13,11,5,4,5,0,15,13,0,2,0,0,M Oliver
20251206_AstonVilla_Arsenal,2025-26,2025,2025-12-06,Aston Villa,Arsenal,2,1,H,1,0,H,,,15,15,6,9,3,3,10,8,0,2,0,0,P Bankes
20251207_Brighton_WestHam,2025-26,2025,2025-12-07,Brighton,West Ham,1,1,D,0,0,D,,,22,14,4,5,10,6,12,8,2,2,0,0,S Hooper
20251207_Fulham_CrystalPalace,2025-26,2025,2025-12-07,Fulham,Crystal Palace,1,2,A,1,1,D,,,12,11,4,5,6,4,5,8,0,0,0,0,S Barrott
20251208_Wolves_ManUnited,2025-26,2025,2025-12-08,Wolves,Man United,1,4,A,1,1,D,,,8,27,2,10,1,9,17,12,3,2,0,0,M Salisbury
20251213_Chelsea_Everton,2025-26,2025,2025-12-13,Chelsea,Everton,2,0,H,2,0,H,,,17,11,5,2,4,7,13,11,1,0,0,0,T Bramall
20251213_Liverpool_Brighton,2025-26,2025,2025-12-13,Liverpool,Brighton,2,0,H,1,0,H,,,18,14,4,1,2,2,8,15,1,2,0,0,C Pawson
20251213_Burnley_Fulham,2025-26,2025,2025-12-13,Burnley,Fulham,2,3,A,1,2,A,,,16,6,8,4,10,4,8,8,1,2,0,0,M Oliver
20251213_Arsenal_Wolves,2025-26,2025,2025-12-13,Arsenal,Wolves,2,1,H,0,0,D,,,16,3,2,2,8,0,7,15,0,4,0,0,R Jones
20251214_Brentford_Leeds,2025-26,2025,2025-12-14,Brentford,Leeds,1,1,D,0,0,D,,,7,18,2,4,0,3,8,9,0,0,0,0,J Brooks
20251214_WestHam_AstonVilla,2025-26,2025,2025-12-14,West Ham,Aston Villa,2,3,A,2,1,H,,,10,7,3,4,5,3,18,13,1,2,0,0,A Taylor
20251214_CrystalPalace_ManCity,2025-26,2025,2025-12-14,Crystal Palace,Man City,0,3,A,0,1,A,,,16,7,4,6,2,2,9,6,2,0,0,0,D England
20251214_Nott'mForest_Tottenham,2025-26,2025,2025-12-14,Nott'm Forest,Tottenham,3,0,H,1,0,H,,,15,6,6,1,3,3,9,13,1,3,0,0,S Barrott
20251214_Sunderland_Newcastle,2025-26,2025,2025-12-14,Sunderland,Newcastle,1,0,H,0,0,D,,,5,6,1,2,3,6,10,10,5,4,0,0,P Bankes
20251215_ManUnited_Bournemouth,2025-26,2025,2025-12-15,Man United,Bournemouth,4,4,D,2,1,H,,,25,14,9,9,5,4,15,12,2,3,0,0,S Hooper
20251220_Everton_Arsenal,2025-26,2025,2025-12-20,Everton,Arsenal,0,1,A,0,1,A,,,5,13,1,2,2,3,4,5,2,2,0,0,S Barrott
20251220_Tottenham_Liverpool,2025-26,2025,2025-12-20,Tottenham,Liverpool,1,2,A,0,0,D,,,15,8,4,4,2,6,9,7,3,3,2,0,J Brooks
20251220_Wolves_Brentford,2025-26,2025,2025-12-20,Wolves,Brentford,0,2,A,0,0,D,,,9,7,2,6,3,4,12,15,2,4,0,0,M Donohue
20251220_Leeds_CrystalPalace,2025-26,2025,2025-12-20,Leeds,Crystal Palace,4,1,H,2,0,H,,,20,9,8,3,9,5,5,10,1,3,0,0,T Bramall
20251220_Brighton_Sunderland,2025-26,2025,2025-12-20,Brighton,Sunderland,0,0,D,0,0,D,,,16,14,4,6,3,4,11,15,2,2,0,0,D England
20251220_Bournemouth_Burnley,2025-26,2025,2025-12-20,Bournemouth,Burnley,1,1,D,0,0,D,,,16,4,1,1,5,3,11,11,1,1,0,0,C Kavanagh
20251220_Newcastle_Chelsea,2025-26,2025,2025-12-20,Newcastle,Chelsea,2,2,D,2,0,H,,,11,13,5,4,6,4,13,14,3,6,0,0,A Madley
20251220_ManCity_WestHam,2025-26,2025,2025-12-20,Man City,West Ham,3,0,H,2,0,H,,,17,7,8,3,6,0,16,10,1,1,0,0,P Tierney
20251221_AstonVilla_ManUnited,2025-26,2025,2025-12-21,Aston Villa,Man United,2,1,H,1,1,D,,,12,15,4,6,5,5,11,14,1,2,0,0,M Oliver
20251222_Fulham_Nott'mForest,2025-26,2025,2025-12-22,Fulham,Nott'm Forest,1,0,H,1,0,H,,,11,12,1,2,1,5,5,9,5,4,0,0,A Taylor
20251226_ManUnited_Newcastle,2025-26,2025,2025-12-26,Man United,Newcastle,1,0,H,1,0,H,,,10,16,4,3,2,11,9,5,2,1,0,0,A Taylor
20251227_Chelsea_AstonVilla,2025-26,2025,2025-12-27,Chelsea,Aston Villa,1,2,A,1,0,H,,,14,11,3,8,6,7,16,8,5,3,0,0,S Attwell
20251227_Nott'mForest_ManCity,2025-26,2025,2025-12-27,Nott'm Forest,Man City,1,2,A,0,0,D,,,7,16,2,5,5,5,5,13,1,2,0,0,R Jones
20251227_Arsenal_Brighton,2025-26,2025,2025-12-27,Arsenal,Brighton,2,1,H,1,0,H,,,24,8,6,3,7,2,7,13,2,3,0,0,J Brooks
20251227_Brentford_Bournemouth,2025-26,2025,2025-12-27,Brentford,Bournemouth,4,1,H,2,0,H,,,15,20,7,10,2,15,9,8,2,2,0,0,P Bankes
20251227_Burnley_Everton,2025-26,2025,2025-12-27,Burnley,Everton,0,0,D,0,0,D,,,16,15,0,6,6,5,8,8,0,2,0,0,C Pawson
20251227_Liverpool_Wolves,2025-26,2025,2025-12-27,Liverpool,Wolves,2,1,H,2,0,H,,,14,9,4,4,6,4,5,13,0,1,0,0,S Hooper
20251227_WestHam_Fulham,2025-26,2025,2025-12-27,West Ham,Fulham,0,1,A,0,0,D,,,11,15,2,4,5,4,8,8,1,3,0,0,C Kavanagh
20251228_CrystalPalace_Tottenham,2025-26,2025,2025-12-28,Crystal Palace,Tottenham,0,1,A,0,1,A,,,15,8,2,4,3,2,7,5,3,2,0,0,J Gillett
20251228_Sunderland_Leeds,2025-26,2025,2025-12-28,Sunderland,Leeds,1,1,D,1,0,H,,,8,17,3,6,3,9,7,9,1,0,0,0,T Harrington
20251230_Burnley_Newcastle,2025-26,2025,2025-12-30,Burnley,Newcastle,1,3,A,1,2,A,,,15,20,4,9,3,4,9,3,2,1,0,0,R Jones
20251230_Chelsea_Bournemouth,2025-26,2025,2025-12-30,Chelsea,Bournemouth,2,2,D,2,2,D,,,17,17,3,6,12,3,5,12,1,1,0,0,S Barrott
20251230_Nott'mForest_Everton,2025-26,2025,2025-12-30,Nott'm Forest,Everton,0,2,A,0,1,A,,,21,11,6,3,9,2,11,9,1,0,0,0,M Oliver
20251230_WestHam_Brighton,2025-26,2025,2025-12-30,West Ham,Brighton,2,2,D,2,1,H,,,10,16,4,6,5,5,11,18,3,5,0,0,M Salisbury
20251230_Arsenal_AstonVilla,2025-26,2025,2025-12-30,Arsenal,Aston Villa,4,1,H,0,0,D,,,22,11,7,3,3,3,18,9,2,3,0,0,D England
20251230_ManUnited_Wolves,2025-26,2025,2025-12-30,Man United,Wolves,1,1,D,1,1,D,,,15,11,6,4,8,4,9,12,0,2,0,0,T Bramall
20260101_CrystalPalace_Fulham,2025-26,2025,2026-01-01,Crystal Palace,Fulham,1,1,D,1,0,H,,,11,17,2,5,6,3,7,10,0,5,0,0,T Harrington
20260101_Liverpool_Leeds,2025-26,2025,2026-01-01,Liverpool,Leeds,0,0,D,0,0,D,,,19,4,4,2,8,3,10,8,0,2,0,0,C Kavanagh
20260101_Brentford_Tottenham,2025-26,2025,2026-01-01,Brentford,Tottenham,0,0,D,0,0,D,,,7,9,2,3,3,1,8,10,1,2,0,0,A Madley
20260101_Sunderland_ManCity,2025-26,2025,2026-01-01,Sunderland,Man City,0,0,D,0,0,D,,,10,14,4,4,3,5,9,6,1,1,0,0,J Gillett
20260103_Bournemouth_Arsenal,2025-26,2025,2026-01-03,Bournemouth,Arsenal,2,3,A,1,1,D,,,15,12,3,5,7,5,13,8,3,1,0,0,C Kavanagh
20260103_Wolves_WestHam,2025-26,2025,2026-01-03,Wolves,West Ham,3,0,H,3,0,H,,,11,6,8,0,6,7,11,10,1,0,0,0,P Bankes
20260103_AstonVilla_Nott'mForest,2025-26,2025,2026-01-03,Aston Villa,Nott'm Forest,3,1,H,1,0,H,,,11,10,4,5,4,4,10,20,1,2,0,0,S Hooper
20260103_Brighton_Burnley,2025-26,2025,2026-01-03,Brighton,Burnley,2,0,H,1,0,H,,,15,5,4,3,4,4,7,17,0,4,0,0,T Robinson
20260104_ManCity_Chelsea,2025-26,2025,2026-01-04,Man City,Chelsea,1,1,D,1,0,H,,,14,8,3,3,8,2,12,14,3,3,0,0,M Oliver
20260104_Leeds_ManUnited,2025-26,2025,2026-01-04,Leeds,Man United,1,1,D,0,0,D,,,11,15,3,2,6,4,9,9,0,1,0,0,J Gillett
20260104_Everton_Brentford,2025-26,2025,2026-01-04,Everton,Brentford,2,4,A,0,1,A,,,14,11,6,7,4,5,9,8,0,2,0,0,A Taylor
20260104_Newcastle_CrystalPalace,2025-26,2025,2026-01-04,Newcastle,Crystal Palace,2,0,H,0,0,D,,,12,11,7,1,8,6,5,12,1,3,0,0,J Brooks
20260104_Tottenham_Sunderland,2025-26,2025,2026-01-04,Tottenham,Sunderland,1,1,D,1,0,H,,,13,10,5,3,3,5,10,6,2,3,0,0,S Attwell
20260104_Fulham_Liverpool,2025-26,2025,2026-01-04,Fulham,Liverpool,2,2,D,1,0,H,,,8,10,2,2,3,8,11,4,1,1,0,0,C Pawson
20260106_WestHam_Nott'mForest,2025-26,2025,2026-01-06,West Ham,Nott'm Forest,1,2,A,1,0,H,,,14,13,3,5,6,5,15,9,3,0,0,0,T Harrington
20260107_Brentford_Sunderland,2025-26,2025,2026-01-07,Brentford,Sunderland,3,0,H,1,0,H,,,18,11,6,3,7,4,13,13,2,1,0,0,M Donohue
20260107_Burnley_ManUnited,2025-26,2025,2026-01-07,Burnley,Man United,2,2,D,1,0,H,,,7,30,1,10,2,6,9,8,2,0,0,0,S Attwell
20260107_Newcastle_Leeds,2025-26,2025,2026-01-07,Newcastle,Leeds,4,3,H,1,2,A,,,18,14,8,6,8,4,11,10,3,2,0,0,M Salisbury
20260107_ManCity_Brighton,2025-26,2025,2026-01-07,Man City,Brighton,1,1,D,1,0,H,,,22,6,6,3,6,2,6,16,1,6,0,0,T Bramall
20260107_Bournemouth_Tottenham,2025-26,2025,2026-01-07,Bournemouth,Tottenham,3,2,H,2,1,H,,,11,16,3,4,3,7,19,10,3,3,0,0,D England
20260107_Everton_Wolves,2025-26,2025,2026-01-07,Everton,Wolves,1,1,D,1,0,H,,,13,13,2,4,2,7,13,15,1,3,2,0,T Kirk
20260107_Fulham_Chelsea,2025-26,2025,2026-01-07,Fulham,Chelsea,2,1,H,0,0,D,,,16,14,5,6,2,11,11,6,3,3,0,1,P Bankes
20260107_CrystalPalace_AstonVilla,2025-26,2025,2026-01-07,Crystal Palace,Aston Villa,0,0,D,0,0,D,,,11,15,5,3,3,5,8,3,2,0,0,0,A Madley
20260108_Arsenal_Liverpool,2025-26,2025,2026-01-08,Arsenal,Liverpool,0,0,D,0,0,D,,,9,8,4,0,3,0,10,9,2,2,0,0,A Taylor
20260117_ManUnited_ManCity,2025-26,2025,2026-01-17,Man United,Man City,2,0,H,0,0,D,,,11,7,7,1,1,6,13,8,2,3,0,0,A Taylor
20260117_Chelsea_Brentford,2025-26,2025,2026-01-17,Chelsea,Brentford,2,0,H,1,0,H,,,6,15,2,5,3,9,7,10,3,2,0,0,J Brooks
20260117_Leeds_Fulham,2025-26,2025,2026-01-17,Leeds,Fulham,1,0,H,0,0,D,,,14,8,5,1,7,3,6,11,1,5,0,0,C Kavanagh
20260117_Liverpool_Burnley,2025-26,2025,2026-01-17,Liverpool,Burnley,1,1,D,1,0,H,,,32,7,11,1,9,1,8,10,1,2,0,0,A Madley
20260117_Sunderland_CrystalPalace,2025-26,2025,2026-01-17,Sunderland,Crystal Palace,2,1,H,1,1,D,,,13,6,7,2,3,4,8,15,3,3,0,0,R Jones
20260117_Tottenham_WestHam,2025-26,2025,2026-01-17,Tottenham,West Ham,1,2,A,0,1,A,,,21,17,6,4,11,5,12,17,5,3,0,0,J Gillett
20260117_Nott'mForest_Arsenal,2025-26,2025,2026-01-17,Nott'm Forest,Arsenal,0,0,D,0,0,D,,,6,15,0,3,4,9,8,14,1,1,0,0,M Oliver
20260118_AstonVilla_Everton,2025-26,2025,2026-01-18,Aston Villa,Everton,0,1,A,0,0,D,,,18,9,5,3,6,4,15,13,1,2,0,0,T Harrington
20260118_Wolves_Newcastle,2025-26,2025,2026-01-18,Wolves,Newcastle,0,0,D,0,0,D,,,6,12,2,2,4,7,14,8,2,2,0,0,S Barrott
20260119_Brighton_Bournemouth,2025-26,2025,2026-01-19,Brighton,Bournemouth,1,1,D,0,1,A,,,17,11,5,2,11,6,7,6,2,3,0,0,P Tierney
20260124_WestHam_Sunderland,2025-26,2025,2026-01-24,West Ham,Sunderland,3,1,H,3,0,H,,,13,7,5,2,3,3,9,16,2,4,0,0,T Bramall
20260124_Burnley_Tottenham,2025-26,2025,2026-01-24,Burnley,Tottenham,2,2,D,1,1,D,,,9,18,4,11,1,3,8,9,1,0,0,0,P Bankes
20260124_Fulham_Brighton,2025-26,2025,2026-01-24,Fulham,Brighton,2,1,H,0,1,A,,,12,13,4,5,6,6,10,6,1,1,0,0,M Oliver
20260124_ManCity_Wolves,2025-26,2025,2026-01-24,Man City,Wolves,2,0,H,2,0,H,,,11,11,4,1,4,6,16,14,1,3,0,0,F Hallam
20260124_Bournemouth_Liverpool,2025-26,2025,2026-01-24,Bournemouth,Liverpool,3,2,H,2,1,H,,,12,14,5,4,3,11,7,7,1,1,0,0,M Salisbury
20260125_Newcastle_AstonVilla,2025-26,2025,2026-01-25,Newcastle,Aston Villa,0,2,A,0,1,A,,,15,14,4,8,6,5,7,12,1,2,0,0,J Gillett
20260125_Brentford_Nott'mForest,2025-26,2025,2026-01-25,Brentford,Nott'm Forest,0,2,A,0,1,A,,,10,7,1,2,6,5,11,10,1,0,0,0,S Barrott
20260125_CrystalPalace_Chelsea,2025-26,2025,2026-01-25,Crystal Palace,Chelsea,1,3,A,0,1,A,,,13,10,7,6,4,5,11,10,2,2,1,0,D England
20260125_Arsenal_ManUnited,2025-26,2025,2026-01-25,Arsenal,Man United,2,3,A,1,1,D,,,15,10,4,3,9,2,11,9,2,0,0,0,C Pawson
20260126_Everton_Leeds,2025-26,2025,2026-01-26,Everton,Leeds,1,1,D,0,1,A,,,10,14,3,4,4,4,9,13,0,3,0,0,S Hooper
20260131_Brighton_Everton,2025-26,2025,2026-01-31,Brighton,Everton,1,1,D,0,0,D,,,11,7,2,4,5,2,13,14,1,2,0,0,C Kavanagh
20260131_Leeds_Arsenal,2025-26,2025,2026-01-31,Leeds,Arsenal,0,4,A,0,2,A,,,3,14,1,8,4,12,10,7,1,1,0,0,S Attwell
20260131_Wolves_Bournemouth,2025-26,2025,2026-01-31,Wolves,Bournemouth,0,2,A,0,1,A,,,17,9,7,4,5,6,11,15,3,3,0,0,M Oliver
20260131_Chelsea_WestHam,2025-26,2025,2026-01-31,Chelsea,West Ham,3,2,H,0,2,A,,,14,11,6,6,9,3,11,13,3,2,0,1,A Taylor
20260131_Liverpool_Newcastle,2025-26,2025,2026-01-31,Liverpool,Newcastle,4,1,H,2,1,H,,,17,8,7,2,7,11,11,7,1,3,0,0,S Hooper
20260201_AstonVilla_Brentford,2025-26,2025,2026-02-01,Aston Villa,Brentford,0,1,A,0,1,A,,,27,6,5,2,12,1,8,8,0,3,0,0,T Robinson
20260201_ManUnited_Fulham,2025-26,2025,2026-02-01,Man United,Fulham,3,2,H,1,0,H,,,13,14,6,6,3,7,6,9,2,1,0,0,J Brooks
20260201_Nott'mForest_CrystalPalace,2025-26,2025,2026-02-01,Nott'm Forest,Crystal Palace,1,1,D,1,1,D,,,9,14,1,3,5,7,4,12,1,3,0,0,M Salisbury
20260201_Tottenham_ManCity,2025-26,2025,2026-02-01,Tottenham,Man City,2,2,D,0,2,A,,,12,15,6,3,3,4,15,12,3,3,0,0,R Jones
20260202_Sunderland_Burnley,2025-26,2025,2026-02-02,Sunderland,Burnley,3,0,H,2,0,H,,,14,5,5,0,1,2,12,10,1,4,0,0,P Tierney
20260206_Leeds_Nott'mForest,2025-26,2025,2026-02-06,Leeds,Nott'm Forest,3,1,H,2,0,H,,,14,16,5,6,5,10,9,12,1,1,0,0,P Bankes
20260207_ManUnited_Tottenham,2025-26,2025,2026-02-07,Man United,Tottenham,2,0,H,1,0,H,,,23,7,10,1,7,0,12,11,1,2,0,1,M Oliver
20260207_Arsenal_Sunderland,2025-26,2025,2026-02-07,Arsenal,Sunderland,3,0,H,1,0,H,,,16,5,5,3,5,2,11,8,1,2,0,0,S Barrott
20260207_Bournemouth_AstonVilla,2025-26,2025,2026-02-07,Bournemouth,Aston Villa,1,1,D,0,1,A,,,20,7,9,4,11,4,4,11,1,1,0,0,A Taylor
20260207_Burnley_WestHam,2025-26,2025,2026-02-07,Burnley,West Ham,0,2,A,0,2,A,,,18,6,5,4,5,2,11,10,3,1,0,0,D England
20260207_Fulham_Everton,2025-26,2025,2026-02-07,Fulham,Everton,1,2,A,1,0,H,,,13,16,3,3,6,6,11,12,1,5,0,0,S Attwell
20260207_Wolves_Chelsea,2025-26,2025,2026-02-07,Wolves,Chelsea,1,3,A,0,3,A,,,11,15,3,6,3,4,9,10,1,1,0,0,J Gillett
20260207_Newcastle_Brentford,2025-26,2025,2026-02-07,Newcastle,Brentford,2,3,A,1,2,A,,,16,11,4,5,9,3,14,18,2,2,0,0,A Madley
20260208_Brighton_CrystalPalace,2025-26,2025,2026-02-08,Brighton,Crystal Palace,0,1,A,0,0,D,,,7,7,2,4,3,4,12,9,1,3,0,0,T Bramall
20260208_Liverpool_ManCity,2025-26,2025,2026-02-08,Liverpool,Man City,1,2,A,0,0,D,,,15,17,4,7,5,4,13,16,2,4,1,0,C Pawson
20260210_WestHam_ManUnited,2025-26,2025,2026-02-10,West Ham,Man United,1,1,D,0,0,D,,,7,9,3,3,5,3,10,4,1,1,0,0,S Hooper
20260210_Tottenham_Newcastle,2025-26,2025,2026-02-10,Tottenham,Newcastle,1,2,A,0,1,A,,,16,21,2,5,2,12,15,11,3,2,0,0,A Taylor
20260210_Everton_Bournemouth,2025-26,2025,2026-02-10,Everton,Bournemouth,1,2,A,1,0,H,,,16,11,6,4,7,2,14,15,1,3,1,0,A Madley
20260210_Chelsea_Leeds,2025-26,2025,2026-02-10,Chelsea,Leeds,2,2,D,1,0,H,,,19,4,4,2,4,1,9,13,4,4,0,0,R Jones
20260211_AstonVilla_Brighton,2025-26,2025,2026-02-11,Aston Villa,Brighton,1,0,H,0,0,D,,,15,9,1,3,7,5,9,15,2,3,0,0,P Bankes
20260211_CrystalPalace_Burnley,2025-26,2025,2026-02-11,Crystal Palace,Burnley,2,3,A,2,3,A,,,21,8,3,3,8,2,11,8,2,1,0,0,F Hallam
20260211_ManCity_Fulham,2025-26,2025,2026-02-11,Man City,Fulham,3,0,H,3,0,H,,,13,14,5,3,4,4,8,10,3,1,0,0,P Tierney
20260211_Nott'mForest_Wolves,2025-26,2025,2026-02-11,Nott'm Forest,Wolves,0,0,D,0,0,D,,,35,7,10,3,8,2,12,13,0,2,0,0,T Robinson
20260211_Sunderland_Liverpool,2025-26,2025,2026-02-11,Sunderland,Liverpool,0,1,A,0,0,D,,,11,23,2,3,3,11,8,10,1,0,0,0,C Kavanagh
20260212_Brentford_Arsenal,2025-26,2025,2026-02-12,Brentford,Arsenal,1,1,D,0,0,D,,,12,7,3,2,6,4,12,11,3,2,0,0,J Brooks
20260218_Wolves_Arsenal,2025-26,2025,2026-02-18,Wolves,Arsenal,2,2,D,0,1,A,,,5,10,2,4,1,3,6,8,2,1,0,0,P Tierney
20260221_ManCity_Newcastle,2025-26,2025,2026-02-21,Man City,Newcastle,2,1,H,2,1,H,,,15,13,7,7,5,5,12,13,2,5,0,0,T Bramall
20260221_WestHam_Bournemouth,2025-26,2025,2026-02-21,West Ham,Bournemouth,0,0,D,0,0,D,,,20,10,3,5,9,5,10,11,1,1,0,0,S Barrott
20260221_Chelsea_Burnley,2025-26,2025,2026-02-21,Chelsea,Burnley,1,1,D,1,0,H,,,12,12,2,4,9,5,13,11,2,2,1,0,L Smith
20260221_Brentford_Brighton,2025-26,2025,2026-02-21,Brentford,Brighton,0,2,A,0,2,A,,,13,11,3,7,6,4,9,14,1,2,0,0,J Gillett
20260221_AstonVilla_Leeds,2025-26,2025,2026-02-21,Aston Villa,Leeds,1,1,D,0,1,A,,,16,14,4,4,7,2,11,16,1,4,0,0,M Oliver
20260222_CrystalPalace_Wolves,2025-26,2025,2026-02-22,Crystal Palace,Wolves,1,0,H,0,0,D,,,14,12,3,7,7,3,19,13,5,1,0,1,T Kirk
20260222_Nott'mForest_Liverpool,2025-26,2025,2026-02-22,Nott'm Forest,Liverpool,0,1,A,0,0,D,,,18,10,2,4,7,2,13,9,2,0,0,0,A Taylor
20260222_Sunderland_Fulham,2025-26,2025,2026-02-22,Sunderland,Fulham,1,3,A,0,0,D,,,12,12,2,4,6,4,6,13,1,1,0,0,C Pawson
20260222_Tottenham_Arsenal,2025-26,2025,2026-02-22,Tottenham,Arsenal,1,4,A,1,1,D,,,6,20,5,7,2,5,17,11,2,1,0,0,P Bankes
20260223_Everton_ManUnited,2025-26,2025,2026-02-23,Everton,Man United,0,1,A,0,0,D,,,12,11,4,3,10,1,12,7,2,3,0,0,D England
20260227_Wolves_AstonVilla,2025-26,2025,2026-02-27,Wolves,Aston Villa,2,0,H,0,0,D,,,9,14,2,5,0,5,13,19,3,3,0,0,C Pawson
20260228_Leeds_ManCity,2025-26,2025,2026-02-28,Leeds,Man City,0,1,A,0,1,A,,,14,14,2,5,5,3,10,8,0,3,0,0,P Bankes
20260228_Liverpool_WestHam,2025-26,2025,2026-02-28,Liverpool,West Ham,5,2,H,3,0,H,,,18,11,7,4,10,5,12,11,2,2,0,0,T Robinson
20260228_Newcastle_Everton,2025-26,2025,2026-02-28,Newcastle,Everton,2,3,A,1,2,A,,,17,9,7,5,7,2,15,7,2,3,0,0,S Attwell
20260228_Bournemouth_Sunderland,2025-26,2025,2026-02-28,Bournemouth,Sunderland,1,1,D,0,1,A,,,21,8,5,4,7,3,15,12,4,2,0,0,J Gillett
20260228_Burnley_Brentford,2025-26,2025,2026-02-28,Burnley,Brentford,3,4,A,1,3,A,,,12,16,3,7,4,8,9,9,2,2,0,0,S Barrott
20260301_Brighton_Nott'mForest,2025-26,2025,2026-03-01,Brighton,Nott'm Forest,2,1,H,2,1,H,,,14,13,7,4,4,4,12,13,3,1,0,0,A Madley
20260301_Fulham_Tottenham,2025-26,2025,2026-03-01,Fulham,Tottenham,2,1,H,2,0,H,,,18,13,4,1,5,8,11,14,3,3,0,0,T Bramall
20260301_ManUnited_CrystalPalace,2025-26,2025,2026-03-01,Man United,Crystal Palace,2,1,H,0,1,A,,,20,8,11,3,7,1,13,12,2,2,0,1,C Kavanagh
20260301_Arsenal_Chelsea,2025-26,2025,2026-03-01,Arsenal,Chelsea,2,1,H,1,1,D,,,12,9,5,3,5,10,11,14,1,3,0,1,D England
20260303_Bournemouth_Brentford,2025-26,2025,2026-03-03,Bournemouth,Brentford,0,0,D,0,0,D,,,13,5,2,2,4,3,9,10,2,1,0,0,C Pawson
20260303_Everton_Burnley,2025-26,2025,2026-03-03,Everton,Burnley,2,0,H,1,0,H,,,14,5,5,2,6,3,10,12,0,1,0,0,T Robinson
20260303_Leeds_Sunderland,2025-26,2025,2026-03-03,Leeds,Sunderland,0,1,A,0,0,D,,,18,3,4,1,9,2,15,19,1,3,0,0,S Attwell
20260303_Wolves_Liverpool,2025-26,2025,2026-03-03,Wolves,Liverpool,2,1,H,0,0,D,,,4,19,3,7,2,11,10,13,2,1,0,0,T Bramall
20260304_Brighton_Arsenal,2025-26,2025,2026-03-04,Brighton,Arsenal,0,1,A,0,1,A,,,11,7,3,2,4,3,14,12,4,1,0,0,C Kavanagh
20260304_Newcastle_ManUnited,2025-26,2025,2026-03-04,Newcastle,Man United,2,1,H,1,1,D,,,12,14,5,5,2,4,15,16,2,3,1,0,P Bankes
20260304_ManCity_Nott'mForest,2025-26,2025,2026-03-04,Man City,Nott'm Forest,2,2,D,1,0,H,,,21,9,7,4,6,1,10,6,0,4,0,0,D England
20260304_AstonVilla_Chelsea,2025-26,2025,2026-03-04,Aston Villa,Chelsea,1,4,A,1,2,A,,,9,15,4,8,3,8,10,9,3,2,0,0,J Gillett
20260304_Fulham_WestHam,2025-26,2025,2026-03-04,Fulham,West Ham,0,1,A,0,0,D,,,13,9,5,3,7,5,14,12,2,4,0,0,M Donohue
20260305_Tottenham_CrystalPalace,2025-26,2025,2026-03-05,Tottenham,Crystal Palace,1,3,A,1,3,A,,,12,9,4,4,6,3,14,14,3,2,0,0,A Madley
20260314_Chelsea_Newcastle,2025-26,2025,2026-03-14,Chelsea,Newcastle,0,1,A,0,1,A,,,22,7,3,5,8,1,9,10,2,2,0,0,P Tierney
20260314_Burnley_Bournemouth,2025-26,2025,2026-03-14,Burnley,Bournemouth,0,0,D,0,0,D,,,15,22,2,3,5,8,11,5,1,0,0,0,P Bankes
20260314_Sunderland_Brighton,2025-26,2025,2026-03-14,Sunderland,Brighton,0,1,A,0,0,D,,,14,12,4,4,7,3,7,12,1,2,0,0,T Kirk
20260314_Arsenal_Everton,2025-26,2025,2026-03-14,Arsenal,Everton,2,0,H,0,0,D,,,25,9,7,3,8,3,11,12,0,0,0,0,A Madley
20260314_WestHam_ManCity,2025-26,2025,2026-03-14,West Ham,Man City,1,1,D,1,1,D,,,1,24,1,6,1,15,14,5,2,2,0,0,M Oliver
20260315_Nott'mForest_Fulham,2025-26,2025,2026-03-15,Nott'm Forest,Fulham,0,0,D,0,0,D,,,11,5,2,0,5,4,8,10,2,3,0,0,S Barrott
20260315_Liverpool_Tottenham,2025-26,2025,2026-03-15,Liverpool,Tottenham,1,1,D,1,0,H,,,17,13,4,7,3,4,8,13,0,0,0,0,C Kavanagh
20260315_ManUnited_AstonVilla,2025-26,2025,2026-03-15,Man United,Aston Villa,3,1,H,0,0,D,,,16,9,6,2,6,6,10,5,3,2,0,0,A Taylor
20260315_CrystalPalace_Leeds,2025-26,2025,2026-03-15,Crystal Palace,Leeds,0,0,D,0,0,D,,,12,10,0,3,8,3,12,11,2,1,0,1,T Bramall
20260316_Brentford_Wolves,2025-26,2025,2026-03-16,Brentford,Wolves,2,2,D,2,1,H,,,10,13,3,4,1,5,12,10,2,4,0,0,S Attwell
20260320_Bournemouth_ManUnited,2025-26,2025,2026-03-20,Bournemouth,Man United,2,2,D,0,0,D,,,16,14,5,5,6,8,10,9,2,2,0,1,S Attwell
20260321_Brighton_Liverpool,2025-26,2025,2026-03-21,Brighton,Liverpool,2,1,H,1,1,D,,,16,12,7,5,4,8,11,11,5,5,0,0,D England
20260321_Fulham_Burnley,2025-26,2025,2026-03-21,Fulham,Burnley,3,1,H,0,0,D,,,22,9,6,5,6,6,6,9,2,2,0,1,C Kavanagh
20260321_Everton_Chelsea,2025-26,2025,2026-03-21,Everton,Chelsea,3,0,H,1,0,H,,,10,12,9,4,3,9,6,7,0,2,0,0,S Barrott
20260321_Leeds_Brentford,2025-26,2025,2026-03-21,Leeds,Brentford,0,0,D,0,0,D,,,14,6,4,2,6,2,6,9,2,0,0,0,J Gillett
20260322_Newcastle_Sunderland,2025-26,2025,2026-03-22,Newcastle,Sunderland,1,2,A,1,0,H,,,16,17,4,7,9,5,8,19,1,6,0,0,A Taylor
20260322_AstonVilla_WestHam,2025-26,2025,2026-03-22,Aston Villa,West Ham,2,0,H,1,0,H,,,23,9,7,1,6,6,3,7,0,1,0,0,P Tierney
20260322_Tottenham_Nott'mForest,2025-26,2025,2026-03-22,Tottenham,Nott'm Forest,0,3,A,0,1,A,,,14,8,3,7,13,3,13,13,1,2,0,0,M Oliver
20260410_WestHam_Wolves,2025-26,2025,2026-04-10,West Ham,Wolves,4,0,H,1,0,H,,,18,14,7,3,5,2,11,7,2,2,0,0,J Gillett
20260411_Arsenal_Bournemouth,2025-26,2025,2026-04-11,Arsenal,Bournemouth,1,2,A,1,1,D,,,15,8,3,3,10,1,12,18,1,3,0,0,M Oliver
20260411_Brentford_Everton,2025-26,2025,2026-04-11,Brentford,Everton,2,2,D,1,1,D,,,17,14,4,7,2,3,6,7,0,2,0,0,F Hallam
20260411_Burnley_Brighton,2025-26,2025,2026-04-11,Burnley,Brighton,0,2,A,0,1,A,,,10,13,5,6,8,2,7,11,2,1,0,0,T Bramall
20260411_Liverpool_Fulham,2025-26,2025,2026-04-11,Liverpool,Fulham,2,0,H,2,0,H,,,18,19,5,4,6,9,10,4,0,0,0,0,A Taylor
20260412_CrystalPalace_Newcastle,2025-26,2025,2026-04-12,Crystal Palace,Newcastle,2,1,H,0,1,A,,,11,7,5,3,2,4,17,12,0,3,0,0,A Madley
20260412_Nott'mForest_AstonVilla,2025-26,2025,2026-04-12,Nott'm Forest,Aston Villa,1,1,D,1,1,D,,,15,12,4,5,7,3,15,10,2,2,0,0,M Salisbury
20260412_Sunderland_Tottenham,2025-26,2025,2026-04-12,Sunderland,Tottenham,1,0,H,0,0,D,,,13,11,2,7,2,6,14,15,3,3,0,0,R Jones
20260412_Chelsea_ManCity,2025-26,2025,2026-04-12,Chelsea,Man City,0,3,A,0,0,D,,,12,18,3,8,4,12,10,14,3,1,0,0,C Kavanagh
20260413_ManUnited_Leeds,2025-26,2025,2026-04-13,Man United,Leeds,1,2,A,0,2,A,,,20,15,9,6,11,4,12,15,3,2,1,0,P Tierney
20260418_Chelsea_ManUnited,2025-26,2025,2026-04-18,Chelsea,Man United,0,1,A,0,1,A,,,21,4,3,1,7,1,12,13,1,3,0,0,M Oliver
20260418_Tottenham_Brighton,2025-26,2025,2026-04-18,Tottenham,Brighton,2,2,D,1,1,D,,,13,10,6,3,7,5,14,14,3,1,0,0,S Attwell
20260418_Newcastle_Bournemouth,2025-26,2025,2026-04-18,Newcastle,Bournemouth,1,2,A,0,1,A,,,12,12,3,3,2,3,11,12,2,4,0,0,T Bramall
20260418_Leeds_Wolves,2025-26,2025,2026-04-18,Leeds,Wolves,3,0,H,2,0,H,,,17,7,6,2,5,6,9,17,2,1,0,0,F Hallam
20260418_Brentford_Fulham,2025-26,2025,2026-04-18,Brentford,Fulham,0,0,D,0,0,D,,,13,11,4,0,9,3,8,13,0,1,0,0,P Tierney
20260419_AstonVilla_Sunderland,2025-26,2025,2026-04-19,Aston Villa,Sunderland,4,3,H,2,1,H,,,15,10,7,7,4,5,11,11,1,3,0,0,S Barrott
20260419_Everton_Liverpool,2025-26,2025,2026-04-19,Everton,Liverpool,1,2,A,0,1,A,,,10,14,4,6,1,6,8,12,2,0,0,0,C Kavanagh
20260419_Nott'mForest_Burnley,2025-26,2025,2026-04-19,Nott'm Forest,Burnley,4,1,H,0,1,A,,,10,4,4,3,4,4,8,12,0,2,0,0,T Kirk
20260419_ManCity_Arsenal,2025-26,2025,2026-04-19,Man City,Arsenal,2,1,H,1,1,D,,,15,9,5,3,8,5,5,12,2,2,0,0,A Taylor
20260420_CrystalPalace_WestHam,2025-26,2025,2026-04-20,Crystal Palace,West Ham,0,0,D,0,0,D,,,9,9,1,4,4,6,13,12,2,1,0,0,D England
20260421_Brighton_Chelsea,2025-26,2025,2026-04-21,Brighton,Chelsea,3,0,H,1,0,H,,,15,6,9,0,6,5,15,6,1,1,0,0,C Pawson
20260422_Bournemouth_Leeds,2025-26,2025,2026-04-22,Bournemouth,Leeds,2,2,D,0,0,D,,,17,10,7,3,12,1,6,10,3,0,0,0,M Salisbury
20260422_Burnley_ManCity,2025-26,2025,2026-04-22,Burnley,Man City,0,1,A,0,1,A,,,9,28,1,9,3,11,10,12,0,0,0,0,A Madley
20260424_Sunderland_Nott'mForest,2025-26,2025,2026-04-24,Sunderland,Nott'm Forest,0,5,A,0,4,A,,,14,10,4,6,3,6,13,15,2,5,0,0,D England
20260425_Arsenal_Newcastle,2025-26,2025,2026-04-25,Arsenal,Newcastle,1,0,H,1,0,H,,,11,13,4,3,7,2,13,10,2,2,0,0,S Barrott
20260425_Wolves_Tottenham,2025-26,2025,2026-04-25,Wolves,Tottenham,0,1,A,0,0,D,,,11,11,2,2,5,5,8,14,3,4,0,0,A Taylor
20260425_Fulham_AstonVilla,2025-26,2025,2026-04-25,Fulham,Aston Villa,1,0,H,1,0,H,,,13,10,6,1,2,5,14,12,2,2,0,0,M Oliver
20260425_Liverpool_CrystalPalace,2025-26,2025,2026-04-25,Liverpool,Crystal Palace,3,1,H,2,0,H,,,9,14,3,7,5,8,10,10,1,3,0,0,A Madley
20260425_WestHam_Everton,2025-26,2025,2026-04-25,West Ham,Everton,2,1,H,0,0,D,,,10,11,3,3,3,4,9,11,3,4,0,0,S Attwell
20260427_ManUnited_Brentford,2025-26,2025,2026-04-27,Man United,Brentford,2,1,H,2,0,H,,,11,12,6,4,7,8,6,9,2,4,0,0,C Kavanagh
20260501_Leeds_Burnley,2025-26,2025,2026-05-01,Leeds,Burnley,3,1,H,1,0,H,,,18,9,8,3,5,0,12,11,4,3,0,0,T Bramall
20260502_Arsenal_Fulham,2025-26,2025,2026-05-02,Arsenal,Fulham,3,0,H,3,0,H,,,18,10,9,1,3,4,7,12,0,1,0,0,J Gillett
20260502_Brentford_WestHam,2025-26,2025,2026-05-02,Brentford,West Ham,3,0,H,1,0,H,,,14,13,6,4,2,6,8,12,1,3,0,0,C Pawson
20260502_Newcastle_Brighton,2025-26,2025,2026-05-02,Newcastle,Brighton,3,1,H,2,0,H,,,13,13,6,4,2,10,10,12,3,3,0,0,C Kavanagh
20260502_Wolves_Sunderland,2025-26,2025,2026-05-02,Wolves,Sunderland,1,1,D,0,1,A,,,20,10,7,2,6,3,11,11,0,4,0,1,P Tierney
20260503_AstonVilla_Tottenham,2025-26,2025,2026-05-03,Aston Villa,Tottenham,1,2,A,0,2,A,,,5,10,1,5,5,5,12,12,2,5,0,0,S Barrott
20260503_Bournemouth_CrystalPalace,2025-26,2025,2026-05-03,Bournemouth,Crystal Palace,3,0,H,2,0,H,,,16,7,5,1,7,1,10,11,0,2,0,0,R Jones
20260503_ManUnited_Liverpool,2025-26,2025,2026-05-03,Man United,Liverpool,3,2,H,2,0,H,,,18,13,6,5,3,2,12,11,2,2,0,0,D England
20260504_Chelsea_Nott'mForest,2025-26,2025,2026-05-04,Chelsea,Nott'm Forest,1,3,A,0,2,A,,,21,6,5,4,10,1,12,10,3,1,0,0,A Taylor
20260504_Everton_ManCity,2025-26,2025,2026-05-04,Everton,Man City,3,3,D,0,1,A,,,14,21,6,4,5,9,15,5,4,1,0,0,M Oliver
20260509_Liverpool_Chelsea,2025-26,2025,2026-05-09,Liverpool,Chelsea,1,1,D,1,1,D,,,8,6,3,3,5,2,17,17,2,4,0,0,C Pawson
20260509_Brighton_Wolves,2025-26,2025,2026-05-09,Brighton,Wolves,3,0,H,2,0,H,,,14,5,6,1,7,1,9,11,1,2,0,0,J Brooks
20260509_Fulham_Bournemouth,2025-26,2025,2026-05-09,Fulham,Bournemouth,0,1,A,0,0,D,,,14,10,2,5,11,2,12,21,4,2,1,1,A Madley
20260509_Sunderland_ManUnited,2025-26,2025,2026-05-09,Sunderland,Man United,0,0,D,0,0,D,,,15,11,4,1,7,8,12,12,0,3,0,0,S Attwell
20260509_ManCity_Brentford,2025-26,2025,2026-05-09,Man City,Brentford,3,0,H,0,0,D,,,25,4,10,2,10,2,8,14,4,2,0,0,M Salisbury
20260510_Burnley_AstonVilla,2025-26,2025,2026-05-10,Burnley,Aston Villa,2,2,D,1,1,D,,,15,18,6,7,2,8,18,8,1,1,0,0,A Taylor
20260510_CrystalPalace_Everton,2025-26,2025,2026-05-10,Crystal Palace,Everton,2,2,D,1,1,D,,,21,13,8,6,5,10,5,13,0,2,0,0,T Bramall
20260510_Nott'mForest_Newcastle,2025-26,2025,2026-05-10,Nott'm Forest,Newcastle,1,1,D,0,0,D,,,17,16,6,6,2,1,16,11,2,0,0,0,P Tierney
20260510_WestHam_Arsenal,2025-26,2025,2026-05-10,West Ham,Arsenal,0,1,A,0,0,D,,,9,15,3,4,4,3,14,12,3,4,0,0,C Kavanagh
20260511_Tottenham_Leeds,2025-26,2025,2026-05-11,Tottenham,Leeds,1,1,D,0,0,D,,,16,11,3,4,14,2,12,7,3,1,0,0,J Gillett
20260513_ManCity_CrystalPalace,2025-26,2025,2026-05-13,Man City,Crystal Palace,3,0,H,2,0,H,,,15,6,4,2,9,4,10,7,0,2,0,0,S Attwell
20260515_AstonVilla_Liverpool,2025-26,2025,2026-05-15,Aston Villa,Liverpool,4,2,H,1,0,H,,,14,16,9,5,4,9,12,9,3,1,0,0,C Kavanagh
20260517_Newcastle_WestHam,2025-26,2025,2026-05-17,Newcastle,West Ham,3,1,H,2,0,H,,,15,15,7,8,9,1,8,11,1,3,0,0,J Gillett
20260517_Wolves_Fulham,2025-26,2025,2026-05-17,Wolves,Fulham,1,1,D,1,1,D,,,11,13,3,5,3,6,20,8,1,0,0,0,T Kirk
20260517_Leeds_Brighton,2025-26,2025,2026-05-17,Leeds,Brighton,1,0,H,0,0,D,,,7,19,1,8,7,8,9,7,1,0,0,0,M Oliver
20260517_Brentford_CrystalPalace,2025-26,2025,2026-05-17,Brentford,Crystal Palace,2,2,D,1,1,D,,,14,16,3,5,9,4,7,5,1,3,0,0,S Barrott
20260517_ManUnited_Nott'mForest,2025-26,2025,2026-05-17,Man United,Nott'm Forest,3,2,H,1,0,H,,,29,11,8,4,7,6,11,5,2,1,0,0,M Salisbury
20260517_Everton_Sunderland,2025-26,2025,2026-05-17,Everton,Sunderland,1,3,A,1,0,H,,,10,7,4,3,3,2,14,9,3,0,0,0,J Brooks
20260518_Arsenal_Burnley,2025-26,2025,2026-05-18,Arsenal,Burnley,1,0,H,1,0,H,,,13,5,3,0,3,3,7,16,1,3,0,0,P Tierney
20260519_Bournemouth_ManCity,2025-26,2025,2026-05-19,Bournemouth,Man City,1,1,D,1,0,H,,,10,14,2,5,7,6,16,7,4,2,0,0,A Taylor
20260519_Chelsea_Tottenham,2025-26,2025,2026-05-19,Chelsea,Tottenham,2,1,H,1,0,H,,,9,9,4,3,3,4,11,18,4,3,0,0,S Attwell
20260524_Fulham_Newcastle,2025-26,2025,2026-05-24,Fulham,Newcastle,2,0,H,1,0,H,,,21,7,6,2,6,6,13,6,2,2,0,0,R Jones
20260524_Tottenham_Everton,2025-26,2025,2026-05-24,Tottenham,Everton,1,0,H,1,0,H,,,21,8,6,3,6,2,15,12,5,3,0,1,M Oliver
20260524_Sunderland_Chelsea,2025-26,2025,2026-05-24,Sunderland,Chelsea,2,1,H,1,0,H,,,20,10,2,1,7,7,15,18,3,2,0,0,C Kavanagh
20260524_Nott'mForest_Bournemouth,2025-26,2025,2026-05-24,Nott'm Forest,Bournemouth,1,1,D,1,0,H,,,15,17,5,4,6,3,11,7,1,1,0,0,C Pawson
20260524_ManCity_AstonVilla,2025-26,2025,2026-05-24,Man City,Aston Villa,1,2,A,1,0,H,,,16,12,3,5,9,4,8,4,1,0,0,0,A Madley
20260524_CrystalPalace_Arsenal,2025-26,2025,2026-05-24,Crystal Palace,Arsenal,1,2,A,0,1,A,,,8,17,3,7,3,4,9,12,0,1,0,0,F Hallam
20260524_WestHam_Leeds,2025-26,2025,2026-05-24,West Ham,Leeds,3,0,H,0,0,D,,,16,13,9,3,6,4,11,14,0,3,0,0,A Taylor
20260524_Burnley_Wolves,2025-26,2025,2026-05-24,Burnley,Wolves,1,1,D,0,1,A,,,16,16,8,4,7,7,10,11,2,2,0,0,A Kitchen
20260524_Brighton_ManUnited,2025-26,2025,2026-05-24,Brighton,Man United,0,3,A,0,2,A,,,13,11,2,7,0,3,11,8,0,1,0,0,S Barrott
20260524_Liverpool_Brentford,2025-26,2025,2026-05-24,Liverpool,Brentford,1,1,D,0,0,D,,,24,11,8,2,14,2,9,9,2,3,0,0,D England
20260821_Arsenal_Coventry,2026-27,2026,2026-08-21,Arsenal,Coventry,3,0,H,2,0,H,1.88,0.2,20,4,6,1,8,2,10,13,1,1,0,0,T Bramall
20260822_Nott'mForest_Leeds,2026-27,2026,2026-08-22,Nott'm Forest,Leeds,0,1,A,0,0,D,0.66,0.47,12,11,2,3,3,2,15,14,2,1,0,0,R Jones
20260822_Ipswich_Sunderland,2026-27,2026,2026-08-22,Ipswich,Sunderland,2,1,H,1,1,D,1.8,0.66,10,11,3,4,3,5,12,14,0,3,0,0,F Hallam
20260822_Brentford_Tottenham,2026-27,2026,2026-08-22,Brentford,Tottenham,3,0,H,2,0,H,3.88,0.57,26,9,8,4,7,3,17,14,1,1,0,0,M Oliver
20260822_Hull_ManUnited,2026-27,2026,2026-08-22,Hull,Man United,2,0,H,2,0,H,1.01,1.83,8,21,4,5,1,6,10,9,2,1,0,0,D England
20260822_Everton_CrystalPalace,2026-27,2026,2026-08-22,Everton,Crystal Palace,2,0,H,1,0,H,1.12,1.96,16,11,5,4,4,0,5,15,0,1,0,0,P Tierney
20260823_ManCity_Bournemouth,2026-27,2026,2026-08-23,Man City,Bournemouth,2,1,H,0,1,A,2.36,0.63,13,5,6,4,8,3,11,11,1,2,0,0,J Gillett
20260823_Newcastle_Liverpool,2026-27,2026,2026-08-23,Newcastle,Liverpool,2,2,D,1,0,H,1.57,2.98,13,27,4,7,2,6,16,15,5,3,0,0,S Attwell
20260823_Brighton_AstonVilla,2026-27,2026,2026-08-23,Brighton,Aston Villa,4,0,H,4,0,H,3.77,0.28,21,6,6,0,5,2,12,11,2,3,0,1,P Bankes
20260824_Fulham_Chelsea,2026-27,2026,2026-08-24,Fulham,Chelsea,2,3,A,1,2,A,1.35,1.7,14,18,6,6,6,4,12,7,2,3,0,0,J Brooks
20260828_CrystalPalace_ManCity,2026-27,2026,2026-08-28,Crystal Palace,Man City,1,4,A,0,1,A,0.66,2.21,9,18,1,9,2,6,8,11,1,2,0,0,A Madley
20260829_Coventry_Hull,2026-27,2026,2026-08-29,Coventry,Hull,0,1,A,0,0,D,1.28,0.73,11,6,3,2,6,2,11,8,1,4,0,0,J Smith
20260829_Tottenham_Newcastle,2026-27,2026,2026-08-29,Tottenham,Newcastle,0,2,A,0,0,D,1.04,0.75,17,11,6,2,9,7,15,9,1,2,0,0,P Bankes
20260829_Liverpool_Nott'mForest,2026-27,2026,2026-08-29,Liverpool,Nott'm Forest,2,2,D,0,1,A,1.75,2.3,13,12,4,3,3,5,13,10,4,2,0,0,S Barrott
20260829_Bournemouth_Everton,2026-27,2026,2026-08-29,Bournemouth,Everton,1,1,D,1,0,H,2.15,1.84,17,13,5,7,10,7,11,14,3,2,0,0,C Kavanagh
20260830_Sunderland_Fulham,2026-27,2026,2026-08-30,Sunderland,Fulham,1,0,H,0,0,D,2.02,0.95,12,11,4,0,3,4,10,15,0,2,0,0,M Salisbury
20260830_ManUnited_Ipswich,2026-27,2026,2026-08-30,Man United,Ipswich,5,2,H,1,1,D,4.56,2.01,33,9,11,5,8,4,7,12,1,3,0,0,C Pawson
20260830_Chelsea_Brighton,2026-27,2026,2026-08-30,Chelsea,Brighton,4,3,H,3,1,H,2.93,1.4,17,15,6,6,4,7,6,12,1,3,0,0,M Oliver
20260830_Leeds_Brentford,2026-27,2026,2026-08-30,Leeds,Brentford,1,1,D,0,1,A,1.43,1.56,12,22,2,5,5,6,5,13,0,4,0,0,T Harrington
20260831_AstonVilla_Arsenal,2026-27,2026,2026-08-31,Aston Villa,Arsenal,0,1,A,0,0,D,0.32,1.05,7,7,0,2,2,4,17,6,3,1,0,0,J Gillett
